{"Run": 8, "K": 86, "WCSSD": 2686.7043101666986, "Purity": 0.37303177784139707, "Time": 2.344973087310791, "Kmeans_Labels": [64, 18, 18, 18, 18, 18, 18, 11, 58, 11, 18, 18, 16, 16, 18, 18, 84, 55, 18, 18, 18, 18, 18, 16, 18, 55, 18, 55, 18, 18, 18, 18, 18, 55, 18, 18, 18, 18, 18, 18, 18, 0, 30, 43, 30, 18, 18, 18, 18, 18, 18, 18, 18, 18, 18, 18, 18, 55, 18, 18, 18, 55, 18, 26, 18, 69, 18, 69, 18, 55, 72, 18, 18, 18, 18, 18, 18, 18, 84, 18, 18, 18, 11, 55, 18, 26, 18, 18, 18, 11, 18, 18, 11, 11, 18, 18, 18, 18, 18, 18, 18, 18, 18, 0, 0, 0, 0, 0, 18, 18, 30, 30, 30, 18, 11, 18, 29, 18, 18, 18, 18, 18, 18, 18, 18, 18, 18, 18, 18, 18, 22, 84, 18, 18, 18, 18, 18, 18, 18, 18, 20, 18, 18, 20, 18, 26, 18, 18, 18, 18, 18, 22, 18, 18, 18, 18, 18, 18, 18, 18, 18, 18, 73, 18, 18, 18, 18, 18, 18, 18, 84, 18, 18, 18, 18, 10, 26, 7, 18, 18, 18, 18, 18, 18, 18, 18, 18, 18, 18, 18, 18, 20, 18, 18, 18, 18, 18, 18, 18, 11, 26, 18, 84, 26, 18, 18, 18, 11, 11, 18, 18, 18, 11, 18, 18, 18, 18, 11, 18, 24, 11, 18, 3, 18, 18, 18, 18, 11, 18, 84, 18, 18, 18, 18, 11, 18, 11, 43, 18, 18, 18, 18, 20, 64, 18, 11, 64, 18, 18, 18, 0, 0, 18, 18, 18, 18, 18, 18, 11, 18, 18, 18, 0, 18, 0, 18, 18, 0, 18, 26, 18, 0, 18, 18, 18, 18, 18, 18, 0, 0, 18, 0, 18, 18, 18, 0, 26, 0, 18, 18, 0, 0, 18, 30, 0, 0, 18, 0, 0, 18, 18, 0, 0, 18, 0, 0, 0, 0, 18, 30, 20, 18, 0, 18, 11, 18, 84, 30, 30, 18, 30, 30, 18, 30, 26, 18, 18, 73, 20, 64, 18, 18, 18, 64, 18, 18, 0, 18, 55, 64, 18, 18, 20, 18, 18, 18, 18, 20, 59, 18, 14, 18, 18, 18, 18, 18, 18, 18, 34, 17, 17, 18, 18, 17, 30, 20, 21, 17, 18, 18, 79, 79, 21, 18, 21, 18, 18, 18, 18, 84, 18, 18, 18, 84, 18, 18, 18, 55, 18, 18, 18, 18, 84, 18, 18, 18, 26, 73, 18, 43, 20, 18, 18, 18, 18, 20, 18, 26, 18, 18, 18, 18, 66, 18, 69, 18, 0, 18, 18, 18, 18, 18, 18, 18, 43, 0, 18, 30, 34, 17, 79, 7, 18, 18, 18, 18, 18, 18, 18, 18, 18, 18, 22, 22, 11, 11, 30, 30, 18, 30, 18, 18, 30, 43, 18, 18, 18, 18, 17, 17, 18, 18, 18, 18, 18, 18, 18, 18, 18, 18, 18, 18, 18, 18, 73, 20, 18, 11, 11, 11, 11, 11, 11, 11, 11, 32, 32, 11, 11, 11, 22, 18, 11, 11, 18, 18, 18, 22, 22, 18, 18, 18, 20, 39, 39, 18, 11, 11, 0, 18, 18, 18, 18, 18, 18, 18, 18, 0, 18, 18, 0, 18, 0, 0, 0, 0, 18, 45, 18, 30, 30, 0, 30, 30, 0, 0, 30, 30, 30, 18, 30, 0, 0, 30, 30, 18, 18, 71, 71, 52, 52, 0, 0, 30, 30, 18, 22, 22, 22, 22, 73, 18, 20, 20, 18, 18, 18, 18, 18, 18, 18, 18, 18, 18, 18, 18, 18, 20, 18, 37, 37, 14, 14, 18, 18, 18, 18, 18, 18, 17, 17, 22, 65, 22, 18, 18, 21, 21, 21, 21, 21, 21, 21, 21, 21, 21, 18, 79, 79, 21, 21, 54, 54, 79, 21, 79, 79, 17, 18, 18, 73, 63, 18, 12, 12, 12, 12, 12, 12, 12, 12, 12, 12, 18, 12, 12, 12, 18, 12, 12, 12, 12, 18, 12, 12, 12, 12, 26, 43, 43, 18, 17, 84, 84, 84, 84, 18, 18, 18, 18, 20, 20, 18, 18, 18, 18, 18, 18, 18, 43, 26, 18, 18, 18, 84, 7, 43, 18, 11, 84, 11, 11, 18, 11, 11, 11, 18, 11, 84, 18, 11, 84, 11, 11, 11, 18, 28, 11, 11, 43, 11, 11, 18, 11, 11, 11, 11, 11, 11, 11, 11, 11, 18, 11, 11, 11, 11, 39, 11, 11, 18, 18, 39, 39, 11, 11, 43, 18, 18, 18, 0, 20, 0, 18, 0, 0, 18, 30, 0, 0, 0, 30, 30, 0, 30, 30, 30, 30, 30, 0, 30, 0, 30, 30, 30, 0, 18, 30, 30, 30, 30, 30, 30, 18, 22, 30, 30, 30, 18, 18, 30, 30, 30, 30, 30, 30, 30, 30, 30, 71, 30, 30, 30, 30, 30, 30, 30, 18, 30, 64, 64, 18, 64, 30, 30, 64, 22, 64, 64, 64, 64, 18, 18, 22, 64, 64, 30, 64, 55, 55, 64, 18, 18, 18, 18, 18, 18, 20, 18, 18, 18, 18, 18, 64, 64, 18, 64, 64, 64, 18, 18, 18, 18, 18, 18, 18, 18, 18, 18, 18, 18, 18, 74, 17, 17, 18, 21, 17, 17, 21, 26, 17, 21, 84, 21, 21, 17, 18, 21, 21, 18, 21, 18, 18, 18, 79, 79, 79, 18, 18, 18, 17, 21, 18, 18, 18, 18, 18, 17, 18, 18, 18, 84, 18, 18, 18, 18, 18, 18, 18, 18, 18, 65, 18, 18, 18, 18, 18, 18, 18, 84, 18, 30, 0, 30, 30, 30, 18, 18, 84, 84, 84, 31, 75, 18, 18, 18, 84, 18, 18, 55, 18, 18, 64, 30, 17, 64, 30, 18, 18, 49, 11, 49, 60, 47, 0, 51, 43, 60, 60, 49, 49, 17, 31, 49, 69, 76, 31, 49, 31, 31, 18, 31, 31, 31, 31, 60, 18, 31, 60, 31, 31, 31, 31, 18, 31, 49, 60, 31, 31, 31, 31, 60, 31, 60, 18, 31, 60, 60, 31, 31, 60, 31, 18, 31, 49, 31, 49, 49, 18, 18, 60, 31, 31, 18, 18, 18, 49, 49, 31, 18, 26, 60, 31, 60, 31, 18, 31, 31, 18, 31, 31, 31, 80, 18, 18, 31, 31, 31, 49, 18, 18, 69, 31, 31, 31, 31, 31, 60, 31, 31, 31, 31, 18, 31, 31, 31, 31, 31, 49, 18, 18, 49, 31, 31, 69, 18, 18, 7, 18, 49, 31, 49, 18, 60, 31, 47, 60, 31, 31, 31, 31, 55, 49, 73, 31, 60, 60, 60, 31, 60, 44, 18, 31, 31, 49, 31, 18, 18, 60, 60, 49, 31, 31, 57, 15, 49, 49, 18, 18, 31, 31, 60, 31, 31, 7, 18, 31, 31, 73, 49, 60, 31, 31, 31, 31, 31, 49, 49, 31, 60, 31, 20, 18, 31, 18, 31, 22, 60, 31, 31, 31, 31, 31, 18, 49, 49, 18, 18, 60, 60, 31, 31, 49, 60, 60, 60, 31, 18, 60, 7, 49, 31, 49, 43, 60, 31, 31, 18, 31, 49, 11, 31, 18, 31, 31, 49, 49, 18, 60, 31, 60, 31, 18, 49, 60, 31, 31, 31, 31, 18, 18, 60, 18, 49, 18, 60, 31, 49, 31, 49, 49, 18, 18, 31, 31, 31, 49, 31, 47, 31, 60, 18, 49, 49, 31, 31, 60, 60, 31, 18, 18, 31, 60, 49, 31, 49, 18, 0, 60, 31, 60, 31, 18, 31, 18, 31, 31, 60, 49, 31, 60, 30, 60, 84, 31, 49, 49, 49, 18, 31, 60, 31, 60, 18, 49, 18, 18, 31, 31, 60, 31, 60, 51, 60, 43, 60, 60, 60, 49, 18, 31, 49, 31, 18, 31, 31, 41, 60, 31, 18, 60, 60, 31, 60, 49, 18, 49, 60, 31, 31, 49, 31, 49, 60, 49, 31, 31, 49, 27, 18, 18, 18, 31, 31, 31, 60, 60, 60, 49, 49, 60, 49, 60, 31, 60, 18, 49, 60, 60, 18, 49, 49, 49, 18, 60, 31, 49, 69, 49, 49, 49, 60, 49, 31, 49, 17, 60, 17, 60, 17, 18, 60, 49, 31, 31, 31, 18, 49, 17, 49, 31, 31, 49, 18, 49, 31, 31, 49, 18, 18, 31, 49, 49, 49, 49, 49, 69, 31, 49, 31, 18, 68, 18, 18, 18, 18, 18, 18, 18, 18, 18, 18, 18, 18, 18, 18, 18, 18, 18, 18, 18, 18, 84, 0, 18, 18, 21, 18, 18, 18, 18, 18, 18, 34, 18, 79, 38, 17, 34, 79, 18, 21, 17, 54, 17, 18, 43, 18, 11, 18, 18, 64, 18, 18, 18, 18, 18, 21, 18, 18, 18, 18, 18, 18, 18, 11, 18, 79, 11, 21, 18, 18, 0, 11, 18, 30, 18, 30, 84, 18, 0, 18, 73, 18, 18, 18, 18, 18, 20, 0, 0, 18, 18, 30, 55, 30, 11, 18, 18, 11, 18, 18, 43, 18, 18, 64, 11, 18, 0, 18, 11, 18, 55, 18, 18, 18, 11, 18, 18, 21, 73, 38, 18, 18, 30, 18, 18, 18, 18, 18, 21, 18, 18, 69, 26, 18, 73, 18, 18, 18, 11, 18, 43, 18, 0, 18, 21, 18, 73, 18, 18, 18, 18, 18, 21, 18, 18, 30, 18, 18, 55, 18, 18, 18, 18, 18, 55, 20, 18, 20, 18, 22, 18, 34, 18, 18, 26, 18, 20, 18, 84, 18, 18, 18, 18, 18, 18, 69, 18, 18, 18, 73, 18, 18, 18, 38, 29, 21, 18, 54, 61, 79, 18, 21, 21, 21, 21, 18, 17, 18, 18, 84, 18, 18, 18, 18, 18, 18, 22, 18, 18, 18, 64, 18, 18, 18, 18, 43, 30, 43, 30, 18, 43, 18, 18, 18, 76, 30, 30, 55, 18, 18, 18, 76, 68, 18, 30, 18, 30, 18, 18, 18, 18, 18, 30, 0, 0, 0, 18, 18, 18, 18, 18, 18, 43, 26, 0, 18, 18, 26, 0, 18, 18, 18, 18, 18, 18, 18, 18, 68, 26, 18, 0, 18, 18, 18, 18, 18, 18, 18, 18, 18, 55, 18, 7, 18, 0, 18, 18, 43, 18, 18, 18, 18, 18, 11, 18, 18, 18, 18, 18, 18, 18, 18, 11, 55, 55, 18, 11, 18, 18, 55, 18, 22, 18, 11, 76, 11, 18, 55, 18, 18, 19, 18, 18, 11, 11, 20, 55, 11, 18, 18, 18, 18, 11, 11, 11, 11, 18, 18, 26, 18, 18, 18, 18, 10, 18, 18, 18, 18, 18, 55, 43, 69, 18, 18, 26, 18, 55, 69, 26, 20, 84, 18, 26, 73, 73, 18, 18, 73, 69, 18, 55, 18, 73, 73, 18, 18, 73, 73, 18, 18, 18, 18, 73, 18, 18, 25, 20, 7, 18, 55, 18, 18, 18, 18, 18, 18, 18, 18, 20, 18, 18, 18, 18, 18, 18, 18, 18, 18, 18, 18, 18, 18, 55, 20, 18, 55, 18, 84, 18, 18, 18, 18, 18, 20, 55, 26, 18, 11, 18, 18, 18, 18, 18, 18, 73, 61, 18, 18, 18, 84, 18, 18, 7, 18, 18, 22, 73, 18, 69, 18, 18, 18, 26, 43, 18, 18, 18, 10, 18, 18, 18, 18, 7, 18, 18, 18, 18, 18, 18, 18, 18, 18, 34, 18, 18, 18, 79, 79, 18, 21, 38, 17, 17, 48, 34, 17, 21, 84, 48, 48, 79, 48, 48, 18, 48, 48, 18, 48, 0, 18, 79, 64, 48, 18, 48, 18, 48, 21, 84, 11, 30, 48, 26, 84, 48, 18, 18, 48, 18, 18, 30, 17, 11, 79, 79, 48, 48, 30, 11, 11, 48, 18, 64, 48, 18, 33, 48, 18, 48, 48, 48, 73, 18, 79, 7, 48, 48, 17, 26, 18, 48, 48, 64, 48, 48, 18, 48, 0, 48, 21, 48, 18, 48, 48, 48, 48, 48, 48, 48, 30, 48, 73, 48, 34, 11, 21, 21, 73, 48, 30, 48, 69, 18, 69, 48, 17, 18, 48, 48, 20, 48, 48, 48, 21, 48, 48, 5, 48, 48, 48, 48, 11, 48, 48, 48, 48, 48, 48, 48, 48, 48, 18, 48, 48, 48, 34, 48, 48, 48, 48, 48, 48, 48, 48, 48, 0, 48, 48, 