{"Run": 0, "K": 184, "WCSSD": 2505.5378971464816, "Purity": 0.43687374749499, "Time": 6.401562929153442, "Kmeans_Labels": [99, 93, 75, 60, 40, 40, 93, 176, 93, 40, 40, 21, 40, 7, 40, 40, 40, 139, 40, 25, 40, 40, 40, 40, 89, 11, 40, 11, 25, 40, 40, 40, 25, 11, 40, 40, 40, 7, 161, 40, 40, 40, 98, 53, 6, 40, 40, 40, 147, 40, 40, 125, 125, 40, 30, 141, 109, 93, 60, 60, 40, 11, 11, 3, 141, 8, 93, 93, 7, 141, 11, 40, 40, 98, 40, 40, 30, 40, 40, 40, 40, 40, 119, 11, 176, 40, 89, 40, 40, 34, 40, 40, 143, 40, 40, 40, 98, 40, 176, 40, 176, 98, 40, 96, 96, 96, 96, 96, 119, 40, 6, 6, 6, 40, 30, 40, 89, 40, 109, 88, 40, 98, 88, 60, 60, 88, 98, 60, 146, 125, 88, 88, 98, 40, 40, 25, 109, 40, 98, 98, 117, 60, 60, 25, 88, 88, 40, 109, 40, 60, 88, 79, 40, 25, 40, 88, 40, 40, 94, 147, 109, 87, 46, 109, 40, 88, 109, 135, 89, 40, 88, 40, 40, 125, 88, 40, 67, 109, 88, 40, 109, 109, 40, 40, 88, 89, 88, 40, 40, 89, 40, 117, 89, 88, 60, 166, 40, 89, 40, 119, 176, 11, 40, 67, 88, 176, 88, 176, 40, 40, 40, 109, 176, 176, 176, 88, 88, 119, 161, 30, 176, 40, 40, 161, 16, 88, 109, 119, 125, 88, 40, 40, 83, 40, 102, 40, 119, 25, 40, 109, 88, 40, 117, 176, 125, 176, 40, 40, 89, 88, 119, 119, 40, 88, 177, 4, 88, 166, 88, 119, 109, 30, 161, 60, 96, 40, 89, 96, 109, 119, 40, 117, 109, 166, 40, 40, 109, 40, 88, 88, 88, 30, 30, 40, 40, 40, 67, 32, 40, 146, 88, 96, 109, 6, 40, 96, 40, 96, 96, 125, 98, 96, 40, 40, 161, 119, 96, 30, 40, 6, 117, 30, 40, 40, 119, 114, 170, 6, 6, 13, 6, 6, 125, 6, 67, 161, 138, 30, 117, 30, 25, 88, 88, 99, 125, 99, 88, 30, 11, 88, 40, 98, 176, 89, 88, 109, 82, 88, 40, 109, 117, 109, 125, 40, 40, 30, 40, 89, 103, 72, 72, 98, 98, 72, 6, 117, 26, 72, 88, 109, 72, 72, 26, 88, 26, 88, 88, 88, 109, 40, 109, 125, 52, 60, 40, 125, 125, 9, 60, 89, 40, 147, 40, 109, 40, 40, 67, 168, 40, 29, 117, 40, 60, 40, 109, 117, 88, 60, 60, 40, 40, 40, 141, 40, 93, 40, 40, 89, 40, 88, 109, 60, 40, 40, 53, 96, 40, 30, 103, 72, 72, 98, 40, 89, 40, 82, 82, 64, 64, 89, 60, 40, 79, 79, 119, 119, 6, 6, 40, 6, 161, 161, 6, 53, 82, 98, 98, 109, 72, 72, 40, 40, 40, 141, 141, 25, 141, 141, 60, 141, 141, 141, 60, 141, 67, 117, 61, 119, 40, 40, 2, 2, 40, 164, 164, 40, 40, 119, 119, 98, 127, 40, 119, 119, 109, 89, 93, 79, 79, 93, 176, 40, 117, 119, 119, 40, 119, 119, 96, 60, 60, 40, 40, 40, 40, 40, 40, 96, 40, 60, 96, 125, 96, 96, 96, 96, 125, 40, 60, 6, 6, 6, 119, 119, 96, 96, 119, 119, 6, 161, 6, 119, 119, 119, 119, 40, 40, 27, 27, 19, 19, 96, 96, 6, 6, 82, 124, 124, 124, 124, 40, 40, 117, 117, 161, 40, 40, 161, 161, 40, 40, 40, 40, 40, 40, 128, 128, 117, 40, 40, 40, 89, 89, 40, 40, 40, 40, 40, 40, 72, 72, 178, 40, 178, 40, 40, 26, 26, 70, 70, 98, 98, 26, 26, 26, 26, 40, 72, 72, 26, 26, 26, 26, 26, 26, 72, 72, 72, 109, 40, 40, 11, 89, 180, 180, 180, 180, 180, 180, 180, 180, 180, 161, 161, 180, 180, 180, 7, 180, 180, 180, 180, 109, 180, 180, 180, 85, 67, 53, 53, 40, 72, 98, 98, 141, 141, 141, 141, 98, 30, 141, 141, 98, 40, 40, 40, 141, 40, 60, 53, 67, 60, 40, 40, 98, 98, 53, 40, 119, 93, 119, 119, 40, 119, 119, 40, 40, 141, 40, 40, 141, 40, 40, 40, 40, 42, 119, 119, 119, 53, 119, 98, 40, 98, 119, 119, 119, 40, 98, 119, 119, 40, 98, 40, 119, 40, 40, 119, 119, 119, 40, 40, 119, 119, 40, 40, 53, 40, 40, 40, 96, 117, 96, 40, 96, 96, 40, 6, 96, 96, 96, 6, 6, 96, 6, 6, 6, 6, 6, 119, 6, 30, 0, 6, 6, 96, 40, 6, 96, 6, 6, 30, 6, 119, 175, 6, 6, 6, 40, 89, 6, 6, 6, 6, 19, 110, 6, 110, 6, 27, 6, 6, 6, 6, 6, 6, 6, 161, 6, 40, 6, 125, 6, 6, 6, 117, 79, 6, 6, 6, 40, 98, 98, 79, 6, 6, 115, 6, 11, 11, 6, 40, 40, 82, 40, 128, 156, 117, 157, 40, 40, 40, 40, 30, 30, 40, 56, 156, 30, 40, 40, 40, 40, 40, 125, 40, 40, 109, 40, 40, 40, 40, 72, 72, 72, 40, 70, 72, 72, 26, 67, 72, 26, 40, 95, 72, 72, 12, 72, 72, 109, 95, 98, 98, 98, 72, 72, 72, 40, 40, 40, 72, 26, 109, 40, 98, 98, 98, 72, 25, 98, 141, 40, 40, 141, 25, 141, 98, 40, 40, 40, 40, 40, 40, 40, 163, 40, 40, 40, 75, 40, 40, 6, 96, 6, 148, 6, 40, 98, 40, 40, 40, 181, 98, 60, 137, 40, 40, 40, 89, 11, 125, 40, 30, 6, 72, 30, 6, 40, 40, 181, 112, 181, 48, 40, 96, 152, 53, 152, 152, 181, 181, 72, 181, 181, 65, 82, 181, 181, 181, 181, 165, 181, 181, 65, 181, 152, 182, 181, 171, 181, 181, 181, 65, 89, 181, 181, 152, 181, 181, 181, 181, 152, 181, 89, 89, 181, 152, 152, 181, 181, 152, 65, 100, 181, 23, 140, 181, 181, 40, 146, 152, 23, 181, 40, 36, 40, 181, 65, 181, 125, 67, 152, 129, 152, 23, 40, 65, 181, 40, 65, 181, 181, 181, 40, 40, 66, 181, 65, 181, 125, 25, 65, 181, 181, 181, 65, 1, 152, 65, 65, 65, 181, 65, 181, 181, 23, 181, 65, 181, 93, 89, 65, 181, 181, 8, 125, 40, 41, 40, 65, 65, 181, 98, 152, 65, 40, 152, 65, 181, 181, 23, 11, 181, 168, 181, 152, 152, 152, 23, 152, 181, 40, 78, 181, 181, 181, 40, 98, 152, 152, 181, 23, 181, 181, 181, 181, 23, 125, 40, 65, 65, 152, 181, 181, 41, 40, 154, 181, 168, 181, 152, 18, 181, 23, 181, 181, 181, 181, 181, 152, 181, 117, 40, 181, 65, 181, 65, 152, 65, 181, 181, 65, 181, 40, 181, 181, 40, 65, 152, 152, 23, 181, 181, 104, 152, 152, 181, 40, 152, 41, 181, 181, 181, 53, 152, 181, 181, 89, 181, 181, 112, 181, 40, 181, 181, 181, 181, 40, 152, 65, 152, 65, 125, 181, 48, 65, 181, 23, 181, 89, 23, 152, 82, 181, 82, 152, 181, 144, 181, 181, 181, 75, 109, 181, 23, 181, 181, 181, 40, 65, 152, 40, 181, 181, 181, 181, 152, 182, 181, 40, 40, 181, 152, 181, 181, 181, 40, 96, 152, 23, 152, 181, 40, 181, 89, 65, 65, 152, 76, 181, 47, 30, 151, 109, 181, 181, 181, 181, 151, 181, 152, 181, 152, 40, 181, 109, 125, 121, 181, 152, 181, 152, 152, 152, 53, 152, 152, 152, 181, 40, 151, 183, 23, 40, 181, 181, 181, 152, 10, 125, 152, 152, 23, 152, 181, 125, 65, 152, 181, 65, 65, 181, 181, 152, 130, 181, 173, 23, 152, 40, 25, 25, 23, 65, 181, 152, 152, 152, 181, 181, 152, 181, 152, 181, 152, 125, 181, 152, 152, 40, 150, 181, 65, 108, 152, 181, 181, 8, 181, 181, 65, 152, 181, 181, 181, 72, 152, 72, 152, 65, 89, 152, 181, 181, 181, 181, 125, 181, 72, 181, 65, 181, 28, 40, 151, 65, 181, 181, 91, 125, 181, 181, 181, 65, 181, 181, 65, 65, 181, 181, 25, 37, 125, 89, 135, 125, 169, 125, 125, 125, 125, 125, 89, 125, 40, 45, 146, 125, 25, 161, 125, 40, 109, 45, 125, 125, 72, 40, 16, 16, 16, 40, 40, 74, 40, 72, 40, 72, 74, 72, 98, 26, 72, 26, 72, 40, 53, 93, 119, 40, 156, 6, 40, 40, 40, 40, 40, 26, 75, 109, 60, 40, 30, 40, 98, 40, 40, 40, 119, 26, 119, 40, 96, 119, 40, 6, 60, 119, 109, 109, 131, 40, 40, 40, 40, 98, 161, 40, 117, 96, 161, 40, 40, 19, 11, 6, 119, 119, 40, 141, 109, 60, 53, 98, 42, 6, 141, 40, 96, 40, 40, 93, 25, 89, 39, 40, 119, 161, 40, 26, 168, 141, 98, 167, 6, 40, 40, 40, 109, 40, 98, 40, 40, 8, 67, 40, 117, 174, 125, 40, 136, 40, 53, 40, 96, 40, 26, 40, 40, 40, 40, 141, 40, 40, 70, 40, 30, 6, 40, 119, 11, 98, 40, 60, 98, 73, 11, 117, 109, 117, 40, 50, 30, 103, 40, 40, 67, 93, 117, 98, 40, 40, 98, 40, 40, 177, 89, 8, 40, 40, 40, 168, 125, 98, 40, 40, 82, 98, 98, 26, 6, 72, 40, 26, 26, 26, 70, 40, 72, 40, 4, 109, 40, 89, 40, 40, 40, 156, 79, 167, 30, 40, 6, 40, 30, 177, 82, 53, 6, 53, 19, 109, 53, 82, 75, 40, 82, 19, 6, 11, 109, 40, 125, 82, 37, 40, 6, 40, 119, 98, 82, 98, 82, 89, 6, 96, 96, 131, 98, 40, 40, 40, 40, 82, 53, 67, 161, 125, 125, 67, 119, 40, 82, 40, 158, 39, 4, 82, 75, 37, 82, 109, 96, 89, 40, 125, 98, 161, 109, 82, 40, 161, 11, 40, 98, 40, 96, 98, 40, 53, 89, 174, 161, 119, 98, 119, 98, 82, 42, 86, 119, 40, 98, 40, 119, 25, 11, 40, 40, 40, 40, 11, 40, 50, 40, 40, 82, 119, 82, 11, 40, 89, 40, 40, 40, 136, 141, 117, 11, 141, 40, 40, 40, 22, 40, 119, 119, 119, 109, 89, 67, 40, 89, 119, 89, 40, 89, 89, 89, 40, 125, 11, 53, 8, 40, 40, 25, 40, 11, 8, 11, 117, 89, 40, 60, 109, 109, 89, 49, 40, 8, 40, 11, 109, 168, 11, 125, 40, 40, 117, 93, 73, 40, 60, 168, 40, 135, 40, 117, 98, 40, 11, 98, 60, 93, 125, 40, 109, 40, 40, 117, 40, 125, 125, 141, 60, 60, 40, 25, 82, 40, 40, 40, 40, 11, 117, 40, 11, 40, 40, 60, 40, 98, 30, 40, 117, 11, 67, 40, 119, 40, 82, 98, 40, 89, 82, 11, 6, 89, 82, 82, 67, 89, 40, 98, 89, 82, 79, 109, 40, 8, 98, 89, 82, 67, 53, 40, 125, 141, 40, 82, 4, 109, 89, 41, 107, 82, 158, 4, 60, 25, 125, 141, 40, 74, 82, 40,