{"Run": 2, "K": 36, "WCSSD": 2827.9707404832343, "Purity": 0.19951805460036826, "Time": 1.6621959209442139, "Kmeans_Labels": [7, 7, 7, 7, 7, 7, 7, 9, 7, 1, 7, 7, 7, 7, 7, 7, 7, 7, 7, 29, 7, 7, 8, 7, 8, 7, 7, 19, 29, 1, 7, 7, 29, 7, 7, 7, 7, 14, 7, 7, 8, 7, 27, 7, 3, 7, 7, 7, 7, 1, 7, 8, 8, 7, 7, 7, 7, 7, 7, 7, 7, 7, 7, 28, 7, 17, 7, 17, 14, 7, 17, 7, 7, 7, 7, 7, 7, 7, 7, 7, 7, 7, 1, 7, 9, 7, 7, 7, 7, 1, 7, 7, 1, 1, 7, 7, 7, 7, 9, 7, 9, 7, 7, 7, 1, 7, 7, 7, 1, 8, 3, 3, 3, 7, 1, 7, 8, 7, 8, 20, 7, 7, 20, 7, 7, 20, 7, 7, 7, 7, 20, 20, 7, 7, 7, 29, 8, 7, 7, 7, 19, 7, 7, 29, 20, 20, 7, 7, 7, 7, 20, 35, 7, 29, 7, 20, 7, 7, 7, 7, 7, 20, 20, 7, 7, 20, 7, 31, 7, 7, 20, 7, 7, 8, 20, 7, 28, 27, 20, 7, 7, 8, 7, 7, 20, 7, 20, 7, 7, 8, 7, 19, 8, 20, 7, 7, 7, 8, 7, 1, 9, 7, 7, 28, 20, 9, 20, 9, 1, 7, 7, 7, 9, 9, 9, 20, 20, 1, 7, 19, 9, 7, 7, 7, 8, 20, 7, 1, 8, 20, 7, 7, 9, 7, 9, 7, 1, 29, 8, 8, 20, 7, 19, 9, 8, 9, 7, 7, 8, 20, 1, 1, 7, 20, 8, 8, 20, 7, 20, 7, 8, 7, 7, 7, 20, 7, 8, 7, 7, 28, 7, 19, 11, 7, 7, 7, 8, 7, 20, 20, 20, 7, 7, 7, 7, 7, 28, 7, 7, 7, 20, 7, 7, 3, 7, 7, 7, 19, 3, 8, 27, 7, 7, 7, 7, 3, 7, 7, 7, 3, 19, 7, 7, 7, 1, 3, 7, 3, 3, 7, 3, 3, 8, 3, 28, 7, 7, 2, 19, 3, 29, 20, 20, 7, 8, 7, 20, 7, 7, 20, 7, 8, 9, 8, 20, 8, 8, 20, 7, 8, 19, 8, 8, 7, 9, 7, 7, 8, 7, 13, 13, 7, 8, 13, 3, 19, 13, 13, 20, 7, 13, 13, 13, 20, 8, 20, 20, 20, 8, 7, 8, 8, 20, 7, 7, 8, 8, 7, 7, 7, 7, 7, 7, 8, 7, 7, 28, 2, 7, 20, 19, 7, 7, 8, 7, 19, 20, 28, 7, 7, 7, 7, 7, 7, 17, 7, 7, 8, 7, 20, 8, 7, 7, 7, 29, 7, 7, 3, 7, 13, 13, 27, 7, 7, 7, 8, 8, 29, 29, 7, 7, 7, 35, 35, 1, 1, 3, 3, 7, 3, 7, 7, 3, 8, 7, 7, 7, 8, 13, 13, 7, 7, 7, 7, 7, 29, 7, 7, 7, 7, 7, 7, 7, 7, 2, 19, 7, 1, 1, 1, 9, 9, 1, 1, 1, 1, 1, 1, 1, 1, 35, 7, 1, 1, 7, 8, 7, 35, 35, 7, 9, 7, 19, 1, 1, 7, 1, 1, 1, 7, 7, 7, 7, 7, 7, 7, 7, 7, 7, 7, 7, 7, 7, 7, 7, 7, 7, 1, 7, 3, 3, 3, 3, 3, 1, 1, 3, 3, 3, 7, 3, 7, 7, 3, 3, 7, 7, 3, 3, 3, 3, 7, 7, 3, 3, 7, 35, 35, 35, 35, 2, 7, 19, 19, 7, 7, 7, 7, 7, 7, 7, 7, 7, 7, 7, 7, 7, 19, 7, 7, 7, 19, 19, 29, 8, 7, 7, 7, 7, 13, 13, 35, 7, 35, 7, 7, 13, 13, 13, 13, 13, 13, 13, 13, 13, 13, 7, 13, 13, 13, 13, 13, 13, 13, 13, 13, 13, 13, 7, 7, 2, 7, 7, 7, 7, 7, 7, 7, 7, 8, 8, 7, 7, 7, 8, 7, 7, 8, 8, 8, 8, 7, 8, 31, 8, 8, 7, 28, 7, 7, 7, 13, 27, 27, 7, 7, 7, 7, 7, 7, 19, 19, 8, 7, 7, 7, 7, 7, 7, 7, 28, 7, 7, 7, 7, 27, 7, 7, 1, 7, 1, 1, 7, 1, 1, 1, 1, 1, 27, 7, 1, 7, 1, 1, 1, 7, 1, 1, 1, 7, 1, 27, 7, 1, 1, 1, 1, 1, 27, 1, 1, 1, 7, 1, 1, 1, 1, 1, 1, 1, 7, 4, 1, 1, 1, 1, 1, 7, 7, 7, 7, 19, 7, 7, 7, 7, 7, 3, 7, 7, 3, 3, 3, 7, 3, 3, 3, 3, 3, 1, 3, 1, 3, 3, 3, 3, 7, 3, 3, 3, 3, 3, 3, 7, 35, 3, 3, 3, 7, 7, 3, 3, 3, 3, 3, 3, 3, 3, 3, 3, 3, 3, 3, 3, 3, 3, 3, 1, 3, 3, 3, 7, 3, 3, 3, 19, 35, 3, 3, 3, 3, 27, 27, 35, 3, 3, 3, 3, 29, 29, 3, 7, 7, 8, 7, 7, 7, 19, 7, 8, 7, 7, 7, 3, 3, 7, 3, 7, 19, 7, 7, 7, 7, 7, 8, 7, 7, 7, 7, 7, 7, 7, 13, 13, 13, 7, 13, 13, 13, 13, 28, 13, 13, 7, 13, 13, 13, 7, 13, 13, 8, 13, 27, 27, 7, 13, 13, 13, 7, 7, 7, 13, 13, 7, 7, 7, 7, 13, 13, 29, 7, 7, 7, 7, 7, 29, 7, 7, 7, 7, 7, 1, 7, 8, 7, 7, 7, 7, 7, 7, 7, 7, 3, 7, 3, 8, 3, 8, 7, 7, 7, 7, 32, 7, 7, 29, 7, 7, 7, 8, 7, 8, 7, 3, 3, 13, 3, 3, 7, 7, 32, 7, 32, 16, 7, 30, 16, 7, 16, 16, 32, 32, 13, 32, 32, 17, 8, 32, 32, 32, 0, 8, 32, 32, 30, 32, 22, 8, 32, 16, 32, 0, 0, 30, 8, 32, 32, 22, 32, 32, 32, 32, 22, 0, 16, 16, 32, 16, 22, 32, 32, 22, 30, 7, 32, 0, 32, 32, 32, 7, 8, 22, 0, 32, 7, 7, 7, 32, 30, 32, 8, 28, 16, 32, 16, 0, 7, 30, 32, 7, 30, 32, 0, 32, 7, 7, 32, 32, 30, 32, 8, 29, 17, 32, 0, 32, 32, 0, 16, 30, 30, 30, 32, 30, 0, 32, 0, 32, 0, 32, 7, 8, 30, 32, 32, 17, 7, 7, 27, 7, 32, 30, 32, 27, 22, 32, 7, 16, 0, 32, 32, 0, 7, 32, 2, 32, 16, 16, 16, 32, 16, 32, 7, 32, 32, 32, 32, 7, 27, 22, 22, 0, 32, 0, 32, 0, 0, 0, 8, 7, 32, 30, 22, 32, 32, 27, 7, 32, 32, 2, 32, 16, 30, 0, 32, 32, 32, 32, 32, 32, 16, 32, 19, 7, 32, 30, 32, 30, 16, 30, 32, 32, 0, 32, 7, 32, 32, 7, 30, 22, 22, 0, 32, 32, 16, 16, 16, 30, 7, 22, 27, 32, 32, 32, 7, 16, 32, 32, 8, 32, 32, 7, 32, 7, 32, 32, 32, 32, 7, 16, 30, 16, 30, 8, 32, 16, 30, 32, 32, 32, 7, 0, 16, 8, 32, 7, 16, 0, 0, 30, 32, 32, 7, 8, 32, 0, 32, 32, 32, 7, 30, 22, 7, 32, 32, 32, 32, 22, 22, 0, 7, 7, 32, 16, 32, 32, 32, 7, 7, 16, 0, 16, 32, 7, 32, 8, 30, 30, 22, 32, 32, 22, 3, 16, 8, 26, 32, 32, 32, 30, 32, 16, 32, 16, 7, 0, 8, 8, 32, 32, 22, 32, 16, 16, 22, 7, 22, 22, 16, 32, 7, 30, 32, 0, 7, 32, 32, 32, 16, 30, 8, 22, 16, 0, 16, 32, 8, 30, 16, 32, 0, 30, 32, 32, 16, 30, 32, 29, 32, 16, 7, 29, 29, 0, 30, 32, 24, 16, 16, 32, 32, 22, 30, 16, 32, 16, 8, 32, 16, 16, 7, 0, 32, 30, 30, 16, 32, 0, 17, 32, 0, 30, 16, 32, 32, 32, 13, 16, 13, 16, 30, 8, 16, 0, 32, 32, 32, 8, 32, 13, 32, 30, 32, 32, 7, 30, 0, 32, 32, 8, 8, 32, 32, 32, 30, 32, 0, 17, 30, 32, 32, 29, 8, 8, 8, 31, 8, 7, 8, 8, 8, 8, 8, 8, 8, 7, 7, 7, 8, 29, 7, 8, 7, 8, 7, 8, 8, 13, 17, 8, 8, 8, 7, 7, 7, 7, 13, 7, 13, 7, 13, 7, 13, 13, 13, 13, 6, 17, 7, 1, 7, 7, 3, 25, 7, 7, 7, 7, 7, 7, 17, 7, 7, 3, 7, 7, 1, 7, 13, 1, 8, 7, 7, 7, 1, 7, 3, 7, 3, 7, 7, 7, 7, 2, 7, 7, 7, 7, 7, 19, 7, 1, 7, 7, 3, 7, 3, 1, 7, 7, 1, 7, 7, 8, 7, 7, 3, 1, 10, 7, 7, 1, 7, 29, 8, 7, 7, 1, 7, 7, 13, 2, 7, 27, 7, 3, 7, 7, 7, 7, 7, 13, 7, 1, 17, 28, 7, 2, 7, 8, 7, 1, 7, 7, 7, 7, 7, 13, 7, 2, 7, 7, 7, 7, 7, 13, 7, 7, 3, 7, 7, 7, 7, 7, 7, 7, 7, 7, 19, 8, 19, 7, 35, 8, 7, 7, 7, 28, 7, 19, 7, 7, 7, 7, 7, 7, 8, 8, 17, 7, 7, 7, 2, 8, 7, 7, 7, 8, 13, 7, 13, 3, 13, 7, 8, 13, 7, 13, 7, 13, 7, 7, 7, 6, 8, 7, 7, 7, 7, 35, 7, 3, 7, 3, 7, 8, 8, 8, 8, 3, 8, 3, 8, 17, 8, 8, 7, 8, 3, 3, 7, 7, 7, 8, 8, 8, 7, 3, 7, 3, 8, 7, 7, 8, 8, 3, 7, 7, 7, 7, 7, 7, 7, 7, 8, 8, 28, 1, 8, 8, 28, 7, 8, 8, 8, 8, 7, 7, 7, 7, 8, 7, 7, 7, 8, 7, 8, 7, 7, 7, 7, 8, 7, 8, 7, 27, 7, 7, 7, 7, 7, 8, 7, 7, 7, 8, 1, 7, 8, 7, 8, 7, 7, 7, 7, 1, 29, 7, 7, 1, 7, 7, 7, 1, 35, 7, 1, 8, 1, 7, 1, 7, 8, 7, 7, 7, 1, 1, 19, 7, 1, 7, 1, 7, 7, 1, 1, 1, 1, 7, 8, 28, 7, 8, 7, 8, 7, 8, 8, 7, 7, 8, 7, 7, 17, 7, 7, 29, 7, 7, 17, 28, 19, 7, 7, 28, 2, 2, 8, 7, 2, 17, 7, 7, 8, 2, 2, 8, 7, 2, 2, 7, 7, 7, 7, 2, 7, 31, 7, 19, 27, 7, 7, 7, 7, 7, 8, 7, 17, 7, 7, 19, 7, 8, 8, 7, 7, 7, 7, 29, 8, 7, 7, 7, 7, 7, 19, 7, 7, 7, 7, 7, 7, 27, 7, 7, 19, 7, 28, 7, 1, 7, 7, 7, 7, 8, 7, 2, 3, 8, 8, 8, 28, 8, 7, 27, 8, 8, 35, 2, 7, 17, 8, 8, 8, 28, 7, 7, 8, 7, 7, 7, 7, 8, 8, 7, 7, 7, 8, 7, 7, 27, 7, 7, 7, 7, 8, 7, 8, 13, 13, 25, 13, 7, 13, 13, 7, 13, 13, 13, 7, 9, 7, 13, 7, 13, 7, 7, 7, 7, 7, 7, 7, 13, 7, 7, 9, 7, 7, 7, 13, 7, 1, 3, 7, 28, 7, 1, 7, 7, 7, 8, 7, 3, 13, 1, 13, 13, 7, 7, 3, 1, 1, 21, 7, 3, 7, 8, 35, 7, 7, 7, 7, 7, 2, 7, 13, 27, 29, 7, 13, 7, 7, 7, 7, 3, 1, 13, 7, 7, 7, 7, 13, 3, 8, 7, 7, 7, 7, 1, 7, 8, 3, 7, 2, 7, 7, 1, 13, 13, 2, 7, 3, 7, 17, 8, 17, 13, 13, 8, 7, 13, 19, 7, 28, 7, 13, 7, 7, 7, 7, 7, 7, 7, 1, 28, 7, 7, 7, 7, 28, 7, 7, 7, 9, 7, 8, 7, 7, 8, 7, 7, 7, 2, 7, 7, 7, 7, 7, 7, 7, 1, 7, 7, 8, 7, 7, 7, 7, 28, 7, 7, 8, 7, 8, 7, 7, 7, 7, 7, 19, 7, 7, 17, 7, 7, 7, 8, 7, 7, 7, 8, 7, 7, 7, 27, 7, 7, 7, 7, 8, 7, 7, 7, 7, 28, 7, 7, 7, 7, 7, 7, 7, 7, 17, 7, 7, 7, 7, 7, 7, 7, 7, 7, 7, 9, 8, 17, 19, 7, 7, 7, 7, 7, 7, 7, 7, 7, 7, 23, 7, 13, 7, 12, 17, 7, 19, 7, 13, 7, 8, 7, 7, 8, 7, 7, 8, 8, 17, 23, 7, 7, 17, 7, 7, 17, 7, 8, 17, 7, 8, 29, 17, 17, 8, 7, 7, 7, 7, 8, 17, 7, 7, 17, 7, 8, 19, 7, 8, 27, 8, 7, 8, 7, 7, 8, 23, 7, 8, 8, 27, 27, 23, 23, 29, 23, 27, 23, 23, 23, 15, 1, 1, 19, 23, 23, 23, 23, 28, 27, 27, 23, 23, 23, 23, 8, 23, 7, 27, 27, 23, 8, 23, 27, 5, 7, 8, 8, 7, 8, 8, 8, 1, 31, 8, 8, 8, 8, 19, 8, 1, 8, 3, 19, 8, 8, 8, 2, 7, 7, 17, 19, 8, 7, 7, 1, 8, 8, 8, 8, 7, 12, 19, 7, 35, 8, 8, 7, 19, 19, 23, 23, 1, 1, 7, 23, 23, 23, 8, 23, 23, 23, 7, 8, 7, 7, 27, 23, 23, 7, 7, 7, 8, 7, 19, 19, 8, 7, 28, 2, 8, 23, 19, 7, 7, 7, 23, 23, 7, 2, 7, 8, 7, 7, 13, 23, 3, 3, 13, 23, 23, 23, 8, 35, 23, 8, 23, 8, 28, 8, 7, 7, 8, 7, 7, 8, 27, 8, 8, 8, 8, 29, 13, 13, 13, 28, 7, 7, 7, 8, 7, 1, 7, 7, 7, 28, 13, 7, 7, 7, 7, 28, 28, 7, 29, 13, 7, 7, 1, 7, 7, 7, 8, 7, 7, 7, 7, 8, 7, 8, 28, 19, 27, 7, 11, 7, 7, 8, 27, 7, 7, 27, 7, 7, 17, 7, 28, 7, 7, 7, 7, 8, 7, 7, 7, 7, 8, 8, 3, 7, 13, 7, 29, 8, 7, 7, 7, 19, 7, 7, 7, 13, 13, 7, 1, 27, 7, 3, 7, 7, 19, 7, 1, 7, 7, 7, 1, 7, 29,