{"Run": 12, "K": 300, "WCSSD": 2338.5510263292736, "Purity": 0.373449310831751, "Time": 15.446991920471191, "Kmeans_Labels": [2, 135, 26, 26, 26, 26, 135, 130, 135, 266, 26, 162, 203, 203, 26, 26, 102, 102, 124, 78, 26, 26, 175, 203, 203, 102, 44, 102, 78, 154, 203, 124, 78, 102, 26, 129, 203, 203, 162, 235, 124, 203, 241, 53, 203, 165, 203, 255, 26, 266, 73, 227, 227, 34, 131, 208, 26, 102, 26, 26, 26, 102, 102, 92, 208, 100, 203, 135, 203, 208, 102, 273, 26, 26, 221, 26, 26, 26, 94, 26, 26, 26, 36, 102, 130, 26, 131, 22, 26, 26, 99, 26, 208, 266, 26, 26, 26, 26, 130, 26, 130, 221, 26, 1, 154, 189, 189, 189, 154, 221, 164, 164, 292, 203, 21, 221, 227, 72, 217, 17, 10, 26, 17, 26, 186, 17, 34, 26, 254, 26, 17, 17, 175, 129, 61, 78, 96, 26, 26, 217, 121, 26, 26, 78, 17, 17, 26, 26, 26, 26, 17, 40, 131, 78, 217, 17, 26, 26, 26, 26, 99, 17, 17, 26, 26, 17, 131, 131, 129, 131, 17, 26, 26, 227, 17, 88, 92, 296, 287, 26, 217, 217, 26, 26, 17, 26, 17, 220, 26, 26, 175, 121, 220, 149, 99, 26, 26, 61, 99, 21, 130, 102, 26, 92, 17, 130, 17, 130, 131, 217, 26, 217, 130, 130, 130, 263, 17, 21, 162, 121, 130, 221, 99, 162, 131, 17, 96, 162, 227, 17, 26, 175, 130, 26, 130, 26, 21, 78, 61, 96, 17, 99, 121, 130, 227, 130, 104, 26, 61, 17, 21, 189, 99, 17, 129, 124, 17, 217, 17, 21, 217, 26, 54, 26, 17, 26, 61, 189, 26, 21, 26, 189, 34, 189, 189, 26, 217, 26, 17, 17, 17, 154, 26, 26, 26, 215, 92, 189, 154, 254, 17, 189, 154, 164, 189, 215, 189, 189, 26, 78, 144, 189, 223, 189, 189, 170, 215, 189, 26, 164, 121, 26, 189, 189, 279, 26, 26, 164, 164, 78, 164, 164, 227, 164, 92, 162, 155, 9, 121, 37, 78, 17, 17, 2, 227, 71, 17, 96, 102, 17, 26, 131, 209, 61, 17, 217, 252, 17, 61, 61, 121, 217, 227, 61, 162, 150, 129, 220, 66, 109, 243, 26, 34, 243, 164, 121, 109, 243, 17, 26, 243, 243, 243, 17, 124, 17, 17, 17, 220, 26, 217, 217, 17, 26, 26, 227, 227, 102, 26, 26, 26, 217, 26, 34, 26, 99, 92, 9, 26, 53, 121, 177, 26, 217, 26, 121, 17, 26, 26, 26, 26, 169, 208, 131, 230, 26, 189, 61, 131, 17, 131, 26, 26, 26, 53, 189, 26, 164, 66, 243, 243, 296, 99, 131, 78, 61, 61, 78, 78, 26, 26, 26, 40, 40, 21, 21, 38, 38, 34, 164, 75, 75, 164, 53, 78, 34, 34, 61, 109, 109, 124, 124, 42, 208, 208, 78, 241, 241, 208, 208, 208, 208, 26, 208, 9, 121, 26, 131, 266, 266, 130, 130, 266, 266, 266, 26, 26, 116, 116, 116, 196, 26, 26, 26, 5, 13, 174, 40, 40, 174, 130, 34, 121, 21, 21, 26, 266, 266, 154, 26, 26, 26, 26, 26, 26, 26, 26, 26, 26, 26, 189, 76, 26, 189, 189, 26, 76, 154, 26, 164, 164, 164, 164, 164, 189, 189, 164, 164, 164, 162, 164, 189, 189, 21, 21, 26, 26, 63, 63, 63, 63, 26, 26, 164, 164, 26, 40, 40, 40, 40, 9, 190, 121, 121, 162, 124, 124, 162, 162, 26, 26, 26, 26, 26, 26, 26, 26, 121, 61, 61, 61, 61, 61, 78, 61, 61, 101, 101, 254, 109, 109, 40, 124, 40, 124, 124, 124, 124, 109, 109, 124, 124, 109, 109, 109, 109, 154, 206, 206, 109, 109, 109, 109, 124, 243, 109, 109, 243, 61, 99, 9, 102, 131, 62, 62, 93, 62, 62, 62, 62, 62, 62, 162, 162, 62, 62, 62, 203, 62, 62, 62, 275, 25, 62, 62, 62, 49, 92, 53, 53, 141, 109, 241, 241, 208, 208, 208, 208, 26, 26, 216, 216, 217, 26, 294, 26, 208, 266, 222, 53, 194, 26, 26, 124, 26, 296, 53, 26, 21, 135, 266, 266, 297, 266, 266, 4, 99, 208, 272, 26, 208, 175, 26, 26, 266, 22, 266, 266, 266, 53, 21, 26, 175, 116, 266, 21, 266, 266, 26, 266, 266, 266, 26, 266, 266, 266, 26, 21, 266, 266, 22, 26, 21, 21, 234, 266, 53, 131, 26, 26, 154, 121, 154, 129, 189, 154, 26, 164, 154, 154, 154, 164, 204, 189, 164, 52, 52, 164, 164, 154, 164, 69, 164, 164, 164, 154, 26, 164, 154, 164, 164, 164, 164, 154, 40, 164, 164, 164, 175, 26, 164, 164, 164, 63, 63, 63, 63, 63, 164, 63, 63, 63, 164, 164, 164, 63, 164, 156, 164, 26, 164, 154, 164, 164, 164, 233, 40, 233, 233, 233, 233, 124, 124, 40, 164, 164, 164, 164, 102, 102, 164, 26, 26, 34, 26, 176, 124, 121, 176, 220, 61, 61, 61, 124, 124, 101, 26, 124, 26, 124, 26, 124, 246, 246, 175, 26, 26, 111, 96, 96, 188, 188, 243, 243, 243, 124, 109, 243, 109, 109, 123, 243, 109, 26, 109, 243, 243, 26, 243, 243, 26, 109, 26, 26, 124, 18, 243, 18, 124, 26, 124, 33, 109, 124, 221, 124, 124, 124, 243, 78, 220, 208, 26, 200, 208, 78, 208, 202, 26, 26, 26, 266, 26, 131, 26, 22, 127, 22, 26, 278, 26, 26, 164, 189, 164, 164, 175, 220, 34, 220, 26, 220, 19, 26, 26, 78, 26, 26, 220, 131, 102, 227, 26, 269, 164, 41, 269, 164, 99, 114, 106, 26, 106, 198, 220, 154, 198, 53, 262, 245, 106, 106, 243, 19, 106, 159, 61, 28, 106, 19, 19, 151, 19, 19, 19, 28, 198, 220, 28, 198, 19, 19, 281, 245, 245, 19, 106, 198, 19, 199, 19, 19, 198, 19, 245, 245, 19, 262, 198, 19, 19, 198, 67, 26, 19, 28, 19, 106, 106, 99, 254, 198, 28, 19, 26, 80, 26, 106, 106, 19, 220, 92, 198, 28, 198, 28, 26, 19, 19, 192, 19, 19, 28, 19, 26, 26, 19, 19, 19, 106, 217, 78, 159, 19, 11, 19, 19, 28, 198, 19, 19, 28, 19, 220, 28, 19, 28, 19, 19, 106, 135, 34, 106, 28, 19, 100, 26, 26, 296, 26, 106, 46, 106, 241, 198, 19, 220, 262, 19, 19, 19, 28, 102, 106, 9, 19, 198, 198, 198, 28, 198, 19, 220, 19, 19, 106, 19, 298, 99, 198, 198, 19, 28, 19, 19, 106, 106, 28, 34, 26, 19, 19, 198, 19, 19, 296, 114, 19, 19, 187, 106, 198, 19, 19, 137, 19, 19, 106, 106, 19, 198, 19, 121, 26, 19, 26, 19, 40, 198, 19, 19, 19, 157, 19, 99, 106, 178, 131, 46, 198, 198, 28, 19, 106, 198, 198, 198, 19, 99, 198, 50, 106, 19, 106, 53, 198, 19, 19, 96, 19, 106, 26, 19, 26, 19, 19, 106, 106, 26, 198, 19, 218, 220, 129, 106, 198, 245, 19, 28, 159, 220, 90, 162, 156, 288, 34, 198, 19, 198, 19, 106, 106, 129, 293, 19, 28, 19, 106, 19, 220, 19, 198, 26, 106, 106, 19, 19, 198, 198, 19, 99, 99, 19, 198, 106, 28, 106, 214, 14, 198, 28, 198, 19, 26, 19, 7, 19, 19, 198, 106, 19, 198, 256, 198, 34, 19, 106, 106, 19, 227, 19, 198, 19, 198, 26, 19, 227, 200, 19, 19, 198, 19, 198, 198, 198, 53, 198, 198, 198, 106, 124, 19, 106, 115, 22, 19, 19, 106, 262, 19, 61, 198, 198, 28, 198, 106, 61, 106, 198, 19, 19, 106, 19, 106, 182, 106, 19, 28, 106, 198, 26, 78, 78, 28, 28, 19, 198, 198, 198, 106, 106, 198, 106, 198, 19, 198, 200, 84, 245, 198, 220, 106, 106, 163, 182, 198, 19, 106, 100, 106, 106, 243, 198, 106, 19, 106, 109, 198, 243, 198, 243, 7, 198, 106, 19, 274, 19, 26, 106, 18, 106, 19, 19, 106, 124, 106, 28, 19, 106, 129, 220, 19, 106, 157, 106, 106, 106, 159, 70, 106, 19, 134, 195, 227, 154, 131, 227, 26, 227, 227, 227, 227, 220, 220, 227, 26, 26, 254, 227, 78, 162, 227, 142, 175, 154, 227, 227, 109, 131, 131, 131, 131, 26, 26, 26, 26, 243, 161, 243, 66, 243, 34, 243, 109, 109, 109, 61, 53, 135, 26, 257, 124, 233, 124, 189, 26, 61, 61, 124, 129, 34, 26, 220, 26, 124, 26, 26, 26, 124, 116, 124, 162, 26, 154, 36, 26, 164, 26, 164, 26, 102, 189, 220, 9, 26, 99, 291, 162, 26, 121, 154, 162, 26, 26, 63, 110, 175, 266, 250, 26, 208, 26, 26, 32, 26, 22, 164, 208, 26, 154, 124, 87, 129, 78, 107, 99, 61, 36, 162, 26, 124, 9, 161, 241, 26, 164, 42, 26, 26, 99, 124, 109, 26, 266, 100, 92, 42, 9, 162, 175, 26, 266, 99, 147, 26, 154, 26, 109, 26, 9, 26, 6, 208, 26, 34, 109, 26, 26, 164, 124, 26, 102, 26, 239, 26, 26, 99, 102, 121, 154, 121, 26, 40, 61, 66, 26, 22, 92, 135, 121, 124, 26, 126, 26, 96, 26, 131, 61, 100, 26, 266, 26, 9, 129, 26, 220, 161, 282, 109, 124, 109, 173, 243, 126, 124, 243, 124, 109, 61, 243, 124, 124, 26, 61, 61, 96, 61, 257, 124, 40, 26, 26, 26, 233, 26, 61, 131, 156, 53, 164, 32, 63, 217, 53, 129, 129, 26, 61, 63, 175, 102, 102, 26, 61, 61, 131, 26, 164, 124, 164, 154, 61, 26, 175, 131, 164, 154, 154, 189, 26, 26, 6, 26, 189, 61, 32, 92, 162, 61, 154, 92, 21, 94, 94, 81, 26, 99, 124, 61, 129, 175, 129, 154, 154, 61, 26, 227, 26, 162, 26, 26, 61, 162, 102, 266, 296, 22, 154, 224, 220, 53, 107, 162, 162, 162, 34, 26, 291, 61, 22, 175, 250, 26, 26, 26, 116, 78, 110, 124, 266, 26, 99, 102, 266, 40, 99, 26, 61, 55, 156, 102, 26, 20, 26, 26, 26, 266, 208, 121, 102, 208, 217, 266, 26, 26, 87, 266, 36, 36, 99, 20, 92, 26, 20, 26, 20, 88, 20, 61, 220, 26, 227, 102, 53, 100, 26, 26, 78, 99, 102, 220, 102, 121, 34, 99, 92, 9, 9, 34, 34, 9, 100, 26, 102, 129, 9, 9, 220, 124, 9, 9, 135, 99, 185, 99, 9, 26, 131, 