{"Run": 11, "K": 35, "WCSSD": 2700.197694803353, "Purity": 0.26701605338264855, "Time": 1.7717249393463135, "Kmeans_Labels": [32, 18, 9, 2, 6, 13, 18, 30, 18, 30, 6, 24, 18, 29, 20, 18, 33, 33, 22, 16, 14, 6, 13, 29, 29, 33, 23, 33, 16, 7, 29, 14, 16, 33, 14, 18, 24, 29, 24, 29, 14, 33, 8, 26, 4, 18, 29, 14, 20, 18, 13, 13, 13, 13, 33, 23, 3, 33, 2, 2, 34, 33, 33, 27, 23, 29, 18, 18, 29, 23, 33, 14, 7, 18, 13, 27, 18, 6, 3, 8, 22, 34, 7, 33, 30, 27, 13, 34, 33, 30, 2, 20, 30, 30, 20, 6, 20, 27, 30, 13, 30, 18, 27, 7, 30, 16, 16, 16, 7, 13, 4, 7, 19, 20, 10, 13, 13, 13, 13, 15, 13, 27, 15, 2, 6, 15, 16, 2, 22, 13, 15, 15, 13, 13, 16, 16, 13, 13, 13, 13, 11, 2, 2, 16, 15, 15, 20, 13, 20, 2, 15, 25, 27, 16, 13, 15, 13, 13, 2, 20, 13, 15, 15, 13, 13, 15, 3, 13, 22, 18, 15, 34, 2, 13, 15, 18, 6, 8, 15, 13, 13, 13, 2, 18, 15, 34, 15, 13, 13, 34, 13, 11, 13, 15, 2, 2, 13, 13, 13, 7, 30, 33, 9, 6, 15, 30, 15, 7, 30, 30, 33, 27, 30, 30, 30, 15, 15, 7, 24, 11, 15, 3, 2, 24, 34, 15, 24, 24, 13, 15, 13, 13, 30, 2, 30, 24, 7, 16, 13, 13, 15, 2, 11, 30, 13, 30, 13, 30, 13, 15, 7, 7, 2, 15, 13, 14, 15, 2, 15, 7, 13, 10, 24, 9, 15, 2, 13, 11, 13, 7, 13, 11, 20, 2, 11, 9, 13, 22, 15, 15, 15, 10, 10, 22, 20, 11, 13, 16, 10, 22, 15, 9, 13, 4, 16, 11, 16, 11, 4, 16, 8, 16, 16, 16, 24, 11, 11, 11, 32, 19, 11, 10, 24, 16, 7, 10, 13, 19, 4, 16, 4, 4, 13, 4, 8, 24, 10, 10, 11, 32, 16, 15, 15, 32, 13, 32, 15, 15, 33, 15, 13, 3, 15, 13, 15, 13, 13, 15, 20, 13, 11, 13, 13, 10, 24, 26, 9, 22, 21, 0, 0, 13, 13, 0, 4, 11, 0, 0, 15, 13, 0, 0, 0, 15, 13, 15, 28, 15, 13, 13, 13, 13, 15, 27, 16, 13, 13, 33, 2, 13, 3, 20, 9, 20, 8, 13, 6, 20, 13, 15, 11, 13, 2, 13, 3, 11, 15, 6, 2, 27, 9, 20, 23, 13, 18, 20, 16, 13, 20, 15, 13, 2, 33, 13, 6, 16, 13, 10, 21, 0, 0, 8, 2, 13, 34, 13, 13, 16, 16, 13, 14, 30, 25, 25, 7, 7, 4, 4, 4, 4, 24, 24, 4, 13, 28, 3, 3, 13, 0, 0, 3, 3, 30, 23, 23, 27, 23, 23, 9, 23, 23, 23, 2, 23, 6, 11, 23, 7, 30, 30, 7, 7, 30, 26, 26, 30, 30, 26, 26, 26, 25, 26, 7, 7, 13, 31, 18, 25, 25, 18, 30, 13, 11, 7, 7, 13, 7, 7, 7, 9, 9, 33, 9, 9, 6, 6, 20, 22, 20, 2, 9, 16, 2, 9, 9, 2, 16, 7, 2, 19, 19, 19, 7, 7, 16, 16, 7, 7, 19, 24, 4, 24, 24, 7, 7, 13, 13, 19, 19, 19, 19, 18, 18, 19, 19, 26, 25, 25, 25, 25, 13, 13, 11, 11, 24, 26, 26, 24, 24, 30, 30, 10, 10, 13, 26, 10, 10, 11, 10, 10, 10, 10, 10, 34, 13, 10, 32, 32, 22, 0, 0, 25, 14, 25, 3, 3, 0, 0, 0, 0, 10, 10, 0, 0, 0, 0, 20, 0, 0, 0, 0, 0, 0, 0, 0, 0, 0, 0, 13, 2, 18, 33, 29, 13, 24, 24, 24, 13, 24, 24, 13, 24, 24, 24, 13, 13, 24, 29, 28, 13, 13, 13, 13, 13, 13, 13, 13, 6, 13, 13, 6, 0, 27, 27, 23, 23, 23, 23, 27, 13, 23, 23, 27, 22, 18, 22, 23, 27, 2, 26, 6, 2, 8, 14, 27, 8, 13, 18, 7, 18, 7, 7, 13, 7, 7, 7, 30, 30, 8, 13, 23, 13, 30, 30, 26, 34, 7, 7, 7, 34, 7, 26, 18, 26, 7, 7, 7, 7, 26, 26, 7, 18, 27, 7, 7, 7, 26, 7, 7, 7, 34, 18, 7, 7, 26, 7, 26, 7, 13, 13, 16, 11, 16, 4, 16, 16, 13, 4, 16, 16, 16, 19, 4, 16, 4, 19, 19, 4, 7, 7, 7, 7, 4, 4, 7, 7, 13, 4, 7, 19, 4, 7, 4, 7, 25, 19, 4, 4, 13, 13, 4, 4, 4, 19, 19, 19, 19, 19, 4, 19, 19, 19, 4, 4, 4, 19, 4, 24, 4, 10, 4, 13, 4, 4, 4, 26, 25, 32, 32, 32, 26, 26, 26, 25, 4, 4, 4, 4, 33, 33, 4, 32, 9, 28, 9, 3, 10, 11, 3, 13, 10, 10, 10, 26, 26, 3, 32, 10, 26, 26, 3, 3, 26, 26, 13, 26, 26, 3, 3, 3, 3, 3, 0, 0, 0, 3, 0, 0, 0, 0, 6, 0, 0, 13, 0, 10, 0, 13, 10, 10, 13, 0, 8, 8, 13, 0, 0, 0, 19, 27, 19, 0, 0, 3, 13, 0, 0, 0, 0, 16, 13, 23, 18, 13, 23, 16, 23, 27, 13, 18, 13, 18, 20, 30, 13, 34, 33, 34, 9, 9, 18, 13, 4, 16, 4, 19, 4, 22, 13, 13, 20, 13, 1, 6, 2, 33, 34, 13, 18, 13, 33, 13, 13, 32, 32, 0, 32, 32, 2, 8, 1, 24, 1, 1, 13, 22, 1, 14, 1, 1, 1, 1, 0, 1, 1, 1, 13, 1, 1, 1, 1, 13, 1, 1, 1, 1, 1, 13, 1, 1, 1, 1, 1, 1, 13, 1, 1, 1, 1, 1, 1, 1, 1, 1, 13, 13, 1, 1, 1, 1, 1, 1, 1, 6, 1, 1, 1, 1, 1, 2, 22, 1, 1, 1, 13, 27, 2, 1, 1, 1, 22, 27, 1, 1, 1, 1, 27, 1, 1, 29, 1, 1, 1, 1, 33, 6, 1, 1, 1, 1, 13, 16, 29, 1, 1, 1, 1, 1, 1, 1, 1, 1, 1, 1, 1, 1, 1, 1, 1, 1, 18, 13, 1, 1, 1, 29, 13, 6, 8, 3, 1, 1, 1, 8, 1, 1, 13, 1, 1, 1, 1, 1, 33, 1, 33, 1, 1, 1, 1, 1, 1, 1, 13, 1, 1, 1, 1, 27, 8, 1, 1, 1, 1, 1, 1, 1, 1, 1, 3, 13, 1, 1, 1, 1, 1, 8, 8, 1, 1, 13, 1, 1, 1, 1, 1, 1, 1, 1, 1, 1, 1, 1, 11, 18, 1, 1, 1, 25, 1, 1, 1, 1, 1, 1, 2, 1, 1, 30, 1, 1, 1, 1, 1, 1, 1, 1, 1, 1, 2, 1, 8, 1, 1, 1, 13, 1, 1, 1, 13, 1, 1, 24, 1, 2, 1, 1, 1, 1, 20, 1, 1, 1, 1, 13, 1, 1, 1, 1, 1, 1, 13, 34, 24, 13, 1, 13, 1, 1, 1, 1, 1, 1, 9, 13, 1, 1, 1, 1, 1, 13, 1, 1, 9, 1, 1, 1, 1, 1, 1, 1, 2, 3, 1, 1, 1, 1, 1, 3, 16, 1, 1, 1, 1, 20, 1, 13, 1, 1, 1, 1, 1, 1, 19, 1, 13, 1, 1, 1, 1, 13, 1, 1, 1, 1, 10, 1, 13, 13, 1, 1, 1, 1, 1, 1, 1, 14, 1, 1, 1, 1, 14, 1, 1, 1, 34, 1, 1, 1, 1, 1, 13, 1, 1, 1, 1, 1, 13, 1, 1, 1, 1, 1, 1, 1, 1, 1, 1, 1, 1, 1, 13, 16, 16, 1, 1, 1, 1, 1, 1, 1, 1, 1, 1, 1, 1, 1, 13, 1, 1, 1, 34, 1, 1, 1, 24, 1, 1, 1, 29, 1, 1, 1, 1, 1, 1, 1, 0, 1, 0, 1, 1, 13, 1, 1, 1, 1, 1, 13, 1, 0, 1, 1, 1, 1, 13, 1, 1, 1, 1, 13, 13, 1, 1, 1, 1, 1, 1, 1, 1, 1, 1, 16, 13, 13, 20, 13, 13, 22, 13, 13, 13, 13, 18, 13, 13, 6, 2, 22, 13, 16, 24, 13, 14, 13, 2, 13, 13, 0, 29, 13, 13, 13, 13, 13, 21, 3, 0, 23, 0, 21, 0, 13, 0, 0, 0, 0, 24, 29, 18, 7, 13, 3, 26, 3, 16, 10, 10, 13, 13, 9, 29, 2, 6, 10, 13, 2, 7, 20, 26, 26, 0, 24, 30, 3, 7, 10, 10, 9, 7, 3, 33, 16, 6, 10, 22, 2, 14, 24, 13, 11, 22, 24, 27, 27, 19, 33, 4, 7, 24, 18, 30, 13, 2, 26, 33, 34, 4, 30, 34, 22, 14, 7, 18, 33, 31, 2, 10, 7, 24, 33, 0, 13, 23, 8, 6, 4, 30, 14, 10, 13, 3, 0, 18, 30, 29, 27, 30, 11, 24, 13, 34, 30, 2, 13, 33, 11, 13, 0, 13, 9, 13, 4, 23, 18, 13, 0, 9, 13, 19, 14, 2, 33, 27, 6, 2, 14, 2, 33, 11, 13, 11, 13, 25, 10, 21, 30, 34, 6, 18, 11, 26, 33, 14, 23, 34, 20, 13, 13, 29, 30, 18, 20, 13, 13, 13, 33, 23, 13, 0, 26, 0, 4, 0, 14, 0, 0, 13, 0, 13, 0, 3, 14, 3, 24, 34, 34, 10, 13, 3, 25, 6, 10, 10, 26, 20, 10, 13, 32, 26, 4, 26, 19, 8, 29, 13, 9, 9, 13, 19, 4, 33, 33, 13, 13, 13, 13, 10, 10, 13, 7, 13, 3, 33, 13, 13, 19, 22, 22, 16, 2, 9, 4, 22, 16, 13, 26, 27, 24, 13, 13, 27, 24, 3, 3, 22, 13, 2, 14, 13, 9, 13, 9, 33, 11, 13, 33, 13, 27, 24, 13, 13, 13, 24, 33, 18, 8, 34, 3, 13, 33, 13, 31, 24, 24, 24, 30, 7, 14, 13, 34, 28, 24, 30, 23, 13, 26, 33, 33, 13, 26, 27, 30, 33, 18, 25, 14, 7, 13, 7, 2, 33, 30, 31, 30, 30, 13, 30, 30, 11, 33, 30, 13, 30, 30, 13, 7, 7, 7, 7, 13, 31, 6, 33, 31, 2, 31, 27, 31, 13, 22, 18, 13, 33, 33, 29, 20, 13, 2, 2, 33, 33, 33, 11, 13, 2, 9, 18, 13, 13, 18, 10, 29, 34, 33, 13, 33, 33, 13, 14, 9, 11, 18, 2, 26, 2, 13, 13, 13, 34, 11, 8, 14, 27, 14, 2, 18, 13, 27, 29, 14, 33, 11, 6, 13, 13, 23, 2, 9, 6, 16, 13, 20, 13, 13, 6, 33, 11, 18, 33, 9, 18, 2, 6, 8, 13, 18, 11, 33, 6, 13, 7, 9, 19, 13, 26, 31, 13, 33, 4, 13, 28, 3, 6, 13, 13, 8, 13, 32, 25, 13, 18, 29, 13, 31, 28, 8, 33, 13, 13, 23, 27, 9, 14, 3, 33, 8, 23, 9, 13, 14, 2, 8, 13, 23, 20, 21, 28, 3, 13, 26, 0, 3, 0, 23, 0, 0, 5, 21, 0, 5, 5, 5, 5, 0, 5, 0, 2, 5, 5, 5, 5, 22, 9, 0, 32, 5, 10, 5, 24, 5, 0, 5, 7, 4, 5, 6, 5, 6, 2, 24, 5, 13, 5, 7, 0, 18, 0, 0, 5, 5, 4, 7, 24, 5, 30, 4, 5, 13, 25, 5, 10, 5, 5, 5, 5, 19, 0, 8, 5, 5, 0, 6, 5, 5, 5, 32, 5, 0, 9, 5, 5, 5, 0, 5, 13, 5, 5, 5, 5, 5, 34, 6, 4, 5, 5, 5, 21, 7, 0, 10, 13, 5, 19, 5, 29, 13, 29, 0, 0, 13, 5, 5, 11, 5, 6, 5, 0, 5, 5, 5, 5, 5, 5, 5, 24, 6, 23, 9, 5, 5, 6, 5, 6, 5, 30, 18, 6, 5, 21, 6, 5, 5, 5, 5, 5, 5, 5, 5, 9, 6, 5, 5, 5, 5, 13, 5, 5, 5, 5, 6, 5, 14, 13, 23, 8, 5, 5, 21, 5, 5, 5, 5, 5, 5, 5, 5, 5, 6, 5, 5, 30, 5, 5, 5, 18, 8, 5, 31, 6, 6, 13, 5, 5, 27, 5, 5, 6, 5, 5, 5, 5, 5, 5, 5, 5, 5, 5, 5, 5, 5, 5, 5, 5, 5, 5, 5, 31, 5, 5, 5, 18, 5, 5, 5, 5, 8, 13, 13, 29, 12, 13, 0, 2, 13, 18, 13, 11, 13, 0, 16, 28, 13, 2, 13, 18, 10, 13, 13, 29, 12, 8, 29, 29, 20, 16, 29, 27, 13, 29, 13, 13, 16, 29, 29, 13, 29, 26, 20, 18, 13, 29, 9, 2, 29, 22, 13, 11, 13, 13, 8, 13, 33, 13, 24, 13, 22, 12, 13, 13, 13, 8, 8, 12, 12, 34, 12, 8, 12, 12, 12, 17, 7, 30, 11, 12, 12, 12, 12, 6, 8, 8, 12, 12, 12, 12, 13, 12, 16, 8, 8, 12, 13, 12, 8, 12, 2, 3, 13, 22, 13, 13, 13, 7, 13, 13, 3, 3, 13, 11, 13, 7, 20, 4, 8, 13, 13, 13, 13, 34, 10, 29, 11, 13, 30, 10, 7, 20, 13, 13, 13, 3, 13, 11, 3, 25, 13, 13, 21, 11, 11, 