{"Run": 13, "K": 584, "WCSSD": 2053.305702959516, "Purity": 0.4362327206372307, "Time": 33.68703889846802, "Kmeans_Labels": [107, 256, 331, 422, 417, 20, 168, 260, 20, 161, 417, 316, 417, 196, 408, 20, 20, 144, 52, 52, 20, 417, 26, 196, 196, 144, 52, 70, 320, 442, 196, 52, 320, 144, 52, 541, 316, 351, 316, 84, 52, 564, 111, 475, 564, 20, 196, 52, 391, 228, 353, 557, 557, 169, 107, 20, 20, 144, 158, 158, 20, 144, 20, 360, 20, 152, 196, 256, 196, 384, 196, 408, 571, 205, 267, 408, 20, 417, 487, 111, 541, 20, 453, 144, 260, 311, 205, 417, 20, 20, 182, 487, 228, 228, 408, 417, 227, 431, 260, 20, 260, 76, 20, 62, 62, 492, 492, 62, 61, 76, 169, 169, 169, 318, 107, 76, 49, 20, 20, 18, 20, 227, 18, 158, 253, 18, 20, 158, 541, 26, 18, 18, 26, 49, 243, 320, 20, 20, 20, 20, 70, 158, 158, 320, 18, 18, 408, 398, 408, 520, 447, 432, 205, 50, 20, 18, 20, 20, 142, 391, 20, 18, 18, 20, 20, 18, 205, 5, 44, 205, 207, 20, 20, 557, 18, 439, 360, 85, 18, 49, 353, 536, 20, 49, 16, 20, 18, 20, 49, 143, 156, 70, 210, 356, 20, 158, 20, 408, 20, 37, 260, 26, 20, 360, 547, 260, 307, 260, 205, 542, 20, 20, 260, 260, 260, 18, 18, 228, 316, 70, 260, 76, 20, 316, 354, 18, 20, 20, 557, 18, 20, 417, 260, 201, 260, 49, 20, 320, 49, 131, 18, 20, 70, 260, 557, 260, 156, 290, 408, 18, 20, 492, 20, 545, 49, 140, 18, 20, 18, 290, 20, 20, 316, 20, 62, 525, 408, 62, 49, 360, 20, 565, 474, 20, 0, 20, 513, 408, 18, 62, 312, 107, 107, 408, 168, 121, 360, 62, 20, 541, 18, 168, 20, 271, 326, 492, 326, 492, 169, 19, 20, 492, 20, 38, 326, 181, 168, 46, 56, 169, 70, 317, 326, 326, 169, 107, 26, 169, 169, 26, 169, 169, 557, 169, 360, 316, 169, 107, 315, 177, 320, 478, 18, 107, 557, 20, 23, 107, 144, 18, 172, 20, 70, 408, 18, 127, 10, 18, 487, 487, 70, 20, 557, 341, 316, 20, 20, 44, 95, 47, 361, 20, 26, 47, 169, 70, 407, 361, 18, 20, 361, 361, 8, 18, 483, 18, 18, 18, 210, 487, 20, 156, 18, 339, 20, 557, 557, 144, 158, 395, 20, 408, 20, 257, 111, 196, 417, 105, 20, 580, 70, 243, 158, 20, 243, 70, 403, 417, 158, 20, 20, 20, 20, 205, 408, 408, 326, 408, 205, 491, 205, 20, 205, 20, 417, 62, 20, 169, 95, 451, 47, 34, 39, 205, 20, 42, 42, 130, 130, 20, 158, 20, 432, 432, 228, 228, 469, 469, 169, 169, 316, 316, 169, 475, 20, 361, 361, 100, 47, 47, 156, 156, 20, 20, 20, 347, 11, 11, 158, 20, 20, 20, 348, 20, 445, 70, 20, 20, 228, 228, 260, 260, 20, 132, 132, 417, 417, 228, 228, 228, 432, 20, 417, 417, 22, 335, 20, 432, 432, 49, 260, 149, 70, 228, 228, 20, 228, 9, 396, 331, 331, 20, 20, 20, 340, 340, 408, 20, 408, 158, 202, 243, 62, 202, 202, 62, 243, 228, 169, 114, 114, 168, 61, 61, 363, 363, 170, 170, 169, 316, 169, 333, 333, 37, 37, 49, 49, 169, 169, 229, 229, 399, 399, 169, 169, 49, 432, 432, 432, 432, 105, 20, 70, 70, 316, 20, 20, 203, 203, 278, 278, 20, 20, 49, 219, 259, 259, 70, 20, 49, 49, 487, 487, 89, 20, 20, 20, 20, 541, 47, 47, 432, 289, 432, 88, 88, 483, 483, 8, 8, 111, 111, 540, 540, 47, 47, 408, 361, 361, 8, 8, 138, 138, 8, 8, 47, 47, 561, 20, 20, 105, 144, 205, 485, 213, 108, 108, 108, 108, 108, 248, 108, 316, 316, 108, 108, 482, 351, 108, 108, 108, 108, 26, 108, 108, 108, 108, 360, 475, 428, 417, 47, 11, 11, 186, 186, 20, 20, 227, 107, 209, 209, 227, 20, 20, 20, 20, 52, 158, 87, 360, 553, 20, 120, 20, 111, 87, 20, 553, 20, 228, 228, 20, 228, 228, 20, 225, 228, 223, 20, 228, 133, 20, 20, 228, 68, 141, 228, 228, 475, 228, 327, 20, 228, 228, 228, 228, 228, 327, 228, 228, 434, 434, 322, 228, 418, 228, 228, 228, 228, 68, 373, 228, 228, 228, 396, 501, 148, 20, 20, 62, 70, 62, 169, 326, 62, 20, 169, 62, 62, 169, 237, 90, 62, 114, 114, 114, 114, 169, 20, 61, 62, 169, 169, 61, 62, 20, 169, 169, 80, 169, 107, 169, 20, 432, 169, 285, 169, 298, 20, 554, 169, 169, 169, 559, 559, 169, 559, 169, 114, 114, 169, 169, 169, 169, 169, 169, 232, 169, 169, 169, 393, 169, 169, 169, 177, 537, 177, 177, 177, 177, 20, 20, 537, 277, 277, 169, 169, 3, 3, 169, 277, 26, 26, 26, 259, 94, 408, 251, 49, 512, 294, 294, 169, 169, 20, 169, 169, 70, 486, 541, 20, 20, 20, 20, 20, 20, 424, 20, 20, 20, 20, 361, 361, 361, 20, 8, 361, 47, 8, 360, 361, 563, 26, 47, 111, 361, 20, 111, 111, 429, 47, 20, 20, 26, 361, 361, 361, 169, 20, 221, 361, 138, 29, 76, 529, 529, 529, 361, 320, 541, 103, 20, 296, 103, 320, 103, 439, 171, 20, 20, 20, 408, 20, 52, 68, 20, 68, 20, 500, 49, 20, 169, 326, 169, 114, 169, 243, 52, 20, 408, 20, 51, 205, 158, 320, 49, 49, 210, 44, 144, 557, 578, 107, 169, 361, 107, 169, 119, 20, 462, 466, 462, 64, 357, 62, 64, 370, 64, 134, 462, 198, 503, 51, 462, 235, 42, 51, 31, 51, 51, 446, 51, 51, 51, 51, 64, 179, 51, 64, 51, 51, 51, 134, 134, 51, 462, 64, 174, 51, 51, 51, 64, 51, 134, 134, 51, 64, 64, 51, 51, 247, 51, 417, 51, 247, 301, 462, 462, 119, 541, 64, 51, 51, 26, 282, 20, 462, 462, 51, 156, 360, 64, 51, 64, 51, 20, 51, 528, 20, 51, 51, 51, 51, 119, 417, 51, 51, 97, 462, 498, 320, 522, 51, 51, 51, 51, 51, 64, 51, 51, 51, 531, 156, 51, 51, 217, 51, 51, 462, 20, 149, 462, 51, 51, 152, 514, 417, 461, 262, 462, 51, 462, 111, 456, 51, 179, 64, 51, 400, 51, 272, 144, 462, 105, 51, 264, 234, 64, 51, 64, 51, 210, 51, 51, 462, 51, 417, 111, 64, 64, 51, 51, 288, 51, 462, 556, 355, 243, 20, 51, 51, 64, 51, 97, 416, 20, 51, 51, 105, 462, 64, 51, 58, 51, 31, 51, 378, 462, 51, 386, 51, 70, 20, 51, 33, 51, 432, 64, 302, 51, 510, 522, 51, 20, 198, 462, 20, 148, 454, 502, 51, 51, 462, 64, 64, 64, 51, 397, 64, 57, 462, 51, 462, 475, 64, 51, 51, 143, 51, 462, 466, 51, 20, 51, 51, 462, 462, 408, 167, 51, 64, 156, 49, 462, 64, 134, 51, 51, 51, 210, 355, 167, 321, 30, 149, 64, 51, 156, 166, 467, 462, 184, 446, 51, 51, 51, 244, 31, 357, 51, 64, 417, 462, 92, 51, 51, 64, 64, 104, 149, 579, 146, 64, 462, 51, 462, 257, 62, 64, 51, 64, 51, 408, 51, 552, 32, 51, 64, 462, 51, 64, 107, 43, 480, 471, 462, 462, 51, 43, 51, 274, 51, 64, 20, 51, 480, 296, 245, 51, 387, 51, 64, 64, 64, 370, 64, 247, 64, 462, 52, 43, 462, 44, 68, 51, 51, 462, 64, 51, 243, 64, 64, 247, 64, 462, 487, 462, 64, 51, 51, 462, 51, 383, 64, 303, 51, 320, 102, 64, 20, 320, 268, 51, 51, 51, 64, 64, 64, 462, 462, 358, 462, 64, 51, 64, 296, 462, 134, 64, 20, 462, 462, 462, 284, 64, 51, 36, 511, 198, 462, 462, 64, 462, 51, 462, 47, 64, 503, 123, 47, 552, 64, 462, 14, 51, 51, 293, 462, 361, 462, 51, 31, 462, 20, 43, 51, 51, 462, 49, 156, 51, 462, 106, 302, 462, 462, 235, 51, 462, 51, 320, 218, 557, 49, 279, 557, 541, 557, 557, 557, 557, 26, 210, 557, 417, 158, 541, 557, 320, 316, 557, 52, 26, 158, 557, 557, 47, 205, 354, 354, 354, 578, 419, 20, 52, 401, 305, 330, 313, 47, 26, 468, 47, 138, 47, 487, 19, 256, 417, 20, 94, 177, 20, 326, 169, 20, 52, 20, 304, 257, 158, 280, 107, 487, 216, 20, 408, 20, 228, 581, 316, 49, 62, 453, 169, 137, 509, 170, 147, 205, 326, 52, 105, 20, 52, 366, 316, 169, 70, 62, 316, 20, 20, 559, 144, 169, 228, 316, 20, 20, 545, 158, 475, 20, 68, 169, 228, 20, 62, 140, 20, 238, 118, 521, 26, 20, 453, 316, 20, 8, 105, 55, 11, 193, 169, 20, 250, 20, 26, 20, 529, 257, 20, 152, 360, 20, 239, 316, 17, 20, 228, 423, 475, 20, 368, 20, 8, 20, 20, 20, 20, 103, 20, 26, 8, 270, 107, 114, 82, 558, 144, 20, 20, 158, 346, 397, 144, 70, 26, 70, 20, 432, 107, 343, 20, 405, 360, 20, 388, 169, 20, 52, 52, 20, 408, 49, 243, 152, 20, 381, 408, 105, 26, 26, 541, 305, 42, 529, 169, 138, 169, 47, 52, 581, 468, 20, 8, 52, 330, 20, 410, 147, 487, 20, 20, 20, 20, 94, 432, 193, 107, 169, 177, 408, 107, 49, 321, 475, 211, 475, 169, 26, 19, 487, 184, 270, 42, 559, 169, 402, 205, 20, 243, 455, 218, 169, 137, 487, 170, 26, 42, 20, 42, 71, 114, 62, 62, 326, 216, 109, 20, 20, 326, 438, 475, 360, 316, 408, 257, 360, 168, 156, 42, 508, 42, 26, 410, 408, 304, 218, 42, 517, 368, 156, 20, 557, 20, 316, 545, 20, 156, 316, 514, 381, 416, 405, 62, 26, 541, 475, 521, 316, 316, 316, 20, 417, 366, 26, 68, 20, 316, 20, 52, 169, 228, 118, 144, 20, 228, 20, 20, 144, 20, 432, 52, 20, 42, 145, 321, 144, 20, 335, 20, 20, 20, 228, 228, 70, 144, 20, 523, 20, 49, 20, 20, 228, 453, 453, 26, 335, 360, 558, 335, 558, 335, 439, 335, 243, 44, 20, 557, 144, 52, 152, 408, 20, 320, 52, 144, 124, 360, 70, 20, 426, 