{"Run": 6, "K": 528, "WCSSD": 2085.2206894913033, "Purity": 0.433059987769778, "Time": 28.863014936447144, "Kmeans_Labels": [113, 178, 197, 222, 526, 119, 178, 32, 178, 77, 526, 494, 3, 287, 3, 157, 3, 18, 336, 146, 3, 526, 401, 157, 117, 314, 3, 18, 141, 3, 157, 246, 146, 18, 157, 3, 157, 287, 494, 287, 416, 332, 28, 258, 287, 434, 246, 408, 3, 3, 235, 420, 420, 335, 334, 225, 11, 479, 222, 222, 3, 18, 3, 28, 3, 279, 287, 178, 207, 18, 18, 157, 3, 103, 66, 157, 3, 526, 10, 3, 3, 117, 509, 18, 32, 502, 103, 526, 3, 191, 3, 3, 467, 155, 3, 526, 159, 3, 413, 3, 211, 66, 202, 200, 142, 332, 175, 315, 3, 66, 186, 216, 186, 408, 407, 66, 402, 3, 159, 510, 3, 159, 29, 222, 3, 29, 159, 222, 327, 325, 29, 29, 401, 157, 3, 144, 159, 159, 159, 159, 348, 222, 222, 146, 29, 29, 3, 159, 3, 222, 29, 331, 103, 146, 159, 29, 3, 3, 222, 159, 3, 29, 29, 3, 332, 29, 103, 11, 493, 103, 10, 341, 3, 420, 29, 3, 180, 304, 29, 122, 157, 159, 129, 129, 29, 157, 29, 246, 3, 43, 3, 348, 39, 29, 408, 274, 320, 60, 3, 501, 32, 401, 401, 180, 29, 32, 29, 32, 103, 159, 401, 159, 32, 32, 32, 29, 29, 3, 494, 334, 275, 66, 3, 494, 3, 29, 159, 494, 420, 401, 157, 110, 32, 3, 32, 110, 303, 146, 3, 159, 29, 3, 348, 425, 420, 32, 425, 3, 60, 29, 332, 501, 3, 29, 369, 401, 29, 199, 29, 136, 159, 3, 494, 3, 88, 3, 60, 88, 3, 136, 135, 332, 11, 139, 332, 401, 159, 401, 29, 88, 29, 334, 334, 3, 332, 433, 180, 50, 332, 327, 29, 332, 17, 332, 453, 332, 260, 332, 3, 210, 3, 332, 408, 408, 148, 332, 332, 332, 332, 186, 348, 334, 494, 408, 501, 334, 3, 186, 332, 3, 136, 186, 420, 186, 180, 466, 3, 101, 348, 45, 146, 29, 29, 113, 420, 113, 29, 137, 401, 29, 159, 480, 348, 60, 468, 159, 164, 29, 20, 110, 412, 159, 420, 3, 494, 3, 117, 493, 449, 217, 289, 262, 335, 456, 335, 313, 282, 289, 31, 136, 473, 289, 282, 31, 282, 31, 29, 29, 401, 10, 159, 408, 29, 147, 3, 420, 420, 18, 222, 3, 3, 159, 401, 246, 28, 3, 526, 75, 3, 483, 348, 159, 222, 159, 172, 348, 29, 3, 402, 3, 117, 117, 478, 373, 178, 3, 453, 60, 103, 29, 103, 3, 103, 155, 526, 88, 157, 3, 6, 131, 289, 28, 11, 103, 3, 100, 100, 146, 146, 3, 222, 408, 365, 365, 3, 3, 335, 335, 3, 186, 67, 67, 335, 483, 146, 335, 335, 393, 42, 42, 335, 335, 3, 3, 3, 499, 28, 28, 222, 3, 3, 3, 222, 290, 75, 348, 3, 229, 169, 169, 32, 32, 519, 3, 3, 526, 526, 155, 155, 504, 331, 3, 526, 526, 157, 99, 3, 331, 331, 3, 213, 362, 348, 151, 151, 157, 155, 155, 88, 197, 197, 335, 3, 3, 3, 3, 187, 269, 187, 450, 88, 3, 450, 88, 88, 450, 3, 136, 408, 286, 286, 332, 229, 229, 181, 181, 128, 128, 136, 494, 89, 332, 332, 186, 186, 110, 110, 186, 186, 136, 136, 3, 3, 186, 71, 119, 265, 265, 98, 98, 75, 3, 348, 348, 494, 3, 3, 490, 490, 490, 490, 3, 3, 3, 3, 136, 136, 348, 498, 119, 119, 412, 412, 3, 119, 250, 231, 231, 3, 289, 289, 331, 420, 331, 335, 335, 282, 282, 168, 168, 495, 495, 414, 414, 158, 158, 3, 289, 289, 282, 282, 145, 145, 149, 149, 289, 289, 168, 3, 3, 75, 18, 103, 525, 525, 525, 525, 525, 525, 215, 525, 525, 219, 494, 525, 415, 525, 287, 283, 525, 264, 426, 110, 525, 525, 525, 525, 180, 408, 483, 526, 42, 28, 28, 10, 10, 383, 383, 159, 334, 3, 3, 159, 408, 130, 408, 290, 3, 222, 483, 180, 222, 382, 136, 157, 28, 483, 3, 222, 10, 454, 454, 3, 398, 398, 3, 3, 467, 10, 3, 366, 171, 432, 432, 155, 40, 155, 155, 155, 483, 155, 28, 157, 504, 155, 155, 155, 3, 28, 469, 155, 351, 157, 155, 381, 155, 3, 151, 351, 351, 40, 3, 151, 151, 155, 425, 155, 229, 292, 391, 88, 348, 88, 350, 25, 88, 3, 186, 25, 88, 136, 286, 332, 88, 472, 286, 186, 472, 136, 91, 229, 334, 186, 216, 216, 91, 3, 186, 91, 334, 186, 334, 89, 3, 182, 186, 44, 186, 164, 3, 136, 3, 3, 186, 186, 186, 514, 186, 186, 136, 186, 186, 186, 267, 186, 136, 355, 140, 267, 425, 425, 3, 425, 355, 355, 425, 331, 425, 425, 425, 425, 3, 3, 331, 186, 186, 186, 425, 18, 18, 425, 335, 117, 3, 117, 237, 335, 3, 237, 3, 335, 3, 3, 334, 334, 231, 160, 335, 334, 445, 335, 335, 3, 3, 420, 385, 385, 335, 335, 335, 3, 3, 289, 352, 352, 335, 81, 42, 42, 55, 180, 289, 414, 10, 42, 495, 289, 335, 495, 495, 3, 42, 167, 167, 335, 289, 289, 289, 408, 3, 186, 289, 145, 335, 66, 485, 485, 485, 289, 3, 136, 3, 3, 3, 3, 146, 3, 3, 3, 157, 157, 3, 3, 110, 3, 330, 3, 40, 496, 117, 10, 3, 136, 315, 136, 136, 136, 11, 335, 10, 10, 10, 317, 103, 222, 526, 3, 10, 157, 493, 18, 420, 344, 334, 186, 459, 334, 186, 3, 157, 254, 3, 254, 76, 198, 427, 76, 483, 410, 511, 254, 254, 289, 317, 254, 377, 119, 85, 317, 317, 317, 59, 239, 239, 505, 317, 76, 117, 317, 76, 317, 357, 317, 511, 511, 317, 254, 76, 234, 317, 317, 85, 76, 317, 511, 511, 403, 76, 76, 319, 505, 76, 505, 257, 505, 505, 317, 254, 438, 3, 327, 76, 505, 317, 157, 3, 3, 254, 505, 85, 11, 180, 76, 505, 132, 505, 3, 505, 317, 3, 505, 317, 505, 220, 3, 526, 317, 317, 505, 254, 294, 146, 68, 317, 505, 317, 255, 317, 76, 505, 505, 505, 317, 458, 505, 492, 505, 317, 317, 254, 461, 5, 475, 515, 317, 279, 3, 526, 27, 11, 254, 505, 254, 28, 76, 505, 198, 251, 505, 12, 317, 505, 18, 254, 75, 317, 76, 76, 361, 317, 76, 317, 39, 505, 317, 254, 319, 526, 28, 76, 386, 505, 317, 39, 317, 254, 254, 228, 148, 3, 317, 505, 76, 505, 317, 27, 157, 123, 317, 75, 254, 76, 505, 39, 317, 317, 223, 254, 254, 317, 127, 230, 348, 3, 85, 506, 317, 505, 76, 475, 317, 317, 52, 317, 3, 254, 109, 157, 448, 76, 76, 317, 357, 254, 76, 76, 76, 226, 73, 76, 51, 254, 317, 254, 3, 8, 317, 319, 43, 317, 228, 3, 317, 157, 317, 317, 254, 254, 110, 127, 505, 76, 475, 11, 254, 76, 511, 505, 317, 317, 39, 40, 127, 140, 372, 5, 76, 317, 428, 505, 254, 254, 117, 368, 317, 247, 263, 254, 34, 198, 505, 386, 526, 254, 254, 317, 317, 76, 76, 439, 3, 64, 317, 76, 254, 317, 254, 3, 88, 150, 505, 76, 263, 86, 317, 110, 505, 505, 489, 254, 317, 76, 334, 76, 10, 317, 254, 254, 317, 106, 317, 76, 317, 76, 3, 505, 420, 420, 317, 317, 76, 317, 76, 76, 76, 483, 76, 76, 76, 254, 452, 106, 254, 493, 40, 505, 317, 254, 410, 505, 120, 76, 76, 317, 76, 254, 0, 487, 76, 317, 317, 505, 317, 254, 76, 505, 85, 2, 254, 76, 3, 146, 146, 505, 505, 317, 76, 76, 76, 221, 254, 152, 254, 76, 359, 76, 420, 254, 511, 76, 3, 505, 254, 505, 106, 76, 238, 254, 279, 254, 505, 459, 76, 254, 317, 254, 42, 76, 289, 76, 289, 110, 324, 505, 317, 317, 317, 159, 254, 289, 254, 106, 85, 254, 431, 106, 505, 317, 254, 117, 475, 85, 254, 52, 505, 254, 254, 377, 505, 254, 68, 2, 11, 420, 117, 11, 420, 3, 420, 420, 420, 420, 420, 39, 420, 526, 523, 327, 420, 3, 494, 420, 3, 10, 523, 420, 420, 42, 103, 392, 392, 392, 344, 3, 3, 136, 289, 13, 289, 424, 289, 335, 335, 42, 443, 42, 119, 483, 178, 408, 3, 335, 425, 335, 315, 408, 48, 335, 242, 117, 11, 395, 526, 334, 408, 486, 3, 148, 335, 504, 282, 57, 3, 88, 509, 408, 297, 117, 128, 335, 103, 88, 3, 75, 367, 430, 3, 494, 408, 348, 88, 457, 3, 3, 186, 206, 136, 398, 494, 408, 467, 3, 222, 483, 520, 330, 399, 467, 3, 88, 246, 3, 100, 146, 99, 11, 164, 509, 195, 3, 282, 75, 96, 28, 245, 136, 3, 491, 3, 440, 335, 485, 3, 3, 279, 180, 3, 75, 494, 110, 3, 155, 3, 483, 119, 418, 408, 282, 157, 3, 3, 119, 3, 3, 310, 81, 117, 334, 286, 11, 157, 18, 405, 164, 138, 3, 133, 18, 348, 246, 348, 408, 331, 334, 6, 110, 170, 3, 337, 348, 335, 10, 371, 411, 481, 3, 369, 507, 279, 3, 3, 3, 75, 349, 408, 11, 13, 119, 485, 335, 443, 80, 289, 371, 282, 335, 242, 81, 335, 289, 335, 190, 335, 119, 164, 481, 48, 3, 335, 331, 245, 334, 408, 425, 148, 334, 369, 460, 483, 186, 483, 186, 210, 483, 119, 117, 117, 119, 186, 136, 253, 103, 148, 110, 119, 420, 408, 297, 408, 128, 11, 119, 520, 209, 114, 286, 88, 88, 88, 486, 419, 119, 367, 315, 119, 483, 180, 457, 164, 117, 180, 33, 11, 119, 312, 14, 11, 190, 157, 117, 136, 270, 527, 418, 110, 119, 420, 405, 195, 3, 3, 425, 494, 18, 3, 27, 170, 88, 11, 11, 483, 99, 494, 494, 57, 335, 408, 3, 110, 330, 110, 494, 110, 411, 408, 504, 146, 206, 318, 155, 3, 3, 18, 108, 331, 3, 3, 119, 408, 140, 18, 3, 99, 3, 3, 408, 155, 467, 348, 18, 467, 408, 3, 3, 441, 3, 398, 509, 509, 440, 99, 3, 157, 99, 157, 99, 3, 99, 507, 493, 408, 420, 18, 3, 74, 3, 408, 180, 430, 18, 18, 18, 348, 401, 3, 222, 75, 100, 227, 3, 75, 