{"Run": 6, "K": 192, "WCSSD": 2479.0290721207957, "Purity": 0.32753046117874357, "Time": 8.248259782791138, "Kmeans_Labels": [7, 159, 103, 7, 7, 7, 159, 136, 159, 154, 7, 35, 131, 131, 7, 7, 7, 37, 7, 88, 7, 7, 30, 7, 57, 37, 7, 37, 4, 7, 7, 7, 4, 37, 88, 113, 35, 7, 35, 7, 84, 149, 75, 53, 75, 166, 57, 7, 7, 139, 7, 30, 30, 7, 155, 7, 7, 159, 155, 7, 7, 37, 7, 100, 68, 47, 159, 159, 113, 159, 37, 7, 7, 155, 29, 7, 7, 7, 7, 7, 7, 7, 154, 37, 147, 7, 155, 150, 7, 7, 7, 7, 154, 154, 7, 149, 7, 7, 136, 7, 136, 29, 7, 152, 152, 149, 149, 152, 7, 29, 75, 75, 75, 115, 75, 29, 113, 7, 86, 77, 86, 86, 77, 7, 7, 77, 86, 7, 17, 16, 77, 77, 16, 86, 113, 4, 86, 86, 86, 86, 163, 7, 155, 4, 77, 77, 7, 86, 7, 7, 77, 101, 155, 4, 86, 77, 7, 86, 7, 86, 86, 77, 77, 86, 149, 77, 155, 46, 7, 155, 77, 7, 7, 30, 77, 7, 100, 67, 77, 7, 86, 86, 7, 7, 77, 86, 77, 7, 7, 86, 86, 163, 30, 123, 86, 7, 7, 16, 86, 52, 109, 7, 7, 100, 77, 136, 77, 136, 155, 86, 7, 86, 136, 136, 136, 77, 77, 154, 35, 163, 136, 7, 7, 35, 30, 77, 86, 35, 30, 77, 7, 7, 136, 7, 136, 172, 7, 4, 187, 86, 77, 7, 163, 136, 30, 136, 86, 86, 16, 77, 24, 149, 186, 77, 30, 30, 77, 86, 77, 7, 86, 7, 35, 103, 152, 65, 16, 152, 7, 100, 30, 149, 86, 86, 149, 149, 86, 86, 77, 77, 77, 149, 86, 86, 149, 149, 100, 152, 149, 17, 77, 149, 7, 149, 152, 149, 7, 149, 152, 190, 67, 149, 7, 7, 35, 149, 149, 149, 149, 75, 156, 86, 152, 7, 52, 75, 35, 75, 75, 7, 75, 75, 30, 75, 100, 86, 86, 117, 163, 75, 4, 77, 77, 7, 30, 7, 77, 7, 37, 77, 86, 86, 166, 16, 77, 86, 86, 166, 86, 166, 163, 86, 30, 166, 35, 7, 103, 102, 162, 10, 118, 7, 86, 10, 75, 163, 10, 118, 77, 86, 118, 118, 16, 77, 16, 77, 77, 74, 86, 7, 86, 30, 77, 7, 7, 30, 30, 37, 7, 86, 7, 86, 7, 86, 7, 7, 100, 117, 7, 53, 163, 86, 7, 86, 30, 163, 77, 7, 7, 7, 30, 7, 86, 155, 159, 7, 149, 16, 155, 77, 155, 7, 155, 154, 53, 152, 7, 75, 162, 118, 118, 67, 35, 155, 7, 35, 35, 4, 4, 129, 7, 86, 111, 111, 154, 154, 75, 75, 7, 75, 35, 35, 75, 53, 171, 118, 118, 7, 10, 10, 7, 7, 86, 7, 7, 4, 7, 7, 106, 106, 106, 7, 7, 7, 117, 163, 7, 114, 154, 154, 136, 136, 154, 154, 154, 7, 7, 154, 154, 154, 101, 7, 7, 7, 7, 104, 159, 191, 191, 159, 136, 7, 163, 154, 154, 7, 154, 154, 152, 103, 103, 7, 7, 7, 7, 7, 7, 152, 7, 7, 152, 7, 152, 152, 152, 152, 7, 154, 122, 75, 75, 149, 114, 114, 152, 152, 33, 33, 75, 35, 75, 98, 98, 75, 75, 7, 7, 75, 75, 19, 19, 152, 152, 75, 75, 7, 184, 184, 76, 76, 117, 7, 163, 163, 35, 7, 7, 35, 35, 7, 7, 7, 7, 7, 7, 7, 7, 163, 166, 166, 166, 7, 7, 4, 7, 166, 7, 7, 17, 118, 118, 101, 7, 101, 113, 113, 16, 16, 10, 10, 182, 182, 10, 10, 10, 10, 7, 118, 118, 10, 10, 10, 10, 181, 118, 118, 118, 118, 113, 7, 117, 37, 155, 78, 78, 78, 78, 78, 78, 78, 78, 78, 35, 35, 78, 78, 78, 30, 78, 78, 78, 78, 90, 78, 78, 78, 78, 100, 53, 53, 7, 10, 7, 7, 7, 7, 7, 7, 7, 7, 163, 163, 30, 7, 7, 7, 7, 7, 7, 53, 100, 7, 7, 7, 7, 67, 53, 7, 7, 159, 154, 154, 7, 154, 154, 154, 7, 154, 7, 7, 154, 7, 7, 7, 154, 150, 154, 154, 154, 53, 154, 7, 7, 154, 154, 154, 154, 154, 7, 154, 154, 154, 7, 154, 154, 154, 154, 154, 154, 154, 150, 7, 154, 154, 154, 154, 154, 114, 7, 7, 152, 152, 152, 103, 152, 152, 7, 75, 152, 152, 7, 75, 149, 152, 75, 149, 75, 75, 75, 152, 114, 152, 105, 75, 75, 152, 7, 75, 75, 75, 36, 75, 75, 64, 176, 75, 75, 75, 7, 86, 75, 75, 75, 75, 19, 19, 75, 19, 75, 30, 75, 75, 75, 75, 75, 75, 75, 116, 75, 86, 75, 7, 75, 75, 75, 137, 101, 137, 137, 137, 137, 7, 7, 101, 75, 75, 75, 75, 37, 37, 75, 75, 7, 9, 7, 7, 12, 163, 113, 7, 7, 166, 166, 75, 75, 7, 7, 12, 163, 7, 7, 113, 7, 7, 30, 7, 7, 113, 113, 113, 7, 7, 118, 118, 118, 113, 10, 10, 10, 96, 100, 118, 16, 16, 10, 182, 118, 16, 182, 182, 7, 10, 16, 16, 16, 118, 118, 118, 16, 7, 75, 118, 10, 113, 29, 16, 16, 16, 118, 4, 7, 7, 107, 7, 7, 4, 7, 7, 7, 7, 7, 7, 7, 35, 7, 150, 7, 150, 103, 103, 7, 7, 75, 152, 75, 30, 75, 113, 7, 7, 7, 7, 83, 155, 7, 4, 140, 7, 7, 102, 37, 30, 86, 75, 75, 118, 75, 75, 7, 7, 73, 35, 73, 61, 35, 152, 61, 53, 61, 61, 73, 73, 10, 83, 73, 83, 7, 126, 126, 83, 83, 35, 126, 126, 83, 83, 61, 86, 83, 61, 83, 83, 83, 83, 30, 126, 73, 61, 83, 126, 83, 126, 61, 83, 30, 30, 126, 61, 61, 126, 83, 61, 83, 7, 83, 83, 83, 73, 73, 7, 17, 61, 83, 83, 35, 7, 7, 73, 83, 126, 30, 62, 61, 83, 61, 83, 7, 83, 126, 7, 83, 83, 83, 83, 7, 7, 83, 83, 83, 73, 74, 4, 60, 83, 83, 126, 83, 83, 61, 83, 83, 83, 83, 30, 83, 83, 83, 83, 83, 73, 159, 35, 73, 83, 83, 47, 7, 7, 67, 7, 73, 83, 73, 7, 61, 83, 86, 61, 83, 83, 83, 83, 37, 73, 117, 83, 61, 61, 61, 83, 61, 83, 7, 83, 126, 73, 126, 7, 67, 61, 61, 83, 83, 83, 83, 73, 73, 150, 30, 7, 83, 83, 61, 83, 83, 67, 7, 83, 83, 117, 73, 61, 83, 83, 83, 83, 83, 73, 73, 83, 61, 83, 144, 7, 126, 7, 83, 101, 61, 83, 83, 83, 60, 83, 7, 73, 73, 35, 7, 61, 61, 83, 83, 73, 61, 81, 61, 83, 7, 61, 27, 73, 83, 73, 53, 61, 83, 126, 86, 83, 73, 35, 83, 7, 94, 126, 73, 73, 113, 61, 83, 61, 30, 35, 73, 61, 83, 83, 83, 83, 7, 150, 61, 113, 73, 113, 61, 83, 155, 83, 73, 73, 103, 35, 126, 83, 126, 73, 126, 35, 83, 61, 7, 73, 73, 126, 126, 61, 61, 63, 113, 7, 83, 61, 73, 83, 73, 7, 152, 61, 83, 61, 126, 7, 83, 113, 152, 83, 61, 73, 83, 61, 75, 61, 7, 83, 73, 73, 83, 86, 83, 61, 126, 61, 7, 83, 30, 30, 83, 83, 61, 83, 61, 61, 61, 53, 61, 61, 61, 73, 7, 83, 73, 102, 150, 83, 83, 73, 61, 83, 113, 61, 61, 83, 61, 73, 113, 73, 61, 83, 83, 73, 83, 133, 61, 73, 5, 4, 73, 61, 86, 4, 4, 83, 83, 83, 61, 61, 175, 73, 73, 61, 73, 61, 126, 61, 30, 73, 61, 61, 7, 83, 73, 14, 86, 61, 83, 73, 180, 73, 83, 118, 61, 73, 83, 73, 10, 61, 10, 61, 118, 113, 61, 73, 83, 83, 83, 16, 73, 118, 73, 83, 126, 73, 16, 73, 83, 83, 73, 30, 30, 126, 73, 60, 73, 73, 73, 83, 83, 73, 83, 4, 113, 30, 35, 46, 30, 7, 30, 30, 30, 30, 30, 30, 30, 7, 7, 17, 30, 4, 35, 30, 7, 16, 152, 30, 30, 10, 155, 30, 30, 30, 86, 7, 50, 7, 118, 7, 118, 50, 10, 35, 16, 10, 16, 10, 35, 53, 159, 154, 7, 12, 137, 7, 7, 7, 166, 113, 16, 103, 113, 7, 7, 75, 7, 40, 154, 7, 6, 154, 16, 35, 86, 72, 154, 7, 75, 103, 33, 113, 71, 152, 7, 117, 152, 16, 7, 35, 7, 163, 152, 149, 7, 7, 19, 37, 75, 154, 35, 7, 154, 7, 39, 53, 7, 150, 75, 154, 7, 152, 84, 70, 159, 4, 104, 35, 166, 154, 35, 7, 16, 117, 7, 67, 7, 75, 86, 7, 7, 16, 113, 10, 7, 7, 47, 100, 86, 117, 35, 35, 7, 154, 7, 174, 7, 149, 7, 16, 7, 170, 7, 7, 7, 7, 18, 10, 7, 7, 75, 7, 7, 37, 42, 7, 7, 20, 7, 37, 163, 113, 163, 7, 101, 7, 162, 7, 150, 100, 159, 163, 16, 7, 7, 7, 7, 0, 30, 113, 185, 7, 7, 7, 117, 30, 16, 7, 7, 35, 10, 16, 16, 75, 10, 7, 16, 16, 16, 10, 113, 118, 113, 84, 113, 35, 7, 7, 166, 7, 12, 164, 7, 75, 7, 137, 7, 7, 30, 7, 53, 75, 53, 127, 190, 53, 113, 103, 7, 30, 19, 75, 7, 71, 7, 113, 97, 113, 7, 75, 7, 33, 35, 7, 7, 97, 30, 75, 152, 152, 152, 40, 103, 7, 152, 7, 113, 53, 100, 149, 88, 30, 100, 32, 7, 85, 30, 30, 35, 84, 15, 103, 113, 103, 7, 149, 113, 7, 30, 42, 35, 7, 7, 7, 35, 37, 7, 67, 150, 72, 35, 7, 53, 104, 35, 35, 35, 7, 154, 7, 113, 150, 35, 35, 7, 7, 7, 154, 4, 37, 7, 154, 7, 7, 37, 7, 101, 7, 154, 97, 7, 7, 37, 7, 104, 7, 7, 7, 154, 154, 163, 80, 154, 7, 7, 86, 7, 70, 154, 154, 154, 16, 104, 100, 7, 104, 7, 104, 7, 104, 113, 7, 7, 30, 37, 53, 47, 0, 7, 4, 16, 37, 47, 100, 163, 86, 7, 103, 188, 117, 113, 159, 117, 47, 7, 37, 30, 117, 117, 30, 7, 170, 117, 159, 7, 7, 7, 117, 7, 46, 7, 163, 67, 84, 37, 20, 7, 159, 30, 7, 113, 7, 7, 163, 7, 7, 30, 7, 7, 103, 7, 4, 113, 7, 7, 7, 7, 37, 30, 7, 37, 7, 107, 39, 7, 67, 7, 7, 163, 37, 100, 7, 7, 103, 116, 35, 7, 104, 15, 117, 75, 35, 13, 30, 100, 30, 7, 67, 113, 7, 164, 117, 7, 47, 35, 104, 7, 100, 53, 7, 30, 7, 7, 103, 84, 30, 42, 7, 148, 142, 30, 84, 7, 4, 16, 7, 86, 50, 7, 7, 113, 6, 118, 7, 16, 7, 118, 118, 124, 50, 118, 16, 124, 136, 124, 10, 124, 118, 7, 124, 124, 29, 29, 149, 103, 118, 173, 22, 166, 124, 35, 7, 118, 124, 124, 75, 16, 100, 124, 124, 7, 35, 34, 30, 7, 114, 118, 154, 181, 118, 124, 124, 75, 154, 7, 124, 7, 75, 124, 35, 101, 124, 166, 124, 124, 50, 117, 16, 10, 67, 4, 124, 118, 7, 7, 124, 124, 75, 124, 118, 103, 124, 152, 124, 118, 124, 30, 124, 124, 124, 124, 124, 7, 124, 149, 124, 124, 124, 7, 154, 10, 182, 117, 124, 75, 124, 