{"Run": 3, "K": 591, "WCSSD": 2018.6131856358984, "Purity": 0.5465216146578872, "Time": 33.504937171936035, "Kmeans_Labels": [370, 11, 169, 11, 11, 498, 445, 268, 101, 11, 299, 579, 84, 84, 11, 11, 430, 59, 493, 151, 428, 11, 380, 84, 84, 59, 428, 59, 151, 177, 84, 428, 151, 59, 428, 11, 84, 84, 256, 84, 428, 84, 441, 544, 99, 11, 84, 428, 264, 11, 197, 527, 527, 295, 370, 310, 29, 59, 521, 11, 11, 59, 11, 228, 310, 61, 84, 11, 84, 310, 59, 428, 167, 521, 18, 11, 11, 11, 184, 11, 11, 430, 7, 456, 239, 11, 202, 11, 11, 11, 11, 490, 310, 62, 11, 11, 11, 11, 96, 191, 96, 18, 11, 91, 110, 6, 21, 91, 167, 18, 418, 417, 483, 84, 459, 411, 237, 11, 186, 56, 11, 11, 274, 508, 11, 35, 435, 11, 237, 483, 408, 56, 345, 11, 363, 151, 299, 11, 11, 62, 166, 327, 521, 151, 419, 274, 473, 11, 11, 11, 56, 491, 521, 151, 478, 56, 11, 428, 11, 11, 482, 56, 433, 11, 11, 56, 521, 460, 160, 521, 430, 94, 11, 527, 56, 472, 117, 12, 56, 11, 197, 164, 11, 11, 56, 81, 56, 11, 11, 535, 428, 166, 140, 56, 534, 11, 11, 299, 11, 459, 207, 94, 94, 228, 56, 96, 56, 96, 521, 62, 94, 428, 96, 96, 96, 56, 56, 459, 256, 166, 96, 18, 11, 256, 238, 56, 62, 459, 527, 94, 299, 11, 96, 189, 96, 428, 459, 57, 451, 299, 56, 11, 166, 96, 527, 96, 464, 459, 299, 257, 73, 459, 219, 56, 363, 94, 56, 428, 56, 459, 428, 459, 247, 11, 91, 11, 299, 91, 430, 459, 94, 6, 428, 11, 6, 134, 381, 134, 56, 91, 56, 370, 370, 11, 6, 361, 228, 91, 6, 467, 56, 6, 11, 441, 341, 6, 430, 6, 441, 151, 11, 6, 11, 252, 62, 459, 211, 6, 11, 441, 166, 370, 459, 430, 459, 370, 430, 418, 441, 564, 441, 441, 527, 441, 228, 256, 11, 370, 120, 441, 151, 56, 56, 370, 527, 11, 56, 370, 94, 56, 11, 351, 166, 299, 56, 428, 465, 56, 11, 62, 166, 428, 527, 62, 533, 62, 481, 160, 13, 201, 118, 11, 295, 201, 441, 166, 201, 118, 422, 279, 118, 118, 483, 422, 171, 422, 180, 543, 94, 340, 428, 487, 56, 374, 11, 527, 527, 150, 11, 101, 363, 264, 94, 428, 11, 11, 228, 143, 412, 544, 166, 11, 11, 428, 11, 166, 11, 11, 11, 503, 481, 537, 302, 521, 11, 286, 6, 299, 521, 56, 521, 11, 521, 534, 544, 91, 11, 243, 13, 118, 118, 77, 11, 521, 11, 28, 28, 151, 151, 11, 428, 62, 504, 504, 459, 459, 441, 441, 11, 441, 256, 256, 441, 360, 151, 295, 295, 534, 201, 201, 363, 363, 449, 310, 310, 495, 71, 71, 567, 567, 567, 310, 11, 310, 143, 166, 11, 167, 25, 25, 442, 442, 462, 459, 459, 62, 62, 48, 48, 48, 376, 252, 459, 459, 11, 190, 297, 376, 376, 297, 96, 39, 166, 459, 459, 11, 459, 459, 91, 169, 169, 11, 481, 481, 11, 11, 11, 11, 11, 11, 91, 11, 91, 91, 91, 91, 11, 167, 475, 116, 116, 6, 167, 167, 11, 11, 167, 167, 459, 256, 441, 6, 6, 459, 459, 89, 89, 119, 119, 483, 483, 91, 91, 418, 441, 252, 376, 376, 376, 376, 143, 11, 112, 112, 256, 252, 252, 256, 256, 11, 11, 252, 252, 11, 252, 11, 11, 166, 62, 52, 52, 62, 62, 62, 62, 62, 316, 316, 174, 118, 118, 376, 428, 376, 450, 450, 171, 171, 201, 201, 391, 391, 41, 41, 201, 201, 430, 118, 118, 201, 201, 483, 483, 483, 118, 118, 118, 339, 101, 463, 143, 11, 521, 32, 32, 32, 32, 32, 32, 32, 32, 32, 256, 256, 496, 32, 32, 84, 32, 32, 32, 32, 527, 32, 32, 32, 32, 228, 544, 544, 11, 201, 64, 64, 430, 430, 310, 310, 527, 370, 310, 310, 527, 534, 31, 11, 310, 11, 327, 514, 228, 17, 11, 428, 430, 77, 514, 11, 459, 168, 167, 167, 11, 167, 167, 167, 62, 25, 430, 11, 317, 282, 462, 462, 100, 40, 499, 311, 311, 544, 459, 252, 11, 48, 135, 459, 135, 11, 252, 179, 439, 11, 197, 135, 179, 135, 252, 459, 135, 135, 40, 11, 459, 459, 252, 167, 544, 213, 362, 362, 91, 399, 91, 11, 91, 91, 11, 441, 91, 91, 11, 306, 441, 91, 306, 116, 459, 306, 167, 476, 156, 91, 441, 441, 417, 476, 123, 441, 476, 370, 523, 167, 441, 430, 376, 441, 441, 418, 293, 11, 293, 520, 520, 249, 249, 441, 441, 483, 441, 483, 249, 249, 441, 441, 441, 249, 511, 256, 441, 170, 441, 363, 170, 511, 511, 354, 376, 497, 497, 497, 354, 252, 252, 376, 292, 292, 441, 69, 59, 59, 69, 292, 481, 11, 481, 316, 500, 166, 295, 534, 295, 80, 80, 334, 334, 316, 11, 534, 252, 252, 174, 295, 443, 443, 527, 252, 252, 295, 11, 11, 163, 163, 118, 118, 118, 295, 201, 118, 201, 171, 228, 118, 41, 430, 545, 121, 118, 483, 121, 121, 464, 545, 430, 430, 221, 118, 118, 118, 483, 11, 483, 34, 201, 295, 18, 483, 483, 483, 118, 151, 547, 115, 430, 351, 310, 151, 373, 430, 11, 11, 11, 409, 101, 62, 11, 308, 11, 40, 481, 481, 430, 319, 441, 531, 457, 534, 403, 237, 295, 430, 430, 430, 137, 521, 11, 151, 430, 430, 505, 160, 59, 527, 11, 370, 441, 118, 370, 441, 76, 93, 14, 11, 253, 265, 11, 342, 265, 382, 265, 265, 14, 14, 118, 137, 14, 38, 28, 137, 303, 137, 137, 358, 494, 494, 38, 137, 203, 351, 137, 265, 137, 205, 137, 38, 237, 137, 14, 265, 137, 458, 137, 303, 265, 137, 237, 237, 303, 265, 265, 216, 137, 265, 480, 11, 137, 38, 420, 14, 585, 76, 237, 265, 38, 137, 11, 224, 11, 14, 38, 137, 351, 228, 265, 137, 265, 38, 430, 38, 303, 11, 137, 390, 137, 193, 406, 11, 137, 557, 38, 14, 543, 151, 38, 137, 137, 137, 137, 425, 265, 38, 246, 38, 137, 510, 137, 137, 155, 137, 38, 542, 525, 39, 510, 137, 137, 61, 11, 11, 333, 11, 14, 154, 14, 11, 265, 137, 237, 265, 38, 137, 137, 38, 59, 14, 188, 137, 265, 265, 265, 137, 265, 137, 140, 137, 303, 14, 303, 11, 11, 265, 265, 85, 137, 137, 137, 14, 14, 38, 237, 11, 137, 38, 265, 137, 137, 77, 93, 3, 530, 143, 14, 588, 38, 140, 137, 556, 137, 14, 14, 137, 222, 137, 166, 11, 303, 528, 344, 479, 222, 510, 137, 137, 84, 137, 11, 14, 14, 62, 469, 265, 222, 137, 205, 230, 265, 222, 265, 137, 573, 265, 58, 14, 137, 502, 544, 265, 137, 402, 81, 137, 14, 11, 137, 11, 572, 303, 253, 344, 101, 222, 38, 265, 510, 351, 484, 265, 510, 375, 137, 137, 140, 40, 222, 101, 14, 446, 265, 137, 38, 38, 14, 14, 11, 23, 137, 38, 303, 14, 303, 11, 137, 265, 481, 14, 14, 137, 137, 265, 265, 38, 39, 534, 137, 342, 230, 137, 14, 11, 91, 131, 38, 328, 458, 195, 137, 101, 405, 38, 265, 14, 137, 265, 370, 173, 430, 137, 14, 352, 137, 173, 285, 265, 137, 265, 234, 38, 527, 351, 137, 137, 265, 137, 265, 265, 265, 382, 265, 265, 265, 14, 428, 173, 283, 160, 40, 494, 137, 14, 265, 137, 363, 265, 488, 38, 265, 14, 363, 14, 55, 137, 137, 38, 137, 14, 532, 14, 303, 530, 14, 265, 11, 151, 151, 38, 38, 137, 265, 532, 265, 14, 14, 265, 14, 265, 512, 383, 351, 14, 265, 265, 11, 38, 148, 14, 173, 265, 137, 14, 61, 14, 38, 421, 230, 14, 137, 14, 201, 328, 118, 328, 38, 101, 265, 431, 137, 137, 137, 11, 14, 118, 198, 38, 303, 14, 534, 173, 104, 137, 14, 351, 510, 303, 14, 137, 38, 14, 14, 38, 38, 14, 137, 151, 138, 527, 430, 460, 527, 11, 527, 527, 527, 527, 351, 140, 527, 299, 11, 237, 527, 151, 256, 527, 11, 569, 91, 527, 527, 201, 521, 238, 238, 238, 11, 387, 11, 83, 118, 513, 118, 13, 118, 295, 536, 266, 483, 201, 470, 544, 11, 459, 359, 500, 354, 295, 252, 343, 290, 295, 483, 11, 252, 11, 11, 370, 252, 11, 11, 62, 252, 48, 549, 256, 62, 91, 7, 534, 11, 526, 167, 132, 232, 91, 37, 143, 11, 483, 50, 426, 534, 208, 91, 256, 11, 321, 441, 59, 403, 167, 256, 534, 310, 176, 11, 544, 11, 308, 441, 25, 11, 91, 161, 167, 541, 151, 42, 200, 62, 7, 256, 11, 171, 143, 65, 64, 299, 441, 449, 428, 11, 237, 295, 483, 518, 62, 61, 228, 449, 143, 350, 569, 11, 139, 11, 544, 534, 6, 534, 171, 181, 481, 338, 11, 310, 11, 237, 201, 481, 336, 306, 434, 11, 59, 326, 299, 11, 11, 573, 59, 166, 300, 166, 75, 376, 370, 13, 11, 40, 60, 105, 509, 483, 430, 428, 262, 62, 363, 363, 363, 61, 62, 11, 430, 143, 271, 483, 237, 513, 28, 483, 483, 483, 441, 118, 428, 549, 536, 483, 201, 295, 118, 295, 428, 132, 470, 62, 62, 290, 359, 500, 376, 299, 370, 534, 354, 62, 370, 363, 28, 544, 59, 544, 483, 101, 544, 101, 101, 481, 28, 441, 403, 59, 232, 62, 187, 28, 507, 343, 11, 252, 167, 237, 28, 11, 28, 351, 306, 91, 91, 91, 11, 325, 11, 11, 252, 28, 544, 228, 256, 252, 237, 228, 6, 237, 277, 237, 28, 200, 428, 124, 11, 138, 28, 11, 6, 101, 534, 527, 326, 256, 176, 11, 11, 256, 329, 11, 77, 40, 91, 385, 237, 544, 42, 350, 426, 256, 62, 459, 50, 175, 308, 62, 256, 11, 262, 534, 48, 151, 59, 540, 109, 321, 62, 59, 11, 376, 430, 11, 28, 584, 296, 59, 62, 42, 62, 62, 75, 139, 25, 166, 59, 310, 304, 62, 62, 11, 167, 167, 