{"Run": 1, "K": 125, "WCSSD": 2586.4816348345694, "Purity": 0.3055492827072838, "Time": 3.643031120300293, "Kmeans_Labels": [2, 2, 2, 2, 2, 2, 2, 83, 2, 83, 2, 41, 61, 61, 2, 2, 2, 98, 2, 64, 2, 2, 52, 61, 61, 98, 2, 98, 64, 115, 61, 2, 64, 98, 2, 2, 61, 61, 41, 61, 44, 61, 25, 96, 61, 2, 61, 2, 2, 67, 2, 44, 44, 2, 2, 46, 2, 98, 2, 2, 2, 98, 2, 25, 46, 80, 61, 2, 61, 46, 98, 2, 115, 2, 44, 2, 2, 2, 2, 2, 67, 2, 115, 98, 2, 2, 2, 2, 2, 83, 2, 2, 46, 2, 67, 2, 2, 2, 2, 2, 2, 44, 2, 107, 107, 107, 107, 107, 115, 44, 47, 115, 35, 61, 83, 44, 44, 2, 2, 74, 2, 2, 74, 2, 2, 74, 2, 2, 44, 2, 74, 74, 2, 22, 2, 64, 2, 2, 2, 2, 104, 2, 2, 64, 74, 74, 2, 2, 2, 2, 74, 79, 2, 64, 2, 74, 2, 2, 2, 2, 2, 74, 74, 2, 107, 74, 2, 44, 2, 2, 74, 2, 2, 44, 74, 2, 124, 19, 74, 14, 2, 2, 67, 67, 74, 2, 74, 2, 2, 44, 2, 104, 44, 74, 2, 2, 14, 36, 2, 83, 124, 52, 52, 124, 74, 2, 74, 83, 2, 2, 52, 67, 74, 2, 2, 74, 74, 83, 41, 104, 74, 2, 2, 41, 2, 74, 2, 41, 44, 74, 2, 2, 2, 2, 2, 2, 83, 64, 2, 2, 74, 2, 104, 83, 44, 83, 77, 2, 36, 74, 83, 83, 2, 74, 22, 52, 74, 2, 74, 83, 2, 2, 41, 2, 74, 2, 36, 107, 2, 83, 44, 107, 44, 2, 107, 2, 2, 2, 74, 74, 74, 107, 2, 2, 107, 107, 124, 107, 107, 44, 74, 107, 2, 107, 107, 107, 2, 107, 107, 44, 2, 107, 107, 2, 41, 107, 48, 107, 107, 47, 104, 2, 107, 2, 83, 2, 2, 47, 47, 2, 47, 47, 44, 47, 124, 41, 2, 86, 104, 2, 64, 74, 74, 2, 44, 2, 74, 2, 52, 74, 2, 2, 104, 36, 74, 2, 2, 74, 2, 2, 104, 44, 44, 2, 41, 2, 2, 2, 21, 109, 78, 2, 2, 78, 78, 104, 109, 78, 74, 2, 41, 78, 109, 74, 44, 74, 74, 74, 2, 2, 2, 44, 74, 2, 2, 44, 44, 98, 2, 2, 2, 2, 2, 44, 25, 2, 124, 86, 2, 96, 104, 2, 2, 2, 44, 104, 2, 2, 2, 34, 44, 2, 46, 2, 2, 2, 107, 36, 2, 74, 44, 2, 2, 2, 96, 107, 2, 47, 21, 109, 78, 120, 85, 2, 2, 44, 44, 64, 64, 2, 2, 2, 79, 79, 83, 83, 47, 47, 2, 56, 41, 41, 2, 96, 2, 78, 78, 2, 109, 109, 2, 2, 2, 46, 46, 64, 25, 25, 33, 46, 46, 46, 2, 46, 86, 104, 2, 115, 2, 2, 83, 83, 2, 83, 83, 2, 2, 83, 83, 2, 79, 2, 83, 83, 2, 44, 2, 79, 79, 2, 88, 2, 104, 9, 9, 2, 83, 83, 115, 2, 2, 2, 2, 2, 2, 2, 2, 107, 2, 2, 107, 2, 107, 107, 107, 107, 2, 115, 2, 73, 73, 107, 115, 115, 107, 107, 115, 115, 47, 41, 47, 107, 107, 83, 83, 2, 2, 47, 47, 47, 47, 2, 2, 47, 47, 2, 79, 79, 79, 79, 86, 2, 104, 104, 41, 2, 2, 41, 41, 2, 2, 2, 2, 2, 2, 2, 2, 104, 2, 2, 2, 104, 104, 64, 2, 2, 2, 2, 44, 109, 109, 79, 23, 79, 2, 2, 44, 44, 109, 109, 2, 2, 109, 109, 109, 109, 60, 78, 78, 109, 109, 109, 109, 54, 78, 12, 12, 78, 2, 91, 86, 98, 61, 38, 55, 55, 55, 55, 55, 55, 55, 55, 41, 41, 55, 55, 55, 61, 55, 55, 55, 55, 44, 55, 55, 55, 55, 124, 96, 96, 2, 109, 25, 25, 46, 46, 46, 46, 2, 2, 46, 46, 2, 2, 2, 2, 46, 67, 2, 96, 124, 32, 2, 2, 2, 27, 96, 97, 32, 2, 115, 115, 2, 115, 115, 115, 2, 46, 123, 2, 46, 2, 2, 2, 67, 2, 67, 18, 18, 96, 83, 25, 2, 2, 67, 83, 67, 67, 25, 83, 83, 67, 2, 67, 83, 67, 83, 9, 67, 67, 2, 67, 9, 9, 67, 115, 96, 115, 2, 2, 107, 104, 107, 2, 107, 107, 2, 47, 107, 107, 107, 73, 47, 107, 47, 73, 47, 47, 115, 115, 115, 107, 47, 47, 115, 115, 2, 47, 115, 47, 47, 115, 47, 2, 79, 47, 47, 47, 57, 2, 47, 2, 2, 47, 47, 47, 47, 47, 47, 47, 47, 47, 47, 47, 47, 47, 47, 67, 47, 2, 47, 2, 47, 47, 47, 104, 79, 47, 47, 47, 2, 2, 2, 79, 49, 49, 47, 47, 98, 98, 47, 49, 2, 2, 2, 2, 2, 104, 2, 2, 2, 2, 2, 7, 7, 2, 40, 2, 104, 2, 2, 2, 2, 2, 2, 2, 2, 2, 2, 2, 2, 2, 78, 114, 114, 2, 109, 78, 109, 109, 124, 78, 109, 2, 109, 78, 78, 2, 78, 78, 2, 109, 123, 123, 2, 78, 78, 78, 2, 2, 47, 78, 109, 2, 44, 2, 2, 2, 78, 64, 2, 46, 67, 2, 46, 64, 46, 2, 2, 2, 2, 67, 2, 2, 44, 2, 2, 2, 67, 2, 67, 2, 107, 107, 47, 47, 2, 44, 2, 2, 2, 2, 6, 2, 2, 64, 2, 2, 2, 44, 98, 44, 2, 2, 47, 50, 2, 47, 2, 2, 101, 83, 101, 94, 2, 111, 65, 53, 65, 65, 101, 101, 78, 6, 101, 6, 44, 6, 101, 6, 6, 44, 6, 6, 6, 6, 65, 44, 6, 65, 6, 6, 6, 6, 44, 6, 101, 65, 6, 6, 6, 6, 65, 6, 44, 44, 6, 65, 65, 6, 6, 51, 6, 2, 6, 6, 6, 101, 101, 2, 44, 65, 6, 6, 2, 44, 67, 101, 6, 6, 44, 124, 65, 6, 65, 6, 44, 6, 6, 2, 6, 6, 6, 6, 2, 5, 6, 6, 6, 101, 44, 64, 69, 6, 6, 6, 6, 6, 65, 6, 6, 6, 6, 44, 6, 6, 6, 6, 6, 101, 2, 44, 101, 6, 6, 80, 2, 2, 19, 2, 101, 6, 101, 25, 65, 6, 2, 65, 6, 6, 6, 6, 98, 101, 86, 6, 65, 65, 65, 6, 65, 6, 2, 6, 6, 101, 6, 2, 25, 65, 65, 6, 6, 6, 6, 101, 101, 101, 44, 2, 6, 6, 65, 6, 6, 19, 2, 6, 6, 86, 101, 65, 6, 6, 6, 6, 6, 101, 101, 6, 65, 6, 104, 2, 6, 65, 6, 6, 65, 6, 6, 6, 69, 6, 2, 101, 101, 2, 2, 65, 65, 6, 6, 101, 65, 65, 65, 6, 2, 65, 19, 101, 6, 101, 96, 65, 6, 6, 44, 6, 101, 83, 6, 2, 6, 6, 101, 101, 2, 65, 6, 65, 44, 44, 101, 94, 6, 6, 6, 6, 44, 2, 65, 44, 101, 2, 65, 6, 65, 6, 101, 101, 2, 44, 6, 6, 6, 101, 6, 2, 6, 65, 2, 101, 101, 6, 6, 65, 65, 6, 2, 2, 6, 65, 101, 6, 101, 2, 107, 65, 6, 65, 6, 2, 6, 44, 6, 6, 65, 101, 6, 65, 47, 65, 44, 6, 101, 101, 6, 89, 6, 65, 6, 65, 2, 6, 44, 44, 6, 6, 65, 6, 65, 65, 65, 53, 65, 51, 65, 101, 2, 6, 101, 6, 2, 6, 6, 101, 65, 6, 44, 65, 65, 6, 65, 101, 44, 101, 65, 6, 6, 101, 6, 101, 24, 101, 6, 64, 101, 65, 2, 64, 64, 6, 6, 6, 65, 24, 65, 101, 101, 65, 101, 65, 6, 65, 44, 101, 65, 65, 2, 101, 101, 101, 89, 65, 6, 101, 80, 101, 0, 101, 65, 101, 6, 101, 109, 65, 78, 65, 78, 44, 65, 101, 6, 6, 6, 2, 101, 78, 101, 6, 6, 101, 2, 89, 6, 6, 101, 44, 44, 6, 101, 6, 101, 101, 101, 6, 6, 101, 6, 64, 44, 44, 44, 44, 44, 2, 44, 44, 44, 44, 44, 44, 44, 2, 2, 44, 44, 64, 41, 44, 2, 44, 2, 44, 44, 109, 61, 44, 44, 44, 2, 2, 21, 2, 78, 45, 78, 21, 84, 2, 109, 109, 109, 109, 41, 96, 2, 83, 2, 2, 47, 2, 2, 2, 2, 2, 2, 2, 44, 2, 2, 2, 2, 2, 2, 118, 2, 83, 44, 41, 2, 107, 83, 2, 47, 2, 115, 2, 2, 107, 82, 86, 2, 2, 2, 41, 10, 104, 107, 41, 2, 103, 47, 98, 2, 115, 41, 2, 46, 2, 2, 96, 11, 2, 47, 46, 2, 2, 2, 115, 2, 64, 44, 2, 2, 83, 41, 2, 109, 86, 45, 25, 2, 47, 2, 2, 2, 44, 2, 109, 67, 67, 80, 124, 2, 86, 41, 2, 2, 67, 2, 96, 2, 90, 2, 109, 2, 71, 2, 2, 46, 2, 44, 109, 2, 2, 73, 2, 2, 98, 2, 39, 2, 2, 2, 98, 104, 44, 99, 2, 79, 2, 21, 2, 2, 2, 2, 104, 2, 2, 2, 2, 2, 2, 2, 44, 80, 2, 67, 2, 86, 2, 2, 2, 45, 2, 109, 2, 109, 47, 84, 2, 44, 109, 2, 109, 2, 78, 2, 52, 2, 41, 44, 2, 2, 2, 2, 79, 2, 2, 2, 47, 118, 2, 2, 2, 96, 47, 96, 47, 2, 96, 44, 44, 2, 44, 47, 2, 98, 2, 118, 2, 2, 44, 2, 47, 2, 115, 44, 2, 11, 2, 100, 73, 2, 107, 107, 2, 2, 2, 2, 2, 2, 96, 124, 41, 2, 44, 124, 107, 2, 2, 2, 2, 2, 52, 2, 2, 44, 2, 44, 90, 44, 2, 44, 2, 41, 2, 2, 2, 41, 98, 67, 19, 2, 107, 2, 2, 96, 44, 41, 41, 41, 2, 83, 2, 44, 2, 2, 41, 2, 2, 10, 83, 64, 98, 2, 67, 103, 2, 98, 67, 79, 2, 2, 2, 83, 13, 98, 2, 44, 2, 2, 2, 67, 46, 104, 98, 46, 2, 67, 2, 2, 115, 115, 83, 83, 44, 44, 2, 2, 44, 2, 44, 2, 44, 44, 2, 2, 44, 98, 122, 80, 2, 2, 64, 2, 15, 80, 98, 104, 2, 2, 68, 86, 86, 44, 44, 86, 80, 2, 98, 44, 86, 86, 44, 2, 71, 86, 2, 2, 2, 2, 86, 2, 44, 2, 99, 25, 2, 98, 2, 2, 2, 44, 2, 44, 2, 2, 104, 2, 44, 2, 46, 2, 2, 2, 64, 44, 2, 2, 2, 44, 98, 44, 67, 98, 106, 67, 2, 39, 25, 2, 2, 104, 98, 124, 2, 83, 2, 2, 2, 2, 44, 2, 86, 47, 2, 105, 100, 124, 100, 2, 25, 44, 2, 79, 86, 2, 80, 44, 44, 2, 25, 122, 118, 44, 46, 2, 2, 52, 44, 44, 2, 70, 2, 2, 52, 2, 25, 2, 46, 2, 21, 2, 2, 44, 2, 78, 2, 109, 45, 78, 50, 26, 21, 78, 26, 26, 26, 26, 109, 26, 78, 2, 26, 26, 44, 26, 107, 2, 109, 2, 26, 2, 26, 41, 2, 78, 26, 115, 47, 26, 124, 26, 17, 2, 2, 26, 44, 2, 115, 78, 119, 54, 78, 26, 26, 47, 46, 83, 26, 2, 2, 26, 112, 79, 26, 2, 26, 26, 26, 86, 2, 109, 19, 64, 26, 78, 2, 2, 26, 26, 2, 26, 78, 2, 26, 26, 26, 78, 26, 44, 26, 26, 26, 26, 26, 26, 26, 107, 26, 26, 26, 21, 83, 109, 78, 86, 26, 47, 26, 80, 44, 80, 26, 78, 2, 26, 78, 104, 26, 26, 26, 109, 26, 26, 26, 26, 26, 26, 26, 83, 26, 46, 26, 26, 26, 83, 26, 26, 26, 88, 26, 26, 26, 21, 26, 26, 26, 26, 26, 26, 26, 26, 26, 2, 26, 26, 26, 26, 26, 44, 26, 92, 26, 26, 124, 26, 52, 44, 46, 44, 26, 26, 21, 26, 26, 26, 26, 26, 26, 26, 26, 26, 26, 26, 26, 26, 44, 26, 26, 2, 25, 26, 44, 26, 26, 44, 26, 26, 25, 26, 26, 26, 26, 26, 26, 26, 26, 26, 26, 26, 26, 26, 26, 26, 96, 26, 26, 26, 26, 26, 26, 44, 26, 104, 26, 2, 26, 26, 26, 26, 115, 2, 2, 61, 8, 2, 109, 2, 2, 67, 2, 104, 2, 78, 2, 2, 2, 2, 44, 2, 2, 44, 44, 80, 8, 25, 2, 80, 2, 2, 80, 2, 44, 80, 2, 2, 64, 