{"Run": 9, "K": 548, "WCSSD": 2081.6924972080883, "Purity": 0.5342112797022617, "Time": 30.371752977371216, "Kmeans_Labels": [16, 9, 9, 116, 514, 9, 47, 169, 87, 520, 9, 65, 56, 245, 175, 453, 246, 81, 144, 331, 9, 417, 247, 362, 388, 81, 9, 193, 331, 23, 245, 307, 331, 81, 63, 453, 245, 245, 134, 245, 192, 131, 372, 480, 245, 9, 245, 374, 114, 82, 351, 304, 304, 160, 89, 155, 205, 81, 116, 116, 9, 81, 9, 35, 155, 256, 20, 9, 245, 155, 81, 9, 23, 196, 138, 9, 89, 49, 192, 9, 9, 418, 500, 320, 213, 9, 196, 426, 9, 9, 248, 275, 412, 9, 453, 9, 402, 9, 213, 453, 213, 138, 9, 409, 409, 47, 47, 409, 23, 138, 390, 23, 390, 245, 73, 138, 396, 9, 409, 136, 9, 409, 136, 116, 9, 136, 409, 116, 546, 453, 136, 502, 282, 2, 409, 331, 409, 409, 453, 409, 545, 116, 116, 331, 136, 136, 9, 409, 9, 116, 136, 316, 196, 331, 409, 136, 9, 374, 116, 114, 409, 136, 434, 409, 9, 136, 196, 129, 144, 196, 136, 384, 314, 304, 51, 142, 35, 222, 136, 2, 409, 409, 511, 511, 136, 9, 529, 453, 2, 9, 9, 401, 192, 136, 409, 415, 453, 181, 9, 9, 213, 247, 247, 35, 136, 213, 136, 213, 196, 122, 247, 409, 26, 213, 213, 499, 136, 9, 269, 89, 213, 138, 9, 269, 144, 136, 409, 180, 304, 247, 453, 9, 48, 9, 213, 226, 9, 331, 2, 409, 136, 9, 545, 213, 304, 9, 175, 9, 181, 136, 47, 47, 9, 276, 2, 197, 136, 415, 136, 9, 409, 9, 269, 9, 136, 526, 181, 409, 108, 35, 247, 47, 69, 415, 437, 247, 409, 247, 136, 136, 136, 89, 89, 409, 47, 47, 35, 409, 47, 546, 136, 47, 9, 390, 409, 47, 409, 47, 409, 331, 9, 47, 8, 253, 490, 47, 47, 47, 47, 416, 545, 89, 409, 505, 9, 89, 247, 390, 31, 331, 390, 390, 304, 390, 35, 247, 9, 89, 545, 89, 331, 179, 37, 16, 304, 149, 136, 89, 355, 136, 409, 160, 92, 181, 136, 409, 451, 136, 406, 192, 545, 409, 304, 9, 428, 9, 374, 91, 220, 54, 115, 215, 160, 54, 390, 545, 481, 115, 136, 277, 115, 115, 481, 136, 481, 136, 136, 136, 344, 374, 344, 192, 136, 9, 9, 304, 304, 81, 116, 192, 453, 114, 247, 69, 325, 9, 35, 107, 9, 480, 545, 453, 116, 247, 289, 545, 9, 9, 396, 9, 374, 329, 155, 196, 289, 9, 47, 255, 196, 136, 196, 9, 267, 9, 480, 409, 9, 390, 350, 115, 115, 330, 175, 196, 9, 160, 160, 394, 394, 129, 116, 9, 316, 316, 9, 9, 233, 233, 411, 390, 269, 269, 390, 480, 331, 160, 160, 9, 54, 54, 9, 9, 9, 155, 155, 331, 278, 278, 116, 155, 155, 155, 116, 155, 107, 545, 453, 23, 9, 9, 213, 213, 9, 9, 9, 9, 9, 124, 124, 9, 199, 9, 104, 104, 9, 42, 160, 370, 370, 2, 194, 408, 545, 188, 188, 9, 9, 9, 127, 9, 9, 9, 9, 9, 9, 9, 9, 409, 9, 116, 105, 9, 409, 398, 398, 409, 9, 23, 9, 346, 346, 47, 23, 23, 229, 229, 23, 23, 390, 269, 390, 47, 47, 390, 390, 2, 2, 390, 390, 530, 530, 409, 409, 390, 98, 2, 316, 316, 316, 316, 227, 9, 545, 545, 269, 293, 293, 269, 269, 9, 9, 9, 9, 2, 9, 9, 9, 545, 9, 2, 2, 9, 9, 144, 144, 9, 9, 9, 358, 252, 252, 316, 532, 316, 160, 160, 481, 481, 431, 431, 372, 372, 54, 54, 54, 54, 331, 115, 115, 481, 481, 481, 481, 156, 481, 115, 115, 171, 144, 374, 107, 421, 196, 61, 61, 61, 61, 61, 61, 61, 61, 61, 269, 269, 61, 61, 471, 245, 61, 61, 61, 61, 495, 61, 61, 61, 61, 35, 480, 480, 9, 54, 372, 372, 155, 155, 155, 155, 290, 89, 155, 155, 290, 9, 9, 9, 155, 9, 116, 480, 35, 116, 501, 9, 9, 372, 480, 453, 116, 385, 173, 173, 9, 173, 173, 9, 9, 13, 372, 453, 155, 9, 9, 9, 9, 230, 124, 453, 453, 480, 9, 357, 165, 124, 124, 9, 403, 9, 357, 403, 9, 351, 533, 465, 403, 465, 9, 188, 249, 9, 41, 453, 188, 188, 151, 127, 249, 178, 453, 9, 409, 545, 409, 390, 335, 409, 9, 390, 335, 409, 409, 123, 390, 409, 390, 281, 281, 390, 23, 393, 23, 240, 390, 390, 23, 515, 9, 527, 515, 118, 390, 23, 390, 209, 280, 390, 390, 390, 160, 241, 390, 390, 390, 390, 530, 33, 390, 530, 152, 2, 390, 390, 390, 390, 390, 340, 390, 269, 390, 9, 390, 453, 390, 390, 390, 206, 316, 206, 206, 206, 206, 93, 93, 316, 390, 390, 390, 390, 81, 81, 390, 333, 160, 9, 160, 160, 334, 9, 160, 2, 160, 341, 341, 390, 390, 9, 453, 334, 236, 507, 358, 160, 9, 9, 453, 9, 9, 374, 369, 369, 453, 453, 115, 115, 115, 160, 431, 54, 283, 481, 35, 115, 54, 9, 54, 115, 115, 453, 115, 115, 453, 54, 374, 374, 374, 115, 115, 115, 374, 144, 390, 115, 481, 160, 138, 312, 312, 312, 158, 331, 2, 155, 453, 9, 155, 331, 155, 9, 453, 9, 453, 453, 9, 253, 242, 41, 9, 522, 239, 189, 2, 9, 390, 409, 390, 253, 390, 160, 160, 445, 9, 445, 55, 196, 116, 453, 453, 453, 453, 2, 81, 304, 112, 16, 390, 115, 16, 390, 9, 9, 274, 9, 234, 11, 202, 409, 11, 480, 11, 310, 24, 24, 115, 484, 295, 32, 462, 321, 321, 321, 32, 129, 321, 321, 32, 321, 11, 175, 141, 11, 130, 32, 321, 492, 310, 321, 24, 143, 321, 321, 321, 4, 11, 321, 310, 310, 321, 11, 11, 321, 32, 11, 32, 453, 32, 96, 321, 24, 24, 9, 546, 11, 32, 321, 536, 491, 9, 24, 32, 321, 160, 35, 11, 321, 11, 321, 9, 71, 321, 9, 32, 321, 77, 321, 9, 544, 128, 440, 32, 24, 175, 1, 32, 321, 32, 321, 32, 321, 11, 32, 32, 32, 321, 125, 32, 321, 321, 321, 32, 201, 101, 157, 472, 321, 321, 256, 9, 9, 222, 9, 24, 27, 24, 78, 11, 32, 202, 11, 32, 321, 321, 32, 81, 24, 107, 321, 11, 11, 11, 321, 11, 321, 192, 32, 321, 24, 321, 9, 372, 11, 309, 32, 321, 32, 321, 24, 24, 96, 304, 9, 321, 32, 512, 137, 321, 222, 9, 321, 321, 473, 24, 140, 32, 32, 321, 321, 321, 24, 535, 321, 366, 321, 545, 453, 321, 32, 321, 32, 95, 125, 32, 321, 479, 321, 144, 24, 68, 9, 27, 11, 11, 321, 32, 24, 11, 366, 11, 464, 9, 11, 184, 274, 321, 373, 423, 11, 321, 321, 304, 321, 24, 9, 521, 9, 321, 321, 234, 232, 9, 366, 32, 11, 125, 175, 24, 11, 310, 32, 321, 321, 192, 41, 366, 160, 24, 157, 225, 321, 32, 32, 24, 24, 189, 336, 321, 321, 321, 24, 321, 202, 32, 309, 9, 24, 478, 321, 321, 11, 11, 32, 157, 9, 321, 11, 449, 321, 24, 409, 409, 11, 321, 11, 321, 9, 321, 160, 32, 32, 11, 24, 321, 11, 89, 83, 519, 321, 24, 24, 321, 83, 321, 11, 102, 319, 9, 32, 160, 160, 321, 321, 11, 321, 11, 11, 11, 480, 11, 11, 436, 24, 160, 83, 24, 91, 18, 32, 361, 24, 11, 32, 2, 11, 11, 321, 11, 24, 192, 352, 11, 321, 321, 32, 321, 24, 11, 32, 321, 342, 24, 11, 9, 331, 331, 32, 540, 55, 11, 11, 11, 24, 24, 11, 24, 161, 339, 11, 160, 24, 310, 11, 9, 32, 24, 24, 83, 11, 321, 24, 256, 24, 32, 115, 11, 24, 321, 24, 54, 11, 115, 11, 115, 160, 11, 24, 321, 321, 484, 453, 24, 115, 24, 32, 321, 24, 9, 83, 216, 321, 24, 175, 125, 321, 24, 479, 32, 295, 24, 32, 32, 24, 32, 331, 322, 304, 329, 129, 304, 9, 304, 304, 304, 304, 289, 192, 304, 9, 448, 546, 304, 371, 269, 304, 9, 441, 448, 304, 304, 54, 176, 144, 144, 144, 112, 374, 9, 9, 115, 211, 115, 21, 235, 160, 115, 54, 481, 54, 144, 480, 289, 488, 9, 334, 206, 160, 117, 22, 9, 64, 481, 189, 144, 116, 192, 70, 192, 9, 76, 9, 160, 124, 481, 269, 2, 409, 223, 9, 390, 19, 23, 160, 196, 409, 192, 107, 9, 9, 9, 154, 9, 545, 409, 269, 9, 9, 317, 81, 390, 424, 269, 453, 13, 276, 116, 174, 9, 41, 326, 13, 375, 43, 160, 23, 160, 331, 42, 163, 9, 223, 493, 9, 481, 107, 52, 372, 9, 390, 9, 9, 9, 9, 160, 312, 453, 150, 256, 35, 9, 404, 269, 441, 9, 9, 9, 443, 9, 368, 9, 517, 132, 9, 9, 9, 155, 9, 175, 431, 9, 381, 123, 331, 9, 81, 9, 9, 116, 9, 453, 377, 545, 289, 545, 9, 316, 89, 220, 9, 41, 9, 9, 545, 9, 453, 541, 9, 9, 9, 2, 160, 256, 9, 379, 305, 107, 378, 453, 210, 211, 453, 312, 9, 481, 270, 235, 541, 481, 115, 481, 431, 64, 115, 160, 197, 160, 144, 9, 9, 9, 9, 334, 316, 9, 70, 9, 206, 9, 89, 2, 160, 480, 390, 174, 98, 9, 480, 129, 189, 9, 486, 317, 390, 294, 196, 9, 9, 486, 322, 22, 390, 192, 23, 289, 160, 9, 486, 160, 123, 43, 409, 409, 9, 395, 9, 9, 117, 486, 174, 35, 269, 63, 192, 35, 47, 9, 349, 164, 356, 163, 197, 9, 189, 322, 9, 289, 368, 160, 9, 304, 9, 493, 276, 9, 9, 269, 81, 379, 222, 41, 409, 182, 210, 480, 42, 269, 154, 269, 160, 488, 9, 144, 41, 9, 269, 9, 9, 9, 124, 331, 81, 9, 403, 9, 9, 81, 453, 316, 9, 76, 486, 9, 9, 81, 9, 162, 9, 410, 9, 9, 13, 545, 81, 13, 9, 150, 2, 9, 23, 424, 223, 223, 9, 42, 9, 9, 162, 9, 42, 142, 162, 160, 144, 453, 304, 81, 9, 256, 9, 9, 35, 9, 81, 256, 81, 545, 247, 231, 116, 107, 107, 28, 289, 107, 256, 9, 81, 160, 107, 107, 192, 331, 9, 404, 9, 453, 456, 9, 107, 547, 129, 129, 545, 372, 160, 81, 9, 116, 160, 289, 9, 144, 9, 9, 159, 9, 9, 378, 155, 116, 19, 9, 100, 144, 