{"Run": 1, "K": 342, "WCSSD": 2239.852343707554, "Purity": 0.47752648153449756, "Time": 18.893842935562134, "Kmeans_Labels": [72, 66, 102, 175, 4, 4, 66, 75, 66, 278, 4, 295, 48, 48, 184, 83, 184, 108, 4, 163, 4, 4, 4, 167, 312, 108, 4, 108, 163, 4, 48, 309, 163, 108, 170, 4, 48, 48, 15, 337, 309, 137, 329, 111, 48, 184, 48, 146, 184, 116, 121, 309, 309, 4, 70, 0, 168, 108, 175, 175, 168, 108, 108, 329, 0, 49, 48, 66, 48, 0, 108, 4, 4, 197, 152, 184, 268, 184, 195, 4, 4, 228, 179, 108, 75, 4, 197, 145, 4, 4, 4, 184, 297, 24, 288, 4, 184, 4, 75, 4, 75, 35, 184, 229, 229, 137, 137, 229, 125, 152, 52, 52, 52, 48, 273, 152, 309, 4, 4, 69, 4, 4, 69, 175, 175, 69, 4, 175, 12, 146, 69, 69, 146, 4, 228, 163, 4, 4, 4, 4, 95, 175, 175, 163, 69, 69, 184, 4, 168, 175, 69, 32, 197, 163, 4, 69, 4, 4, 175, 184, 184, 69, 69, 184, 4, 69, 197, 77, 65, 197, 195, 4, 4, 309, 69, 168, 41, 89, 69, 4, 4, 53, 184, 184, 69, 4, 69, 4, 184, 4, 4, 95, 202, 25, 308, 175, 4, 309, 4, 273, 336, 4, 195, 41, 69, 75, 69, 75, 197, 4, 4, 4, 75, 75, 75, 69, 69, 273, 295, 95, 75, 152, 184, 295, 228, 69, 4, 273, 309, 69, 184, 19, 75, 4, 75, 4, 273, 163, 4, 4, 69, 4, 95, 212, 309, 75, 267, 4, 309, 69, 273, 120, 4, 57, 309, 4, 168, 4, 69, 273, 4, 4, 295, 102, 229, 8, 309, 229, 309, 273, 4, 137, 184, 4, 137, 102, 4, 4, 69, 229, 69, 70, 238, 4, 137, 137, 41, 229, 4, 306, 69, 102, 4, 52, 4, 137, 4, 123, 22, 146, 4, 137, 4, 275, 315, 137, 137, 137, 4, 52, 95, 70, 4, 309, 47, 70, 4, 52, 52, 163, 52, 52, 309, 237, 41, 295, 4, 276, 95, 267, 163, 69, 69, 72, 309, 72, 69, 70, 108, 69, 4, 228, 95, 309, 69, 4, 4, 69, 4, 4, 95, 228, 309, 4, 295, 4, 102, 65, 9, 174, 245, 146, 146, 245, 52, 95, 38, 245, 69, 4, 245, 245, 38, 69, 38, 69, 69, 69, 4, 244, 4, 28, 69, 144, 339, 309, 309, 108, 175, 58, 4, 184, 195, 184, 329, 4, 41, 276, 4, 111, 95, 146, 175, 4, 228, 95, 168, 175, 175, 184, 102, 228, 0, 197, 66, 184, 137, 309, 197, 85, 197, 175, 314, 251, 111, 229, 4, 52, 9, 296, 245, 329, 4, 197, 4, 293, 293, 163, 163, 4, 175, 4, 32, 32, 273, 273, 52, 52, 4, 52, 295, 295, 52, 111, 163, 146, 146, 4, 174, 174, 4, 4, 4, 0, 0, 163, 329, 329, 175, 0, 0, 0, 175, 0, 276, 95, 4, 125, 297, 297, 75, 75, 4, 273, 273, 180, 180, 221, 221, 235, 139, 4, 57, 57, 4, 18, 66, 32, 32, 184, 75, 338, 95, 273, 273, 4, 273, 273, 229, 102, 102, 4, 107, 107, 274, 274, 4, 4, 4, 175, 229, 146, 175, 229, 229, 175, 146, 4, 175, 114, 114, 137, 125, 125, 307, 307, 52, 52, 52, 315, 52, 137, 137, 273, 273, 4, 4, 52, 52, 45, 45, 267, 267, 52, 52, 4, 32, 32, 32, 32, 276, 4, 95, 95, 295, 4, 4, 295, 295, 4, 4, 4, 4, 4, 4, 4, 4, 95, 4, 4, 4, 4, 4, 163, 4, 4, 136, 136, 306, 245, 245, 32, 184, 32, 146, 146, 38, 38, 38, 38, 329, 329, 153, 153, 174, 174, 163, 62, 62, 38, 38, 264, 264, 209, 38, 233, 233, 245, 228, 4, 171, 108, 197, 232, 36, 36, 36, 36, 36, 36, 36, 36, 295, 295, 36, 36, 17, 48, 36, 36, 282, 36, 146, 36, 36, 36, 36, 41, 111, 111, 4, 174, 78, 78, 195, 195, 0, 0, 184, 70, 0, 0, 271, 4, 4, 4, 0, 184, 175, 111, 41, 175, 231, 4, 4, 329, 111, 4, 273, 195, 116, 116, 184, 116, 116, 4, 4, 297, 195, 184, 110, 4, 4, 4, 116, 145, 116, 116, 116, 91, 273, 329, 4, 235, 116, 273, 116, 116, 329, 116, 116, 116, 4, 116, 273, 116, 4, 273, 116, 116, 145, 4, 273, 273, 116, 267, 111, 125, 4, 4, 229, 95, 229, 4, 243, 229, 4, 52, 243, 229, 4, 263, 52, 229, 52, 263, 52, 52, 52, 4, 125, 229, 52, 52, 52, 294, 146, 52, 294, 52, 52, 52, 52, 4, 32, 52, 52, 52, 309, 4, 52, 52, 52, 52, 52, 52, 52, 52, 52, 309, 52, 52, 52, 52, 52, 52, 52, 270, 52, 267, 267, 4, 54, 52, 52, 95, 32, 267, 267, 267, 267, 4, 4, 32, 52, 52, 52, 247, 277, 277, 247, 4, 292, 4, 292, 146, 146, 95, 146, 4, 4, 4, 4, 299, 299, 136, 267, 4, 95, 4, 146, 304, 4, 4, 4, 4, 4, 146, 4, 4, 4, 4, 245, 245, 245, 4, 38, 245, 174, 38, 41, 245, 153, 195, 174, 329, 245, 4, 329, 329, 228, 174, 195, 195, 146, 62, 245, 245, 146, 4, 52, 245, 38, 304, 152, 146, 146, 146, 245, 163, 4, 92, 116, 115, 0, 163, 0, 168, 4, 184, 4, 116, 184, 188, 184, 145, 4, 145, 102, 102, 195, 4, 81, 229, 52, 146, 52, 4, 146, 195, 195, 195, 131, 197, 175, 33, 4, 195, 103, 65, 108, 309, 4, 72, 52, 245, 72, 52, 184, 4, 11, 4, 281, 1, 331, 229, 1, 130, 1, 1, 11, 192, 191, 131, 11, 131, 187, 104, 104, 131, 131, 330, 51, 51, 76, 131, 1, 228, 205, 1, 131, 131, 131, 131, 228, 161, 11, 1, 131, 104, 131, 104, 1, 131, 228, 228, 104, 1, 1, 104, 131, 1, 131, 4, 213, 131, 131, 189, 11, 184, 12, 1, 131, 131, 4, 4, 116, 11, 11, 104, 4, 41, 1, 131, 1, 131, 184, 131, 104, 4, 131, 131, 131, 101, 184, 4, 311, 131, 131, 11, 317, 163, 312, 131, 328, 104, 131, 131, 1, 131, 211, 131, 131, 309, 131, 131, 225, 131, 131, 11, 156, 4, 11, 131, 131, 49, 309, 184, 150, 4, 11, 131, 135, 329, 1, 131, 331, 1, 131, 131, 131, 131, 108, 11, 276, 131, 1, 1, 1, 131, 1, 131, 202, 131, 104, 11, 104, 4, 329, 1, 1, 131, 210, 131, 131, 11, 11, 324, 228, 4, 131, 173, 1, 131, 131, 89, 4, 131, 131, 276, 11, 1, 131, 202, 131, 87, 131, 11, 11, 131, 1, 131, 95, 184, 104, 279, 3, 27, 1, 131, 131, 131, 312, 131, 4, 186, 11, 4, 4, 1, 1, 341, 131, 319, 1, 1, 1, 131, 4, 1, 56, 11, 131, 11, 111, 1, 131, 51, 309, 131, 11, 4, 61, 4, 131, 104, 281, 11, 4, 1, 131, 196, 309, 228, 11, 1, 131, 222, 131, 131, 202, 241, 1, 228, 11, 4, 1, 131, 1, 131, 11, 11, 31, 330, 104, 131, 104, 11, 104, 331, 131, 1, 102, 11, 11, 104, 104, 1, 1, 131, 4, 4, 131, 1, 319, 131, 11, 4, 229, 1, 324, 1, 104, 309, 131, 228, 229, 131, 1, 11, 100, 1, 215, 254, 208, 131, 11, 11, 131, 254, 131, 1, 131, 1, 4, 11, 309, 115, 131, 131, 21, 131, 1, 1, 109, 130, 1, 1, 1, 11, 146, 254, 11, 287, 145, 51, 131, 11, 1, 131, 228, 1, 1, 131, 1, 11, 228, 11, 1, 131, 131, 11, 131, 11, 1, 11, 104, 131, 11, 1, 4, 163, 216, 131, 131, 131, 1, 1, 1, 11, 11, 1, 11, 253, 104, 1, 115, 11, 1, 1, 4, 11, 11, 11, 254, 160, 131, 11, 49, 192, 11, 248, 319, 11, 131, 11, 174, 1, 191, 1, 245, 228, 1, 11, 131, 131, 131, 4, 11, 245, 11, 131, 104, 11, 4, 254, 131, 131, 11, 228, 309, 104, 11, 131, 11, 11, 11, 131, 131, 11, 131, 163, 309, 309, 228, 309, 309, 4, 309, 309, 309, 309, 4, 202, 309, 4, 175, 12, 309, 163, 295, 309, 4, 195, 175, 309, 309, 174, 197, 228, 228, 228, 4, 4, 200, 258, 245, 298, 245, 200, 226, 146, 146, 174, 264, 174, 295, 111, 66, 273, 262, 146, 267, 4, 309, 4, 333, 228, 38, 4, 228, 147, 4, 70, 4, 4, 4, 4, 4, 221, 38, 295, 4, 229, 179, 4, 52, 102, 52, 146, 197, 229, 184, 276, 4, 146, 177, 295, 184, 95, 229, 295, 4, 4, 52, 108, 52, 116, 295, 4, 297, 57, 175, 111, 4, 145, 267, 297, 184, 229, 4, 4, 184, 163, 18, 4, 4, 179, 295, 4, 38, 276, 99, 78, 184, 52, 4, 184, 4, 146, 178, 174, 116, 23, 29, 41, 4, 276, 327, 309, 4, 116, 4, 111, 4, 137, 318, 38, 4, 102, 4, 214, 332, 117, 228, 38, 102, 70, 263, 163, 162, 108, 4, 184, 175, 184, 325, 108, 95, 309, 95, 4, 32, 70, 9, 234, 145, 4, 66, 95, 20, 195, 4, 230, 4, 184, 309, 228, 49, 4, 116, 184, 276, 228, 146, 4, 298, 187, 174, 20, 264, 52, 226, 4, 38, 146, 38, 38, 228, 245, 178, 4, 146, 295, 4, 4, 333, 262, 146, 32, 184, 70, 4, 267, 4, 70, 309, 187, 16, 52, 111, 52, 228, 111, 228, 31, 102, 187, 52, 52, 108, 197, 4, 228, 187, 309, 4, 52, 4, 52, 228, 187, 4, 187, 228, 263, 229, 229, 229, 4, 102, 214, 4, 309, 187, 111, 41, 295, 170, 309, 41, 137, 228, 187, 4, 187, 4, 4, 228, 4, 309, 187, 4, 137, 228, 4, 309, 4, 295, 57, 168, 267, 295, 108, 116, 89, 145, 229, 98, 4, 111, 18, 327, 295, 295, 146, 273, 177, 4, 145, 4, 295, 234, 230, 184, 221, 163, 108, 4, 116, 4, 4, 108, 116, 32, 4, 4, 187, 273, 4, 94, 4, 18, 4, 4, 4, 116, 297, 95, 108, 297, 4, 23, 4, 4, 4, 116, 179, 179, 146, 18, 4, 162, 18, 162, 18, 168, 18, 228, 65, 4, 309, 201, 111, 49, 184, 318, 163, 146, 108, 49, 108, 95, 195, 4, 102, 276, 335, 10, 66, 276, 29, 4, 108, 335, 276, 276, 265, 163, 102, 276, 66, 325, 4, 175, 276, 184, 77, 4, 95, 217, 4, 108, 184, 175, 184, 309, 4, 228, 184, 4, 286, 184, 4, 228, 332, 147, 102, 4, 163, 228, 184, 309, 4, 127, 108, 95, 116, 108, 102, 116, 175, 184, 78, 70, 117, 95, 108, 41, 4, 273, 102, 270, 98, 4, 18, 228, 276, 52, 330, 37, 187, 195, 228, 309, 217, 228, 187, 32, 335, 184, 49, 228, 18, 4, 329, 111, 4, 309, 151, 168, 