{"Run": 2, "K": 421, "WCSSD": 2222.5586673008215, "Purity": 0.49069567706842254, "Time": 23.013403177261353, "Kmeans_Labels": [138, 21, 48, 316, 4, 4, 21, 60, 21, 19, 4, 4, 58, 70, 356, 4, 4, 239, 403, 403, 403, 4, 193, 70, 196, 239, 403, 239, 157, 403, 403, 403, 157, 239, 403, 4, 70, 70, 70, 70, 403, 363, 387, 144, 70, 4, 196, 403, 59, 135, 4, 38, 38, 38, 138, 203, 4, 21, 316, 316, 4, 239, 4, 80, 287, 86, 70, 21, 70, 187, 239, 403, 4, 318, 256, 4, 138, 4, 4, 4, 135, 4, 186, 239, 386, 274, 205, 362, 4, 19, 241, 406, 4, 4, 135, 4, 4, 403, 60, 4, 60, 256, 4, 286, 286, 390, 334, 286, 4, 256, 345, 407, 345, 70, 138, 256, 38, 4, 100, 198, 4, 4, 49, 7, 316, 49, 328, 316, 344, 41, 49, 49, 256, 4, 414, 65, 228, 4, 4, 4, 47, 316, 316, 157, 49, 49, 4, 4, 4, 295, 49, 249, 205, 157, 4, 49, 4, 4, 316, 59, 27, 49, 49, 4, 4, 49, 205, 59, 381, 205, 49, 4, 66, 38, 49, 133, 25, 212, 49, 349, 4, 4, 4, 135, 49, 4, 49, 4, 4, 4, 4, 47, 344, 74, 316, 316, 349, 403, 4, 329, 60, 193, 193, 25, 49, 60, 227, 60, 205, 4, 193, 4, 67, 60, 60, 49, 49, 19, 4, 138, 60, 256, 4, 296, 344, 49, 4, 329, 38, 49, 4, 4, 60, 4, 60, 4, 218, 157, 207, 4, 411, 4, 47, 60, 38, 19, 4, 4, 403, 391, 329, 329, 4, 49, 4, 193, 408, 4, 49, 329, 4, 138, 296, 102, 286, 46, 403, 286, 4, 329, 344, 194, 134, 4, 334, 4, 167, 59, 49, 286, 49, 138, 138, 59, 334, 334, 25, 286, 4, 344, 49, 334, 4, 345, 334, 334, 4, 334, 345, 38, 4, 334, 4, 4, 4, 329, 334, 334, 4, 173, 47, 138, 329, 285, 329, 138, 344, 345, 345, 4, 345, 345, 38, 345, 25, 4, 305, 138, 47, 138, 157, 49, 49, 138, 38, 4, 49, 138, 239, 263, 4, 76, 109, 403, 201, 59, 236, 109, 4, 400, 109, 301, 38, 109, 4, 138, 102, 350, 33, 36, 119, 4, 76, 36, 345, 119, 36, 50, 341, 4, 119, 119, 415, 341, 415, 341, 49, 49, 344, 4, 4, 38, 49, 80, 4, 38, 38, 239, 316, 4, 4, 59, 54, 134, 387, 4, 25, 20, 4, 144, 47, 302, 316, 4, 256, 47, 4, 316, 316, 4, 344, 4, 187, 205, 21, 4, 334, 403, 205, 49, 205, 316, 4, 4, 257, 286, 4, 345, 33, 119, 119, 234, 4, 205, 4, 38, 38, 157, 157, 4, 40, 4, 235, 235, 19, 19, 345, 345, 4, 345, 4, 4, 345, 144, 4, 76, 76, 38, 36, 36, 76, 76, 260, 283, 283, 157, 288, 288, 397, 397, 397, 187, 316, 187, 4, 47, 4, 329, 4, 4, 60, 60, 4, 19, 19, 210, 210, 202, 202, 202, 235, 4, 161, 161, 76, 28, 4, 235, 235, 4, 60, 344, 47, 329, 329, 4, 19, 19, 286, 114, 114, 76, 4, 4, 4, 4, 4, 245, 4, 326, 289, 59, 326, 289, 289, 326, 59, 4, 316, 401, 401, 101, 345, 345, 286, 286, 345, 345, 329, 296, 345, 334, 334, 329, 329, 4, 4, 345, 345, 345, 345, 286, 286, 345, 345, 38, 53, 53, 53, 53, 4, 4, 47, 47, 296, 403, 403, 4, 4, 4, 4, 4, 4, 4, 282, 4, 4, 47, 109, 109, 109, 294, 294, 59, 4, 109, 4, 4, 344, 36, 36, 235, 403, 235, 76, 76, 415, 415, 73, 73, 387, 387, 36, 36, 36, 36, 61, 119, 119, 73, 73, 73, 73, 415, 119, 30, 30, 73, 4, 4, 135, 269, 205, 292, 292, 292, 292, 292, 292, 31, 292, 292, 292, 329, 292, 292, 292, 70, 292, 168, 292, 292, 4, 292, 292, 292, 292, 25, 144, 144, 4, 36, 387, 387, 122, 122, 283, 283, 344, 138, 47, 47, 4, 4, 4, 4, 187, 135, 316, 144, 25, 316, 4, 403, 4, 387, 144, 135, 329, 21, 265, 265, 107, 265, 265, 4, 4, 4, 43, 4, 135, 256, 4, 4, 135, 370, 135, 135, 135, 144, 19, 387, 4, 202, 135, 372, 135, 135, 387, 242, 19, 135, 4, 135, 242, 135, 275, 329, 135, 135, 106, 135, 329, 329, 135, 19, 135, 81, 4, 4, 286, 342, 286, 102, 286, 286, 59, 345, 286, 286, 4, 401, 337, 286, 345, 401, 401, 345, 345, 286, 81, 138, 345, 407, 407, 286, 4, 345, 345, 138, 345, 138, 345, 4, 235, 345, 345, 345, 4, 4, 279, 345, 345, 345, 345, 345, 345, 345, 345, 38, 345, 345, 345, 385, 345, 385, 360, 135, 385, 4, 345, 4, 345, 360, 360, 4, 235, 345, 345, 345, 345, 403, 403, 235, 123, 123, 345, 345, 239, 239, 345, 123, 169, 344, 169, 76, 394, 4, 76, 380, 330, 109, 109, 345, 345, 4, 4, 394, 138, 4, 76, 76, 4, 4, 4, 127, 127, 76, 76, 76, 4, 4, 119, 361, 361, 76, 357, 119, 36, 73, 293, 119, 73, 4, 36, 119, 119, 4, 119, 119, 4, 36, 4, 4, 4, 119, 119, 119, 76, 4, 345, 119, 73, 76, 256, 222, 222, 222, 119, 157, 4, 187, 135, 4, 187, 157, 187, 4, 4, 4, 4, 135, 4, 38, 4, 125, 4, 374, 135, 102, 135, 409, 345, 286, 345, 145, 256, 4, 38, 4, 59, 4, 367, 90, 316, 157, 4, 4, 4, 350, 239, 38, 4, 138, 345, 119, 138, 345, 4, 4, 317, 19, 297, 389, 4, 176, 369, 144, 17, 17, 297, 311, 119, 367, 297, 367, 108, 367, 367, 367, 367, 29, 367, 367, 367, 367, 17, 344, 367, 17, 367, 290, 367, 367, 256, 367, 352, 17, 367, 250, 367, 367, 17, 367, 256, 256, 413, 17, 17, 413, 367, 17, 367, 4, 367, 297, 375, 297, 297, 4, 344, 17, 367, 367, 4, 225, 135, 297, 354, 182, 38, 118, 17, 367, 17, 367, 80, 367, 367, 4, 367, 367, 367, 367, 4, 4, 367, 367, 367, 297, 38, 157, 196, 367, 367, 367, 367, 367, 17, 367, 367, 367, 367, 281, 367, 367, 367, 367, 367, 297, 21, 344, 281, 367, 367, 86, 4, 4, 212, 4, 37, 367, 163, 387, 17, 367, 4, 17, 367, 367, 94, 367, 239, 297, 20, 367, 17, 112, 17, 367, 17, 367, 344, 367, 367, 297, 246, 4, 387, 17, 17, 367, 367, 22, 367, 297, 352, 162, 256, 4, 367, 367, 17, 367, 367, 212, 4, 367, 367, 20, 297, 17, 367, 22, 367, 57, 367, 297, 297, 367, 420, 367, 47, 4, 367, 4, 367, 235, 17, 110, 367, 367, 196, 367, 4, 311, 276, 4, 81, 88, 17, 367, 367, 297, 17, 17, 17, 367, 4, 175, 18, 317, 367, 297, 144, 17, 367, 367, 38, 367, 297, 19, 367, 4, 367, 367, 297, 297, 160, 17, 367, 17, 281, 404, 297, 389, 110, 367, 367, 367, 344, 335, 420, 38, 297, 344, 17, 367, 17, 367, 297, 297, 102, 298, 98, 367, 367, 126, 57, 4, 34, 17, 4, 297, 327, 346, 367, 17, 17, 367, 4, 4, 367, 17, 297, 367, 297, 155, 312, 17, 364, 17, 250, 59, 367, 344, 286, 367, 17, 297, 367, 17, 138, 338, 59, 367, 297, 297, 367, 338, 367, 17, 62, 17, 4, 367, 59, 38, 55, 367, 271, 367, 17, 369, 17, 144, 17, 17, 17, 297, 403, 338, 297, 350, 335, 367, 367, 297, 17, 313, 4, 17, 17, 367, 17, 297, 4, 297, 416, 367, 367, 297, 367, 297, 17, 297, 367, 157, 297, 17, 38, 157, 157, 375, 367, 367, 17, 17, 17, 297, 297, 17, 297, 17, 367, 17, 38, 297, 17, 17, 344, 297, 291, 297, 338, 17, 367, 297, 86, 311, 297, 297, 17, 297, 367, 297, 36, 17, 119, 17, 119, 344, 17, 297, 367, 367, 367, 4, 297, 143, 297, 367, 57, 297, 4, 338, 367, 320, 297, 344, 281, 367, 297, 367, 297, 297, 297, 367, 367, 297, 367, 157, 256, 38, 344, 344, 38, 4, 38, 38, 38, 38, 38, 344, 38, 4, 316, 344, 38, 157, 38, 38, 403, 76, 316, 38, 38, 204, 205, 344, 344, 344, 4, 4, 4, 403, 119, 189, 119, 33, 119, 38, 119, 255, 415, 36, 4, 144, 21, 19, 4, 394, 345, 4, 24, 4, 109, 403, 4, 358, 185, 1, 4, 138, 4, 4, 190, 399, 76, 202, 415, 300, 4, 286, 186, 38, 345, 316, 345, 76, 76, 286, 4, 4, 245, 403, 403, 296, 38, 47, 286, 329, 403, 4, 345, 239, 256, 265, 403, 419, 4, 4, 316, 144, 4, 125, 345, 4, 4, 286, 403, 4, 75, 157, 28, 344, 109, 186, 296, 4, 415, 20, 77, 387, 253, 345, 393, 403, 4, 256, 76, 222, 135, 135, 86, 25, 393, 47, 4, 344, 398, 135, 4, 144, 149, 310, 89, 415, 4, 4, 4, 220, 187, 4, 344, 357, 4, 138, 401, 403, 256, 239, 4, 4, 316, 403, 4, 239, 47, 256, 47, 38, 235, 138, 33, 4, 335, 4, 21, 47, 403, 4, 100, 3, 403, 406, 256, 344, 299, 4, 135, 59, 20, 344, 336, 4, 189, 221, 222, 403, 415, 345, 119, 100, 415, 119, 4, 357, 403, 119, 76, 403, 76, 4, 4, 403, 109, 4, 394, 235, 253, 138, 38, 345, 399, 138, 256, 38, 144, 345, 144, 412, 344, 144, 38, 102, 4, 0, 345, 256, 4, 76, 399, 4, 0, 256, 4, 345, 4, 345, 344, 151, 4, 0, 184, 401, 286, 286, 286, 4, 4, 220, 245, 24, 0, 144, 25, 329, 4, 38, 25, 405, 256, 0, 4, 38, 344, 403, 38, 358, 256, 344, 38, 310, 344, 149, 38, 4, 296, 4, 4, 4, 296, 14, 135, 212, 335, 286, 4, 4, 144, 28, 4, 296, 300, 76, 19, 403, 76, 125, 4, 403, 4, 3, 38, 202, 157, 239, 38, 135, 4, 4, 239, 135, 235, 403, 190, 0, 329, 4, 239, 4, 28, 4, 4, 38, 135, 4, 47, 239, 4, 314, 135, 4, 4, 4, 265, 186, 186, 256, 28, 4, 256, 28, 256, 28, 133, 28, 344, 350, 419, 38, 239, 403, 410, 406, 89, 157, 403, 239, 86, 44, 47, 344, 4, 417, 403, 132, 344, 344, 4, 86, 398, 239, 132, 20, 239, 418, 403, 4, 47, 21, 4, 403, 321, 20, 4, 59, 4, 47, 387, 403, 239, 403, 316, 75, 38, 403, 185, 403, 4, 47, 4, 4, 344, 187, 1, 316, 4, 157, 59, 59, 59, 4, 4, 239, 344, 135, 239, 4, 135, 316, 4, 387, 138, 4, 47, 239, 25, 