{"Run": 8, "K": 421, "WCSSD": 2209.2297697392323, "Purity": 0.40033447888384954, "Time": 23.60403299331665, "Kmeans_Labels": [123, 215, 267, 34, 3, 3, 215, 89, 203, 272, 163, 45, 218, 218, 49, 3, 327, 108, 3, 3, 3, 3, 397, 302, 379, 108, 3, 232, 224, 114, 218, 3, 224, 108, 3, 3, 218, 218, 45, 218, 281, 230, 252, 39, 218, 140, 7, 3, 256, 3, 262, 364, 364, 76, 123, 3, 3, 108, 34, 34, 3, 108, 108, 29, 3, 222, 218, 215, 218, 10, 108, 256, 114, 3, 245, 3, 3, 3, 297, 3, 3, 309, 272, 108, 89, 3, 96, 3, 3, 272, 395, 256, 3, 272, 256, 230, 76, 3, 89, 3, 89, 245, 3, 201, 201, 230, 230, 77, 197, 245, 178, 114, 178, 218, 272, 245, 364, 3, 301, 19, 3, 406, 19, 256, 3, 19, 3, 34, 303, 88, 19, 19, 76, 3, 377, 224, 73, 3, 3, 301, 22, 34, 34, 417, 19, 19, 256, 301, 3, 34, 19, 304, 3, 224, 292, 19, 3, 3, 34, 256, 3, 19, 19, 3, 189, 19, 301, 323, 70, 3, 297, 3, 3, 364, 122, 3, 29, 28, 19, 3, 262, 3, 3, 3, 19, 281, 19, 3, 3, 281, 3, 22, 309, 19, 34, 34, 3, 269, 3, 30, 89, 397, 210, 29, 19, 89, 19, 272, 332, 410, 397, 301, 89, 412, 89, 19, 19, 272, 45, 3, 89, 245, 190, 45, 377, 19, 301, 106, 364, 19, 3, 3, 89, 3, 89, 309, 272, 224, 3, 301, 19, 3, 22, 89, 364, 272, 410, 3, 269, 19, 230, 118, 3, 238, 76, 397, 229, 301, 19, 118, 301, 3, 45, 267, 201, 3, 269, 201, 329, 118, 166, 230, 309, 301, 373, 267, 257, 397, 19, 201, 202, 123, 123, 9, 283, 191, 29, 201, 230, 303, 98, 230, 418, 230, 235, 230, 235, 230, 3, 88, 3, 230, 3, 235, 235, 230, 230, 230, 230, 178, 200, 123, 235, 235, 118, 123, 297, 178, 230, 3, 178, 178, 364, 338, 29, 45, 3, 82, 22, 123, 224, 19, 19, 123, 364, 3, 19, 123, 397, 19, 3, 301, 140, 269, 140, 301, 301, 140, 256, 140, 60, 301, 364, 140, 45, 3, 267, 70, 25, 243, 135, 3, 301, 135, 135, 22, 135, 175, 274, 3, 135, 135, 135, 274, 76, 274, 19, 19, 301, 297, 301, 301, 19, 297, 88, 364, 364, 108, 34, 3, 83, 256, 297, 309, 252, 3, 29, 246, 3, 39, 22, 76, 34, 301, 410, 22, 3, 3, 34, 3, 267, 309, 10, 301, 215, 256, 235, 420, 256, 19, 364, 3, 3, 3, 39, 201, 3, 178, 25, 135, 135, 252, 281, 301, 88, 309, 309, 224, 224, 3, 34, 3, 304, 304, 65, 65, 282, 282, 3, 178, 45, 45, 178, 39, 88, 135, 135, 364, 135, 135, 3, 3, 3, 10, 10, 11, 318, 318, 34, 267, 267, 3, 34, 10, 145, 200, 3, 114, 3, 3, 89, 89, 3, 272, 272, 3, 3, 272, 272, 272, 304, 3, 272, 272, 262, 281, 386, 304, 304, 386, 152, 64, 1, 118, 118, 3, 136, 272, 201, 267, 267, 3, 267, 267, 43, 43, 256, 339, 256, 34, 201, 88, 201, 201, 201, 201, 88, 114, 34, 400, 400, 230, 266, 266, 235, 235, 149, 149, 178, 84, 178, 235, 235, 154, 154, 76, 76, 178, 178, 178, 178, 201, 201, 178, 178, 3, 304, 304, 304, 304, 124, 3, 22, 22, 45, 415, 415, 182, 182, 182, 182, 249, 249, 256, 3, 3, 3, 22, 140, 140, 140, 140, 140, 3, 3, 140, 3, 3, 206, 135, 135, 304, 256, 304, 76, 76, 248, 248, 248, 248, 252, 252, 173, 173, 162, 162, 132, 265, 265, 162, 162, 23, 23, 290, 365, 135, 135, 135, 377, 3, 124, 250, 410, 335, 335, 335, 335, 335, 335, 335, 335, 335, 45, 45, 335, 335, 335, 218, 335, 335, 335, 335, 364, 335, 335, 335, 335, 29, 39, 39, 3, 135, 318, 318, 297, 297, 10, 10, 76, 123, 22, 22, 76, 3, 256, 3, 10, 301, 34, 39, 29, 34, 3, 3, 3, 260, 50, 3, 118, 241, 167, 167, 3, 167, 167, 3, 270, 3, 297, 256, 3, 3, 3, 3, 3, 374, 272, 3, 3, 186, 272, 252, 299, 272, 139, 272, 139, 3, 252, 384, 272, 262, 262, 139, 384, 139, 272, 118, 139, 139, 3, 256, 118, 118, 272, 272, 39, 349, 3, 3, 201, 201, 201, 268, 235, 201, 377, 178, 201, 201, 3, 53, 178, 201, 178, 53, 178, 178, 114, 272, 114, 380, 178, 114, 114, 114, 311, 178, 114, 178, 178, 114, 178, 3, 304, 178, 178, 178, 141, 141, 316, 178, 178, 219, 178, 178, 178, 178, 178, 176, 178, 80, 178, 178, 178, 219, 178, 226, 178, 3, 178, 3, 178, 178, 178, 3, 304, 178, 178, 178, 3, 415, 415, 304, 16, 16, 178, 178, 108, 108, 178, 249, 93, 309, 93, 3, 75, 72, 76, 3, 3, 140, 140, 372, 372, 3, 3, 3, 3, 3, 206, 290, 3, 3, 88, 337, 337, 96, 76, 76, 3, 3, 135, 135, 135, 3, 248, 135, 135, 248, 120, 135, 173, 297, 177, 135, 135, 3, 135, 135, 99, 177, 297, 297, 76, 265, 23, 23, 178, 3, 178, 15, 23, 76, 8, 76, 76, 76, 135, 3, 3, 10, 3, 91, 10, 224, 10, 3, 3, 3, 3, 309, 256, 410, 3, 256, 3, 3, 267, 267, 414, 3, 3, 235, 178, 126, 178, 364, 3, 297, 297, 297, 192, 3, 34, 224, 3, 297, 3, 70, 153, 364, 3, 123, 178, 135, 123, 178, 3, 59, 27, 67, 179, 121, 281, 201, 121, 39, 121, 121, 357, 357, 135, 192, 27, 172, 63, 192, 66, 192, 192, 377, 192, 192, 130, 192, 121, 309, 192, 121, 192, 192, 192, 27, 88, 192, 357, 277, 192, 192, 411, 192, 121, 192, 88, 88, 192, 121, 121, 192, 192, 156, 130, 3, 192, 130, 61, 357, 285, 3, 303, 121, 130, 192, 281, 256, 3, 357, 27, 192, 377, 29, 121, 130, 121, 130, 3, 27, 192, 3, 192, 192, 192, 192, 3, 3, 192, 192, 27, 357, 364, 224, 7, 192, 192, 192, 192, 130, 121, 192, 27, 130, 192, 27, 69, 192, 130, 192, 192, 399, 146, 64, 27, 192, 192, 222, 256, 3, 28, 3, 107, 192, 27, 44, 111, 192, 18, 121, 27, 192, 192, 130, 108, 357, 124, 192, 121, 121, 121, 192, 404, 254, 309, 192, 192, 357, 192, 3, 252, 121, 121, 27, 192, 192, 192, 27, 357, 130, 227, 3, 192, 27, 121, 192, 192, 28, 59, 192, 192, 271, 187, 121, 321, 192, 192, 192, 192, 357, 357, 192, 121, 192, 22, 256, 322, 27, 192, 416, 121, 27, 192, 192, 7, 192, 3, 357, 357, 3, 349, 121, 121, 192, 192, 393, 121, 121, 121, 192, 3, 121, 85, 27, 192, 357, 39, 121, 192, 381, 281, 192, 357, 67, 192, 3, 192, 192, 179, 101, 377, 121, 27, 121, 27, 364, 357, 121, 27, 192, 130, 240, 309, 374, 45, 226, 357, 398, 121, 192, 27, 192, 357, 357, 3, 377, 192, 130, 192, 357, 192, 281, 244, 121, 267, 357, 357, 192, 55, 121, 121, 192, 64, 3, 20, 121, 26, 192, 357, 3, 201, 121, 130, 138, 192, 256, 192, 377, 356, 192, 121, 357, 192, 121, 123, 394, 297, 192, 161, 357, 192, 394, 192, 121, 192, 121, 3, 27, 396, 91, 192, 192, 121, 192, 264, 121, 121, 39, 121, 18, 383, 357, 5, 394, 27, 51, 374, 192, 192, 357, 121, 27, 377, 121, 121, 18, 121, 357, 377, 27, 121, 192, 192, 27, 192, 357, 121, 27, 192, 224, 357, 121, 3, 224, 188, 389, 192, 192, 211, 121, 121, 357, 357, 121, 27, 121, 165, 121, 91, 357, 121, 121, 3, 27, 357, 27, 394, 121, 192, 357, 222, 357, 27, 347, 393, 357, 192, 357, 135, 121, 135, 138, 306, 377, 121, 27, 185, 110, 192, 410, 357, 23, 27, 27, 192, 46, 3, 27, 27, 192, 357, 364, 309, 192, 357, 192, 27, 27, 27, 172, 192, 357, 172, 224, 236, 364, 309, 363, 364, 3, 364, 364, 364, 364, 76, 309, 364, 3, 34, 303, 364, 224, 45, 364, 3, 297, 34, 364, 364, 135, 3, 377, 377, 377, 3, 3, 12, 119, 135, 48, 135, 12, 23, 281, 242, 135, 23, 135, 45, 39, 215, 272, 3, 75, 178, 3, 235, 3, 140, 377, 76, 3, 76, 34, 3, 123, 3, 3, 3, 256, 3, 272, 88, 45, 3, 201, 272, 3, 178, 267, 149, 76, 108, 201, 369, 124, 228, 3, 3, 45, 3, 4, 201, 45, 419, 3, 178, 108, 178, 167, 45, 3, 3, 238, 34, 39, 3, 3, 178, 309, 3, 201, 281, 3, 215, 224, 281, 3, 140, 272, 45, 3, 76, 124, 199, 318, 3, 296, 3, 3, 3, 76, 3, 135, 3, 3, 222, 29, 3, 124, 45, 76, 325, 3, 204, 351, 3, 230, 3, 162, 88, 267, 148, 3, 10, 3, 21, 276, 267, 123, 53, 3, 3, 108, 3, 3, 34, 3, 3, 108, 22, 410, 355, 3, 416, 123, 25, 3, 374, 29, 215, 200, 405, 297, 3, 344, 3, 256, 76, 14, 222, 3, 3, 309, 124, 3, 76, 377, 48, 63, 135, 405, 23, 178, 23, 3, 88, 242, 76, 276, 377, 135, 3, 256, 76, 45, 3, 3, 140, 3, 75, 304, 3, 123, 3, 178, 256, 123, 76, 102, 39, 178, 39, 183, 88, 39, 309, 309, 267, 63, 178, 178, 108, 108, 3, 377, 63, 236, 3, 178, 3, 149, 281, 63, 3, 63, 281, 53, 201, 201, 201, 3, 267, 3, 228, 235, 63, 39, 29, 45, 377, 364, 29, 230, 309, 63, 281, 391, 3, 256, 377, 3, 236, 63, 410, 230, 377, 3, 364, 3, 45, 238, 68, 377, 45, 234, 3, 28, 374, 201, 281, 377, 39, 281, 45, 45, 45, 81, 272, 3, 76, 3, 3, 45, 3, 344, 3, 272, 224, 108, 301, 3, 3, 403, 108, 3, 416, 3, 3, 63, 291, 226, 108, 3, 281, 3, 3, 3, 3, 309, 22, 108, 3, 76, 3, 3, 3, 3, 167, 272, 272, 76, 281, 29, 3, 281, 3, 281, 3, 281, 14, 70, 3, 364, 108, 39, 222, 256, 3, 224, 3, 108, 37, 71, 4, 297, 76, 147, 124, 207, 58, 309, 124, 222, 325, 108, 207, 124, 86, 217, 3, 267, 124, 215, 3, 3, 34, 124, 3, 323, 3, 355, 252, 281, 108, 3, 34, 215, 281, 419, 76, 3, 3, 392, 3, 377, 3, 10, 34, 267, 3, 224, 377, 