{"Run": 9, "K": 73, "WCSSD": 2745.3105014106377, "Purity": 0.3650157457772688, "Time": 1.9353580474853516, "Kmeans_Labels": [14, 14, 14, 14, 14, 14, 14, 14, 14, 14, 14, 14, 14, 14, 14, 14, 14, 14, 14, 10, 14, 14, 14, 14, 14, 14, 14, 16, 10, 4, 14, 14, 10, 14, 14, 14, 14, 14, 14, 14, 14, 17, 59, 47, 17, 14, 14, 14, 14, 14, 14, 14, 14, 14, 14, 35, 14, 14, 14, 14, 14, 14, 14, 59, 35, 38, 14, 14, 14, 35, 14, 14, 4, 14, 14, 14, 14, 14, 14, 14, 14, 14, 4, 14, 14, 14, 14, 14, 14, 14, 14, 14, 35, 14, 14, 14, 14, 14, 14, 14, 14, 14, 14, 32, 32, 32, 32, 32, 4, 14, 22, 4, 14, 14, 14, 14, 14, 14, 14, 14, 14, 14, 14, 14, 35, 14, 14, 14, 14, 14, 42, 14, 14, 14, 14, 10, 14, 47, 14, 14, 16, 14, 14, 10, 14, 14, 14, 14, 14, 14, 14, 5, 14, 10, 14, 14, 14, 14, 14, 14, 14, 14, 56, 14, 14, 14, 14, 14, 14, 14, 14, 14, 14, 14, 42, 14, 14, 59, 14, 14, 14, 14, 14, 14, 14, 14, 42, 14, 14, 14, 14, 16, 44, 14, 14, 14, 14, 14, 14, 14, 4, 14, 14, 14, 14, 14, 14, 14, 14, 14, 14, 14, 14, 14, 14, 14, 14, 4, 14, 16, 14, 14, 14, 14, 14, 14, 14, 14, 14, 14, 14, 14, 14, 14, 14, 14, 14, 10, 14, 14, 14, 14, 16, 22, 14, 14, 22, 14, 14, 14, 32, 32, 14, 14, 14, 14, 14, 14, 14, 14, 14, 14, 32, 14, 32, 14, 14, 32, 14, 14, 14, 16, 14, 14, 14, 14, 14, 14, 32, 32, 14, 32, 25, 14, 14, 32, 14, 32, 14, 14, 32, 32, 14, 32, 32, 32, 14, 32, 32, 10, 14, 32, 32, 14, 14, 32, 32, 32, 14, 14, 16, 25, 32, 14, 14, 25, 14, 22, 14, 14, 14, 14, 14, 14, 14, 14, 14, 56, 16, 22, 10, 10, 14, 14, 14, 14, 32, 14, 14, 22, 14, 14, 16, 14, 14, 14, 14, 14, 14, 14, 16, 14, 14, 14, 14, 14, 14, 14, 12, 48, 48, 14, 14, 48, 14, 16, 48, 48, 42, 14, 48, 48, 48, 42, 14, 42, 14, 14, 14, 14, 14, 14, 42, 14, 14, 14, 14, 14, 14, 14, 14, 14, 14, 14, 59, 72, 14, 56, 14, 47, 16, 14, 14, 14, 14, 16, 14, 14, 14, 14, 14, 14, 35, 14, 14, 14, 32, 14, 14, 42, 14, 14, 14, 14, 47, 32, 14, 14, 12, 48, 48, 59, 14, 14, 10, 14, 14, 10, 10, 14, 14, 14, 5, 5, 14, 14, 14, 14, 14, 22, 14, 14, 14, 47, 14, 14, 14, 14, 48, 48, 14, 14, 14, 35, 35, 10, 59, 59, 35, 35, 35, 35, 29, 35, 56, 16, 14, 4, 14, 14, 14, 14, 14, 14, 14, 14, 14, 14, 14, 14, 5, 14, 14, 14, 14, 67, 14, 5, 5, 14, 14, 14, 16, 14, 14, 14, 14, 14, 4, 14, 14, 14, 14, 14, 14, 14, 14, 32, 14, 14, 32, 14, 32, 32, 32, 32, 14, 4, 14, 32, 32, 32, 4, 4, 32, 32, 4, 4, 14, 14, 22, 32, 32, 14, 14, 14, 14, 14, 14, 14, 14, 32, 32, 22, 14, 14, 5, 5, 5, 5, 56, 14, 16, 16, 14, 14, 14, 14, 14, 14, 14, 14, 14, 14, 14, 14, 14, 16, 14, 14, 14, 16, 16, 10, 14, 14, 14, 14, 14, 48, 48, 5, 14, 5, 14, 14, 14, 14, 48, 48, 59, 59, 48, 48, 48, 48, 14, 48, 48, 48, 48, 48, 48, 48, 48, 48, 48, 48, 14, 14, 56, 14, 14, 65, 65, 65, 65, 65, 65, 65, 65, 65, 65, 14, 65, 65, 65, 14, 65, 65, 65, 65, 14, 65, 65, 65, 65, 14, 47, 47, 14, 48, 59, 59, 35, 35, 35, 35, 14, 14, 35, 35, 14, 14, 14, 14, 35, 14, 14, 47, 14, 14, 14, 14, 14, 59, 47, 14, 14, 3, 4, 4, 14, 4, 4, 4, 14, 35, 59, 14, 35, 14, 14, 14, 14, 46, 14, 14, 14, 47, 4, 59, 14, 14, 14, 14, 4, 4, 59, 14, 4, 14, 14, 14, 14, 14, 14, 14, 4, 14, 46, 14, 14, 14, 14, 4, 53, 4, 14, 14, 32, 16, 32, 14, 32, 32, 14, 22, 32, 32, 32, 32, 22, 32, 22, 32, 4, 22, 4, 4, 4, 32, 22, 4, 4, 4, 14, 4, 4, 14, 22, 4, 22, 14, 5, 14, 14, 22, 14, 14, 22, 14, 14, 14, 22, 22, 22, 22, 22, 14, 22, 14, 22, 22, 22, 22, 22, 14, 22, 22, 22, 14, 22, 22, 22, 22, 5, 22, 22, 22, 22, 14, 14, 5, 22, 22, 22, 22, 10, 10, 22, 14, 14, 14, 14, 14, 14, 16, 14, 14, 14, 14, 14, 22, 22, 14, 22, 22, 16, 14, 14, 14, 54, 54, 14, 14, 14, 14, 14, 14, 14, 14, 48, 48, 48, 14, 48, 48, 48, 48, 14, 48, 48, 14, 48, 48, 48, 14, 48, 48, 14, 48, 14, 14, 14, 48, 48, 48, 14, 14, 14, 48, 48, 14, 14, 52, 52, 52, 48, 10, 14, 35, 14, 14, 35, 10, 35, 14, 14, 14, 14, 14, 14, 14, 14, 14, 14, 14, 63, 45, 14, 14, 32, 32, 22, 14, 14, 14, 14, 14, 14, 14, 21, 14, 14, 10, 14, 56, 14, 14, 14, 14, 14, 22, 22, 48, 22, 22, 51, 14, 15, 14, 15, 57, 14, 66, 57, 64, 57, 57, 7, 15, 19, 21, 15, 21, 14, 27, 15, 21, 21, 14, 21, 21, 21, 21, 57, 61, 21, 57, 21, 21, 21, 21, 14, 21, 15, 57, 21, 21, 21, 21, 57, 21, 14, 14, 21, 57, 57, 21, 21, 57, 21, 14, 21, 15, 21, 15, 15, 51, 14, 57, 21, 21, 14, 14, 14, 15, 15, 21, 14, 14, 57, 21, 57, 21, 14, 21, 21, 14, 21, 21, 21, 21, 51, 14, 21, 21, 21, 0, 14, 10, 38, 21, 21, 21, 21, 21, 57, 21, 21, 21, 21, 14, 21, 21, 21, 21, 21, 15, 14, 14, 15, 21, 21, 38, 14, 60, 59, 14, 15, 21, 15, 59, 57, 21, 61, 57, 21, 21, 21, 21, 14, 15, 56, 21, 57, 57, 57, 21, 57, 21, 44, 21, 21, 15, 21, 14, 59, 57, 57, 15, 21, 44, 21, 15, 15, 15, 14, 14, 21, 21, 57, 21, 21, 59, 14, 21, 21, 56, 15, 57, 21, 44, 21, 21, 21, 15, 15, 21, 57, 21, 16, 14, 21, 14, 21, 5, 57, 21, 21, 21, 21, 21, 14, 15, 15, 14, 14, 57, 57, 21, 21, 15, 57, 57, 57, 21, 14, 57, 14, 15, 21, 15, 47, 57, 21, 21, 14, 21, 15, 14, 21, 14, 21, 21, 15, 15, 14, 57, 21, 57, 21, 14, 15, 57, 21, 21, 21, 21, 44, 46, 57, 14, 15, 14, 57, 21, 15, 21, 15, 15, 45, 14, 21, 21, 21, 15, 21, 14, 21, 57, 14, 15, 15, 21, 21, 57, 57, 21, 14, 14, 21, 57, 15, 21, 15, 14, 32, 57, 21, 57, 21, 14, 21, 14, 32, 21, 57, 15, 21, 57, 14, 57, 14, 21, 15, 15, 21, 14, 21, 57, 21, 57, 14, 15, 14, 14, 21, 21, 57, 21, 57, 57, 57, 64, 57, 57, 57, 15, 14, 21, 15, 21, 46, 21, 21, 15, 57, 15, 14, 57, 57, 21, 57, 15, 14, 15, 57, 21, 21, 15, 21, 15, 57, 15, 21, 10, 15, 57, 14, 10, 10, 21, 21, 21, 57, 57, 57, 15, 15, 57, 15, 57, 21, 57, 14, 15, 57, 57, 14, 36, 15, 15, 14, 57, 21, 15, 38, 15, 15, 15, 57, 7, 21, 15, 48, 57, 19, 57, 48, 14, 57, 15, 21, 21, 21, 14, 15, 48, 15, 21, 21, 15, 14, 15, 21, 21, 7, 14, 14, 21, 15, 15, 15, 15, 15, 21, 21, 15, 21, 10, 14, 14, 14, 14, 14, 14, 14, 14, 14, 14, 14, 44, 14, 14, 14, 14, 14, 10, 14, 14, 14, 14, 32, 14, 14, 48, 14, 14, 14, 14, 14, 14, 12, 14, 48, 14, 48, 12, 48, 14, 48, 48, 48, 48, 14, 47, 14, 14, 14, 14, 22, 14, 14, 14, 14, 14, 14, 14, 14, 14, 14, 14, 14, 14, 14, 14, 40, 14, 14, 23, 14, 32, 14, 14, 14, 14, 4, 14, 14, 32, 14, 56, 32, 14, 14, 14, 14, 16, 32, 32, 14, 14, 22, 14, 14, 4, 14, 14, 35, 14, 14, 47, 14, 14, 22, 35, 14, 32, 14, 4, 14, 10, 67, 14, 14, 14, 14, 14, 48, 56, 35, 59, 14, 14, 14, 14, 14, 14, 14, 52, 14, 14, 38, 14, 14, 56, 14, 14, 14, 14, 14, 47, 14, 32, 14, 48, 14, 56, 14, 1, 35, 14, 14, 48, 18, 14, 32, 39, 14, 14, 14, 14, 14, 14, 14, 14, 16, 14, 16, 14, 5, 14, 12, 14, 46, 14, 14, 16, 14, 14, 14, 14, 14, 14, 14, 14, 38, 14, 14, 14, 56, 14, 14, 14, 14, 14, 52, 14, 48, 14, 48, 14, 14, 48, 14, 48, 14, 48, 14, 14, 14, 14, 14, 14, 14, 14, 14, 28, 14, 14, 14, 22, 14, 14, 14, 14, 47, 14, 47, 14, 14, 47, 14, 45, 18, 14, 22, 14, 14, 14, 14, 14, 14, 14, 14, 14, 14, 4, 14, 14, 14, 14, 14, 32, 32, 32, 32, 14, 14, 1, 32, 14, 14, 47, 14, 32, 14, 14, 14, 32, 14, 14, 14, 14, 14, 14, 14, 14, 30, 14, 14, 32, 14, 14, 14, 14, 14, 14, 14, 14, 14, 14, 14, 59, 46, 32, 14, 14, 47, 67, 14, 14, 23, 14, 14, 14, 20, 14, 14, 14, 14, 14, 14, 14, 10, 14, 14, 14, 14, 14, 14, 14, 5, 14, 14, 14, 14, 14, 14, 14, 67, 14, 14, 14, 14, 35, 16, 14, 35, 14, 14, 14, 14, 4, 4, 14, 14, 14, 67, 14, 14, 67, 14, 67, 14, 67, 14, 14, 14, 14, 14, 47, 38, 14, 14, 10, 14, 14, 38, 14, 16, 14, 14, 14, 56, 56, 14, 56, 56, 38, 14, 14, 14, 56, 56, 14, 39, 56, 56, 14, 14, 14, 14, 56, 14, 14, 14, 16, 59, 14, 14, 14, 14, 14, 14, 14, 14, 14, 14, 16, 14, 14, 14, 35, 14, 14, 14, 10, 14, 14, 14, 14, 14, 14, 16, 14, 14, 14, 14, 14, 14, 59, 14, 14, 16, 56, 14, 14, 14, 14, 14, 14, 14, 67, 14, 56, 14, 14, 14, 14, 14, 14, 14, 59, 14, 14, 28, 56, 14, 38, 14, 67, 14, 59, 47, 14, 14, 35, 14, 14, 14, 14, 14, 14, 14, 14, 14, 14, 14, 59, 14, 35, 14, 12, 14, 14, 14, 40, 48, 14, 48, 35, 48, 48, 9, 12, 48, 9, 9, 9, 9, 48, 9, 48, 14, 9, 9, 14, 9, 32, 14, 48, 22, 9, 14, 9, 14, 9, 48, 9, 4, 9, 9, 35, 9, 9, 14, 14, 9, 14, 14, 4, 48, 14, 48, 48, 9, 9, 13, 35, 14, 9, 14, 22, 9, 14, 5, 9, 14, 9, 9, 9, 56, 14, 48, 59, 10, 9, 48, 14, 14, 9, 9, 22, 9, 48, 14, 9, 32, 9, 48, 9, 14, 9, 9, 9, 9, 9, 9, 9, 32, 9, 56, 9, 12, 9, 48, 48, 56, 9, 9, 9, 38, 14, 38, 9, 48, 14, 9, 48, 16, 30, 9, 9, 48, 9, 9, 9, 9, 9, 9, 9, 58, 9, 35, 9, 9, 9, 9, 9, 9, 9, 14, 9, 9, 9, 12, 9, 9, 9, 9, 9, 9, 9, 9, 9, 32, 9, 9, 9, 9, 9, 14, 9, 9, 9, 9, 9, 9, 14, 14, 35, 14, 9, 9, 12, 9, 