{"Run": 6, "K": 159, "WCSSD": 2519.476704665748, "Purity": 0.4354423131978242, "Time": 5.214282035827637, "Kmeans_Labels": [131, 123, 127, 82, 99, 23, 123, 14, 123, 116, 23, 96, 40, 40, 23, 35, 41, 88, 23, 23, 23, 23, 23, 40, 40, 88, 44, 88, 23, 47, 40, 23, 23, 88, 23, 23, 40, 40, 40, 40, 23, 40, 61, 5, 40, 23, 40, 23, 23, 23, 114, 93, 93, 93, 131, 141, 23, 88, 86, 23, 23, 88, 88, 61, 141, 113, 40, 123, 40, 141, 88, 23, 47, 136, 23, 23, 131, 23, 126, 143, 23, 23, 47, 88, 14, 23, 86, 77, 23, 116, 23, 89, 141, 63, 23, 23, 23, 23, 14, 23, 8, 96, 23, 23, 23, 23, 6, 6, 47, 96, 21, 47, 21, 40, 6, 96, 93, 23, 96, 62, 23, 23, 97, 23, 23, 62, 23, 23, 118, 93, 62, 62, 23, 23, 23, 23, 23, 23, 23, 96, 42, 23, 86, 42, 62, 97, 23, 23, 23, 23, 62, 57, 86, 23, 23, 62, 23, 23, 23, 23, 23, 62, 62, 143, 23, 62, 86, 96, 72, 86, 41, 23, 23, 93, 62, 23, 28, 9, 62, 23, 114, 96, 23, 23, 62, 23, 62, 23, 23, 131, 23, 42, 44, 62, 23, 82, 23, 96, 131, 6, 14, 23, 41, 28, 62, 14, 62, 6, 86, 92, 23, 23, 62, 14, 14, 62, 62, 6, 96, 131, 62, 23, 23, 96, 96, 62, 96, 6, 93, 62, 23, 23, 14, 23, 14, 96, 6, 128, 96, 96, 62, 44, 42, 14, 93, 116, 23, 23, 96, 62, 6, 6, 23, 62, 96, 23, 62, 96, 62, 6, 96, 131, 96, 23, 62, 23, 96, 23, 23, 6, 44, 42, 96, 82, 82, 82, 96, 82, 62, 62, 62, 131, 131, 23, 23, 23, 7, 23, 23, 83, 62, 82, 23, 21, 23, 6, 23, 6, 21, 93, 23, 6, 23, 93, 6, 6, 6, 131, 23, 21, 42, 131, 6, 93, 6, 131, 100, 21, 21, 52, 0, 21, 93, 21, 28, 96, 13, 131, 42, 13, 23, 62, 62, 131, 93, 23, 62, 131, 88, 62, 23, 96, 14, 96, 62, 96, 23, 62, 23, 96, 42, 49, 93, 23, 14, 131, 23, 96, 19, 109, 109, 93, 96, 109, 21, 42, 109, 109, 76, 23, 109, 109, 109, 76, 93, 76, 62, 62, 44, 41, 96, 96, 62, 41, 23, 93, 93, 88, 82, 131, 23, 23, 41, 96, 61, 143, 28, 102, 143, 128, 42, 96, 23, 96, 20, 42, 23, 23, 23, 23, 44, 23, 141, 86, 123, 23, 23, 96, 86, 62, 86, 23, 86, 23, 128, 6, 11, 131, 19, 109, 109, 61, 143, 86, 23, 143, 143, 96, 96, 23, 23, 23, 57, 57, 116, 116, 21, 21, 44, 21, 23, 23, 21, 128, 23, 109, 109, 93, 109, 109, 23, 23, 23, 141, 141, 23, 61, 61, 141, 141, 141, 141, 23, 141, 102, 42, 23, 47, 63, 63, 14, 14, 23, 6, 6, 137, 137, 63, 63, 63, 57, 23, 6, 6, 23, 153, 23, 57, 57, 23, 14, 143, 42, 6, 6, 11, 63, 63, 47, 127, 127, 142, 23, 23, 82, 82, 82, 23, 82, 82, 23, 23, 23, 23, 23, 23, 23, 47, 23, 152, 152, 134, 47, 47, 6, 6, 47, 47, 2, 23, 21, 6, 6, 6, 6, 131, 131, 151, 151, 21, 21, 23, 23, 21, 21, 143, 57, 57, 57, 57, 102, 23, 42, 42, 6, 23, 23, 23, 23, 23, 23, 13, 13, 23, 23, 23, 23, 42, 23, 131, 131, 23, 23, 23, 23, 23, 23, 23, 83, 109, 109, 57, 23, 57, 107, 107, 93, 93, 109, 109, 61, 61, 133, 133, 109, 109, 23, 109, 109, 109, 109, 109, 109, 109, 109, 109, 109, 109, 143, 23, 102, 88, 86, 96, 96, 96, 96, 96, 96, 96, 96, 96, 96, 6, 96, 96, 96, 40, 96, 96, 96, 96, 93, 96, 96, 96, 96, 28, 128, 128, 23, 109, 61, 61, 41, 41, 141, 141, 23, 131, 141, 141, 23, 23, 23, 23, 141, 23, 23, 128, 28, 23, 23, 23, 41, 61, 128, 23, 6, 41, 63, 63, 23, 47, 47, 47, 23, 141, 41, 23, 141, 41, 23, 23, 63, 77, 51, 63, 63, 128, 63, 61, 23, 63, 63, 116, 63, 23, 61, 63, 63, 23, 23, 63, 63, 63, 23, 6, 63, 63, 77, 23, 6, 6, 63, 47, 63, 47, 23, 23, 23, 42, 23, 23, 23, 23, 23, 21, 23, 47, 23, 152, 21, 23, 21, 134, 134, 21, 21, 47, 47, 131, 21, 21, 47, 47, 23, 21, 47, 21, 21, 47, 21, 132, 57, 21, 120, 21, 23, 23, 21, 21, 21, 21, 21, 21, 21, 21, 21, 151, 21, 21, 21, 21, 21, 21, 21, 143, 21, 13, 13, 23, 13, 21, 21, 13, 57, 13, 13, 13, 13, 23, 23, 57, 146, 146, 21, 13, 88, 88, 13, 146, 23, 143, 23, 23, 93, 42, 23, 23, 23, 131, 131, 13, 13, 23, 13, 66, 13, 23, 44, 23, 23, 23, 131, 23, 23, 93, 23, 23, 23, 23, 109, 38, 38, 93, 109, 109, 109, 109, 28, 109, 133, 41, 133, 109, 109, 93, 109, 109, 23, 133, 41, 41, 93, 109, 109, 109, 93, 23, 93, 109, 109, 93, 93, 84, 84, 84, 109, 23, 23, 141, 41, 23, 141, 141, 141, 23, 23, 23, 23, 44, 23, 93, 23, 33, 23, 77, 140, 23, 41, 23, 21, 23, 21, 101, 21, 93, 93, 41, 41, 41, 90, 86, 23, 23, 23, 41, 44, 96, 88, 93, 23, 131, 21, 109, 131, 21, 23, 23, 30, 6, 30, 154, 23, 82, 154, 128, 67, 144, 30, 30, 109, 90, 30, 90, 143, 90, 30, 90, 90, 96, 90, 90, 90, 90, 154, 96, 90, 154, 90, 90, 90, 144, 144, 90, 30, 154, 90, 90, 90, 90, 154, 90, 144, 144, 90, 154, 154, 90, 90, 154, 90, 23, 90, 90, 104, 30, 30, 23, 118, 154, 90, 90, 23, 23, 23, 30, 30, 90, 23, 28, 18, 90, 154, 90, 23, 90, 90, 23, 90, 90, 90, 90, 23, 23, 90, 90, 90, 30, 93, 23, 90, 90, 90, 90, 90, 90, 154, 90, 90, 90, 90, 58, 90, 90, 90, 90, 90, 30, 123, 143, 30, 90, 90, 113, 23, 23, 9, 117, 30, 90, 30, 61, 154, 22, 23, 154, 90, 90, 90, 90, 88, 30, 102, 90, 154, 154, 154, 90, 154, 90, 44, 90, 90, 30, 90, 23, 61, 154, 154, 90, 90, 90, 90, 30, 30, 95, 20, 23, 90, 90, 154, 90, 71, 9, 23, 90, 90, 102, 30, 154, 90, 90, 90, 27, 90, 30, 30, 90, 154, 90, 42, 23, 90, 23, 90, 57, 154, 90, 90, 90, 40, 90, 143, 30, 30, 23, 23, 154, 154, 90, 90, 30, 154, 154, 154, 90, 143, 154, 9, 30, 90, 30, 128, 154, 90, 90, 131, 90, 30, 6, 90, 23, 90, 90, 30, 30, 23, 154, 90, 154, 58, 96, 30, 154, 144, 90, 90, 90, 44, 95, 154, 143, 30, 143, 154, 90, 154, 90, 30, 30, 23, 96, 90, 90, 90, 30, 90, 23, 90, 154, 23, 30, 30, 90, 90, 154, 154, 90, 143, 23, 90, 154, 30, 90, 30, 23, 23, 154, 90, 154, 90, 23, 90, 112, 90, 90, 154, 30, 90, 149, 131, 154, 41, 90, 30, 30, 90, 93, 90, 154, 90, 154, 23, 30, 96, 23, 90, 90, 154, 90, 154, 154, 154, 128, 154, 154, 154, 30, 23, 90, 30, 90, 77, 90, 73, 30, 67, 90, 93, 154, 154, 90, 154, 30, 96, 30, 154, 90, 90, 30, 90, 30, 154, 30, 90, 90, 30, 154, 131, 131, 96, 90, 90, 90, 154, 154, 154, 30, 30, 154, 30, 154, 90, 154, 93, 30, 144, 154, 96, 30, 30, 30, 93, 154, 90, 30, 113, 30, 30, 12, 154, 30, 90, 30, 109, 154, 109, 154, 109, 112, 154, 30, 90, 90, 90, 96, 30, 109, 30, 90, 90, 30, 93, 30, 90, 90, 30, 96, 58, 90, 30, 90, 30, 30, 30, 90, 90, 30, 90, 131, 143, 93, 96, 43, 93, 23, 93, 93, 93, 93, 93, 44, 93, 23, 23, 118, 93, 23, 96, 93, 23, 41, 23, 93, 93, 109, 1, 96, 96, 96, 23, 23, 82, 23, 109, 23, 109, 108, 109, 93, 109, 109, 109, 109, 59, 128, 87, 116, 23, 66, 13, 93, 23, 93, 131, 93, 93, 23, 44, 82, 23, 13, 46, 23, 23, 94, 109, 63, 93, 6, 23, 23, 6, 23, 21, 23, 47, 41, 86, 23, 93, 102, 23, 110, 23, 96, 93, 42, 23, 6, 23, 23, 21, 88, 21, 47, 6, 23, 141, 23, 23, 128, 23, 33, 13, 141, 23, 23, 23, 47, 123, 88, 153, 143, 23, 6, 6, 23, 93, 102, 141, 61, 23, 21, 23, 23, 23, 23, 23, 84, 23, 23, 113, 28, 23, 102, 96, 96, 23, 63, 23, 128, 23, 23, 93, 109, 23, 23, 23, 23, 141, 23, 96, 109, 23, 131, 152, 23, 23, 88, 25, 23, 23, 23, 143, 88, 42, 96, 42, 93, 57, 131, 19, 158, 77, 23, 123, 42, 93, 41, 23, 23, 23, 23, 96, 93, 113, 23, 23, 23, 102, 143, 93, 23, 23, 143, 84, 93, 109, 48, 109, 23, 93, 109, 93, 109, 93, 109, 23, 23, 41, 59, 23, 23, 131, 23, 66, 57, 23, 13, 23, 13, 94, 131, 96, 143, 128, 21, 128, 21, 23, 128, 143, 143, 23, 143, 21, 21, 88, 86, 94, 93, 143, 44, 93, 21, 46, 47, 96, 143, 23, 143, 96, 152, 23, 23, 23, 23, 23, 23, 23, 23, 143, 128, 28, 6, 23, 93, 28, 6, 143, 143, 23, 143, 143, 23, 143, 23, 44, 143, 23, 23, 96, 23, 93, 25, 6, 23, 23, 23, 23, 88, 23, 9, 77, 23, 23, 23, 128, 153, 96, 96, 6, 93, 116, 23, 93, 33, 23, 6, 158, 23, 93, 63, 88, 88, 93, 63, 23, 23, 88, 23, 57, 23, 23, 143, 6, 143, 88, 23, 153, 23, 23, 93, 63, 141, 42, 88, 141, 93, 23, 23, 23, 47, 47, 6, 6, 23, 153, 23, 23, 153, 23, 153, 23, 153, 93, 96, 23, 93, 88, 74, 113, 23, 93, 28, 110, 88, 88, 88, 42, 41, 23, 23, 102, 102, 17, 44, 102, 113, 23, 88, 96, 102, 102, 96, 23, 23, 102, 123, 143, 23, 23, 102, 23, 96, 96, 42, 61, 23, 88, 23, 23, 123, 96, 23, 44, 23, 23, 42, 23, 23, 143, 141, 82, 23, 23, 23, 115, 23, 23, 23, 93, 88, 44, 23, 88, 23, 41, 23, 23, 61, 131, 23, 42, 88, 28, 98, 6, 23, 143, 23, 23, 153, 143, 102, 48, 96, 70, 20, 41, 96, 23, 61, 64, 143, 57, 102, 23, 113, 96, 153, 44, 61, 74, 94, 93, 141, 23, 143, 23, 20, 88, 143, 143, 143, 143, 23, 23, 61, 23, 141, 23, 108, 44, 23, 143, 109, 109, 93, 109, 141, 109, 12, 54, 19, 109, 54, 41, 150, 54, 109, 54, 109, 23, 54, 131, 96, 54, 156, 127, 109, 13, 54, 14, 54, 131, 54, 109, 41, 47, 21, 82, 28, 41, 54, 23, 23, 54, 93, 