{"Run": 7, "K": 500, "WCSSD": 2129.139063565034, "Purity": 0.42391429679925113, "Time": 26.376787900924683, "Kmeans_Labels": [227, 362, 10, 88, 10, 288, 362, 466, 362, 10, 10, 444, 197, 197, 477, 10, 184, 184, 10, 386, 10, 10, 230, 404, 367, 184, 10, 320, 22, 108, 10, 10, 386, 184, 372, 226, 197, 197, 444, 197, 10, 174, 477, 222, 197, 73, 367, 81, 477, 149, 452, 230, 230, 230, 227, 68, 10, 362, 148, 88, 10, 184, 184, 172, 68, 362, 197, 362, 197, 68, 184, 477, 108, 372, 411, 184, 449, 10, 106, 477, 10, 10, 108, 184, 466, 10, 372, 86, 184, 10, 21, 230, 154, 65, 477, 10, 184, 10, 466, 10, 125, 411, 10, 153, 153, 174, 174, 153, 108, 411, 160, 108, 160, 197, 227, 411, 50, 319, 99, 71, 10, 184, 71, 88, 10, 400, 184, 88, 482, 477, 71, 71, 426, 10, 10, 427, 10, 10, 184, 401, 320, 88, 88, 386, 71, 71, 192, 10, 10, 88, 71, 253, 372, 386, 406, 201, 10, 10, 88, 477, 349, 71, 71, 293, 303, 71, 254, 39, 37, 372, 10, 10, 10, 230, 71, 10, 172, 477, 71, 10, 452, 119, 186, 186, 71, 463, 71, 10, 10, 470, 10, 320, 328, 71, 10, 88, 10, 229, 10, 330, 466, 184, 10, 172, 71, 466, 71, 466, 66, 10, 184, 409, 466, 466, 466, 71, 71, 10, 487, 320, 466, 411, 10, 444, 39, 71, 10, 444, 230, 71, 10, 99, 334, 10, 466, 10, 10, 222, 10, 10, 71, 39, 179, 249, 230, 466, 99, 10, 229, 71, 174, 493, 10, 236, 230, 399, 71, 10, 71, 10, 10, 265, 444, 10, 153, 493, 229, 153, 10, 172, 488, 174, 39, 372, 174, 372, 10, 372, 71, 153, 71, 227, 227, 477, 174, 174, 356, 153, 190, 482, 165, 174, 10, 174, 493, 174, 147, 325, 10, 386, 477, 174, 10, 493, 493, 174, 174, 174, 10, 160, 320, 227, 493, 493, 330, 227, 39, 160, 174, 386, 160, 160, 230, 160, 172, 444, 10, 185, 320, 10, 386, 71, 71, 227, 230, 10, 71, 227, 184, 71, 10, 39, 182, 229, 71, 230, 10, 71, 477, 73, 182, 424, 230, 73, 444, 10, 10, 37, 64, 337, 346, 184, 230, 337, 230, 320, 72, 453, 109, 477, 346, 346, 72, 124, 72, 124, 71, 457, 99, 99, 10, 230, 71, 189, 10, 230, 230, 184, 88, 10, 10, 15, 10, 39, 380, 272, 172, 85, 10, 222, 320, 10, 88, 184, 230, 4, 10, 10, 50, 10, 39, 10, 68, 372, 91, 477, 493, 229, 372, 71, 372, 10, 372, 372, 222, 153, 10, 10, 64, 346, 346, 477, 39, 372, 386, 335, 335, 386, 386, 10, 88, 472, 253, 253, 10, 10, 499, 499, 10, 160, 444, 444, 10, 222, 386, 346, 346, 10, 337, 337, 10, 10, 10, 460, 460, 10, 68, 68, 88, 68, 68, 68, 88, 77, 85, 320, 10, 108, 10, 10, 466, 466, 10, 484, 484, 10, 10, 65, 65, 373, 253, 10, 10, 10, 434, 314, 10, 253, 253, 230, 466, 12, 320, 25, 25, 10, 65, 65, 311, 10, 10, 184, 122, 122, 372, 372, 372, 105, 372, 30, 153, 230, 30, 153, 153, 30, 230, 108, 10, 378, 378, 174, 137, 137, 493, 493, 108, 108, 160, 444, 160, 493, 493, 160, 160, 10, 10, 204, 204, 160, 160, 153, 153, 56, 451, 10, 128, 128, 128, 128, 85, 10, 479, 479, 444, 477, 477, 316, 316, 316, 316, 218, 218, 10, 377, 10, 10, 320, 73, 73, 73, 73, 73, 386, 10, 73, 10, 10, 383, 346, 346, 253, 230, 253, 145, 145, 72, 72, 72, 72, 243, 243, 337, 337, 72, 72, 477, 233, 233, 72, 72, 72, 72, 72, 346, 209, 209, 346, 10, 10, 85, 184, 372, 63, 63, 63, 63, 63, 402, 63, 63, 63, 444, 444, 63, 63, 63, 197, 40, 63, 63, 405, 230, 63, 63, 63, 63, 172, 222, 222, 10, 337, 74, 74, 68, 68, 460, 460, 184, 227, 68, 68, 184, 10, 10, 10, 77, 409, 92, 222, 172, 88, 10, 10, 99, 477, 222, 10, 88, 362, 252, 252, 10, 252, 252, 108, 10, 68, 24, 10, 68, 159, 10, 10, 65, 86, 65, 65, 65, 222, 65, 477, 99, 373, 80, 65, 65, 10, 477, 65, 65, 18, 18, 65, 65, 65, 10, 25, 65, 65, 86, 10, 25, 25, 65, 311, 222, 20, 372, 372, 153, 320, 153, 10, 48, 153, 10, 240, 48, 153, 10, 378, 160, 153, 160, 378, 160, 160, 250, 108, 108, 227, 160, 160, 108, 108, 10, 160, 108, 227, 167, 108, 160, 10, 253, 160, 160, 160, 333, 10, 160, 104, 104, 129, 160, 160, 160, 129, 160, 480, 129, 129, 115, 115, 432, 129, 477, 207, 115, 180, 180, 492, 439, 477, 477, 205, 216, 180, 180, 180, 205, 477, 477, 216, 353, 353, 489, 220, 321, 321, 220, 181, 10, 184, 10, 99, 99, 10, 99, 96, 10, 73, 73, 199, 199, 10, 51, 99, 10, 139, 224, 369, 10, 10, 230, 200, 200, 99, 10, 10, 10, 10, 346, 381, 381, 99, 72, 346, 337, 72, 163, 35, 337, 10, 337, 243, 35, 10, 243, 243, 10, 337, 477, 477, 99, 241, 269, 241, 10, 10, 160, 346, 72, 369, 411, 99, 99, 99, 336, 123, 99, 68, 10, 10, 68, 386, 68, 10, 10, 329, 10, 55, 230, 10, 10, 86, 184, 244, 10, 53, 10, 10, 134, 458, 160, 39, 99, 350, 230, 99, 477, 99, 19, 372, 114, 184, 10, 10, 10, 37, 361, 230, 305, 227, 160, 156, 227, 160, 113, 138, 36, 10, 364, 285, 10, 238, 285, 284, 285, 178, 364, 364, 414, 67, 364, 19, 83, 19, 19, 19, 19, 280, 19, 19, 19, 19, 285, 230, 19, 285, 19, 19, 19, 178, 178, 19, 364, 285, 19, 173, 19, 19, 285, 19, 178, 178, 19, 285, 285, 19, 19, 285, 19, 10, 19, 386, 19, 364, 364, 113, 482, 285, 19, 19, 436, 370, 10, 364, 19, 19, 490, 172, 285, 19, 285, 19, 410, 416, 19, 10, 19, 19, 118, 19, 113, 10, 19, 19, 416, 364, 457, 386, 144, 19, 19, 19, 19, 19, 285, 19, 19, 19, 41, 212, 19, 19, 19, 19, 19, 364, 362, 12, 212, 19, 19, 372, 10, 10, 16, 10, 364, 19, 364, 10, 285, 19, 230, 178, 19, 19, 332, 19, 120, 455, 85, 112, 285, 285, 285, 19, 301, 19, 328, 19, 19, 364, 19, 339, 10, 285, 285, 19, 19, 328, 19, 364, 364, 86, 230, 10, 294, 19, 285, 42, 19, 477, 138, 19, 19, 85, 355, 285, 19, 328, 19, 19, 19, 364, 364, 19, 285, 19, 320, 10, 19, 10, 19, 19, 285, 212, 19, 19, 144, 19, 10, 364, 364, 10, 20, 285, 285, 19, 19, 364, 285, 285, 285, 19, 10, 285, 16, 36, 19, 58, 222, 285, 282, 19, 463, 11, 364, 10, 19, 10, 343, 19, 364, 364, 39, 285, 19, 285, 212, 230, 364, 285, 212, 19, 19, 19, 328, 86, 285, 207, 364, 12, 285, 19, 212, 19, 364, 364, 53, 99, 19, 19, 19, 364, 19, 10, 19, 285, 10, 364, 364, 19, 19, 285, 57, 19, 12, 10, 19, 238, 364, 19, 364, 477, 153, 285, 19, 285, 19, 477, 19, 39, 153, 19, 285, 364, 19, 285, 227, 308, 230, 19, 364, 364, 19, 308, 19, 285, 19, 285, 10, 19, 230, 10, 225, 19, 285, 19, 285, 285, 285, 284, 285, 285, 285, 364, 158, 308, 364, 37, 86, 19, 19, 364, 285, 19, 481, 285, 285, 19, 324, 364, 10, 364, 285, 19, 19, 364, 19, 364, 285, 364, 69, 445, 445, 285, 97, 386, 386, 19, 19, 19, 170, 285, 285, 364, 364, 285, 364, 285, 19, 285, 490, 364, 178, 285, 10, 364, 364, 364, 308, 285, 19, 364, 372, 364, 364, 364, 285, 364, 19, 364, 337, 285, 414, 285, 346, 39, 285, 364, 19, 19, 67, 10, 364, 241, 364, 19, 19, 364, 10, 308, 19, 19, 364, 338, 212, 19, 364, 19, 364, 364, 364, 19, 19, 364, 19, 386, 184, 230, 39, 289, 230, 257, 230, 230, 230, 230, 10, 328, 230, 10, 88, 482, 230, 10, 444, 230, 10, 469, 88, 230, 230, 337, 372, 39, 39, 39, 305, 10, 45, 10, 264, 477, 346, 45, 346, 184, 10, 337, 72, 337, 444, 222, 362, 10, 10, 99, 205, 230, 493, 90, 73, 481, 10, 53, 184, 88, 168, 213, 10, 10, 10, 477, 99, 373, 103, 444, 10, 153, 10, 10, 160, 88, 108, 99, 184, 375, 10, 85, 105, 10, 184, 431, 206, 320, 153, 211, 10, 10, 160, 184, 99, 252, 444, 10, 68, 236, 88, 222, 184, 86, 180, 68, 10, 153, 399, 307, 184, 386, 13, 49, 73, 10, 365, 474, 72, 85, 59, 74, 10, 477, 10, 10, 10, 10, 99, 337, 10, 10, 184, 342, 10, 215, 444, 262, 10, 208, 475, 222, 10, 174, 10, 473, 10, 136, 130, 10, 398, 10, 395, 72, 429, 227, 378, 231, 486, 471, 478, 10, 202, 184, 10, 184, 320, 184, 320, 10, 253, 227, 64, 99, 86, 172, 362, 320, 10, 477, 10, 184, 10, 477, 477, 39, 184, 10, 169, 290, 85, 10, 184, 184, 477, 195, 337, 10, 72, 183, 346, 10, 103, 10, 10, 72, 481, 346, 99, 399, 99, 444, 10, 10, 73, 10, 99, 253, 10, 213, 10, 205, 477, 227, 477, 382, 222, 160, 222, 204, 477, 222, 230, 53, 429, 83, 160, 99, 5, 184, 477, 481, 83, 230, 90, 160, 10, 108, 39, 287, 184, 83, 39, 378, 153, 153, 375, 10, 392, 10, 105, 493, 287, 222, 172, 211, 372, 39, 342, 174, 10, 106, 10, 184, 49, 399, 184, 53, 84, 10, 184, 174, 39, 10, 230, 478, 365, 236, 10, 10, 444, 210, 169, 235, 86, 153, 39, 184, 222, 13, 444, 431, 444, 230, 10, 184, 99, 86, 99, 444, 99, 184, 206, 373, 386, 184, 412, 65, 10, 10, 471, 10, 253, 348, 10, 408, 10, 207, 184, 10, 13, 10, 184, 10, 208, 68, 320, 471, 68, 10, 10, 10, 10, 307, 252, 10, 10, 10, 13, 172, 171, 13, 486, 13, 10, 13, 39, 37, 10, 230, 184, 222, 188, 477, 10, 172, 10, 184, 184, 172, 320, 150, 