{"Run": 11, "K": 371, "WCSSD": 2237.1928103630494, "Purity": 0.38848689559900207, "Time": 20.06978988647461, "Kmeans_Labels": [333, 76, 171, 183, 17, 17, 76, 40, 76, 17, 17, 86, 287, 287, 17, 17, 154, 224, 1, 152, 17, 17, 17, 287, 20, 224, 17, 224, 152, 17, 234, 17, 306, 224, 24, 17, 234, 234, 86, 234, 289, 26, 97, 111, 234, 254, 20, 17, 232, 17, 17, 289, 289, 17, 333, 79, 17, 224, 161, 17, 351, 224, 194, 6, 79, 216, 234, 253, 234, 79, 224, 17, 17, 17, 34, 17, 333, 17, 154, 208, 17, 17, 304, 224, 40, 17, 17, 157, 17, 17, 17, 17, 79, 132, 17, 26, 17, 17, 40, 17, 40, 34, 17, 269, 269, 26, 26, 269, 17, 34, 60, 60, 60, 234, 304, 34, 36, 17, 163, 62, 163, 163, 309, 163, 17, 62, 163, 17, 167, 36, 62, 62, 17, 163, 163, 152, 163, 163, 163, 163, 39, 17, 17, 152, 62, 309, 17, 163, 17, 17, 62, 37, 17, 152, 163, 62, 258, 163, 17, 163, 163, 62, 62, 276, 26, 62, 164, 36, 143, 17, 154, 17, 17, 289, 62, 35, 95, 360, 347, 17, 163, 163, 17, 17, 62, 17, 62, 17, 17, 289, 318, 39, 163, 238, 163, 163, 108, 36, 17, 304, 40, 163, 154, 95, 247, 40, 141, 93, 17, 247, 163, 208, 128, 40, 40, 62, 62, 304, 205, 80, 40, 34, 17, 86, 36, 62, 163, 304, 289, 62, 163, 17, 40, 17, 40, 36, 304, 152, 163, 163, 62, 163, 39, 40, 289, 40, 296, 17, 36, 62, 304, 304, 17, 62, 289, 17, 62, 163, 62, 304, 163, 17, 86, 171, 62, 17, 36, 26, 36, 304, 163, 26, 348, 163, 26, 163, 365, 163, 225, 62, 62, 333, 333, 163, 26, 26, 95, 269, 26, 310, 62, 26, 17, 60, 269, 26, 163, 26, 60, 152, 58, 26, 17, 361, 269, 26, 160, 26, 17, 60, 39, 333, 269, 102, 304, 333, 254, 60, 60, 152, 60, 60, 289, 60, 95, 86, 17, 333, 39, 60, 152, 62, 62, 333, 289, 17, 62, 333, 224, 62, 163, 163, 39, 36, 62, 163, 254, 62, 163, 254, 7, 163, 289, 254, 86, 208, 171, 143, 57, 210, 268, 17, 254, 210, 60, 39, 201, 268, 62, 163, 268, 268, 201, 62, 201, 62, 62, 62, 163, 154, 163, 289, 62, 354, 17, 289, 289, 224, 17, 17, 17, 232, 154, 348, 97, 17, 95, 25, 17, 246, 331, 163, 17, 163, 17, 39, 17, 17, 17, 17, 163, 17, 79, 17, 76, 17, 269, 36, 17, 62, 321, 17, 17, 17, 111, 269, 17, 60, 57, 268, 83, 97, 254, 17, 17, 119, 119, 134, 134, 17, 17, 17, 37, 37, 304, 304, 60, 60, 60, 73, 86, 86, 60, 30, 152, 268, 268, 17, 210, 210, 17, 17, 17, 79, 79, 164, 6, 6, 79, 79, 79, 79, 17, 79, 25, 39, 17, 126, 192, 192, 40, 40, 17, 304, 304, 356, 356, 132, 132, 132, 37, 17, 304, 304, 208, 32, 17, 85, 85, 17, 40, 208, 39, 156, 156, 17, 132, 132, 17, 171, 171, 208, 17, 17, 17, 17, 17, 269, 17, 17, 269, 36, 269, 269, 269, 269, 36, 269, 17, 308, 308, 26, 126, 126, 269, 269, 60, 60, 304, 86, 60, 269, 269, 304, 304, 17, 17, 99, 99, 99, 99, 17, 17, 60, 99, 208, 37, 37, 37, 37, 25, 17, 103, 103, 322, 23, 23, 209, 209, 112, 112, 130, 130, 17, 17, 17, 17, 39, 254, 254, 254, 7, 7, 17, 254, 254, 284, 284, 163, 268, 268, 37, 17, 37, 298, 298, 364, 364, 201, 201, 109, 109, 210, 210, 210, 210, 152, 268, 268, 201, 201, 201, 201, 201, 201, 210, 210, 268, 208, 17, 25, 78, 17, 368, 368, 368, 368, 368, 368, 368, 368, 368, 86, 86, 368, 245, 368, 234, 368, 368, 368, 129, 289, 368, 368, 368, 368, 95, 111, 111, 17, 210, 329, 329, 154, 154, 79, 79, 17, 333, 79, 79, 164, 316, 17, 316, 79, 208, 17, 111, 95, 17, 285, 17, 17, 42, 111, 17, 304, 154, 132, 132, 17, 132, 132, 17, 17, 192, 154, 17, 79, 208, 17, 17, 132, 323, 132, 132, 132, 111, 304, 97, 17, 132, 132, 304, 132, 155, 97, 132, 304, 208, 208, 132, 304, 132, 13, 156, 132, 132, 157, 17, 156, 156, 132, 17, 8, 126, 17, 17, 269, 39, 269, 171, 269, 269, 17, 60, 269, 269, 269, 308, 60, 295, 60, 308, 60, 60, 60, 327, 126, 269, 60, 60, 60, 327, 17, 345, 327, 9, 60, 60, 60, 17, 37, 60, 60, 60, 163, 17, 60, 60, 60, 99, 99, 99, 60, 99, 60, 99, 99, 99, 296, 296, 60, 99, 60, 208, 296, 296, 296, 17, 341, 60, 60, 146, 37, 182, 182, 190, 146, 23, 23, 37, 60, 60, 212, 60, 49, 49, 60, 208, 17, 254, 17, 208, 208, 39, 17, 251, 254, 254, 254, 60, 60, 284, 296, 208, 107, 208, 163, 208, 17, 17, 17, 17, 17, 17, 50, 50, 17, 17, 268, 349, 349, 208, 201, 268, 210, 364, 95, 268, 210, 154, 210, 109, 268, 17, 109, 109, 17, 210, 346, 346, 17, 240, 268, 240, 17, 17, 208, 268, 201, 208, 34, 17, 17, 17, 268, 152, 17, 79, 136, 17, 79, 152, 79, 17, 17, 31, 17, 17, 208, 164, 17, 157, 17, 157, 171, 171, 154, 17, 60, 269, 60, 308, 60, 163, 254, 154, 154, 154, 22, 254, 17, 17, 17, 154, 17, 143, 56, 289, 15, 333, 60, 268, 333, 60, 264, 17, 311, 304, 325, 257, 153, 269, 257, 111, 257, 257, 325, 325, 268, 125, 325, 22, 208, 22, 22, 22, 22, 52, 22, 22, 22, 55, 18, 36, 22, 257, 22, 22, 22, 22, 36, 22, 311, 18, 22, 22, 22, 22, 18, 22, 36, 36, 22, 257, 257, 22, 22, 18, 22, 254, 22, 18, 22, 325, 325, 264, 167, 257, 22, 22, 254, 332, 17, 311, 325, 22, 289, 95, 257, 22, 193, 22, 17, 22, 22, 17, 22, 317, 22, 22, 264, 17, 22, 22, 67, 113, 289, 152, 20, 22, 22, 22, 22, 22, 257, 22, 100, 22, 22, 164, 22, 244, 22, 22, 22, 325, 76, 254, 325, 22, 22, 216, 17, 5, 360, 17, 325, 22, 325, 6, 18, 22, 270, 257, 325, 22, 104, 22, 224, 325, 25, 22, 257, 257, 257, 22, 257, 22, 17, 22, 22, 325, 22, 17, 97, 169, 257, 94, 22, 22, 22, 325, 311, 157, 163, 17, 22, 22, 257, 22, 67, 360, 17, 230, 22, 25, 325, 257, 22, 22, 22, 22, 22, 325, 325, 22, 196, 22, 39, 17, 22, 18, 22, 37, 196, 22, 22, 22, 20, 22, 36, 325, 325, 164, 186, 18, 18, 22, 22, 325, 257, 196, 257, 22, 17, 18, 172, 311, 22, 267, 111, 257, 22, 22, 289, 22, 325, 304, 22, 17, 22, 22, 325, 325, 17, 196, 22, 257, 164, 36, 342, 257, 22, 22, 22, 22, 163, 157, 196, 208, 325, 208, 257, 22, 18, 22, 325, 325, 171, 52, 22, 22, 22, 325, 22, 153, 22, 257, 17, 325, 325, 22, 22, 257, 18, 231, 17, 17, 22, 257, 325, 22, 71, 330, 269, 257, 22, 257, 22, 17, 22, 289, 186, 22, 257, 325, 22, 18, 333, 18, 154, 22, 325, 325, 22, 117, 22, 257, 22, 257, 17, 325, 289, 289, 22, 22, 257, 22, 257, 257, 261, 111, 281, 18, 257, 325, 17, 22, 325, 143, 157, 22, 22, 325, 257, 22, 163, 257, 257, 18, 257, 325, 301, 325, 257, 22, 22, 325, 22, 325, 257, 325, 22, 125, 325, 257, 208, 152, 152, 22, 22, 22, 257, 257, 257, 325, 325, 18, 325, 257, 22, 257, 289, 249, 257, 257, 17, 66, 325, 325, 117, 257, 22, 325, 48, 325, 325, 325, 257, 325, 22, 325, 210, 257, 268, 257, 91, 289, 175, 325, 188, 22, 125, 17, 363, 240, 325, 22, 22, 325, 17, 117, 325, 293, 325, 36, 164, 22, 325, 22, 325, 325, 325, 22, 22, 325, 22, 134, 239, 289, 36, 36, 289, 17, 289, 289, 289, 289, 289, 163, 289, 17, 17, 167, 289, 307, 86, 289, 17, 154, 269, 289, 289, 210, 17, 36, 36, 36, 15, 17, 200, 254, 268, 27, 268, 200, 268, 254, 101, 210, 201, 210, 86, 111, 76, 304, 254, 208, 146, 17, 288, 17, 254, 302, 201, 171, 289, 28, 17, 333, 17, 17, 189, 17, 208, 132, 201, 86, 17, 17, 304, 17, 60, 171, 60, 298, 17, 269, 289, 25, 17, 17, 17, 86, 17, 39, 269, 86, 17, 17, 99, 224, 60, 132, 86, 254, 11, 17, 176, 111, 17, 157, 296, 192, 98, 269, 289, 17, 218, 152, 32, 254, 254, 304, 86, 17, 201, 25, 27, 329, 17, 60, 17, 17, 17, 163, 17, 210, 17, 17, 326, 95, 17, 25, 86, 289, 17, 132, 17, 111, 147, 26, 17, 0, 17, 54, 133, 17, 105, 17, 164, 201, 43, 333, 308, 271, 139, 224, 164, 17, 17, 17, 17, 217, 39, 289, 184, 17, 177, 333, 121, 140, 157, 315, 76, 39, 17, 154, 17, 17, 17, 17, 36, 163, 216, 17, 17, 17, 25, 289, 17, 17, 27, 36, 210, 17, 201, 60, 268, 17, 201, 101, 201, 201, 302, 268, 17, 17, 298, 86, 17, 17, 254, 254, 208, 37, 17, 333, 17, 146, 17, 333, 36, 208, 111, 60, 111, 99, 164, 111, 208, 171, 43, 163, 99, 60, 123, 17, 17, 163, 110, 164, 17, 60, 17, 60, 254, 208, 17, 110, 339, 308, 269, 269, 269, 17, 17, 17, 17, 288, 208, 111, 95, 86, 24, 36, 95, 26, 17, 173, 289, 36, 254, 17, 163, 171, 164, 171, 163, 26, 289, 147, 289, 164, 86, 17, 17, 17, 262, 224, 17, 360, 157, 17, 254, 17, 111, 32, 86, 86, 86, 17, 304, 17, 289, 157, 17, 86, 140, 17, 17, 132, 152, 224, 17, 115, 17, 17, 224, 17, 177, 17, 189, 110, 304, 151, 224, 17, 32, 340, 17, 17, 132, 192, 39, 224, 11, 59, 17, 17, 17, 17, 132, 304, 304, 163, 32, 315, 139, 32, 139, 32, 353, 32, 163, 143, 254, 289, 224, 111, 216, 17, 17, 95, 17, 224, 216, 224, 39, 154, 17, 171, 25, 25, 36, 76, 25, 326, 17, 224, 44, 25, 25, 289, 271, 54, 25, 76, 17, 17, 17, 25, 17, 36, 82, 184, 97, 289, 