{"Run": 1, "K": 467, "WCSSD": 2148.947773969367, "Purity": 0.40755607134266686, "Time": 26.65512204170227, "Kmeans_Labels": [1, 262, 189, 418, 1, 1, 262, 153, 262, 86, 1, 392, 385, 385, 47, 1, 324, 1, 1, 121, 1, 1, 1, 385, 56, 1, 1, 30, 121, 1, 385, 1, 121, 371, 1, 56, 385, 385, 392, 385, 56, 385, 17, 97, 385, 1, 385, 1, 47, 1, 103, 359, 359, 190, 1, 296, 100, 262, 92, 418, 1, 1, 1, 31, 296, 133, 385, 420, 385, 72, 432, 47, 1, 1, 164, 438, 305, 1, 371, 1, 1, 47, 423, 135, 308, 356, 1, 443, 1, 1, 316, 381, 296, 86, 47, 1, 5, 1, 76, 204, 308, 164, 1, 223, 223, 48, 462, 223, 1, 164, 93, 93, 445, 385, 250, 164, 126, 1, 3, 169, 1, 84, 169, 418, 1, 169, 56, 418, 366, 56, 169, 63, 10, 3, 260, 121, 1, 1, 1, 1, 30, 418, 418, 121, 169, 169, 1, 1, 1, 418, 169, 95, 1, 1, 1, 169, 1, 1, 418, 47, 1, 169, 169, 1, 1, 169, 1, 56, 287, 1, 230, 1, 1, 359, 169, 100, 31, 15, 169, 3, 103, 3, 1, 3, 169, 398, 169, 1, 3, 398, 1, 30, 96, 169, 260, 418, 1, 172, 1, 250, 308, 1, 371, 31, 169, 308, 169, 285, 1, 1, 1, 1, 308, 308, 323, 169, 169, 250, 392, 30, 308, 164, 260, 392, 1, 437, 1, 250, 359, 169, 1, 75, 308, 1, 308, 86, 250, 102, 3, 1, 169, 398, 30, 308, 359, 308, 1, 160, 172, 169, 128, 283, 168, 105, 3, 388, 100, 1, 169, 250, 234, 250, 392, 229, 279, 47, 172, 223, 1, 250, 398, 48, 143, 33, 48, 123, 234, 123, 169, 223, 169, 1, 359, 47, 48, 48, 31, 223, 48, 366, 169, 48, 1, 48, 48, 48, 1, 48, 1, 214, 52, 269, 355, 206, 48, 48, 48, 48, 266, 93, 30, 359, 250, 1, 250, 359, 1, 93, 93, 121, 250, 427, 359, 309, 31, 392, 250, 361, 30, 1, 102, 169, 169, 1, 359, 1, 169, 1, 1, 16, 1, 234, 381, 172, 169, 359, 1, 169, 47, 1, 381, 1, 359, 381, 392, 1, 336, 287, 20, 110, 110, 1, 1, 110, 110, 30, 367, 110, 461, 406, 110, 142, 10, 461, 0, 461, 169, 169, 1, 371, 234, 56, 169, 371, 310, 359, 359, 1, 418, 398, 1, 47, 371, 143, 163, 260, 31, 361, 1, 97, 30, 1, 418, 234, 99, 30, 1, 56, 126, 1, 398, 80, 296, 1, 262, 1, 48, 172, 289, 169, 1, 1, 1, 1, 97, 223, 1, 93, 20, 110, 110, 17, 260, 1, 1, 47, 47, 102, 102, 1, 418, 409, 95, 95, 250, 250, 93, 93, 21, 93, 392, 392, 289, 129, 121, 289, 289, 1, 110, 110, 289, 289, 200, 296, 296, 102, 296, 296, 396, 293, 293, 296, 418, 296, 361, 30, 1, 250, 86, 86, 308, 308, 86, 86, 86, 1, 1, 86, 86, 86, 95, 1, 250, 250, 103, 62, 1, 95, 95, 3, 308, 193, 30, 250, 250, 1, 86, 86, 223, 189, 189, 1, 1, 1, 1, 1, 47, 408, 33, 418, 223, 35, 223, 223, 223, 223, 35, 86, 418, 300, 300, 134, 93, 93, 265, 265, 93, 93, 250, 392, 93, 48, 48, 250, 250, 3, 3, 364, 364, 93, 93, 223, 223, 454, 118, 3, 312, 312, 312, 312, 361, 1, 30, 30, 329, 341, 341, 268, 268, 337, 337, 1, 1, 3, 1, 33, 33, 391, 154, 381, 381, 381, 381, 1, 192, 1, 1, 1, 366, 110, 110, 104, 403, 104, 289, 289, 0, 0, 253, 253, 10, 10, 253, 253, 281, 281, 47, 110, 110, 281, 281, 253, 253, 147, 242, 110, 110, 253, 1, 260, 361, 47, 172, 12, 12, 12, 12, 12, 12, 12, 12, 12, 49, 368, 12, 12, 12, 385, 12, 12, 12, 12, 359, 12, 202, 12, 375, 31, 1, 97, 1, 110, 17, 17, 371, 371, 296, 296, 56, 1, 296, 296, 56, 1, 1, 1, 296, 1, 418, 97, 31, 418, 1, 1, 38, 17, 97, 1, 250, 371, 86, 86, 1, 86, 86, 1, 260, 296, 371, 1, 296, 1, 1, 1, 86, 107, 167, 86, 86, 97, 86, 114, 103, 86, 86, 318, 86, 86, 114, 86, 86, 86, 103, 326, 86, 326, 1, 250, 86, 86, 107, 1, 250, 250, 86, 86, 86, 313, 1, 1, 223, 30, 122, 229, 122, 223, 340, 93, 122, 223, 1, 134, 93, 428, 134, 134, 134, 134, 134, 125, 93, 223, 93, 93, 93, 125, 1, 93, 125, 93, 93, 93, 93, 1, 441, 93, 93, 93, 1, 1, 93, 93, 93, 93, 93, 93, 93, 93, 93, 289, 93, 93, 93, 93, 93, 93, 93, 74, 93, 278, 278, 234, 270, 93, 93, 7, 95, 278, 278, 278, 7, 421, 421, 95, 93, 93, 93, 93, 314, 314, 93, 1, 33, 88, 33, 33, 289, 33, 33, 3, 289, 258, 258, 93, 93, 289, 1, 289, 1, 138, 398, 289, 1, 1, 56, 33, 33, 289, 33, 33, 33, 33, 110, 110, 110, 289, 253, 252, 110, 0, 31, 110, 10, 371, 10, 10, 110, 10, 10, 10, 1, 10, 10, 10, 10, 110, 110, 110, 10, 289, 93, 110, 253, 289, 164, 10, 10, 10, 110, 354, 289, 296, 371, 56, 296, 121, 296, 100, 33, 1, 1, 1, 403, 352, 1, 32, 1, 107, 1, 229, 233, 1, 1, 223, 93, 134, 440, 359, 1, 371, 371, 371, 217, 1, 418, 267, 3, 371, 3, 287, 371, 359, 1, 1, 93, 110, 1, 93, 260, 103, 82, 1, 82, 50, 176, 223, 50, 351, 29, 29, 82, 83, 110, 27, 82, 120, 234, 277, 82, 217, 217, 78, 217, 217, 217, 217, 50, 289, 217, 50, 217, 217, 217, 29, 29, 217, 82, 50, 217, 217, 217, 217, 50, 217, 29, 29, 178, 50, 50, 217, 217, 50, 217, 1, 217, 217, 217, 436, 82, 260, 366, 50, 217, 217, 103, 345, 1, 82, 272, 217, 383, 31, 50, 276, 50, 217, 1, 217, 217, 1, 217, 217, 217, 217, 1, 1, 217, 217, 217, 82, 359, 121, 120, 217, 217, 217, 217, 217, 216, 217, 217, 217, 217, 3, 217, 217, 217, 217, 217, 82, 262, 1, 82, 79, 217, 133, 56, 246, 15, 1, 82, 217, 82, 17, 50, 217, 45, 29, 217, 217, 456, 217, 1, 82, 361, 217, 363, 50, 50, 217, 69, 217, 96, 217, 217, 82, 217, 1, 17, 50, 50, 217, 217, 96, 217, 82, 82, 107, 33, 1, 217, 217, 50, 217, 217, 15, 103, 217, 217, 109, 82, 50, 217, 96, 217, 217, 217, 82, 82, 217, 24, 217, 30, 1, 217, 1, 217, 343, 24, 217, 217, 217, 385, 217, 260, 83, 82, 1, 313, 50, 50, 217, 217, 82, 218, 24, 50, 217, 260, 50, 15, 82, 217, 82, 124, 50, 217, 217, 398, 217, 82, 1, 217, 1, 217, 196, 82, 82, 1, 24, 217, 117, 3, 172, 82, 50, 251, 217, 217, 120, 96, 334, 24, 155, 82, 1, 50, 217, 82, 217, 82, 82, 229, 78, 217, 217, 217, 82, 217, 176, 217, 50, 1, 82, 82, 217, 217, 137, 50, 307, 260, 260, 217, 50, 82, 419, 82, 369, 223, 50, 217, 358, 217, 47, 410, 144, 223, 217, 50, 82, 217, 50, 93, 261, 371, 55, 235, 82, 217, 453, 217, 50, 217, 50, 116, 217, 359, 383, 217, 405, 50, 217, 50, 50, 50, 351, 50, 50, 50, 82, 1, 453, 82, 287, 87, 217, 217, 82, 29, 217, 172, 50, 50, 217, 50, 82, 56, 82, 50, 217, 217, 82, 217, 82, 50, 379, 217, 102, 82, 50, 1, 102, 121, 217, 217, 217, 50, 50, 50, 82, 82, 50, 222, 50, 373, 50, 383, 82, 29, 50, 1, 82, 82, 82, 453, 220, 217, 82, 133, 83, 82, 171, 358, 82, 217, 82, 110, 358, 110, 358, 110, 144, 50, 82, 217, 217, 27, 234, 332, 110, 344, 197, 217, 82, 10, 197, 217, 217, 251, 172, 3, 217, 82, 217, 82, 82, 82, 120, 217, 82, 217, 102, 227, 359, 47, 56, 359, 1, 359, 359, 359, 359, 273, 181, 359, 442, 418, 366, 359, 430, 392, 359, 234, 371, 418, 359, 359, 110, 1, 280, 280, 280, 1, 1, 33, 1, 110, 26, 433, 33, 110, 33, 10, 110, 10, 110, 392, 97, 262, 1, 1, 289, 7, 33, 1, 463, 2, 56, 10, 213, 56, 418, 1, 115, 349, 1, 322, 47, 10, 86, 10, 392, 1, 466, 380, 338, 93, 418, 93, 56, 289, 195, 1, 361, 408, 260, 1, 392, 1, 30, 223, 130, 37, 1, 93, 1, 440, 86, 392, 64, 296, 105, 418, 97, 298, 32, 177, 296, 1, 223, 3, 13, 56, 23, 62, 260, 289, 380, 392, 1, 0, 361, 18, 17, 328, 93, 357, 1, 1, 10, 289, 10, 1, 1, 133, 103, 357, 361, 392, 384, 1, 86, 260, 97, 1, 1, 1, 281, 1, 299, 1, 1, 296, 382, 56, 253, 1, 1, 134, 121, 1, 371, 237, 347, 418, 1, 260, 175, 30, 56, 30, 422, 95, 1, 20, 1, 107, 182, 262, 30, 10, 371, 3, 209, 203, 1, 3, 56, 133, 1, 1, 47, 361, 172, 10, 1, 26, 458, 10, 10, 10, 93, 110, 3, 10, 10, 10, 253, 56, 433, 289, 388, 56, 392, 1, 203, 2, 1, 289, 95, 328, 115, 338, 7, 47, 1, 3, 448, 97, 93, 97, 93, 214, 97, 172, 229, 1, 108, 93, 440, 1, 289, 1, 56, 108, 359, 463, 93, 349, 93, 131, 303, 298, 108, 359, 134, 223, 223, 195, 1, 1, 1, 408, 1, 108, 97, 31, 130, 56, 3, 103, 224, 1, 108, 172, 234, 260, 388, 47, 213, 359, 229, 1, 1, 234, 1, 359, 237, 392, 105, 1, 234, 392, 56, 1, 15, 107, 466, 61, 1, 362, 62, 392, 392, 392, 1, 1, 1, 56, 32, 1, 392, 1, 209, 1, 86, 23, 1, 170, 86, 1, 260, 371, 1, 95, 1, 322, 108, 68, 155, 250, 1, 215, 1, 1, 422, 86, 296, 30, 314, 296, 1, 1, 1, 1, 13, 86, 380, 380, 10, 62, 182, 1, 215, 1, 62, 100, 215, 56, 287, 64, 359, 39, 264, 133, 1, 1, 102, 260, 175, 133, 31, 30, 371, 260, 418, 67, 361, 56, 398, 361, 133, 1, 245, 56, 361, 330, 152, 121, 299, 361, 262, 260, 1, 260, 361, 56, 56, 291, 30, 17, 3, 1, 1, 418, 56, 56, 37, 56, 1, 1, 30, 1, 234, 172, 296, 418, 418, 442, 256, 57, 47, 47, 1, 4, 175, 398, 1, 1, 260, 371, 418, 347, 17, 1, 382, 30, 1, 31, 1, 68, 1, 155, 61, 1, 62, 47, 330, 93, 78, 6, 33, 371, 359, 47, 17, 56, 448, 95, 361, 56, 133, 131, 62, 446, 17, 