{"Run": 10, "K": 467, "WCSSD": 2123.9068117616293, "Purity": 0.5110220440881763, "Time": 26.555920839309692, "Kmeans_Labels": [7, 323, 341, 7, 7, 128, 50, 283, 328, 349, 7, 328, 162, 66, 316, 306, 456, 60, 410, 328, 7, 45, 120, 66, 392, 60, 333, 60, 148, 95, 66, 7, 457, 60, 328, 310, 66, 66, 309, 66, 329, 200, 31, 278, 66, 7, 66, 423, 422, 422, 371, 128, 128, 151, 422, 392, 65, 60, 2, 7, 410, 60, 231, 31, 7, 52, 66, 50, 66, 60, 60, 422, 7, 328, 119, 422, 7, 7, 456, 7, 7, 208, 420, 60, 283, 7, 423, 24, 7, 7, 7, 328, 263, 264, 422, 7, 328, 7, 283, 7, 283, 119, 7, 391, 391, 200, 200, 391, 7, 146, 80, 80, 80, 257, 7, 119, 29, 7, 7, 339, 7, 179, 39, 328, 392, 39, 328, 328, 269, 456, 39, 315, 456, 7, 29, 102, 328, 328, 328, 241, 118, 249, 249, 102, 39, 39, 7, 7, 410, 185, 64, 240, 296, 102, 7, 407, 7, 423, 7, 422, 207, 39, 39, 7, 7, 39, 296, 177, 141, 296, 456, 7, 7, 128, 39, 410, 378, 41, 39, 7, 371, 7, 7, 7, 39, 63, 39, 410, 7, 63, 151, 118, 410, 39, 151, 7, 7, 108, 7, 349, 283, 85, 85, 6, 39, 283, 39, 283, 7, 7, 85, 7, 283, 283, 283, 7, 39, 349, 309, 118, 283, 119, 7, 309, 7, 39, 297, 309, 128, 376, 7, 7, 283, 7, 283, 7, 349, 102, 7, 410, 254, 367, 118, 283, 128, 283, 7, 7, 108, 39, 349, 200, 7, 99, 358, 85, 410, 7, 39, 7, 7, 7, 309, 288, 391, 422, 108, 391, 29, 7, 7, 86, 151, 7, 200, 400, 7, 400, 13, 391, 39, 7, 422, 422, 422, 200, 378, 391, 7, 269, 39, 288, 7, 80, 433, 53, 7, 200, 80, 299, 392, 354, 7, 324, 309, 200, 200, 438, 7, 80, 118, 422, 309, 456, 356, 80, 456, 80, 80, 297, 80, 80, 128, 80, 378, 309, 7, 164, 118, 80, 217, 411, 39, 7, 128, 423, 39, 7, 85, 39, 7, 422, 118, 108, 39, 128, 7, 39, 422, 7, 118, 128, 128, 7, 309, 7, 288, 141, 16, 20, 368, 328, 332, 117, 80, 413, 20, 117, 39, 7, 117, 117, 384, 39, 384, 39, 39, 39, 410, 456, 128, 422, 39, 317, 440, 128, 128, 239, 7, 7, 7, 422, 288, 151, 7, 235, 378, 173, 7, 278, 118, 382, 7, 7, 297, 118, 410, 7, 29, 7, 288, 7, 105, 296, 353, 7, 200, 108, 328, 39, 115, 7, 7, 151, 278, 391, 7, 80, 28, 117, 117, 437, 128, 296, 128, 96, 96, 102, 102, 7, 7, 151, 240, 240, 293, 293, 80, 80, 7, 155, 309, 309, 80, 278, 151, 117, 117, 151, 20, 20, 7, 7, 7, 443, 443, 132, 31, 31, 288, 288, 288, 328, 7, 301, 173, 176, 392, 7, 392, 392, 283, 283, 7, 264, 264, 7, 7, 264, 264, 264, 240, 7, 434, 434, 7, 26, 7, 240, 240, 410, 283, 99, 118, 152, 152, 7, 264, 264, 391, 341, 341, 7, 288, 288, 328, 328, 422, 215, 422, 7, 224, 422, 391, 224, 224, 391, 422, 7, 151, 17, 17, 200, 80, 80, 200, 200, 365, 365, 17, 309, 80, 200, 200, 349, 349, 7, 7, 17, 17, 17, 17, 391, 391, 17, 17, 7, 240, 240, 240, 240, 377, 331, 118, 118, 309, 392, 392, 309, 309, 7, 7, 392, 392, 7, 7, 444, 444, 405, 392, 7, 7, 7, 7, 7, 7, 7, 7, 7, 422, 117, 117, 240, 151, 240, 423, 423, 384, 384, 83, 83, 67, 67, 20, 20, 20, 20, 7, 117, 117, 83, 83, 163, 163, 116, 117, 87, 87, 83, 439, 423, 173, 422, 7, 30, 30, 30, 30, 30, 30, 30, 30, 30, 309, 298, 30, 30, 30, 66, 30, 30, 30, 30, 8, 30, 30, 30, 30, 378, 151, 278, 38, 20, 31, 31, 456, 456, 275, 275, 328, 328, 118, 118, 328, 151, 7, 151, 301, 7, 7, 278, 378, 7, 7, 7, 328, 244, 278, 422, 349, 50, 171, 171, 29, 171, 171, 7, 7, 253, 456, 7, 134, 456, 7, 7, 264, 159, 264, 455, 455, 278, 264, 7, 7, 264, 264, 349, 264, 243, 7, 264, 264, 328, 328, 220, 264, 220, 7, 152, 264, 264, 24, 422, 152, 152, 360, 7, 278, 284, 7, 7, 391, 118, 75, 80, 391, 391, 8, 80, 75, 391, 80, 17, 80, 391, 17, 17, 17, 17, 17, 418, 80, 391, 80, 80, 80, 142, 7, 80, 142, 80, 80, 80, 80, 7, 22, 59, 80, 80, 8, 328, 80, 352, 352, 17, 17, 17, 80, 17, 80, 17, 17, 17, 80, 17, 80, 17, 80, 168, 80, 229, 80, 7, 80, 80, 80, 118, 240, 80, 80, 80, 80, 392, 392, 240, 397, 397, 80, 80, 60, 60, 80, 397, 288, 328, 288, 444, 423, 118, 423, 410, 423, 7, 7, 80, 80, 7, 7, 7, 118, 328, 422, 423, 7, 7, 7, 7, 7, 449, 8, 8, 7, 7, 58, 255, 255, 7, 242, 117, 20, 384, 378, 117, 20, 456, 20, 359, 117, 328, 359, 359, 8, 20, 423, 423, 213, 117, 117, 117, 423, 7, 151, 117, 163, 423, 119, 302, 302, 302, 117, 102, 410, 105, 7, 297, 105, 102, 105, 410, 7, 7, 7, 410, 7, 7, 7, 24, 410, 435, 312, 288, 456, 410, 80, 391, 80, 47, 273, 297, 7, 343, 456, 343, 35, 128, 7, 102, 410, 456, 410, 141, 60, 128, 107, 80, 425, 117, 80, 425, 7, 33, 35, 18, 227, 300, 419, 391, 300, 278, 303, 56, 35, 35, 117, 35, 35, 388, 29, 342, 35, 35, 388, 417, 279, 279, 388, 35, 300, 410, 35, 300, 35, 388, 35, 56, 56, 342, 35, 300, 35, 342, 35, 342, 300, 388, 56, 56, 342, 300, 300, 453, 36, 160, 388, 128, 388, 388, 35, 35, 35, 7, 269, 300, 388, 35, 128, 392, 7, 35, 388, 342, 297, 135, 300, 388, 300, 388, 456, 388, 338, 410, 388, 35, 268, 342, 7, 7, 35, 399, 388, 35, 128, 102, 388, 35, 388, 342, 388, 35, 300, 388, 388, 388, 342, 29, 388, 35, 388, 342, 388, 35, 50, 128, 388, 342, 35, 52, 456, 7, 166, 456, 35, 388, 248, 31, 300, 388, 419, 300, 388, 35, 35, 388, 60, 35, 173, 342, 300, 300, 300, 388, 300, 35, 410, 388, 342, 35, 279, 7, 7, 300, 300, 388, 342, 388, 35, 35, 35, 92, 8, 7, 35, 388, 300, 388, 35, 41, 33, 35, 35, 173, 461, 300, 388, 388, 35, 454, 35, 35, 35, 388, 104, 35, 211, 7, 342, 40, 35, 388, 300, 388, 388, 35, 66, 35, 304, 35, 35, 7, 284, 300, 300, 388, 35, 35, 300, 300, 300, 388, 7, 300, 54, 35, 35, 35, 189, 300, 35, 279, 63, 35, 92, 18, 342, 7, 326, 342, 227, 35, 8, 300, 388, 300, 29, 448, 35, 300, 170, 388, 342, 35, 410, 373, 104, 168, 35, 7, 300, 35, 388, 388, 35, 35, 61, 417, 342, 388, 342, 35, 161, 419, 388, 300, 288, 35, 35, 342, 342, 300, 300, 388, 7, 151, 35, 300, 308, 35, 234, 422, 391, 300, 388, 300, 342, 422, 35, 8, 388, 388, 300, 35, 414, 300, 80, 300, 456, 35, 35, 35, 35, 124, 222, 395, 262, 300, 7, 181, 211, 297, 342, 35, 300, 346, 300, 300, 300, 278, 300, 160, 300, 35, 297, 124, 388, 149, 24, 279, 35, 35, 303, 388, 29, 300, 300, 388, 300, 35, 29, 388, 300, 35, 388, 388, 35, 35, 300, 388, 15, 102, 214, 300, 7, 102, 102, 388, 388, 35, 300, 300, 300, 35, 35, 300, 388, 300, 342, 300, 297, 35, 56, 300, 410, 21, 35, 388, 124, 300, 342, 35, 52, 35, 388, 388, 300, 35, 35, 35, 78, 300, 117, 300, 409, 8, 300, 388, 35, 431, 35, 7, 35, 117, 35, 124, 342, 35, 7, 124, 172, 35, 170, 128, 29, 342, 35, 35, 388, 35, 35, 388, 388, 35, 35, 102, 79, 128, 128, 337, 128, 7, 128, 128, 128, 128, 150, 343, 128, 7, 322, 269, 128, 102, 309, 128, 7, 144, 322, 128, 128, 20, 392, 206, 206, 206, 107, 423, 187, 7, 117, 19, 117, 187, 117, 332, 288, 20, 163, 357, 309, 278, 403, 451, 410, 7, 80, 7, 7, 344, 7, 29, 7, 423, 151, 7, 421, 80, 7, 7, 7, 82, 7, 264, 130, 309, 7, 391, 420, 151, 80, 288, 365, 456, 423, 391, 392, 247, 215, 7, 328, 309, 151, 118, 391, 309, 7, 7, 17, 60, 273, 171, 309, 372, 253, 99, 7, 278, 442, 24, 80, 253, 7, 391, 329, 7, 96, 102, 26, 51, 7, 420, 203, 297, 384, 143, 25, 31, 7, 80, 7, 99, 456, 456, 423, 302, 7, 7, 52, 378, 7, 147, 309, 335, 313, 264, 7, 278, 297, 151, 133, 271, 7, 288, 328, 7, 105, 7, 277, 242, 288, 422, 17, 297, 7, 60, 68, 7, 7, 328, 7, 60, 197, 151, 118, 151, 240, 7, 28, 210, 24, 276, 196, 201, 328, 383, 329, 446, 7, 29, 358, 29, 52, 7, 125, 422, 173, 423, 151, 297, 19, 401, 302, 328, 163, 80, 117, 329, 130, 288, 7, 242, 29, 117, 423, 165, 456, 309, 7, 7, 7, 410, 7, 240, 7, 80, 151, 80, 82, 7, 358, 168, 278, 80, 278, 17, 299, 278, 423, 61, 288, 351, 17, 273, 60, 423, 82, 320, 351, 79, 344, 80, 7, 365, 128, 351, 442, 351, 8, 17, 391, 391, 391, 7, 288, 7, 215, 7, 351, 278, 427, 309, 328, 128, 378, 200, 297, 351, 182, 106, 51, 165, 190, 423, 79, 288, 7, 151, 8, 297, 128, 68, 203, 99, 410, 7, 309, 456, 125, 270, 24, 391, 128, 297, 278, 26, 309, 309, 309, 7, 451, 328, 423, 24, 7, 309, 210, 446, 151, 264, 102, 60, 151, 264, 7, 7, 60, 422, 240, 456, 7, 351, 349, 422, 60, 7, 26, 7, 7, 151, 264, 253, 197, 60, 253, 7, 7, 7, 410, 7, 171, 420, 420, 456, 26, 276, 7, 26, 7, 26, 410, 26, 29, 141, 372, 128, 60, 297, 198, 29, 133, 102, 7, 60, 392, 174, 118, 456, 7, 288, 7, 404, 34, 209, 247, 52, 313, 60, 96, 173, 173, 456, 297, 288, 147, 196, 7, 392, 7, 143, 456, 177, 328, 118, 379, 329, 60, 328, 7, 96, 441, 7, 151, 99, 297, 118, 392, 29, 423, 105, 7, 288, 328, 102, 29, 422, 7, 7, 392, 60, 209, 7,