{"Run": 4, "K": 626, "WCSSD": 1965.2253235152718, "Purity": 0.464653843442088, "Time": 37.030888080596924, "Kmeans_Labels": [436, 10, 526, 143, 311, 10, 502, 179, 63, 10, 22, 52, 451, 106, 354, 10, 10, 110, 10, 178, 411, 460, 164, 106, 435, 147, 10, 147, 178, 10, 106, 10, 178, 147, 111, 10, 437, 469, 585, 106, 544, 56, 90, 383, 106, 96, 524, 586, 354, 10, 42, 621, 621, 63, 486, 26, 99, 432, 143, 143, 10, 147, 10, 258, 26, 88, 619, 10, 106, 327, 147, 10, 10, 41, 569, 10, 124, 451, 252, 10, 109, 557, 583, 466, 197, 514, 41, 451, 10, 10, 330, 111, 493, 10, 10, 451, 466, 10, 179, 10, 179, 569, 10, 248, 10, 442, 56, 10, 10, 7, 9, 563, 565, 106, 254, 538, 109, 10, 455, 430, 455, 89, 430, 143, 143, 430, 455, 143, 109, 411, 430, 430, 164, 10, 330, 178, 455, 455, 455, 455, 38, 143, 143, 178, 430, 430, 354, 455, 99, 143, 430, 137, 41, 178, 455, 430, 10, 455, 143, 455, 455, 430, 430, 477, 56, 305, 553, 203, 381, 41, 210, 241, 10, 621, 430, 99, 258, 100, 430, 10, 455, 43, 305, 305, 430, 10, 430, 115, 10, 111, 10, 476, 16, 318, 446, 455, 10, 411, 10, 455, 179, 164, 164, 258, 430, 179, 430, 533, 41, 455, 164, 341, 430, 179, 179, 430, 430, 10, 243, 124, 430, 569, 201, 243, 445, 430, 455, 243, 621, 164, 455, 203, 179, 10, 124, 203, 10, 128, 10, 455, 34, 330, 38, 179, 621, 10, 10, 455, 411, 430, 56, 485, 455, 118, 483, 164, 99, 455, 430, 10, 455, 284, 243, 455, 430, 10, 411, 56, 203, 455, 164, 56, 55, 455, 56, 164, 455, 164, 430, 430, 430, 124, 124, 455, 56, 160, 258, 485, 56, 109, 430, 56, 10, 56, 485, 291, 46, 56, 10, 273, 412, 56, 10, 485, 485, 56, 56, 56, 56, 441, 38, 124, 131, 485, 10, 124, 10, 441, 370, 47, 323, 441, 621, 441, 258, 243, 10, 225, 38, 124, 178, 430, 270, 436, 621, 213, 430, 124, 164, 430, 455, 505, 96, 411, 352, 455, 10, 430, 455, 96, 38, 221, 621, 96, 243, 124, 479, 478, 189, 235, 29, 10, 455, 235, 441, 38, 40, 29, 447, 455, 255, 29, 517, 410, 224, 410, 430, 430, 164, 210, 455, 480, 430, 10, 10, 621, 621, 147, 143, 221, 10, 455, 164, 347, 181, 330, 451, 87, 10, 383, 38, 411, 209, 164, 455, 38, 10, 143, 143, 598, 479, 146, 26, 41, 10, 354, 606, 411, 41, 430, 41, 185, 276, 10, 451, 10, 10, 124, 189, 29, 29, 90, 330, 41, 178, 203, 203, 393, 393, 506, 143, 111, 417, 417, 10, 10, 441, 441, 109, 441, 243, 243, 441, 383, 178, 411, 411, 111, 235, 235, 221, 221, 10, 26, 26, 10, 541, 541, 143, 26, 26, 26, 20, 26, 87, 38, 455, 245, 10, 10, 179, 179, 10, 10, 10, 451, 451, 297, 297, 180, 417, 10, 599, 599, 475, 283, 571, 536, 536, 571, 179, 118, 38, 316, 316, 10, 500, 500, 10, 526, 526, 36, 479, 479, 455, 455, 314, 56, 314, 143, 453, 109, 143, 453, 453, 143, 109, 10, 143, 425, 425, 56, 375, 375, 345, 345, 166, 166, 267, 243, 441, 485, 485, 441, 441, 10, 10, 441, 441, 534, 534, 10, 10, 441, 441, 474, 101, 101, 101, 101, 87, 354, 592, 592, 169, 121, 121, 243, 243, 10, 10, 317, 317, 10, 10, 195, 195, 38, 96, 96, 96, 111, 111, 221, 111, 96, 404, 404, 109, 29, 29, 417, 354, 417, 481, 481, 40, 40, 40, 40, 560, 560, 227, 227, 235, 235, 10, 336, 336, 40, 40, 40, 40, 40, 40, 29, 29, 29, 288, 330, 68, 10, 41, 513, 513, 513, 513, 513, 513, 513, 384, 513, 243, 356, 620, 513, 513, 106, 513, 513, 513, 513, 354, 513, 513, 572, 513, 258, 10, 383, 451, 235, 90, 90, 26, 26, 26, 26, 466, 124, 359, 359, 466, 111, 10, 10, 26, 341, 143, 383, 258, 504, 10, 10, 466, 90, 383, 10, 504, 210, 229, 229, 10, 229, 229, 10, 330, 26, 210, 354, 26, 10, 10, 10, 500, 144, 500, 500, 500, 383, 363, 90, 405, 180, 500, 10, 500, 10, 90, 535, 10, 42, 42, 500, 66, 500, 450, 316, 500, 500, 302, 10, 316, 316, 10, 10, 338, 552, 171, 171, 10, 38, 10, 10, 485, 10, 10, 441, 10, 428, 428, 425, 441, 10, 425, 425, 441, 425, 441, 10, 84, 124, 441, 76, 559, 10, 10, 441, 10, 124, 441, 124, 441, 10, 287, 441, 441, 441, 221, 221, 441, 173, 173, 441, 441, 441, 9, 441, 441, 621, 441, 441, 441, 441, 441, 441, 441, 614, 441, 148, 441, 10, 102, 441, 441, 605, 417, 440, 440, 440, 605, 121, 121, 417, 441, 441, 441, 441, 147, 147, 441, 10, 479, 10, 479, 195, 390, 567, 349, 10, 96, 96, 96, 231, 231, 404, 10, 59, 124, 216, 109, 411, 289, 289, 109, 10, 10, 411, 10, 10, 10, 10, 29, 29, 29, 411, 40, 29, 235, 40, 258, 29, 326, 210, 235, 560, 29, 10, 560, 560, 354, 235, 346, 346, 411, 336, 29, 336, 411, 10, 441, 29, 40, 274, 569, 494, 494, 494, 29, 178, 10, 26, 10, 63, 26, 178, 26, 99, 382, 10, 10, 10, 354, 10, 10, 308, 10, 308, 479, 244, 210, 10, 56, 485, 441, 556, 203, 221, 10, 210, 210, 210, 95, 540, 143, 275, 10, 210, 10, 381, 147, 621, 10, 436, 441, 79, 436, 441, 330, 153, 240, 221, 240, 542, 10, 455, 558, 383, 542, 482, 240, 240, 29, 95, 240, 518, 23, 389, 266, 95, 126, 379, 389, 389, 126, 95, 542, 588, 95, 542, 194, 95, 95, 482, 482, 389, 240, 542, 95, 389, 95, 389, 542, 95, 482, 482, 389, 542, 542, 389, 126, 542, 126, 451, 391, 95, 388, 439, 240, 330, 109, 542, 95, 95, 10, 333, 455, 240, 126, 389, 63, 258, 542, 200, 542, 230, 130, 509, 389, 63, 95, 95, 126, 389, 10, 618, 95, 95, 95, 240, 111, 178, 524, 95, 95, 389, 126, 322, 542, 126, 126, 321, 389, 570, 95, 126, 95, 389, 95, 240, 10, 264, 570, 95, 95, 88, 63, 451, 100, 10, 240, 95, 126, 90, 542, 95, 588, 542, 74, 95, 95, 126, 147, 240, 135, 95, 542, 542, 542, 95, 542, 95, 16, 126, 389, 240, 389, 451, 90, 353, 542, 95, 250, 95, 95, 95, 103, 308, 573, 221, 95, 395, 542, 126, 95, 100, 153, 95, 95, 87, 240, 542, 126, 103, 95, 389, 290, 240, 240, 126, 31, 389, 38, 354, 389, 204, 271, 126, 542, 570, 95, 95, 524, 95, 330, 240, 240, 10, 552, 542, 31, 95, 95, 237, 542, 31, 214, 95, 330, 542, 18, 240, 126, 240, 63, 542, 95, 126, 621, 95, 277, 221, 95, 10, 95, 389, 240, 240, 10, 542, 126, 8, 570, 111, 240, 542, 482, 202, 95, 518, 16, 308, 31, 190, 240, 45, 542, 95, 95, 126, 240, 240, 526, 379, 389, 95, 389, 240, 389, 10, 151, 542, 479, 240, 463, 389, 389, 542, 542, 95, 330, 330, 95, 542, 237, 340, 240, 10, 10, 542, 250, 62, 389, 109, 95, 158, 95, 95, 542, 240, 95, 542, 124, 542, 111, 95, 240, 240, 95, 497, 95, 542, 389, 542, 362, 95, 111, 63, 306, 95, 542, 95, 542, 558, 542, 383, 542, 542, 542, 240, 411, 95, 454, 381, 308, 126, 95, 240, 542, 95, 63, 542, 542, 95, 542, 240, 63, 240, 542, 95, 95, 187, 366, 240, 542, 126, 389, 95, 240, 542, 10, 253, 178, 95, 95, 95, 129, 542, 542, 240, 240, 542, 240, 542, 389, 542, 63, 603, 482, 542, 48, 95, 240, 240, 497, 542, 389, 240, 88, 240, 95, 79, 75, 300, 95, 240, 235, 542, 29, 62, 114, 158, 62, 240, 95, 95, 95, 63, 520, 336, 240, 95, 423, 519, 411, 497, 95, 95, 240, 176, 570, 389, 464, 95, 126, 240, 240, 518, 126, 240, 126, 178, 19, 621, 146, 549, 621, 109, 621, 621, 621, 621, 63, 16, 621, 451, 143, 109, 621, 10, 243, 621, 427, 274, 143, 621, 621, 235, 41, 445, 445, 445, 10, 10, 163, 10, 29, 39, 29, 28, 29, 186, 123, 235, 40, 116, 111, 383, 10, 623, 10, 292, 605, 10, 485, 10, 607, 369, 411, 526, 354, 455, 451, 124, 10, 56, 10, 127, 411, 297, 40, 69, 111, 56, 583, 111, 167, 479, 166, 191, 4, 407, 532, 87, 10, 330, 10, 243, 111, 443, 357, 449, 10, 10, 441, 147, 203, 229, 243, 111, 26, 118, 143, 383, 280, 308, 470, 26, 489, 387, 544, 10, 203, 178, 298, 330, 96, 583, 211, 455, 40, 87, 78, 90, 548, 441, 10, 10, 10, 411, 411, 494, 532, 10, 88, 374, 10, 87, 239, 203, 10, 615, 330, 383, 149, 56, 63, 40, 10, 479, 221, 37, 26, 145, 468, 40, 616, 334, 425, 10, 455, 147, 221, 354, 143, 543, 140, 147, 38, 621, 54, 111, 417, 124, 189, 73, 308, 325, 10, 27, 411, 10, 590, 10, 221, 354, 483, 465, 88, 10, 10, 354, 87, 10, 411, 10, 39, 23, 494, 411, 40, 441, 29, 590, 40, 123, 411, 40, 369, 29, 411, 328, 191, 111, 221, 221, 607, 10, 292, 417, 548, 124, 111, 605, 127, 124, 483, 190, 242, 441, 383, 441, 273, 383, 203, 526, 616, 23, 441, 203, 10, 4, 127, 63, 23, 19, 10, 167, 10, 166, 532, 424, 280, 23, 613, 425, 387, 357, 407, 56, 479, 37, 10, 485, 23, 383, 258, 449, 111, 532, 374, 56, 480, 23, 119, 546, 330, 328, 531, 526, 19, 23, 339, 56, 63, 149, 621, 221, 211, 118, 63, 63, 243, 63, 10, 100, 308, 56, 228, 10, 383, 298, 239, 243, 69, 10, 623, 10, 111, 308, 221, 243, 73, 10, 111, 297, 178, 147, 532, 535, 10, 330, 147, 10, 417, 10, 10, 23, 10, 190, 578, 10, 501,