{"Run": 6, "K": 592, "WCSSD": 2049.9527763902256, "Purity": 0.5350701402805611, "Time": 32.50390291213989, "Kmeans_Labels": [334, 170, 442, 13, 371, 19, 170, 156, 19, 218, 371, 122, 390, 327, 19, 19, 19, 219, 65, 162, 19, 371, 64, 327, 177, 219, 248, 219, 360, 269, 327, 19, 360, 219, 162, 19, 327, 327, 122, 335, 417, 327, 37, 381, 327, 19, 327, 446, 319, 312, 421, 532, 532, 254, 334, 19, 19, 219, 13, 13, 19, 219, 19, 37, 19, 305, 327, 519, 327, 19, 219, 65, 19, 126, 439, 376, 334, 371, 115, 19, 65, 19, 495, 372, 443, 19, 399, 371, 19, 218, 322, 100, 436, 19, 19, 371, 372, 19, 284, 314, 156, 112, 19, 491, 557, 531, 11, 11, 577, 497, 313, 19, 313, 327, 334, 112, 251, 19, 19, 30, 19, 376, 30, 13, 13, 30, 576, 428, 65, 19, 30, 30, 64, 449, 19, 371, 65, 238, 19, 19, 178, 13, 13, 338, 30, 30, 19, 238, 19, 13, 30, 395, 126, 19, 65, 30, 19, 19, 13, 19, 19, 125, 30, 19, 19, 30, 126, 48, 145, 126, 206, 64, 19, 532, 30, 31, 152, 197, 30, 19, 19, 19, 19, 19, 30, 19, 30, 19, 19, 486, 355, 178, 186, 30, 19, 574, 19, 0, 19, 218, 60, 64, 64, 152, 130, 156, 30, 414, 563, 19, 64, 312, 156, 156, 156, 19, 30, 218, 122, 549, 156, 112, 19, 122, 435, 30, 19, 218, 532, 64, 19, 585, 156, 19, 156, 312, 218, 360, 19, 19, 30, 376, 178, 218, 532, 156, 19, 19, 0, 583, 218, 11, 19, 271, 449, 64, 30, 574, 30, 19, 19, 19, 122, 19, 491, 19, 0, 491, 19, 218, 64, 194, 321, 574, 194, 64, 433, 64, 30, 491, 30, 334, 488, 19, 194, 194, 152, 491, 139, 65, 30, 194, 19, 19, 179, 194, 11, 11, 19, 397, 19, 194, 19, 11, 11, 11, 194, 194, 19, 507, 178, 334, 11, 11, 278, 334, 19, 313, 194, 146, 19, 147, 532, 313, 152, 122, 19, 334, 178, 334, 360, 30, 30, 334, 532, 19, 30, 169, 64, 551, 19, 146, 324, 0, 30, 339, 19, 30, 12, 19, 276, 321, 532, 324, 534, 19, 584, 361, 135, 1, 297, 19, 19, 297, 19, 178, 1, 297, 418, 19, 297, 297, 1, 418, 18, 30, 30, 30, 64, 206, 19, 146, 30, 37, 19, 532, 532, 219, 13, 321, 19, 19, 64, 321, 19, 19, 371, 61, 75, 381, 354, 19, 13, 64, 19, 178, 19, 359, 310, 19, 584, 302, 19, 126, 170, 407, 11, 0, 173, 489, 126, 19, 19, 19, 371, 491, 19, 572, 135, 297, 1, 37, 19, 126, 19, 212, 212, 360, 360, 19, 13, 321, 395, 395, 218, 218, 313, 313, 376, 313, 122, 122, 312, 381, 321, 506, 506, 48, 294, 294, 475, 475, 19, 19, 19, 19, 120, 120, 13, 422, 422, 19, 13, 19, 61, 178, 243, 270, 416, 416, 156, 156, 19, 45, 45, 438, 438, 292, 292, 391, 395, 19, 218, 218, 19, 97, 426, 63, 63, 426, 156, 271, 178, 277, 277, 19, 218, 218, 491, 442, 442, 312, 584, 584, 19, 19, 19, 19, 19, 403, 491, 19, 403, 491, 491, 403, 19, 19, 19, 213, 213, 518, 577, 577, 11, 11, 80, 80, 313, 122, 313, 434, 434, 313, 313, 7, 7, 313, 313, 515, 515, 19, 19, 313, 313, 312, 395, 395, 395, 395, 61, 19, 178, 178, 122, 565, 565, 122, 122, 19, 19, 312, 312, 244, 312, 160, 160, 178, 324, 49, 49, 324, 324, 19, 90, 19, 540, 540, 22, 297, 297, 395, 100, 395, 312, 312, 525, 525, 525, 525, 485, 485, 136, 136, 260, 260, 19, 1, 1, 260, 260, 525, 525, 1, 1, 511, 511, 1, 19, 19, 575, 19, 126, 450, 41, 41, 81, 142, 41, 560, 41, 41, 50, 36, 41, 266, 41, 327, 41, 41, 41, 41, 293, 41, 41, 41, 237, 152, 381, 137, 371, 1, 189, 189, 171, 171, 19, 19, 376, 35, 19, 19, 376, 19, 470, 19, 19, 312, 13, 381, 152, 13, 19, 100, 376, 197, 381, 19, 218, 472, 487, 487, 19, 487, 487, 19, 104, 436, 206, 19, 312, 441, 19, 19, 312, 15, 42, 312, 312, 381, 218, 321, 48, 391, 218, 218, 218, 312, 321, 218, 218, 312, 312, 242, 218, 242, 19, 277, 218, 312, 15, 19, 277, 277, 312, 19, 210, 543, 19, 19, 491, 178, 491, 19, 11, 491, 521, 313, 491, 491, 146, 213, 194, 491, 415, 213, 313, 415, 19, 184, 577, 334, 48, 313, 11, 184, 19, 313, 184, 334, 313, 334, 313, 19, 282, 158, 313, 313, 43, 321, 149, 19, 19, 121, 538, 538, 313, 538, 313, 100, 313, 313, 313, 326, 313, 121, 19, 59, 326, 19, 326, 468, 334, 19, 19, 19, 282, 326, 326, 326, 312, 565, 565, 282, 313, 313, 313, 312, 320, 320, 312, 312, 40, 376, 40, 547, 312, 312, 239, 312, 312, 496, 496, 334, 334, 540, 326, 312, 334, 196, 22, 312, 312, 312, 312, 10, 10, 312, 312, 312, 312, 312, 297, 10, 10, 312, 525, 297, 512, 525, 340, 106, 136, 206, 1, 485, 106, 304, 485, 485, 456, 1, 78, 78, 243, 1, 1, 1, 313, 19, 313, 297, 525, 555, 112, 296, 296, 296, 297, 19, 19, 19, 259, 243, 19, 19, 19, 376, 19, 19, 19, 312, 100, 48, 19, 15, 127, 15, 584, 536, 206, 19, 19, 11, 19, 558, 48, 96, 312, 206, 206, 206, 141, 126, 13, 371, 19, 206, 19, 145, 219, 532, 321, 334, 279, 297, 334, 279, 19, 19, 203, 477, 93, 193, 19, 491, 406, 381, 328, 479, 93, 483, 1, 141, 93, 493, 165, 268, 141, 141, 562, 363, 141, 141, 567, 141, 193, 437, 374, 193, 88, 141, 141, 479, 479, 141, 93, 193, 141, 141, 141, 141, 193, 141, 479, 479, 362, 328, 193, 141, 141, 193, 141, 318, 141, 93, 141, 93, 93, 19, 65, 193, 141, 141, 19, 37, 19, 93, 93, 172, 243, 152, 193, 141, 193, 141, 19, 141, 141, 19, 141, 141, 141, 550, 19, 371, 141, 141, 141, 93, 532, 509, 141, 141, 141, 141, 273, 141, 193, 141, 141, 141, 141, 48, 141, 141, 141, 141, 299, 93, 170, 469, 93, 141, 141, 58, 386, 19, 197, 19, 93, 141, 93, 37, 193, 141, 437, 328, 93, 141, 141, 141, 219, 93, 61, 141, 193, 193, 193, 330, 193, 141, 186, 141, 141, 93, 141, 371, 19, 193, 193, 93, 141, 69, 245, 93, 457, 93, 99, 307, 182, 141, 193, 141, 141, 46, 19, 141, 141, 61, 93, 55, 141, 69, 246, 453, 141, 93, 93, 141, 402, 141, 352, 19, 141, 19, 141, 395, 193, 141, 141, 141, 327, 141, 19, 93, 483, 19, 543, 193, 193, 141, 141, 528, 193, 193, 193, 504, 19, 193, 57, 203, 141, 93, 381, 193, 141, 567, 486, 141, 93, 477, 341, 19, 141, 141, 93, 93, 19, 373, 141, 193, 48, 118, 93, 193, 479, 141, 141, 141, 186, 15, 373, 59, 93, 469, 193, 141, 193, 141, 93, 267, 19, 363, 141, 141, 141, 93, 559, 19, 141, 193, 584, 93, 93, 141, 141, 193, 401, 164, 202, 48, 141, 193, 528, 141, 93, 321, 491, 193, 141, 412, 141, 19, 141, 300, 491, 141, 193, 93, 141, 193, 334, 193, 206, 455, 93, 93, 141, 437, 141, 193, 141, 193, 72, 74, 464, 243, 141, 308, 500, 398, 38, 406, 193, 381, 193, 193, 193, 483, 48, 141, 93, 145, 15, 141, 141, 93, 328, 93, 243, 193, 193, 141, 193, 93, 48, 93, 111, 141, 141, 93, 141, 93, 589, 93, 141, 483, 483, 193, 192, 360, 360, 141, 141, 141, 193, 589, 193, 93, 93, 193, 93, 193, 141, 193, 243, 93, 479, 193, 19, 93, 93, 93, 19, 193, 141, 93, 58, 483, 93, 297, 528, 70, 141, 132, 1, 412, 1, 412, 297, 300, 148, 93, 141, 141, 141, 19, 309, 1, 93, 141, 559, 93, 19, 93, 225, 141, 420, 437, 48, 141, 108, 141, 93, 93, 93, 493, 141, 93, 141, 360, 65, 532, 437, 243, 532, 65, 532, 532, 532, 532, 9, 186, 532, 371, 13, 65, 532, 19, 122, 532, 234, 206, 13, 532, 532, 1, 126, 435, 435, 435, 321, 19, 490, 527, 1, 375, 297, 459, 1, 481, 1, 1, 525, 1, 122, 381, 170, 67, 221, 312, 313, 312, 11, 321, 19, 19, 19, 536, 48, 13, 371, 553, 19, 376, 257, 548, 312, 292, 65, 122, 321, 491, 495, 48, 313, 584, 80, 484, 166, 11, 312, 61, 19, 19, 243, 176, 48, 568, 491, 224, 19, 19, 538, 219, 48, 487, 122, 19, 436, 271, 217, 381, 376, 15, 195, 436, 19, 491, 417, 19, 437, 360, 566, 48, 19, 495, 122, 19, 525, 61, 153, 101, 371, 19, 19, 19, 19, 131, 312, 296, 321, 370, 58, 152, 19, 61, 91, 48, 19, 321, 19, 381, 346, 48, 590, 260, 19, 329, 19, 146, 19, 19, 27, 525, 584, 334, 415, 397, 351, 219, 571, 19, 458, 376, 376, 349, 16, 437, 178, 321, 395, 334, 135, 48, 15, 544, 170, 178, 243, 206, 19, 243, 345, 19, 321, 180, 408, 19, 312, 533, 61, 586, 48, 19, 375, 212, 296, 243, 525, 313, 1, 19, 65, 1, 19, 525, 19, 297, 312, 417, 484, 122, 19, 345, 19, 221, 312, 395, 371, 553, 48, 313, 548, 334, 321, 336, 381, 303, 381, 313, 397, 381, 321, 536, 584, 212, 538, 48, 19, 166, 306, 312, 212, 65, 321, 313, 19, 80, 321, 212, 376, 212, 146, 415, 491, 491, 11, 376, 231, 146, 19, 11, 212, 381, 152, 224, 162, 321, 152, 194, 48, 212, 48, 212, 48, 417, 347, 536, 65, 212, 65, 48, 321, 346, 532, 571, 122, 271, 19, 19, 122, 219, 312, 197, 15, 491, 51, 19, 381, 566, 91, 176, 122, 161, 67, 243, 47, 15, 48, 122, 48, 243, 48, 292, 360, 219, 19, 312, 19, 447, 219, 312, 395, 321, 257, 212, 218, 19, 83, 19, 97, 19, 19, 321, 321, 436, 16, 208, 436, 376, 370, 321, 19, 19, 487, 495, 495, 131, 97,