{"Run": 1, "K": 136, "WCSSD": 2553.895810189293, "Purity": 0.3161366061400607, "Time": 4.632477045059204, "Kmeans_Labels": [16, 16, 99, 0, 16, 16, 16, 16, 16, 16, 16, 49, 58, 58, 16, 16, 16, 8, 16, 119, 16, 16, 12, 58, 58, 8, 58, 8, 130, 128, 58, 16, 130, 8, 16, 16, 58, 58, 58, 58, 16, 58, 107, 85, 58, 16, 58, 16, 16, 16, 16, 12, 12, 21, 63, 76, 16, 8, 0, 0, 16, 8, 8, 95, 76, 6, 58, 16, 58, 76, 58, 16, 128, 63, 12, 16, 16, 16, 16, 16, 16, 16, 128, 8, 106, 16, 63, 84, 16, 16, 16, 16, 76, 88, 16, 16, 72, 16, 16, 16, 39, 12, 16, 128, 16, 131, 131, 131, 128, 12, 2, 128, 15, 58, 16, 12, 12, 104, 16, 46, 16, 72, 46, 0, 76, 46, 16, 0, 16, 16, 46, 46, 16, 16, 16, 119, 16, 85, 16, 16, 66, 0, 0, 119, 46, 46, 16, 16, 16, 0, 46, 44, 63, 119, 16, 46, 71, 16, 0, 16, 16, 46, 46, 16, 16, 46, 63, 12, 16, 63, 46, 16, 16, 12, 46, 122, 95, 107, 46, 16, 16, 16, 16, 16, 46, 16, 46, 16, 16, 12, 16, 66, 12, 46, 0, 0, 16, 126, 16, 88, 95, 16, 16, 95, 50, 11, 46, 16, 63, 16, 16, 16, 16, 16, 11, 46, 46, 88, 16, 66, 46, 16, 16, 16, 12, 46, 16, 16, 12, 46, 16, 16, 11, 16, 16, 16, 16, 130, 16, 16, 46, 16, 66, 16, 12, 16, 16, 16, 126, 46, 131, 131, 16, 46, 12, 16, 46, 16, 46, 16, 16, 16, 16, 99, 46, 16, 126, 5, 12, 16, 16, 131, 16, 16, 131, 16, 16, 16, 46, 46, 46, 131, 16, 16, 131, 131, 95, 131, 131, 16, 46, 131, 16, 131, 131, 131, 16, 131, 16, 12, 16, 131, 131, 131, 131, 131, 131, 131, 131, 67, 66, 16, 131, 16, 88, 16, 16, 67, 131, 119, 16, 67, 12, 16, 95, 16, 16, 43, 66, 16, 130, 46, 46, 16, 12, 16, 46, 16, 8, 46, 16, 16, 66, 126, 46, 16, 16, 46, 16, 12, 66, 12, 12, 16, 16, 16, 99, 12, 48, 24, 24, 16, 21, 24, 21, 66, 101, 24, 46, 16, 24, 21, 101, 46, 101, 46, 46, 46, 16, 16, 16, 4, 46, 16, 16, 12, 12, 54, 0, 135, 16, 16, 119, 16, 107, 16, 119, 43, 16, 85, 66, 16, 0, 16, 12, 34, 119, 119, 0, 16, 16, 16, 76, 63, 16, 16, 131, 126, 63, 46, 63, 0, 63, 16, 85, 131, 16, 16, 48, 24, 24, 107, 16, 63, 16, 16, 16, 53, 53, 16, 0, 16, 44, 44, 88, 88, 16, 16, 16, 93, 16, 16, 17, 85, 119, 21, 21, 12, 24, 24, 16, 16, 16, 76, 76, 130, 76, 76, 0, 76, 76, 76, 0, 76, 43, 66, 16, 128, 88, 88, 88, 88, 16, 88, 88, 16, 16, 102, 102, 102, 44, 16, 16, 16, 16, 12, 16, 44, 44, 16, 11, 16, 66, 88, 88, 16, 81, 88, 128, 99, 99, 16, 16, 16, 16, 16, 51, 131, 51, 0, 131, 16, 0, 131, 131, 0, 16, 128, 0, 93, 93, 131, 128, 128, 131, 131, 128, 128, 93, 16, 93, 131, 131, 67, 67, 16, 16, 93, 93, 93, 93, 16, 16, 93, 93, 16, 26, 26, 26, 26, 43, 16, 66, 66, 16, 16, 16, 16, 16, 16, 16, 16, 16, 16, 16, 16, 16, 66, 16, 16, 16, 66, 66, 12, 16, 16, 16, 16, 16, 24, 24, 44, 16, 44, 114, 114, 101, 101, 101, 101, 107, 107, 134, 134, 134, 134, 18, 24, 24, 101, 101, 134, 134, 134, 101, 24, 24, 24, 16, 16, 43, 8, 63, 87, 87, 87, 87, 78, 87, 87, 87, 87, 87, 16, 87, 87, 87, 58, 87, 87, 87, 87, 12, 87, 83, 87, 87, 95, 85, 85, 16, 24, 107, 107, 76, 76, 76, 76, 72, 16, 76, 76, 72, 110, 16, 110, 76, 16, 96, 85, 61, 0, 16, 16, 16, 107, 13, 16, 0, 16, 88, 88, 16, 88, 88, 128, 16, 76, 107, 16, 76, 16, 16, 16, 88, 84, 88, 74, 74, 85, 88, 107, 16, 102, 88, 88, 88, 88, 107, 88, 88, 16, 16, 88, 88, 88, 16, 88, 88, 88, 84, 16, 88, 88, 88, 128, 85, 128, 16, 16, 16, 66, 16, 121, 131, 16, 16, 93, 16, 128, 128, 93, 93, 131, 93, 93, 93, 93, 93, 128, 128, 16, 93, 93, 128, 128, 16, 128, 128, 93, 2, 128, 67, 16, 44, 67, 67, 67, 16, 16, 16, 33, 33, 93, 93, 93, 67, 93, 67, 93, 93, 93, 93, 93, 93, 93, 16, 16, 93, 16, 93, 16, 93, 93, 93, 66, 44, 93, 93, 93, 16, 16, 16, 44, 32, 32, 93, 16, 8, 8, 16, 32, 16, 16, 16, 16, 16, 66, 16, 16, 16, 16, 16, 16, 16, 16, 16, 16, 66, 16, 16, 16, 16, 16, 16, 16, 16, 12, 16, 16, 16, 16, 24, 24, 24, 16, 101, 24, 24, 101, 95, 21, 134, 16, 24, 134, 21, 16, 134, 134, 16, 24, 16, 16, 134, 24, 24, 24, 67, 16, 67, 24, 134, 16, 12, 16, 16, 16, 24, 119, 16, 76, 16, 16, 76, 119, 76, 16, 16, 16, 16, 16, 16, 16, 16, 84, 16, 84, 99, 99, 16, 16, 16, 131, 93, 93, 16, 12, 21, 16, 16, 16, 70, 63, 0, 130, 16, 16, 16, 12, 77, 12, 16, 16, 67, 24, 16, 67, 16, 16, 100, 16, 111, 38, 16, 31, 38, 85, 55, 55, 111, 111, 24, 70, 90, 90, 16, 70, 70, 57, 31, 12, 70, 70, 31, 70, 38, 12, 64, 38, 70, 70, 70, 31, 12, 70, 111, 38, 70, 70, 70, 70, 38, 70, 55, 55, 70, 38, 38, 70, 70, 38, 31, 16, 31, 31, 70, 111, 111, 16, 12, 108, 31, 70, 45, 16, 16, 111, 90, 70, 80, 95, 38, 31, 38, 127, 16, 31, 70, 16, 31, 70, 31, 70, 16, 16, 70, 70, 31, 111, 12, 119, 58, 70, 31, 70, 70, 31, 38, 31, 31, 89, 70, 31, 31, 70, 31, 70, 70, 111, 16, 12, 90, 70, 70, 6, 16, 16, 75, 16, 90, 31, 90, 107, 38, 31, 16, 38, 90, 70, 70, 31, 8, 111, 43, 70, 38, 38, 38, 31, 38, 70, 16, 70, 70, 111, 73, 16, 107, 38, 38, 90, 70, 31, 70, 90, 90, 31, 12, 16, 70, 31, 38, 90, 70, 107, 16, 70, 70, 43, 111, 38, 31, 31, 70, 70, 70, 111, 111, 70, 38, 70, 66, 16, 70, 31, 70, 31, 38, 31, 59, 70, 58, 70, 16, 111, 111, 16, 31, 38, 38, 31, 70, 90, 38, 38, 38, 70, 16, 38, 75, 100, 70, 111, 85, 38, 70, 70, 12, 70, 111, 16, 70, 16, 70, 70, 111, 111, 16, 38, 31, 38, 31, 12, 111, 38, 31, 31, 70, 73, 16, 84, 38, 12, 111, 16, 38, 70, 90, 31, 111, 111, 99, 12, 70, 31, 70, 111, 70, 16, 31, 38, 16, 111, 111, 70, 70, 38, 38, 31, 16, 120, 70, 38, 90, 70, 111, 16, 131, 38, 31, 38, 70, 16, 70, 12, 31, 31, 38, 111, 70, 38, 67, 38, 12, 70, 111, 111, 90, 12, 118, 38, 70, 38, 16, 90, 12, 12, 70, 70, 38, 70, 38, 38, 38, 85, 38, 38, 38, 111, 16, 31, 90, 31, 84, 70, 70, 111, 55, 31, 12, 38, 38, 31, 38, 111, 12, 90, 38, 70, 70, 90, 70, 90, 38, 90, 70, 31, 111, 38, 16, 130, 130, 31, 31, 70, 38, 38, 38, 111, 90, 38, 90, 38, 70, 38, 80, 111, 55, 38, 12, 90, 111, 90, 31, 38, 70, 90, 6, 111, 90, 90, 38, 111, 70, 111, 24, 38, 24, 38, 24, 12, 38, 90, 70, 70, 70, 12, 111, 24, 90, 31, 70, 111, 16, 90, 31, 70, 111, 12, 12, 70, 90, 70, 90, 90, 90, 90, 31, 111, 90, 130, 12, 12, 12, 12, 12, 16, 12, 12, 12, 12, 12, 12, 12, 16, 0, 16, 12, 119, 16, 12, 16, 12, 0, 12, 12, 24, 63, 12, 12, 12, 16, 16, 116, 28, 134, 16, 24, 116, 24, 21, 134, 24, 134, 24, 16, 85, 16, 16, 16, 16, 93, 16, 16, 16, 16, 21, 101, 99, 12, 0, 16, 16, 16, 16, 16, 16, 16, 102, 101, 21, 16, 131, 16, 16, 16, 0, 128, 16, 10, 131, 16, 43, 16, 16, 16, 16, 16, 66, 131, 131, 16, 16, 93, 8, 16, 91, 16, 16, 76, 16, 0, 115, 93, 84, 93, 76, 16, 16, 16, 128, 16, 130, 12, 16, 16, 88, 16, 16, 101, 43, 76, 107, 16, 16, 16, 16, 16, 12, 16, 24, 16, 86, 6, 95, 16, 43, 16, 12, 16, 1, 16, 85, 16, 131, 16, 101, 16, 43, 16, 16, 76, 16, 12, 101, 16, 16, 93, 119, 16, 8, 16, 16, 0, 16, 16, 117, 66, 12, 66, 16, 44, 16, 48, 16, 84, 16, 16, 66, 134, 16, 16, 16, 16, 16, 12, 12, 6, 16, 16, 16, 43, 12, 16, 16, 16, 12, 24, 134, 134, 16, 24, 16, 101, 134, 101, 101, 21, 24, 16, 16, 16, 16, 12, 16, 16, 16, 16, 44, 16, 16, 16, 93, 16, 16, 12, 16, 115, 67, 115, 67, 12, 85, 12, 99, 16, 12, 93, 16, 8, 10, 16, 12, 16, 12, 16, 16, 16, 128, 12, 16, 93, 16, 12, 93, 16, 131, 131, 16, 16, 16, 16, 16, 16, 115, 95, 131, 16, 12, 95, 131, 16, 16, 12, 12, 16, 16, 16, 99, 12, 99, 16, 131, 12, 16, 12, 16, 16, 16, 16, 16, 16, 8, 16, 107, 84, 131, 16, 16, 85, 12, 16, 16, 21, 21, 16, 16, 12, 84, 16, 16, 16, 16, 16, 102, 130, 8, 29, 97, 16, 16, 8, 16, 44, 16, 16, 12, 16, 16, 8, 16, 12, 16, 16, 16, 1, 76, 66, 8, 76, 16, 86, 16, 16, 128, 91, 88, 16, 12, 12, 16, 16, 12, 16, 12, 122, 12, 12, 12, 16, 12, 8, 85, 6, 16, 16, 130, 16, 8, 6, 8, 66, 16, 16, 0, 43, 43, 12, 16, 43, 6, 16, 8, 12, 43, 43, 12, 119, 43, 43, 16, 16, 16, 0, 43, 16, 12, 12, 66, 107, 16, 8, 16, 0, 16, 12, 16, 12, 16, 16, 66, 16, 16, 12, 76, 0, 0, 16, 130, 79, 16, 16, 16, 12, 117, 66, 16, 8, 16, 16, 0, 16, 107, 16, 16, 66, 8, 95, 16, 16, 16, 16, 16, 16, 12, 16, 43, 16, 12, 3, 12, 95, 12, 16, 107, 60, 16, 44, 43, 16, 6, 12, 12, 16, 107, 85, 16, 12, 76, 122, 99, 16, 12, 12, 75, 16, 99, 12, 16, 0, 107, 16, 76, 16, 116, 16, 28, 12, 16, 134, 16, 101, 76, 24, 24, 35, 116, 24, 101, 35, 35, 35, 134, 35, 35, 0, 35, 35, 12, 35, 131, 99, 134, 16, 35, 16, 35, 16, 35, 101, 35, 128, 67, 116, 95, 35, 35, 0, 16, 35, 12, 16, 128, 24, 88, 134, 24, 35, 35, 128, 76, 16, 35, 16, 16, 35, 21, 44, 35, 16, 62, 35, 35, 43, 67, 24, 107, 119, 35, 24, 0, 16, 35, 35, 16, 35, 35, 99, 35, 35, 35, 