{"Run": 9, "K": 110, "WCSSD": 2673.6033983249945, "Purity": 0.389922702547953, "Time": 3.1363558769226074, "Kmeans_Labels": [16, 16, 16, 78, 16, 16, 16, 16, 16, 9, 16, 16, 16, 16, 16, 16, 16, 105, 16, 16, 16, 16, 16, 16, 16, 105, 16, 105, 16, 16, 16, 16, 16, 105, 16, 16, 94, 16, 94, 16, 16, 105, 48, 34, 99, 16, 16, 16, 16, 16, 16, 16, 16, 16, 105, 72, 16, 105, 16, 16, 16, 105, 105, 48, 72, 16, 16, 13, 16, 72, 59, 16, 5, 16, 16, 16, 16, 16, 16, 16, 16, 16, 4, 105, 16, 90, 16, 53, 16, 16, 16, 16, 37, 106, 16, 16, 16, 16, 16, 16, 75, 16, 16, 74, 74, 4, 4, 4, 4, 16, 99, 99, 99, 16, 4, 16, 16, 16, 16, 45, 16, 16, 73, 16, 16, 45, 16, 16, 16, 16, 45, 45, 16, 16, 16, 16, 16, 16, 16, 16, 52, 16, 16, 52, 45, 73, 16, 16, 16, 16, 45, 62, 16, 16, 16, 45, 16, 16, 16, 16, 16, 45, 45, 16, 16, 45, 16, 16, 16, 16, 45, 16, 16, 16, 45, 16, 16, 18, 45, 16, 16, 16, 16, 16, 45, 16, 45, 16, 16, 16, 16, 52, 16, 45, 16, 28, 16, 16, 16, 4, 16, 16, 16, 16, 45, 96, 45, 4, 16, 16, 16, 16, 45, 96, 96, 45, 45, 4, 4, 52, 96, 16, 16, 94, 16, 45, 16, 4, 16, 45, 16, 16, 16, 16, 16, 16, 4, 34, 75, 16, 45, 16, 52, 16, 16, 106, 16, 16, 16, 45, 4, 4, 16, 45, 16, 16, 45, 28, 45, 4, 16, 4, 74, 16, 74, 16, 16, 74, 16, 4, 16, 4, 16, 28, 4, 16, 16, 16, 45, 74, 45, 16, 16, 16, 16, 4, 16, 74, 16, 16, 45, 74, 16, 99, 4, 4, 4, 4, 74, 16, 93, 4, 4, 4, 4, 4, 4, 4, 4, 99, 52, 16, 4, 4, 4, 16, 16, 99, 99, 16, 99, 99, 16, 99, 16, 16, 4, 19, 52, 99, 16, 45, 45, 16, 16, 16, 45, 16, 105, 45, 16, 16, 95, 16, 45, 16, 16, 45, 16, 16, 52, 16, 16, 16, 16, 16, 16, 16, 51, 41, 71, 16, 16, 41, 99, 52, 21, 41, 45, 16, 41, 41, 21, 45, 21, 45, 45, 45, 16, 16, 16, 16, 45, 16, 16, 16, 16, 105, 16, 16, 16, 16, 16, 16, 48, 16, 16, 24, 16, 34, 52, 16, 16, 16, 16, 52, 45, 16, 16, 16, 16, 16, 72, 16, 16, 16, 31, 16, 16, 45, 16, 16, 16, 16, 34, 74, 16, 4, 51, 41, 41, 48, 16, 16, 16, 16, 16, 16, 16, 16, 16, 16, 62, 62, 4, 4, 99, 99, 16, 99, 16, 16, 99, 34, 16, 16, 16, 16, 41, 41, 16, 16, 16, 72, 72, 16, 48, 48, 72, 72, 72, 72, 16, 72, 19, 109, 16, 4, 106, 106, 96, 96, 106, 106, 106, 16, 16, 106, 106, 106, 62, 106, 4, 4, 16, 16, 16, 62, 62, 16, 16, 16, 52, 26, 26, 16, 46, 106, 74, 16, 16, 16, 16, 16, 16, 16, 16, 74, 16, 16, 74, 16, 74, 74, 74, 74, 16, 4, 16, 99, 99, 4, 4, 4, 4, 4, 4, 4, 4, 4, 60, 4, 4, 4, 4, 16, 16, 89, 89, 89, 89, 74, 74, 99, 99, 16, 62, 62, 62, 62, 19, 16, 52, 52, 4, 16, 16, 4, 4, 16, 16, 16, 16, 16, 16, 16, 16, 52, 16, 16, 16, 16, 16, 16, 16, 16, 16, 16, 16, 41, 41, 62, 16, 62, 16, 16, 21, 21, 33, 33, 48, 48, 41, 41, 21, 21, 16, 41, 41, 21, 21, 21, 21, 21, 21, 41, 41, 41, 16, 16, 19, 105, 16, 16, 16, 16, 16, 16, 16, 16, 16, 16, 4, 4, 16, 16, 16, 16, 16, 16, 16, 16, 16, 16, 16, 16, 16, 76, 34, 34, 16, 41, 48, 48, 72, 72, 72, 72, 16, 16, 72, 72, 16, 16, 16, 16, 72, 16, 16, 34, 76, 16, 16, 16, 16, 48, 34, 16, 4, 16, 106, 106, 16, 106, 106, 16, 16, 72, 48, 16, 72, 16, 16, 16, 106, 53, 106, 106, 106, 34, 106, 106, 16, 106, 20, 106, 102, 16, 106, 106, 106, 102, 16, 106, 106, 106, 106, 26, 102, 102, 53, 16, 26, 26, 106, 16, 34, 16, 16, 16, 74, 52, 74, 68, 74, 3, 16, 99, 74, 74, 99, 89, 83, 74, 99, 89, 4, 99, 99, 4, 99, 74, 99, 99, 99, 74, 16, 99, 99, 99, 99, 4, 60, 4, 62, 99, 99, 99, 16, 82, 99, 99, 99, 89, 89, 89, 89, 89, 99, 89, 89, 89, 99, 99, 99, 89, 99, 16, 99, 99, 99, 16, 99, 99, 99, 52, 62, 99, 99, 99, 16, 106, 106, 62, 99, 99, 99, 99, 105, 105, 99, 16, 16, 16, 16, 16, 16, 52, 16, 16, 16, 16, 16, 99, 99, 16, 16, 16, 52, 16, 16, 16, 16, 16, 16, 16, 16, 16, 16, 16, 16, 16, 41, 41, 41, 16, 33, 41, 41, 21, 76, 50, 21, 16, 41, 41, 50, 16, 41, 41, 16, 41, 16, 16, 21, 41, 41, 41, 16, 16, 16, 41, 21, 16, 16, 16, 16, 16, 41, 16, 16, 72, 16, 16, 72, 72, 72, 16, 16, 16, 42, 16, 16, 16, 16, 53, 16, 53, 16, 16, 16, 16, 99, 74, 56, 89, 92, 16, 16, 16, 16, 16, 27, 16, 16, 105, 16, 16, 16, 16, 105, 16, 16, 99, 99, 41, 99, 99, 17, 16, 88, 4, 88, 77, 16, 74, 77, 34, 77, 77, 88, 88, 41, 27, 88, 10, 69, 27, 88, 27, 27, 16, 27, 27, 27, 27, 77, 16, 27, 77, 27, 27, 27, 27, 16, 27, 88, 77, 27, 27, 27, 27, 77, 27, 16, 16, 27, 77, 77, 27, 27, 77, 27, 16, 27, 27, 27, 88, 88, 17, 16, 77, 27, 27, 16, 16, 16, 88, 88, 27, 16, 16, 77, 27, 77, 27, 16, 27, 27, 16, 27, 27, 27, 27, 17, 16, 27, 27, 27, 88, 16, 16, 10, 27, 27, 27, 27, 27, 77, 27, 27, 27, 27, 1, 27, 27, 27, 27, 27, 88, 16, 16, 80, 27, 27, 16, 16, 16, 18, 16, 88, 27, 88, 48, 77, 27, 16, 77, 27, 27, 27, 27, 105, 88, 19, 107, 77, 77, 77, 27, 77, 27, 16, 27, 27, 88, 27, 16, 48, 77, 77, 101, 27, 27, 27, 101, 88, 39, 16, 16, 27, 27, 77, 27, 27, 18, 16, 27, 27, 19, 88, 77, 27, 27, 27, 27, 27, 88, 88, 27, 2, 27, 52, 16, 27, 16, 27, 62, 77, 1, 27, 27, 10, 27, 16, 88, 88, 16, 16, 77, 77, 27, 27, 88, 77, 77, 55, 27, 16, 77, 18, 88, 27, 88, 34, 77, 27, 27, 16, 27, 39, 4, 27, 16, 27, 27, 88, 88, 16, 2, 27, 77, 1, 16, 88, 77, 1, 100, 27, 27, 16, 53, 2, 16, 88, 16, 77, 27, 77, 27, 88, 88, 16, 16, 43, 27, 27, 88, 27, 16, 27, 77, 16, 88, 88, 27, 27, 77, 77, 27, 16, 16, 11, 77, 88, 27, 88, 16, 74, 77, 27, 77, 27, 16, 27, 16, 74, 27, 77, 64, 27, 77, 4, 77, 16, 27, 88, 88, 27, 23, 27, 77, 27, 77, 4, 101, 16, 16, 27, 27, 77, 27, 77, 77, 77, 34, 77, 77, 77, 88, 16, 27, 88, 27, 53, 27, 27, 88, 77, 27, 16, 77, 77, 27, 77, 88, 16, 88, 77, 27, 27, 88, 27, 88, 77, 88, 27, 27, 88, 77, 16, 16, 16, 27, 27, 27, 77, 77, 77, 88, 88, 77, 88, 77, 27, 77, 16, 88, 77, 77, 16, 88, 88, 88, 23, 77, 27, 88, 16, 88, 88, 88, 77, 88, 27, 88, 41, 77, 41, 77, 41, 16, 77, 88, 27, 27, 27, 16, 88, 41, 88, 23, 27, 88, 16, 23, 27, 27, 88, 16, 1, 27, 88, 27, 88, 88, 88, 10, 27, 88, 10, 16, 16, 16, 16, 81, 16, 16, 16, 16, 16, 16, 16, 16, 16, 16, 16, 16, 16, 16, 16, 16, 16, 16, 74, 16, 16, 41, 16, 67, 67, 67, 16, 16, 16, 16, 41, 16, 15, 51, 41, 16, 21, 41, 21, 41, 65, 34, 13, 4, 16, 16, 99, 16, 16, 16, 16, 16, 21, 16, 16, 16, 16, 16, 16, 16, 16, 16, 16, 106, 21, 4, 16, 74, 4, 16, 4, 16, 4, 16, 105, 74, 16, 19, 74, 16, 16, 16, 16, 52, 74, 4, 16, 16, 89, 105, 92, 106, 4, 16, 72, 16, 16, 34, 16, 53, 99, 72, 16, 74, 16, 0, 16, 105, 16, 16, 16, 4, 4, 16, 21, 19, 72, 48, 57, 99, 16, 16, 98, 16, 16, 41, 16, 16, 105, 16, 16, 19, 29, 16, 16, 106, 16, 34, 16, 4, 16, 21, 16, 16, 16, 16, 72, 16, 16, 33, 16, 16, 89, 16, 16, 105, 16, 16, 16, 16, 16, 105, 52, 16, 52, 16, 62, 16, 51, 16, 53, 16, 16, 52, 21, 16, 16, 16, 16, 16, 16, 16, 105, 16, 16, 16, 19, 16, 16, 16, 16, 69, 41, 21, 21, 99, 41, 16, 21, 21, 21, 33, 16, 15, 16, 16, 16, 65, 16, 16, 16, 16, 16, 62, 57, 16, 16, 99, 16, 16, 16, 16, 34, 99, 34, 89, 16, 34, 16, 16, 16, 69, 89, 92, 105, 105, 16, 16, 69, 16, 16, 4, 16, 4, 16, 69, 16, 69, 16, 89, 74, 74, 74, 16, 66, 16, 74, 16, 69, 34, 16, 4, 16, 16, 16, 4, 16, 16, 91, 16, 16, 16, 16, 16, 16, 16, 16, 4, 16, 16, 16, 16, 4, 16, 16, 16, 16, 105, 16, 18, 53, 74, 16, 16, 34, 16, 29, 16, 4, 16, 4, 16, 16, 53, 16, 4, 16, 16, 16, 106, 105, 105, 16, 106, 16, 16, 105, 16, 62, 16, 16, 69, 4, 16, 105, 16, 16, 16, 16, 16, 106, 72, 52, 105, 72, 16, 16, 16, 16, 0, 106, 4, 4, 16, 16, 16, 16, 16, 16, 16, 16, 16, 16, 16, 16, 16, 105, 34, 105, 16, 16, 16, 16, 105, 105, 105, 52, 16, 16, 16, 19, 19, 16, 16, 19, 105, 16, 105, 16, 19, 19, 16, 16, 16, 19, 16, 16, 16, 16, 19, 16, 16, 16, 52, 48, 16, 105, 16, 16, 16, 16, 16, 16, 16, 16, 52, 16, 16, 16, 72, 16, 16, 16, 16, 16, 16, 16, 16, 16, 105, 52, 16, 105, 16, 16, 16, 16, 48, 16, 16, 52, 105, 16, 16, 4, 66, 16, 16, 16, 16, 16, 19, 99, 16, 16, 69, 16, 16, 16, 48, 16, 16, 62, 19, 16, 105, 16, 16, 16, 48, 34, 16, 16, 72, 16, 16, 16, 16, 105, 16, 16, 16, 16, 16, 16, 48, 16, 72, 16, 51, 16, 16, 16, 16, 41, 16, 21, 72, 41, 41, 30, 51, 41, 21, 30, 30, 30, 41, 30, 41, 16, 30, 30, 16, 30, 74, 16, 21, 16, 30, 95, 30, 16, 30, 21, 30, 4, 99, 30, 72, 30, 30, 16, 16, 30, 16, 16, 4, 41, 102, 21, 41, 30, 30, 99, 72, 25, 30, 16, 99, 30, 16, 62, 30, 16, 30, 30, 30, 19, 54, 41, 18, 30, 30, 41, 16, 16, 30, 30, 16, 30, 41, 16, 30, 74, 30, 21, 30, 16, 30, 30, 30, 30, 30, 30, 30, 83, 30, 30, 30, 16, 4, 41, 41, 19, 30, 99, 30, 30, 16, 30, 30, 41, 16, 30, 41, 52, 30, 30, 30, 33, 30, 30, 30, 30, 30, 30, 30, 4, 30, 72, 30, 30, 30, 30, 30,