{"Run": 9, "K": 493, "WCSSD": 2090.5507733601744, "Purity": 0.43457764643380103, "Time": 27.897427082061768, "Kmeans_Labels": [65, 209, 441, 99, 12, 9, 209, 76, 209, 53, 387, 13, 88, 88, 212, 394, 90, 52, 424, 67, 12, 12, 82, 88, 121, 193, 414, 52, 391, 140, 414, 230, 67, 52, 414, 12, 88, 88, 13, 88, 182, 116, 55, 257, 88, 12, 121, 414, 405, 73, 282, 465, 465, 278, 65, 314, 394, 318, 135, 135, 394, 52, 314, 55, 12, 209, 88, 209, 88, 223, 52, 414, 12, 78, 109, 314, 12, 12, 333, 12, 424, 407, 105, 52, 76, 55, 314, 12, 12, 12, 9, 114, 81, 81, 73, 116, 9, 12, 76, 12, 76, 109, 12, 417, 417, 116, 116, 417, 29, 109, 108, 108, 108, 88, 480, 109, 245, 12, 96, 25, 96, 9, 10, 135, 55, 178, 96, 135, 117, 12, 25, 40, 82, 404, 12, 26, 96, 96, 96, 96, 55, 135, 135, 299, 10, 10, 12, 96, 394, 135, 25, 101, 314, 67, 96, 25, 12, 412, 135, 73, 127, 25, 25, 12, 309, 25, 314, 296, 184, 314, 73, 82, 12, 465, 25, 394, 34, 42, 25, 220, 96, 404, 73, 73, 25, 12, 25, 12, 404, 12, 53, 200, 443, 25, 119, 135, 12, 5, 12, 480, 76, 82, 82, 462, 25, 76, 25, 76, 382, 96, 82, 96, 76, 76, 76, 25, 25, 480, 13, 200, 76, 304, 12, 13, 104, 25, 96, 13, 465, 82, 12, 276, 76, 12, 76, 81, 480, 67, 404, 289, 25, 227, 287, 76, 465, 76, 96, 12, 5, 25, 480, 480, 12, 45, 404, 82, 394, 96, 25, 480, 96, 12, 164, 441, 417, 1, 5, 4, 175, 480, 82, 116, 53, 82, 116, 82, 174, 82, 25, 408, 25, 65, 65, 424, 82, 116, 329, 417, 185, 117, 25, 116, 314, 397, 45, 116, 12, 116, 108, 67, 12, 116, 12, 45, 411, 116, 365, 116, 116, 108, 200, 65, 13, 45, 480, 65, 12, 108, 83, 12, 108, 108, 465, 108, 34, 13, 53, 421, 200, 108, 67, 25, 25, 65, 465, 96, 25, 65, 82, 25, 96, 96, 200, 5, 25, 96, 404, 25, 404, 404, 93, 96, 465, 12, 180, 12, 441, 184, 89, 341, 351, 474, 175, 341, 108, 200, 22, 351, 345, 12, 341, 341, 22, 47, 22, 47, 25, 25, 82, 61, 96, 9, 25, 55, 12, 465, 465, 52, 135, 141, 12, 405, 359, 53, 12, 12, 34, 291, 12, 257, 200, 96, 135, 82, 17, 200, 253, 12, 135, 12, 441, 12, 272, 314, 209, 352, 116, 5, 314, 25, 314, 12, 314, 81, 257, 417, 12, 451, 89, 351, 351, 332, 219, 314, 12, 424, 424, 67, 67, 296, 135, 285, 101, 101, 480, 480, 129, 129, 122, 108, 13, 13, 108, 257, 53, 175, 175, 141, 341, 341, 61, 61, 207, 272, 272, 55, 55, 55, 135, 272, 272, 272, 135, 272, 100, 200, 12, 53, 81, 81, 76, 76, 12, 286, 286, 280, 280, 360, 360, 360, 101, 12, 268, 268, 175, 14, 73, 101, 101, 404, 76, 45, 200, 480, 480, 12, 81, 81, 417, 441, 441, 61, 441, 441, 73, 73, 73, 12, 73, 135, 417, 385, 417, 417, 417, 417, 385, 81, 12, 254, 254, 116, 480, 480, 12, 12, 139, 139, 108, 13, 108, 116, 116, 480, 480, 404, 404, 265, 265, 108, 108, 417, 417, 467, 108, 222, 101, 101, 101, 101, 100, 175, 200, 200, 13, 12, 12, 13, 13, 12, 12, 12, 12, 404, 12, 61, 61, 200, 404, 404, 404, 93, 93, 12, 120, 404, 199, 199, 491, 19, 19, 101, 414, 101, 61, 61, 22, 22, 22, 22, 198, 198, 27, 27, 490, 490, 12, 94, 94, 22, 22, 236, 236, 22, 313, 341, 341, 341, 175, 12, 100, 52, 314, 155, 155, 155, 155, 155, 155, 155, 155, 155, 154, 13, 155, 43, 155, 88, 107, 155, 155, 155, 175, 155, 155, 155, 155, 34, 141, 257, 12, 7, 55, 55, 12, 12, 272, 272, 9, 65, 12, 12, 9, 141, 12, 12, 272, 61, 126, 403, 34, 135, 386, 414, 9, 260, 257, 73, 480, 209, 231, 231, 73, 492, 492, 12, 12, 81, 61, 12, 81, 425, 12, 12, 81, 69, 81, 81, 81, 257, 81, 138, 12, 360, 81, 480, 325, 418, 138, 400, 81, 73, 9, 81, 400, 81, 12, 480, 325, 325, 69, 73, 480, 480, 214, 12, 81, 12, 142, 142, 417, 200, 60, 12, 417, 417, 175, 108, 60, 417, 12, 430, 108, 417, 108, 324, 324, 108, 108, 335, 108, 417, 110, 108, 108, 335, 12, 108, 335, 108, 192, 108, 108, 12, 68, 108, 108, 108, 141, 12, 108, 108, 108, 240, 240, 108, 108, 108, 108, 265, 240, 240, 108, 108, 108, 240, 108, 344, 108, 53, 108, 12, 108, 108, 108, 84, 101, 84, 84, 84, 84, 12, 12, 101, 130, 130, 108, 419, 52, 52, 419, 20, 441, 175, 441, 61, 61, 175, 61, 404, 404, 439, 439, 108, 108, 199, 12, 61, 200, 12, 491, 61, 45, 45, 404, 61, 61, 61, 61, 61, 486, 486, 351, 406, 406, 61, 22, 341, 341, 22, 34, 175, 262, 61, 341, 198, 175, 12, 198, 198, 175, 341, 342, 342, 12, 94, 351, 341, 177, 12, 108, 351, 236, 61, 109, 320, 320, 320, 351, 343, 48, 272, 73, 17, 272, 67, 272, 394, 73, 12, 12, 73, 12, 61, 173, 69, 401, 69, 441, 134, 73, 394, 108, 417, 108, 266, 108, 241, 175, 61, 61, 61, 213, 314, 135, 12, 398, 131, 404, 184, 435, 465, 12, 65, 108, 125, 65, 108, 12, 12, 59, 12, 70, 32, 355, 417, 32, 257, 33, 476, 70, 70, 341, 213, 70, 202, 305, 213, 70, 213, 213, 296, 213, 213, 213, 211, 32, 355, 213, 32, 213, 213, 213, 476, 476, 213, 59, 32, 213, 213, 213, 213, 450, 56, 476, 476, 213, 298, 32, 213, 213, 32, 213, 437, 213, 379, 213, 70, 70, 12, 117, 32, 475, 293, 12, 16, 73, 70, 363, 213, 17, 34, 32, 475, 32, 475, 55, 213, 213, 12, 213, 213, 213, 213, 12, 12, 213, 213, 213, 70, 465, 303, 121, 213, 213, 213, 213, 475, 32, 213, 213, 213, 213, 122, 213, 213, 475, 202, 202, 70, 209, 144, 122, 213, 213, 414, 73, 12, 42, 61, 70, 213, 201, 55, 32, 457, 355, 427, 213, 213, 213, 475, 52, 70, 100, 213, 32, 32, 32, 213, 32, 213, 443, 213, 213, 70, 213, 12, 12, 32, 32, 213, 475, 213, 213, 70, 59, 379, 141, 12, 39, 213, 183, 213, 213, 42, 12, 213, 213, 100, 70, 32, 213, 443, 475, 213, 213, 70, 70, 316, 288, 213, 244, 73, 339, 12, 213, 316, 32, 122, 213, 213, 121, 213, 12, 70, 255, 12, 12, 32, 454, 487, 213, 70, 147, 454, 32, 213, 141, 32, 123, 59, 213, 70, 257, 32, 213, 213, 465, 213, 70, 12, 213, 12, 213, 213, 70, 70, 175, 288, 213, 32, 122, 296, 70, 32, 476, 213, 300, 202, 443, 69, 288, 344, 70, 144, 32, 213, 122, 213, 70, 70, 12, 296, 213, 475, 213, 70, 213, 355, 213, 32, 441, 70, 70, 213, 213, 32, 32, 213, 12, 141, 213, 32, 70, 213, 70, 141, 417, 32, 475, 32, 213, 212, 213, 175, 417, 213, 32, 70, 64, 32, 65, 32, 61, 103, 70, 70, 213, 225, 213, 32, 149, 32, 415, 213, 244, 17, 213, 213, 32, 213, 32, 32, 32, 257, 32, 32, 32, 70, 414, 225, 70, 184, 69, 213, 213, 70, 33, 213, 465, 32, 32, 416, 32, 70, 12, 70, 32, 434, 213, 70, 213, 70, 32, 70, 213, 67, 70, 32, 12, 67, 67, 213, 213, 213, 32, 32, 98, 70, 70, 32, 70, 32, 213, 32, 17, 70, 476, 32, 12, 70, 70, 70, 225, 32, 213, 70, 55, 70, 70, 351, 32, 70, 213, 256, 341, 32, 341, 32, 341, 175, 32, 70, 213, 290, 213, 12, 70, 341, 388, 225, 213, 70, 12, 225, 213, 213, 70, 465, 122, 213, 70, 92, 70, 70, 70, 202, 213, 70, 213, 162, 455, 465, 270, 296, 465, 12, 465, 465, 465, 465, 331, 443, 465, 12, 135, 117, 465, 203, 13, 465, 414, 181, 136, 465, 465, 247, 314, 104, 104, 104, 12, 12, 12, 414, 341, 28, 351, 66, 341, 175, 341, 341, 236, 341, 336, 257, 209, 373, 394, 249, 84, 175, 45, 12, 404, 383, 22, 234, 414, 135, 12, 176, 12, 116, 81, 30, 175, 360, 22, 13, 404, 417, 377, 141, 108, 441, 128, 61, 171, 417, 394, 100, 12, 12, 414, 349, 141, 200, 417, 13, 414, 157, 108, 52, 108, 492, 13, 206, 81, 45, 371, 257, 12, 69, 108, 81, 12, 417, 182, 12, 209, 67, 14, 141, 404, 429, 13, 12, 22, 100, 279, 348, 12, 108, 207, 45, 12, 12, 61, 320, 73, 361, 52, 34, 207, 204, 372, 181, 12, 81, 12, 257, 12, 116, 141, 22, 302, 441, 12, 440, 272, 12, 115, 22, 441, 271, 346, 426, 12, 52, 394, 12, 135, 414, 12, 52, 433, 314, 200, 141, 101, 65, 89, 12, 69, 34, 209, 200, 424, 61, 414, 414, 12, 114, 404, 246, 414, 12, 73, 424, 100, 424, 166, 399, 28, 424, 320, 424, 236, 108, 341, 414, 22, 341, 22, 22, 383, 351, 61, 414, 61, 336, 12, 12, 404, 394, 249, 232, 12, 176, 141, 84, 30, 65, 404, 344, 257, 108, 257, 108, 465, 257, 465, 296, 441, 305, 108, 108, 424, 171, 30, 326, 305, 455, 12, 108, 12, 128, 314, 424, 12, 394, 177, 346, 417, 417, 417, 116, 441, 440, 12, 45, 424, 257, 34, 13, 12, 141, 34, 116, 448, 333, 465, 314, 141, 414, 314, 234, 455, 441, 314, 116, 175, 12, 465, 394, 13, 45, 394, 12, 13, 52, 73, 42, 69, 417, 404, 399, 257, 14, 372, 349, 13, 175, 373, 414, 404, 69, 12, 13, 12, 414, 141, 360, 67, 52, 141, 81, 157, 36, 52, 153, 101, 414, 81, 305, 480, 229, 52, 12, 14, 12, 0, 141, 81, 81, 433, 52, 81, 9, 361, 404, 394, 12, 492, 429, 377, 12, 14, 34, 12, 14, 12, 14, 394, 14, 246, 184, 206, 465, 52, 414, 334, 114, 141, 34, 12, 52, 414, 34, 200, 82, 9, 441, 100,