{"Run": 8, "K": 442, "WCSSD": 2176.7589753417046, "Purity": 0.5124534783853422, "Time": 24.218583822250366, "Kmeans_Labels": [154, 426, 187, 69, 1, 234, 426, 160, 426, 1, 1, 404, 1, 282, 416, 1, 1, 1, 65, 68, 1, 1, 435, 1, 28, 295, 1, 128, 204, 408, 436, 68, 204, 1, 68, 1, 1, 282, 167, 282, 68, 137, 78, 395, 1, 1, 28, 68, 416, 1, 436, 68, 68, 274, 208, 50, 352, 426, 405, 69, 1, 1, 1, 64, 50, 111, 426, 426, 282, 50, 426, 436, 147, 436, 262, 109, 1, 1, 241, 1, 1, 234, 223, 416, 160, 1, 274, 43, 1, 1, 416, 416, 275, 1, 416, 1, 416, 1, 160, 1, 160, 262, 1, 384, 187, 137, 137, 224, 147, 262, 340, 147, 340, 1, 208, 262, 68, 1, 436, 39, 436, 423, 39, 436, 1, 39, 436, 71, 274, 311, 39, 39, 139, 436, 416, 1, 436, 436, 436, 436, 128, 69, 69, 237, 39, 39, 416, 436, 416, 69, 39, 115, 1, 1, 436, 39, 1, 1, 69, 436, 436, 39, 39, 436, 137, 39, 436, 353, 136, 274, 416, 1, 1, 68, 39, 1, 64, 371, 39, 436, 436, 436, 355, 355, 39, 1, 39, 1, 1, 234, 1, 128, 274, 39, 196, 20, 245, 289, 436, 436, 160, 139, 139, 249, 39, 160, 39, 160, 1, 239, 139, 436, 160, 160, 160, 39, 39, 147, 167, 128, 160, 262, 1, 167, 314, 418, 407, 167, 68, 39, 436, 436, 160, 217, 160, 1, 1, 310, 436, 436, 39, 161, 24, 335, 68, 160, 436, 436, 289, 39, 137, 137, 102, 292, 234, 139, 39, 20, 39, 436, 436, 436, 167, 1, 187, 1, 289, 211, 68, 64, 436, 137, 221, 20, 137, 436, 436, 139, 39, 187, 39, 208, 107, 436, 137, 137, 64, 424, 137, 150, 39, 137, 1, 137, 149, 137, 289, 137, 187, 274, 1, 137, 289, 289, 289, 137, 137, 137, 1, 340, 128, 208, 289, 289, 138, 208, 1, 340, 137, 289, 436, 138, 68, 340, 64, 167, 381, 208, 128, 266, 178, 39, 39, 154, 68, 154, 39, 208, 139, 39, 436, 436, 30, 289, 39, 436, 436, 39, 436, 436, 299, 436, 68, 1, 167, 289, 234, 328, 259, 140, 103, 1, 436, 103, 1, 128, 140, 103, 39, 436, 103, 103, 140, 39, 286, 39, 39, 39, 436, 1, 436, 289, 39, 1, 1, 68, 68, 242, 1, 1, 1, 436, 125, 221, 1, 416, 64, 382, 1, 395, 128, 436, 69, 436, 1, 128, 39, 64, 69, 44, 365, 234, 50, 274, 426, 416, 248, 289, 274, 39, 353, 1, 1, 1, 395, 187, 234, 289, 259, 103, 394, 41, 311, 274, 1, 234, 234, 416, 416, 234, 69, 234, 153, 153, 1, 1, 289, 289, 234, 340, 167, 167, 1, 395, 274, 79, 79, 234, 140, 140, 17, 17, 234, 148, 148, 1, 78, 78, 50, 265, 265, 50, 247, 50, 382, 128, 25, 147, 275, 275, 160, 160, 1, 1, 1, 1, 1, 14, 14, 1, 115, 1, 1, 1, 436, 346, 1, 115, 115, 1, 160, 45, 128, 101, 101, 234, 14, 135, 251, 187, 187, 234, 256, 256, 280, 280, 416, 99, 416, 69, 187, 1, 187, 187, 187, 187, 1, 147, 234, 15, 15, 137, 147, 147, 289, 289, 147, 147, 340, 167, 18, 104, 104, 340, 340, 1, 1, 340, 340, 340, 340, 187, 187, 232, 340, 289, 115, 115, 115, 115, 382, 358, 128, 128, 167, 52, 52, 167, 167, 1, 1, 289, 289, 416, 1, 1, 1, 128, 76, 1, 1, 299, 299, 1, 234, 1, 332, 332, 123, 356, 356, 156, 368, 156, 277, 277, 286, 286, 140, 140, 10, 10, 386, 386, 140, 140, 234, 58, 58, 140, 140, 140, 140, 103, 103, 140, 140, 103, 234, 1, 33, 1, 436, 35, 35, 35, 35, 35, 5, 35, 35, 35, 167, 167, 35, 35, 35, 282, 35, 35, 35, 169, 234, 35, 120, 35, 35, 64, 395, 395, 1, 140, 253, 253, 50, 50, 148, 148, 68, 208, 50, 50, 68, 234, 416, 234, 50, 1, 69, 395, 64, 278, 1, 68, 1, 41, 179, 1, 278, 426, 147, 147, 416, 147, 147, 147, 1, 275, 1, 416, 50, 1, 1, 1, 1, 43, 14, 330, 330, 395, 229, 34, 436, 1, 14, 1, 14, 1, 34, 14, 147, 436, 436, 14, 1, 14, 1, 101, 14, 14, 43, 1, 101, 101, 1, 251, 395, 147, 1, 1, 187, 128, 187, 258, 187, 191, 234, 340, 187, 187, 187, 15, 137, 187, 108, 333, 333, 232, 3, 157, 147, 208, 410, 230, 230, 157, 1, 340, 157, 208, 340, 254, 400, 203, 115, 340, 340, 340, 210, 1, 19, 289, 289, 108, 340, 340, 340, 108, 340, 108, 108, 108, 340, 340, 340, 108, 205, 151, 340, 266, 266, 1, 441, 205, 205, 266, 115, 266, 266, 266, 266, 269, 269, 115, 266, 266, 340, 266, 1, 1, 266, 289, 234, 1, 234, 332, 289, 128, 289, 1, 1, 1, 1, 323, 323, 332, 1, 289, 128, 289, 123, 289, 1, 1, 1, 289, 289, 274, 289, 289, 406, 406, 114, 103, 103, 289, 140, 103, 140, 140, 127, 103, 386, 234, 140, 122, 103, 97, 122, 122, 234, 140, 1, 1, 274, 359, 103, 359, 340, 1, 340, 103, 140, 289, 262, 1, 1, 140, 103, 199, 1, 50, 320, 1, 50, 50, 50, 234, 1, 1, 1, 1, 368, 1, 1, 43, 1, 250, 234, 238, 1, 1, 1, 399, 340, 274, 1, 311, 1, 1, 416, 1, 174, 1, 69, 1, 1, 234, 436, 136, 92, 68, 234, 154, 340, 103, 154, 340, 1, 436, 329, 1, 244, 260, 234, 428, 260, 395, 260, 260, 244, 51, 209, 174, 16, 174, 279, 409, 129, 174, 174, 416, 283, 283, 132, 174, 260, 234, 174, 260, 174, 174, 174, 132, 274, 409, 244, 260, 174, 409, 174, 409, 260, 174, 274, 274, 409, 260, 260, 283, 174, 260, 132, 1, 119, 132, 174, 244, 244, 1, 274, 260, 174, 174, 436, 1, 1, 244, 12, 174, 68, 64, 260, 174, 260, 174, 198, 12, 409, 1, 174, 174, 174, 174, 1, 170, 174, 339, 12, 244, 53, 1, 28, 70, 174, 116, 174, 174, 260, 174, 174, 132, 174, 284, 174, 174, 174, 174, 174, 244, 302, 45, 284, 174, 174, 111, 63, 1, 41, 1, 12, 174, 244, 78, 260, 174, 234, 260, 12, 174, 174, 174, 1, 214, 382, 174, 260, 260, 260, 364, 260, 174, 234, 174, 409, 244, 283, 1, 1, 260, 284, 174, 174, 174, 174, 244, 168, 43, 68, 234, 174, 173, 260, 174, 174, 41, 436, 174, 193, 382, 244, 346, 174, 168, 174, 174, 174, 367, 244, 383, 95, 174, 128, 416, 409, 294, 174, 383, 260, 284, 174, 322, 28, 174, 1, 51, 244, 436, 1, 260, 260, 174, 174, 244, 260, 260, 267, 174, 416, 260, 94, 329, 174, 244, 395, 260, 146, 283, 68, 174, 244, 1, 174, 1, 174, 409, 244, 244, 141, 398, 132, 260, 284, 29, 261, 260, 284, 174, 174, 174, 234, 43, 95, 151, 244, 301, 260, 12, 213, 315, 244, 244, 238, 319, 409, 132, 409, 244, 409, 234, 174, 284, 234, 244, 244, 87, 409, 260, 260, 174, 117, 246, 174, 428, 244, 174, 244, 425, 187, 260, 174, 260, 409, 416, 174, 416, 187, 174, 260, 244, 174, 260, 208, 260, 274, 174, 244, 244, 174, 289, 174, 260, 132, 260, 289, 174, 311, 68, 174, 132, 260, 174, 260, 260, 260, 395, 260, 260, 260, 244, 23, 174, 334, 182, 43, 132, 174, 244, 260, 132, 189, 345, 260, 132, 260, 244, 416, 12, 260, 174, 174, 12, 174, 244, 260, 132, 409, 193, 244, 260, 1, 1, 136, 132, 174, 174, 260, 260, 260, 244, 244, 260, 12, 260, 409, 260, 68, 244, 260, 260, 274, 300, 244, 12, 289, 106, 174, 244, 111, 51, 12, 12, 260, 244, 174, 244, 140, 260, 209, 260, 4, 416, 260, 244, 174, 174, 174, 1, 244, 359, 244, 174, 409, 244, 289, 12, 174, 174, 244, 68, 284, 409, 244, 174, 67, 16, 344, 174, 132, 244, 174, 1, 91, 68, 234, 274, 68, 1, 68, 68, 68, 68, 311, 234, 68, 186, 69, 274, 68, 1, 167, 68, 68, 274, 187, 68, 68, 140, 1, 314, 314, 314, 234, 1, 1, 47, 103, 281, 103, 326, 103, 1, 140, 140, 140, 140, 49, 395, 426, 1, 131, 289, 266, 289, 432, 1, 1, 416, 1, 238, 233, 1, 1, 208, 1, 1, 342, 21, 289, 1, 274, 167, 376, 291, 223, 1, 340, 234, 147, 27, 274, 185, 289, 393, 99, 1, 1, 167, 1, 375, 187, 167, 133, 212, 340, 1, 1, 147, 271, 1, 275, 292, 69, 395, 1, 43, 184, 275, 1, 121, 54, 147, 234, 231, 346, 416, 1, 223, 167, 1, 286, 382, 281, 188, 1, 11, 234, 1, 1, 311, 1, 140, 1, 312, 111, 64, 234, 382, 37, 274, 1, 1, 416, 309, 1, 137, 38, 140, 234, 234, 1, 289, 50, 1, 403, 140, 234, 183, 15, 68, 341, 92, 1, 1, 69, 1, 416, 1, 128, 311, 128, 1, 115, 208, 259, 416, 43, 64, 412, 420, 289, 1, 68, 416, 436, 416, 234, 437, 111, 1, 215, 1, 382, 363, 311, 48, 281, 163, 140, 289, 140, 1, 103, 68, 274, 140, 1, 140, 416, 103, 1, 68, 27, 49, 144, 436, 1, 131, 289, 115, 1, 208, 1, 266, 21, 208, 234, 151, 395, 340, 395, 340, 274, 395, 274, 238, 234, 279, 340, 1, 1, 274, 21, 416, 279, 91, 1, 340, 1, 147, 68, 56, 1, 166, 311, 15, 121, 187, 185, 1, 234, 289, 99, 432, 56, 395, 64, 167, 68, 68, 64, 137, 68, 56, 68, 240, 416, 68, 416, 238, 91, 234, 1, 137, 416, 1, 68, 1, 167, 292, 1, 1, 167, 63, 215, 41, 43, 291, 422, 48, 290, 346, 37, 167, 167, 1, 1, 1, 77, 43, 207, 271, 416, 416, 1, 1, 231, 1, 289, 289, 212, 1, 92, 1, 115, 68, 342, 279, 1, 151, 1, 1, 346, 1, 1, 1, 1, 275, 128, 295, 275, 289, 312, 376, 1, 147, 147, 223, 223, 311, 346, 64, 341, 346, 341, 346, 1, 346, 437, 136, 1, 68, 1, 270, 111, 416, 38, 64, 1, 295, 1, 64, 375, 45, 1, 69, 382, 382, 391, 274, 393, 111, 1, 1, 234, 305, 382, 68, 68, 234, 382, 