{"Run": 3, "K": 428, "WCSSD": 2220.8930312295392, "Purity": 0.40790516171939806, "Time": 22.545991897583008, "Kmeans_Labels": [19, 334, 19, 178, 366, 267, 334, 220, 334, 19, 366, 76, 290, 290, 19, 19, 19, 403, 19, 342, 19, 366, 205, 290, 204, 403, 204, 420, 128, 19, 290, 19, 128, 403, 402, 19, 290, 290, 14, 290, 267, 290, 189, 251, 290, 19, 290, 19, 315, 19, 308, 267, 267, 35, 19, 183, 263, 334, 178, 178, 19, 403, 19, 124, 183, 82, 290, 334, 290, 183, 334, 19, 19, 68, 19, 19, 19, 366, 204, 201, 19, 19, 327, 403, 220, 19, 204, 366, 19, 19, 305, 421, 281, 19, 19, 366, 68, 19, 220, 19, 220, 97, 19, 148, 148, 143, 143, 148, 19, 97, 104, 253, 104, 290, 25, 97, 267, 19, 204, 67, 19, 68, 67, 178, 178, 67, 68, 178, 204, 19, 339, 67, 8, 12, 19, 128, 19, 19, 19, 19, 18, 178, 178, 128, 67, 67, 19, 19, 19, 178, 284, 312, 204, 128, 19, 67, 19, 19, 178, 315, 19, 67, 67, 19, 19, 67, 204, 11, 52, 204, 67, 205, 19, 267, 179, 19, 124, 199, 67, 19, 308, 19, 19, 19, 67, 19, 67, 204, 19, 267, 19, 18, 204, 67, 178, 178, 388, 204, 19, 25, 220, 205, 205, 194, 67, 220, 67, 220, 19, 19, 205, 19, 220, 293, 220, 67, 67, 25, 14, 18, 220, 366, 19, 14, 11, 404, 212, 25, 267, 205, 19, 68, 220, 19, 220, 19, 25, 251, 19, 19, 67, 19, 18, 220, 267, 220, 19, 169, 204, 67, 25, 25, 19, 67, 12, 205, 67, 19, 67, 25, 19, 19, 14, 325, 148, 19, 204, 148, 19, 25, 205, 143, 48, 205, 143, 205, 19, 205, 67, 148, 67, 19, 267, 19, 205, 143, 124, 148, 19, 204, 405, 143, 19, 104, 143, 143, 19, 369, 104, 128, 19, 143, 19, 143, 343, 289, 143, 143, 104, 104, 407, 19, 143, 19, 25, 104, 19, 104, 104, 19, 104, 25, 267, 104, 124, 14, 326, 19, 18, 152, 128, 125, 125, 19, 267, 19, 67, 19, 205, 67, 19, 11, 18, 204, 67, 11, 19, 67, 19, 263, 18, 263, 267, 104, 14, 19, 19, 52, 140, 397, 61, 19, 106, 61, 104, 18, 61, 61, 67, 104, 55, 55, 55, 67, 11, 67, 67, 67, 205, 19, 19, 267, 67, 19, 19, 267, 267, 403, 363, 267, 120, 315, 205, 132, 189, 19, 366, 11, 19, 251, 18, 19, 178, 205, 212, 18, 19, 366, 178, 19, 19, 19, 183, 204, 334, 19, 143, 204, 212, 67, 204, 178, 19, 19, 251, 148, 50, 104, 140, 61, 55, 189, 19, 204, 128, 19, 19, 128, 128, 19, 178, 360, 312, 312, 25, 25, 104, 104, 104, 104, 14, 14, 104, 251, 128, 80, 80, 263, 61, 61, 19, 19, 241, 183, 183, 19, 46, 46, 3, 183, 183, 183, 178, 183, 19, 18, 19, 277, 19, 19, 220, 220, 19, 25, 25, 390, 390, 25, 25, 19, 312, 19, 396, 396, 200, 115, 334, 312, 312, 19, 220, 19, 18, 25, 25, 50, 25, 25, 148, 19, 19, 263, 69, 69, 19, 19, 19, 212, 19, 362, 148, 324, 362, 148, 148, 362, 324, 19, 178, 104, 104, 143, 253, 253, 143, 143, 193, 193, 180, 14, 104, 143, 143, 408, 408, 19, 19, 170, 170, 380, 380, 148, 148, 104, 104, 19, 354, 354, 354, 354, 19, 19, 271, 271, 14, 19, 19, 14, 14, 19, 19, 19, 19, 19, 19, 329, 329, 18, 19, 19, 19, 19, 19, 128, 263, 263, 283, 283, 266, 265, 265, 424, 212, 424, 263, 263, 44, 44, 345, 345, 65, 65, 347, 347, 61, 61, 19, 55, 55, 44, 44, 44, 44, 55, 55, 55, 55, 55, 263, 19, 19, 19, 204, 285, 285, 285, 285, 285, 285, 285, 285, 285, 14, 14, 285, 285, 285, 290, 285, 285, 285, 285, 19, 244, 285, 285, 285, 124, 251, 275, 171, 61, 46, 46, 19, 19, 183, 183, 68, 19, 183, 183, 68, 212, 19, 19, 183, 19, 178, 251, 124, 178, 19, 19, 68, 189, 251, 118, 25, 334, 337, 337, 19, 337, 337, 19, 19, 183, 19, 19, 183, 19, 19, 19, 63, 40, 25, 19, 19, 251, 25, 189, 68, 19, 25, 25, 25, 19, 189, 25, 25, 200, 200, 19, 25, 19, 19, 25, 25, 200, 40, 19, 25, 25, 19, 19, 251, 7, 45, 45, 148, 148, 148, 104, 148, 148, 19, 104, 148, 166, 114, 154, 104, 426, 154, 25, 25, 59, 104, 19, 277, 148, 104, 253, 253, 253, 19, 104, 253, 104, 104, 104, 104, 19, 312, 104, 104, 104, 34, 19, 104, 104, 104, 154, 380, 134, 104, 134, 104, 154, 154, 154, 59, 59, 104, 154, 104, 64, 59, 104, 59, 19, 172, 104, 104, 57, 312, 137, 137, 137, 57, 19, 19, 312, 104, 104, 59, 104, 403, 403, 104, 104, 263, 19, 263, 329, 370, 18, 329, 19, 19, 93, 93, 104, 104, 283, 104, 200, 19, 19, 266, 263, 19, 19, 19, 19, 19, 263, 19, 19, 19, 19, 55, 332, 332, 19, 353, 61, 55, 44, 124, 55, 347, 19, 61, 65, 55, 19, 65, 65, 263, 61, 19, 19, 19, 55, 55, 55, 104, 212, 104, 55, 44, 263, 97, 297, 297, 297, 222, 19, 105, 183, 386, 212, 183, 128, 183, 68, 19, 19, 19, 204, 19, 19, 19, 40, 19, 40, 19, 268, 19, 19, 104, 143, 104, 267, 104, 212, 19, 204, 204, 204, 298, 366, 178, 366, 19, 204, 204, 52, 145, 267, 19, 104, 104, 55, 104, 104, 19, 19, 39, 19, 39, 24, 204, 198, 74, 251, 74, 225, 39, 39, 423, 298, 39, 174, 42, 401, 401, 298, 298, 296, 401, 401, 130, 298, 372, 376, 298, 74, 298, 234, 298, 225, 225, 66, 39, 74, 298, 401, 298, 422, 74, 141, 225, 225, 401, 74, 60, 401, 298, 74, 136, 366, 298, 136, 298, 39, 39, 19, 204, 74, 298, 298, 356, 19, 19, 39, 39, 142, 212, 124, 74, 298, 74, 298, 144, 298, 401, 19, 298, 298, 298, 381, 19, 366, 298, 298, 298, 39, 11, 128, 174, 298, 298, 401, 298, 298, 74, 298, 298, 298, 298, 163, 298, 298, 298, 298, 298, 304, 334, 19, 39, 298, 298, 82, 368, 366, 197, 19, 39, 298, 39, 189, 74, 298, 212, 74, 298, 330, 298, 298, 403, 39, 11, 298, 74, 74, 74, 298, 74, 298, 204, 264, 401, 39, 401, 366, 189, 100, 74, 298, 298, 298, 298, 39, 39, 40, 212, 19, 298, 298, 74, 39, 298, 197, 19, 298, 153, 11, 39, 74, 298, 298, 298, 298, 298, 39, 39, 298, 74, 298, 18, 19, 401, 136, 298, 312, 74, 136, 298, 298, 174, 298, 11, 39, 39, 19, 7, 74, 74, 298, 234, 39, 74, 359, 359, 298, 19, 74, 260, 39, 298, 39, 229, 74, 298, 401, 267, 298, 39, 19, 298, 19, 298, 401, 39, 39, 11, 74, 298, 74, 163, 11, 39, 24, 225, 298, 298, 298, 204, 40, 74, 215, 39, 427, 74, 298, 136, 298, 39, 39, 119, 365, 401, 298, 401, 39, 401, 204, 298, 74, 366, 39, 39, 298, 401, 378, 376, 298, 263, 19, 383, 198, 39, 298, 39, 19, 148, 336, 298, 74, 401, 19, 298, 11, 298, 298, 287, 39, 83, 74, 25, 74, 204, 298, 39, 39, 39, 204, 298, 74, 401, 74, 19, 39, 263, 212, 276, 136, 74, 298, 74, 74, 74, 251, 74, 74, 74, 39, 212, 136, 39, 52, 40, 298, 239, 39, 74, 136, 267, 74, 74, 136, 74, 39, 263, 39, 74, 298, 298, 39, 298, 39, 74, 39, 401, 153, 39, 74, 19, 128, 128, 136, 298, 298, 74, 74, 74, 39, 39, 74, 39, 74, 401, 74, 212, 39, 225, 74, 19, 39, 39, 181, 136, 74, 298, 39, 82, 39, 39, 139, 74, 191, 298, 39, 61, 74, 423, 74, 301, 11, 74, 39, 298, 136, 298, 19, 39, 55, 39, 136, 401, 39, 19, 136, 298, 298, 39, 240, 163, 401, 39, 298, 39, 39, 39, 174, 136, 39, 4, 128, 263, 267, 263, 11, 267, 19, 267, 267, 267, 267, 212, 204, 267, 126, 178, 204, 267, 87, 14, 267, 19, 68, 178, 267, 267, 208, 204, 11, 11, 11, 19, 19, 299, 104, 55, 10, 61, 249, 55, 19, 55, 61, 44, 61, 14, 251, 334, 366, 351, 370, 159, 19, 318, 19, 19, 263, 19, 268, 270, 178, 366, 104, 104, 19, 19, 19, 19, 25, 27, 14, 96, 148, 327, 19, 187, 178, 193, 263, 212, 5, 256, 19, 212, 19, 19, 161, 263, 18, 364, 14, 211, 19, 380, 17, 104, 135, 262, 19, 19, 258, 209, 316, 19, 40, 59, 183, 19, 175, 267, 19, 98, 128, 232, 19, 19, 327, 14, 108, 44, 11, 10, 46, 366, 104, 241, 19, 19, 19, 19, 297, 19, 19, 82, 124, 241, 18, 28, 68, 19, 19, 19, 251, 200, 263, 19, 11, 68, 19, 19, 104, 183, 19, 11, 353, 43, 19, 104, 212, 19, 403, 68, 19, 178, 338, 19, 403, 18, 267, 18, 263, 312, 37, 140, 416, 40, 19, 334, 18, 19, 246, 19, 19, 382, 19, 12, 11, 82, 19, 19, 19, 11, 20, 212, 212, 10, 158, 297, 19, 44, 104, 55, 19, 27, 55, 19, 353, 263, 61, 19, 227, 263, 14, 19, 382, 19, 351, 370, 312, 366, 104, 19, 159, 19, 37, 12, 64, 251, 104, 316, 111, 263, 251, 263, 119, 43, 42, 380, 104, 19, 212, 19, 254, 41, 263, 19, 187, 104, 193, 263, 42, 19, 42, 11, 104, 175, 364, 5, 19, 19, 104, 212, 318, 42, 316, 124, 14, 342, 263, 124, 143, 212, 42, 212, 263, 19, 227, 263, 268, 263, 42, 288, 263, 11, 200, 267, 68, 14, 258, 19, 19, 14, 403, 19, 127, 40, 148, 282, 212, 157, 232, 28, 161, 14, 84, 366, 19, 263, 40, 68, 262, 416, 19, 263, 25, 128, 17, 19, 63, 19, 19, 403, 19, 312, 19, 19, 42, 415, 64, 79, 19, 115, 19, 19, 263, 19, 183, 18, 403, 19, 19, 19, 96, 19, 19, 135, 327, 327, 19, 374, 19, 19, 115, 19, 6, 19, 367, 11, 52, 19, 267, 403, 251, 82, 19, 19, 124, 19, 403, 303, 124, 18, 205, 19, 178, 11, 11, 15, 413, 19, 82, 19, 403, 98, 11, 403, 406, 212, 19, 