{"Run": 7, "K": 326, "WCSSD": 2312.695280744612, "Purity": 0.48296593186372744, "Time": 19.11894392967224, "Kmeans_Labels": [176, 161, 274, 2, 2, 2, 226, 217, 161, 2, 197, 148, 306, 306, 2, 2, 2, 91, 78, 70, 2, 2, 20, 306, 306, 91, 78, 91, 70, 2, 306, 2, 70, 91, 254, 2, 306, 306, 148, 306, 84, 306, 100, 94, 306, 2, 306, 2, 194, 2, 254, 254, 254, 2, 2, 255, 84, 91, 2, 2, 2, 91, 2, 19, 266, 207, 306, 161, 306, 255, 91, 2, 246, 2, 168, 2, 2, 2, 84, 2, 2, 2, 251, 191, 217, 303, 78, 281, 2, 2, 2, 132, 255, 2, 74, 69, 10, 2, 217, 2, 217, 168, 2, 62, 242, 69, 69, 62, 2, 168, 297, 199, 297, 306, 239, 168, 254, 2, 78, 272, 136, 2, 272, 2, 2, 272, 2, 2, 78, 2, 272, 272, 20, 2, 2, 70, 2, 2, 2, 2, 64, 2, 2, 70, 272, 272, 2, 2, 172, 2, 272, 60, 2, 70, 2, 272, 2, 78, 2, 194, 2, 272, 272, 2, 69, 272, 84, 232, 78, 2, 272, 20, 2, 254, 272, 67, 19, 8, 272, 2, 2, 2, 2, 2, 166, 314, 272, 78, 2, 314, 84, 64, 78, 272, 6, 2, 2, 84, 2, 239, 217, 20, 20, 19, 272, 217, 272, 239, 2, 2, 20, 2, 272, 46, 217, 272, 272, 239, 103, 64, 272, 2, 2, 148, 43, 272, 2, 239, 254, 20, 2, 2, 217, 2, 217, 2, 239, 94, 2, 2, 272, 84, 64, 204, 254, 239, 2, 2, 84, 272, 239, 239, 2, 304, 128, 20, 272, 2, 272, 239, 2, 239, 148, 2, 62, 2, 84, 62, 254, 180, 72, 69, 84, 2, 69, 20, 2, 20, 272, 62, 272, 69, 2, 2, 69, 69, 19, 62, 69, 78, 272, 69, 2, 69, 163, 69, 2, 69, 297, 229, 22, 69, 2, 163, 163, 69, 69, 273, 69, 297, 64, 2, 148, 254, 239, 2, 2, 297, 297, 70, 297, 297, 254, 297, 19, 148, 2, 228, 64, 297, 70, 272, 272, 176, 254, 176, 272, 2, 20, 272, 2, 254, 271, 84, 86, 254, 2, 272, 2, 2, 64, 296, 254, 182, 216, 2, 2, 78, 36, 316, 316, 2, 254, 316, 316, 64, 221, 316, 325, 2, 316, 316, 221, 325, 221, 325, 272, 272, 20, 2, 2, 254, 272, 2, 2, 254, 254, 92, 2, 2, 84, 194, 20, 84, 100, 2, 70, 146, 2, 94, 64, 2, 2, 20, 84, 64, 272, 70, 2, 2, 78, 2, 255, 2, 161, 2, 163, 84, 254, 272, 84, 2, 219, 2, 94, 40, 2, 297, 36, 316, 316, 100, 2, 78, 2, 107, 107, 70, 70, 2, 2, 47, 60, 60, 239, 239, 297, 297, 2, 293, 148, 148, 297, 94, 70, 316, 316, 254, 316, 316, 171, 171, 2, 255, 255, 2, 100, 100, 255, 255, 255, 255, 2, 88, 228, 64, 2, 300, 2, 2, 217, 217, 2, 239, 239, 95, 95, 239, 239, 2, 60, 2, 239, 239, 276, 4, 42, 60, 60, 42, 217, 304, 64, 239, 239, 2, 239, 239, 145, 274, 274, 2, 236, 236, 2, 2, 2, 118, 2, 2, 62, 2, 62, 62, 62, 62, 2, 2, 2, 97, 97, 97, 102, 102, 2, 2, 239, 239, 239, 148, 297, 69, 69, 11, 11, 2, 2, 297, 297, 297, 297, 62, 62, 297, 297, 2, 115, 115, 115, 115, 228, 2, 64, 64, 148, 18, 18, 148, 148, 2, 2, 2, 2, 2, 2, 2, 2, 64, 154, 2, 2, 2, 2, 254, 254, 2, 2, 2, 78, 316, 316, 60, 2, 60, 111, 111, 108, 108, 223, 223, 68, 68, 223, 223, 316, 316, 70, 316, 316, 223, 223, 223, 223, 316, 316, 316, 316, 13, 84, 2, 228, 2, 254, 39, 240, 39, 39, 39, 39, 30, 39, 39, 148, 148, 323, 39, 39, 306, 39, 39, 39, 39, 254, 39, 39, 39, 39, 19, 94, 94, 2, 316, 100, 100, 255, 255, 255, 255, 2, 277, 255, 255, 254, 16, 2, 16, 88, 2, 2, 94, 19, 2, 2, 2, 2, 100, 94, 263, 239, 31, 239, 239, 2, 239, 239, 2, 2, 255, 31, 2, 255, 2, 2, 2, 2, 281, 239, 2, 2, 94, 239, 100, 2, 2, 34, 239, 34, 2, 100, 239, 34, 2, 2, 2, 239, 2, 2, 239, 34, 34, 281, 2, 239, 239, 2, 145, 205, 300, 2, 2, 62, 64, 62, 78, 62, 62, 2, 297, 62, 62, 27, 97, 297, 62, 297, 97, 239, 297, 297, 239, 260, 62, 17, 297, 199, 62, 2, 297, 297, 297, 297, 297, 297, 239, 60, 297, 297, 297, 2, 2, 297, 279, 279, 309, 297, 297, 297, 297, 297, 254, 309, 309, 297, 297, 297, 309, 177, 148, 297, 2, 297, 2, 297, 177, 177, 1, 60, 1, 1, 1, 1, 18, 18, 60, 297, 297, 124, 297, 70, 70, 297, 2, 2, 2, 2, 184, 2, 64, 184, 2, 35, 50, 50, 297, 297, 2, 2, 2, 64, 2, 78, 254, 2, 2, 2, 2, 2, 254, 222, 222, 174, 174, 316, 316, 316, 2, 223, 316, 316, 221, 238, 316, 223, 2, 316, 68, 316, 2, 68, 68, 2, 316, 2, 2, 2, 316, 316, 316, 2, 2, 254, 316, 223, 254, 168, 2, 2, 2, 316, 70, 78, 255, 2, 84, 255, 70, 255, 198, 2, 2, 2, 78, 2, 254, 2, 281, 2, 281, 2, 317, 2, 2, 297, 62, 297, 254, 297, 78, 2, 31, 31, 31, 235, 2, 2, 2, 2, 2, 78, 84, 91, 254, 2, 176, 297, 316, 176, 297, 2, 2, 57, 2, 125, 315, 78, 62, 315, 94, 315, 315, 57, 57, 316, 319, 57, 235, 107, 235, 57, 235, 235, 84, 123, 123, 123, 235, 315, 152, 235, 315, 235, 235, 235, 235, 84, 235, 57, 315, 235, 235, 235, 123, 315, 235, 84, 84, 123, 315, 0, 123, 235, 315, 235, 2, 235, 235, 235, 57, 57, 2, 78, 32, 235, 235, 254, 130, 2, 57, 235, 235, 84, 19, 315, 235, 315, 235, 2, 208, 123, 2, 235, 235, 235, 235, 2, 2, 235, 235, 235, 298, 254, 70, 306, 235, 235, 235, 120, 235, 315, 235, 235, 235, 235, 285, 235, 235, 235, 235, 235, 54, 161, 84, 117, 235, 235, 207, 2, 26, 231, 84, 57, 235, 57, 100, 315, 235, 2, 315, 235, 235, 235, 235, 91, 57, 228, 235, 315, 315, 315, 235, 315, 235, 78, 235, 235, 57, 123, 2, 100, 315, 96, 235, 235, 235, 235, 57, 57, 235, 84, 2, 235, 235, 315, 235, 235, 8, 2, 235, 235, 228, 57, 315, 235, 235, 235, 235, 235, 57, 57, 235, 315, 235, 64, 215, 123, 2, 235, 60, 315, 285, 235, 235, 306, 235, 2, 57, 57, 2, 2, 315, 315, 235, 235, 57, 315, 315, 315, 140, 2, 315, 41, 57, 235, 57, 94, 315, 235, 123, 314, 235, 57, 2, 235, 2, 235, 235, 125, 57, 2, 315, 235, 315, 285, 84, 57, 315, 285, 235, 235, 235, 78, 281, 148, 84, 57, 84, 315, 235, 96, 235, 57, 264, 143, 254, 123, 235, 123, 57, 235, 78, 235, 96, 66, 57, 57, 235, 235, 315, 152, 235, 2, 2, 235, 315, 57, 235, 57, 84, 62, 315, 235, 315, 123, 2, 235, 84, 62, 235, 315, 57, 235, 315, 297, 315, 126, 235, 57, 58, 235, 134, 235, 315, 235, 315, 2, 235, 254, 84, 200, 235, 315, 235, 99, 315, 164, 94, 291, 315, 315, 57, 2, 134, 57, 235, 281, 123, 140, 57, 315, 235, 84, 315, 315, 235, 315, 57, 84, 57, 315, 235, 235, 57, 235, 269, 315, 57, 235, 319, 57, 315, 84, 70, 160, 235, 235, 235, 315, 315, 315, 159, 169, 315, 57, 315, 235, 315, 84, 57, 315, 315, 78, 57, 57, 57, 134, 315, 235, 57, 207, 57, 57, 316, 315, 57, 235, 57, 316, 315, 316, 315, 287, 84, 315, 57, 235, 235, 319, 84, 57, 316, 57, 134, 235, 57, 2, 134, 235, 235, 57, 84, 285, 123, 57, 235, 57, 57, 57, 235, 235, 57, 235, 70, 107, 254, 84, 232, 254, 2, 254, 254, 254, 254, 84, 78, 254, 2, 2, 78, 254, 61, 148, 254, 2, 218, 62, 254, 254, 316, 306, 43, 43, 43, 2, 308, 2, 2, 316, 286, 316, 36, 316, 2, 316, 316, 221, 316, 148, 94, 161, 239, 2, 2, 1, 2, 138, 2, 2, 2, 221, 317, 84, 2, 2, 2, 2, 83, 185, 2, 2, 239, 221, 148, 213, 62, 251, 2, 195, 38, 239, 254, 254, 62, 2, 228, 118, 2, 2, 148, 2, 233, 62, 148, 2, 2, 297, 91, 297, 239, 148, 2, 255, 156, 2, 106, 244, 281, 297, 255, 2, 62, 2, 2, 75, 70, 4, 2, 2, 251, 148, 2, 221, 228, 255, 100, 2, 297, 2, 2, 2, 84, 2, 316, 2, 144, 178, 19, 2, 89, 116, 218, 2, 2, 2, 284, 81, 69, 2, 189, 2, 2, 2, 2, 255, 241, 84, 223, 2, 2, 297, 70, 2, 91, 321, 2, 44, 2, 2, 91, 64, 84, 64, 2, 209, 84, 36, 2, 281, 19, 237, 64, 2, 278, 2, 2, 2, 2, 128, 84, 207, 2, 2, 2, 228, 78, 302, 84, 286, 107, 316, 2, 221, 297, 316, 2, 221, 316, 221, 223, 2, 316, 2, 2, 254, 148, 254, 2, 2, 2, 2, 60, 2, 2, 2, 1, 2, 84, 128, 107, 94, 297, 106, 297, 229, 94, 186, 317, 2, 107, 297, 297, 2, 254, 2, 84, 107, 254, 2, 195, 2, 239, 78, 107, 244, 107, 14, 297, 62, 62, 62, 83, 2, 2, 118, 138, 107, 106, 19, 148, 254, 254, 19, 69, 84, 107, 78, 107, 2, 2, 84, 317, 254, 107, 254, 69, 84, 81, 254, 321, 148, 156, 2, 84, 148, 91, 2, 8, 281, 62, 2, 84, 94, 4, 116, 148, 148, 254, 239, 2, 254, 281, 2, 148, 2, 2, 2, 239, 70, 91, 254, 2, 2, 2, 91, 2, 209, 2, 185, 107, 239, 2, 91, 2, 4, 2, 2, 2, 2, 255, 64, 91, 255, 254, 144, 213, 2, 2, 239, 251, 251, 84, 4, 19, 2, 4, 2, 4, 67, 4, 84, 78, 2, 254, 91, 94, 207, 2, 2, 19, 2, 91, 207, 19, 233, 20, 2, 19, 2, 75, 150, 84, 228, 178, 2, 91, 75, 228, 91, 254, 70, 2, 89, 237, 2, 2, 2, 228, 2, 84, 2, 64, 100, 2, 91, 2, 44, 75, 254, 2, 84, 2, 2, 64, 2, 2, 78, 255, 2, 38, 2, 70, 254, 2, 2, 2, 84, 91, 84, 2, 91, 2, 2, 2, 2, 100, 2, 241, 64, 91, 318, 2, 239, 2, 254, 2, 2, 4, 84, 91, 297, 84, 7, 14, 31, 14, 2, 100, 311, 107, 60, 75, 2, 207, 78, 4, 78, 100, 94, 2, 254, 113, 67, 2, 2, 253, 84, 2, 84, 107, 107, 2, 2, 100, 65, 255, 2, 36, 78, 2, 107, 2, 316, 2, 189, 255, 316, 316, 29, 36, 287, 221, 179, 217, 283, 316, 283, 316, 2, 29, 283,