{"Run": 2, "K": 423, "WCSSD": 2201.7789538097827, "Purity": 0.5027197251646149, "Time": 24.534640073776245, "Kmeans_Labels": [233, 123, 0, 21, 21, 21, 422, 118, 21, 21, 21, 149, 49, 49, 24, 34, 170, 21, 34, 43, 21, 21, 413, 49, 125, 287, 21, 338, 43, 21, 49, 21, 303, 21, 125, 21, 49, 164, 149, 49, 78, 422, 32, 161, 49, 21, 49, 125, 362, 21, 302, 239, 239, 195, 233, 197, 34, 21, 213, 21, 34, 209, 21, 32, 197, 125, 201, 123, 49, 197, 125, 21, 394, 213, 69, 21, 233, 21, 21, 21, 21, 21, 21, 287, 118, 21, 213, 58, 21, 21, 21, 21, 197, 21, 21, 21, 125, 21, 118, 21, 118, 69, 21, 139, 139, 422, 422, 131, 21, 69, 124, 124, 124, 49, 233, 69, 236, 21, 21, 74, 21, 21, 74, 21, 45, 127, 21, 21, 279, 125, 74, 74, 413, 260, 307, 43, 337, 21, 21, 21, 338, 345, 213, 43, 74, 74, 67, 21, 34, 407, 74, 25, 213, 43, 21, 74, 9, 21, 106, 362, 21, 74, 74, 21, 422, 74, 35, 300, 143, 213, 21, 413, 21, 239, 74, 34, 290, 31, 74, 21, 302, 239, 21, 21, 74, 383, 74, 260, 21, 383, 21, 338, 260, 74, 21, 21, 21, 229, 21, 378, 118, 413, 413, 290, 74, 314, 74, 118, 213, 21, 413, 21, 118, 118, 314, 74, 74, 365, 149, 338, 118, 69, 21, 149, 125, 74, 260, 149, 239, 413, 21, 21, 118, 21, 118, 78, 78, 43, 183, 34, 74, 21, 189, 118, 239, 118, 122, 21, 229, 74, 422, 378, 148, 340, 195, 413, 83, 21, 74, 21, 13, 21, 149, 12, 139, 21, 229, 139, 21, 290, 413, 422, 27, 21, 422, 12, 239, 413, 74, 139, 74, 233, 274, 21, 422, 422, 290, 139, 422, 279, 74, 422, 21, 422, 21, 422, 21, 422, 208, 43, 21, 422, 21, 78, 78, 422, 422, 234, 422, 124, 338, 233, 21, 293, 378, 233, 413, 124, 124, 43, 124, 124, 239, 351, 290, 149, 21, 233, 338, 124, 174, 74, 74, 233, 239, 21, 327, 233, 413, 74, 21, 78, 54, 28, 54, 195, 21, 54, 21, 263, 54, 125, 239, 54, 149, 21, 12, 143, 14, 42, 264, 21, 195, 42, 124, 338, 42, 42, 74, 21, 42, 146, 304, 74, 380, 74, 74, 74, 413, 21, 13, 78, 74, 21, 349, 239, 239, 21, 196, 125, 145, 362, 413, 78, 32, 21, 290, 61, 265, 161, 338, 260, 21, 413, 239, 338, 34, 21, 236, 21, 12, 21, 197, 213, 123, 162, 422, 163, 213, 74, 213, 21, 213, 21, 161, 139, 21, 124, 14, 42, 264, 32, 21, 213, 43, 34, 34, 410, 410, 21, 21, 21, 25, 25, 78, 78, 124, 124, 21, 259, 149, 149, 124, 161, 43, 195, 195, 239, 42, 42, 21, 21, 21, 197, 197, 21, 385, 385, 197, 197, 197, 197, 21, 197, 61, 338, 21, 78, 277, 277, 118, 118, 21, 21, 21, 21, 21, 78, 78, 78, 25, 21, 21, 21, 302, 22, 21, 25, 25, 195, 118, 265, 338, 78, 78, 21, 21, 21, 139, 0, 0, 21, 12, 12, 21, 21, 21, 114, 21, 21, 103, 260, 139, 113, 113, 139, 260, 21, 21, 53, 53, 63, 124, 124, 93, 93, 124, 124, 124, 149, 124, 422, 422, 192, 192, 21, 21, 115, 115, 228, 228, 139, 139, 124, 124, 21, 25, 25, 25, 25, 61, 21, 338, 338, 352, 78, 78, 62, 62, 62, 62, 21, 21, 260, 21, 21, 21, 338, 54, 54, 54, 301, 301, 125, 21, 54, 21, 21, 279, 42, 42, 25, 78, 25, 195, 195, 50, 50, 304, 304, 33, 33, 42, 42, 395, 395, 43, 44, 44, 395, 395, 380, 380, 264, 304, 46, 46, 264, 34, 289, 399, 212, 213, 77, 77, 77, 77, 77, 136, 408, 77, 77, 149, 149, 357, 77, 77, 49, 77, 77, 77, 77, 195, 77, 77, 77, 77, 310, 21, 396, 21, 207, 32, 32, 197, 197, 197, 197, 125, 233, 197, 197, 191, 21, 21, 21, 197, 21, 345, 286, 290, 262, 175, 78, 21, 32, 161, 21, 371, 227, 21, 21, 21, 21, 21, 21, 21, 277, 227, 21, 197, 275, 21, 21, 21, 58, 21, 21, 21, 161, 78, 32, 21, 78, 78, 78, 21, 21, 32, 21, 21, 302, 302, 21, 21, 21, 150, 78, 21, 21, 58, 21, 78, 78, 78, 21, 161, 21, 15, 15, 139, 139, 139, 21, 139, 139, 21, 124, 139, 139, 21, 53, 124, 139, 369, 53, 124, 369, 124, 235, 124, 110, 124, 124, 124, 235, 21, 124, 235, 124, 124, 124, 124, 21, 25, 124, 124, 124, 82, 265, 124, 124, 124, 124, 128, 128, 124, 128, 124, 115, 117, 124, 124, 124, 124, 117, 162, 72, 254, 21, 111, 21, 124, 162, 162, 342, 211, 342, 342, 342, 342, 78, 78, 211, 205, 205, 254, 124, 43, 43, 124, 205, 12, 265, 12, 96, 195, 338, 96, 34, 195, 203, 203, 124, 124, 21, 173, 21, 233, 21, 195, 195, 21, 21, 239, 323, 323, 418, 260, 260, 21, 21, 264, 264, 264, 195, 304, 42, 42, 304, 47, 264, 406, 231, 42, 33, 264, 21, 33, 33, 239, 42, 162, 162, 125, 44, 264, 44, 21, 21, 124, 264, 304, 195, 69, 21, 21, 21, 264, 43, 34, 197, 151, 21, 197, 379, 197, 34, 21, 21, 21, 260, 21, 239, 21, 58, 21, 58, 12, 12, 315, 21, 124, 139, 7, 369, 36, 34, 195, 227, 227, 227, 1, 213, 21, 21, 21, 21, 260, 143, 287, 239, 265, 233, 144, 264, 233, 144, 21, 21, 1, 21, 1, 105, 265, 376, 105, 161, 105, 105, 1, 1, 224, 1, 1, 1, 34, 1, 1, 1, 1, 108, 1, 1, 81, 1, 105, 265, 375, 105, 1, 401, 1, 1, 265, 1, 1, 105, 1, 356, 73, 1, 105, 1, 265, 265, 1, 105, 105, 1, 1, 105, 81, 21, 1, 1, 1, 1, 1, 21, 279, 105, 1, 1, 154, 238, 21, 1, 1, 1, 260, 290, 105, 1, 105, 1, 21, 1, 1, 125, 1, 1, 1, 1, 21, 21, 121, 1, 1, 1, 239, 43, 167, 336, 1, 1, 1, 1, 105, 1, 1, 1, 1, 361, 1, 1, 1, 1, 1, 1, 21, 265, 361, 1, 1, 125, 21, 21, 31, 232, 1, 389, 1, 32, 105, 1, 112, 105, 1, 1, 1, 1, 265, 1, 61, 1, 105, 347, 105, 1, 105, 1, 260, 1, 1, 1, 1, 21, 32, 105, 105, 1, 1, 1, 1, 225, 1, 58, 239, 239, 1, 1, 105, 223, 1, 31, 21, 1, 1, 61, 1, 105, 1, 1, 1, 1, 240, 1, 1, 1, 202, 1, 338, 21, 1, 21, 1, 25, 105, 361, 1, 1, 167, 1, 328, 1, 1, 21, 389, 105, 250, 1, 1, 219, 248, 105, 105, 1, 354, 105, 92, 1, 1, 1, 161, 105, 1, 1, 383, 1, 1, 21, 1, 21, 1, 1, 1, 1, 368, 202, 1, 105, 361, 195, 1, 105, 361, 1, 1, 1, 260, 58, 202, 265, 1, 265, 105, 1, 1, 1, 1, 1, 12, 108, 1, 1, 1, 1, 1, 265, 1, 105, 387, 1, 1, 1, 1, 105, 18, 1, 265, 343, 1, 105, 219, 1, 1, 21, 139, 105, 1, 105, 1, 382, 1, 34, 139, 1, 64, 1, 1, 221, 233, 105, 195, 1, 420, 1, 1, 372, 1, 105, 1, 105, 21, 1, 260, 239, 1, 1, 105, 1, 105, 105, 105, 161, 105, 105, 105, 1, 195, 1, 1, 143, 58, 81, 1, 1, 105, 158, 34, 105, 105, 1, 105, 1, 34, 1, 105, 1, 325, 1, 1, 1, 105, 1, 1, 37, 1, 105, 21, 43, 43, 1, 1, 1, 105, 105, 105, 1, 1, 105, 1, 105, 1, 105, 239, 1, 105, 249, 21, 1, 1, 76, 372, 105, 320, 1, 125, 1, 348, 1, 219, 1, 1, 1, 42, 105, 224, 105, 42, 34, 105, 1, 1, 1, 1, 239, 1, 44, 1, 1, 1, 1, 21, 1, 1, 1, 1, 265, 361, 1, 1, 167, 1, 1, 1, 1, 1, 1, 1, 37, 195, 239, 177, 30, 239, 3, 239, 239, 239, 239, 239, 260, 239, 21, 273, 279, 239, 21, 5, 239, 21, 403, 273, 239, 239, 42, 213, 125, 125, 125, 265, 21, 21, 78, 264, 332, 264, 14, 44, 195, 42, 42, 380, 42, 149, 161, 123, 21, 34, 195, 342, 195, 78, 260, 54, 34, 380, 12, 313, 21, 21, 233, 21, 21, 21, 21, 195, 78, 380, 149, 21, 139, 21, 21, 124, 12, 124, 195, 213, 139, 21, 61, 114, 21, 21, 156, 21, 244, 139, 149, 125, 116, 128, 21, 36, 21, 48, 21, 277, 340, 21, 161, 21, 58, 173, 277, 21, 139, 78, 21, 125, 206, 22, 21, 54, 21, 204, 21, 380, 359, 80, 32, 21, 124, 21, 21, 21, 125, 195, 42, 21, 40, 125, 290, 21, 61, 149, 403, 21, 21, 21, 161, 21, 422, 21, 395, 132, 155, 21, 34, 197, 21, 321, 304, 19, 233, 53, 43, 21, 287, 34, 21, 220, 21, 21, 287, 333, 239, 338, 21, 25, 233, 14, 260, 119, 126, 285, 56, 21, 21, 78, 21, 125, 21, 195, 34, 125, 21, 21, 90, 61, 195, 125, 260, 332, 350, 42, 21, 380, 124, 44, 78, 380, 42, 380, 304, 34, 264, 195, 78, 195, 149, 125, 125, 54, 34, 195, 25, 21, 233, 21, 342, 21, 233, 195, 187, 161, 124, 161, 117, 398, 161, 34, 12, 19, 34, 128, 36, 21, 213, 21, 178, 34, 265, 260, 124, 21, 124, 239, 34, 21, 34, 218, 53, 139, 139, 139, 21, 12, 34, 114, 78, 34, 161, 290, 149, 125, 195, 290, 422, 260, 34, 260, 34, 21, 78, 34, 12, 195, 12, 125, 422, 34, 21, 239, 34, 204, 340, 34, 21, 149, 125, 21, 31, 119, 139, 268, 260, 161, 22, 149, 156, 149, 195, 21, 21, 195, 58, 21, 48, 260, 21, 21, 78, 206, 21, 21, 78, 116, 21, 287, 21, 25, 78, 21, 34, 21, 21, 21, 21, 335, 21, 21, 21, 21, 277, 333, 287, 277, 21, 40, 21, 260, 21, 21, 21, 21, 125, 22, 126, 21, 22, 21, 22, 34, 22, 34, 143, 21, 239, 21, 21, 125, 21, 21, 242, 21, 287, 125, 290, 244, 413, 21, 12, 377, 61, 125, 195, 61, 125, 21, 21, 125, 61, 61, 239, 43, 155, 61, 285, 21, 214, 21, 359, 21, 300, 21, 338, 402, 78, 125, 21, 220, 125, 239, 125, 313, 21, 21, 338, 21, 21, 195, 197, 21, 12, 21, 43, 34, 90, 21, 132, 239, 287, 195, 21, 21, 12, 151, 21, 21, 32, 233, 21, 338, 287, 290, 21, 21, 12, 72, 268, 214, 22, 34, 61, 124, 108, 38, 34, 172, 218, 21, 402, 21, 187, 25, 61, 21, 