{"Run": 6, "K": 258, "WCSSD": 2385.3911008156274, "Purity": 0.3380829060408714, "Time": 12.740929126739502, "Kmeans_Labels": [78, 6, 57, 166, 6, 6, 6, 232, 6, 6, 6, 6, 88, 125, 186, 6, 80, 7, 6, 103, 6, 6, 198, 125, 120, 7, 6, 74, 103, 96, 120, 6, 103, 7, 45, 6, 125, 125, 125, 125, 45, 120, 67, 16, 125, 6, 120, 39, 29, 6, 6, 45, 45, 93, 178, 41, 6, 7, 166, 166, 6, 7, 6, 134, 6, 19, 125, 6, 125, 6, 120, 6, 257, 6, 142, 6, 6, 6, 80, 67, 6, 6, 101, 7, 232, 6, 39, 157, 6, 6, 6, 253, 6, 104, 6, 6, 6, 6, 232, 6, 232, 142, 6, 96, 6, 192, 192, 192, 96, 142, 70, 96, 70, 125, 101, 142, 45, 6, 6, 173, 6, 6, 173, 6, 166, 173, 6, 166, 24, 39, 173, 173, 6, 6, 6, 103, 6, 6, 6, 6, 74, 166, 166, 103, 173, 173, 6, 155, 6, 166, 173, 58, 28, 103, 6, 173, 6, 6, 79, 29, 6, 173, 173, 6, 6, 173, 28, 39, 6, 28, 80, 6, 6, 45, 173, 6, 151, 67, 173, 6, 6, 45, 6, 6, 173, 6, 173, 6, 6, 45, 6, 74, 194, 173, 6, 166, 6, 39, 73, 101, 232, 197, 80, 151, 173, 232, 173, 101, 6, 6, 198, 6, 173, 232, 232, 173, 173, 82, 6, 74, 173, 142, 6, 45, 6, 173, 6, 101, 45, 173, 6, 6, 232, 6, 232, 6, 101, 103, 6, 6, 173, 108, 74, 232, 45, 232, 6, 6, 39, 173, 101, 101, 6, 173, 6, 198, 173, 6, 173, 101, 6, 161, 6, 6, 173, 6, 39, 6, 109, 101, 6, 229, 45, 192, 6, 6, 6, 197, 173, 173, 173, 178, 178, 6, 6, 152, 151, 192, 6, 24, 173, 6, 6, 70, 192, 171, 192, 192, 70, 103, 6, 171, 6, 14, 192, 192, 171, 192, 6, 70, 74, 178, 192, 192, 101, 178, 39, 70, 70, 1, 70, 70, 45, 70, 151, 189, 6, 178, 74, 70, 103, 173, 173, 78, 45, 78, 173, 178, 197, 173, 6, 31, 74, 39, 173, 45, 6, 173, 6, 45, 74, 6, 45, 6, 6, 6, 6, 159, 107, 30, 34, 6, 6, 228, 139, 74, 47, 34, 233, 6, 34, 34, 47, 233, 18, 233, 173, 173, 6, 80, 6, 162, 173, 80, 6, 45, 45, 7, 166, 6, 6, 29, 80, 93, 67, 120, 115, 190, 6, 16, 74, 93, 166, 6, 93, 74, 173, 6, 166, 6, 45, 6, 6, 28, 45, 6, 192, 39, 39, 173, 39, 166, 6, 141, 16, 6, 6, 70, 107, 34, 34, 67, 39, 28, 103, 39, 39, 103, 103, 6, 166, 93, 58, 58, 101, 101, 70, 70, 25, 70, 6, 6, 70, 16, 6, 34, 34, 93, 228, 228, 6, 6, 22, 6, 6, 103, 67, 67, 166, 6, 6, 6, 166, 6, 190, 207, 6, 96, 6, 6, 232, 232, 92, 101, 101, 205, 205, 104, 104, 104, 58, 9, 101, 101, 6, 27, 6, 58, 58, 6, 232, 6, 74, 101, 101, 6, 104, 104, 96, 57, 57, 250, 6, 6, 6, 6, 6, 6, 6, 87, 6, 93, 87, 6, 6, 87, 93, 96, 6, 246, 246, 101, 96, 96, 192, 192, 96, 96, 101, 192, 70, 192, 192, 101, 101, 6, 6, 33, 33, 117, 117, 6, 6, 114, 33, 10, 58, 58, 58, 58, 190, 6, 74, 74, 101, 6, 6, 6, 6, 6, 6, 6, 6, 6, 6, 123, 123, 74, 6, 6, 6, 6, 6, 103, 6, 6, 6, 6, 45, 34, 34, 58, 6, 58, 6, 6, 213, 213, 164, 164, 67, 67, 235, 235, 228, 228, 182, 34, 34, 47, 47, 42, 42, 116, 47, 228, 228, 34, 39, 6, 190, 6, 39, 158, 158, 158, 158, 158, 158, 158, 158, 158, 158, 101, 158, 158, 158, 125, 158, 158, 158, 158, 45, 158, 158, 158, 158, 151, 16, 16, 6, 228, 67, 67, 80, 80, 6, 6, 45, 178, 74, 74, 45, 93, 6, 93, 6, 6, 166, 16, 151, 166, 6, 6, 6, 67, 16, 230, 101, 237, 104, 104, 6, 96, 96, 96, 6, 6, 80, 6, 104, 6, 92, 92, 104, 157, 104, 104, 104, 16, 104, 67, 6, 104, 104, 101, 104, 6, 67, 104, 71, 6, 6, 104, 104, 104, 6, 101, 104, 104, 157, 68, 101, 101, 104, 96, 16, 201, 6, 6, 6, 74, 6, 70, 192, 6, 6, 70, 6, 96, 6, 246, 70, 192, 246, 246, 101, 246, 96, 96, 96, 178, 70, 70, 96, 96, 6, 70, 96, 178, 70, 96, 70, 101, 58, 70, 70, 70, 6, 6, 70, 70, 70, 33, 33, 33, 70, 33, 70, 33, 33, 33, 33, 33, 70, 33, 70, 6, 33, 70, 70, 6, 70, 70, 70, 74, 58, 70, 70, 70, 70, 6, 6, 58, 70, 70, 37, 70, 167, 167, 70, 6, 6, 39, 6, 123, 6, 74, 6, 6, 45, 6, 6, 70, 70, 6, 238, 5, 74, 6, 6, 39, 6, 6, 45, 143, 143, 39, 6, 6, 6, 6, 34, 181, 181, 6, 191, 228, 228, 183, 151, 34, 235, 80, 228, 34, 34, 93, 34, 34, 6, 228, 6, 6, 39, 34, 34, 34, 39, 6, 6, 34, 47, 39, 142, 6, 6, 6, 34, 112, 6, 6, 6, 6, 6, 103, 6, 6, 153, 6, 6, 6, 6, 6, 6, 157, 6, 157, 110, 6, 80, 6, 70, 192, 70, 56, 70, 39, 6, 80, 80, 80, 199, 39, 166, 103, 6, 80, 6, 159, 129, 45, 6, 78, 70, 34, 78, 70, 6, 6, 84, 101, 21, 52, 6, 177, 52, 16, 202, 202, 21, 21, 34, 160, 255, 160, 187, 249, 249, 160, 227, 20, 249, 249, 160, 160, 46, 206, 239, 52, 160, 154, 160, 160, 39, 249, 21, 46, 160, 106, 160, 249, 46, 218, 202, 202, 249, 202, 52, 249, 160, 46, 160, 6, 160, 46, 160, 21, 21, 6, 24, 46, 160, 160, 39, 6, 6, 21, 160, 137, 39, 146, 52, 160, 52, 160, 6, 160, 249, 6, 160, 160, 160, 160, 6, 6, 160, 160, 160, 21, 45, 103, 120, 160, 160, 249, 160, 160, 52, 160, 160, 160, 160, 39, 160, 160, 160, 160, 160, 21, 6, 39, 255, 160, 160, 19, 6, 6, 89, 93, 21, 160, 226, 67, 46, 160, 206, 202, 160, 160, 195, 160, 7, 21, 190, 160, 52, 52, 52, 156, 52, 160, 194, 160, 249, 21, 249, 6, 67, 46, 52, 160, 160, 160, 160, 160, 21, 160, 93, 93, 160, 160, 52, 160, 160, 67, 6, 160, 160, 190, 21, 52, 160, 194, 160, 160, 160, 21, 21, 160, 52, 160, 74, 120, 249, 6, 160, 58, 52, 160, 163, 160, 120, 145, 6, 21, 21, 6, 201, 52, 46, 160, 154, 84, 52, 52, 52, 160, 6, 52, 89, 84, 160, 21, 16, 46, 160, 160, 45, 160, 21, 101, 160, 6, 160, 249, 21, 21, 6, 52, 160, 46, 39, 39, 21, 52, 160, 160, 160, 160, 194, 157, 52, 39, 21, 45, 52, 160, 13, 160, 21, 21, 6, 20, 249, 160, 249, 21, 249, 6, 160, 52, 6, 21, 21, 249, 249, 52, 46, 160, 77, 93, 160, 52, 84, 160, 21, 6, 6, 52, 160, 52, 249, 6, 160, 0, 160, 160, 61, 21, 160, 46, 178, 46, 80, 160, 21, 4, 160, 242, 160, 52, 249, 52, 6, 160, 45, 39, 160, 160, 52, 160, 52, 52, 52, 16, 52, 46, 52, 21, 6, 160, 21, 159, 157, 160, 160, 21, 202, 225, 39, 52, 52, 160, 52, 21, 39, 160, 52, 160, 160, 160, 160, 21, 175, 160, 249, 103, 21, 52, 6, 103, 103, 160, 160, 199, 52, 175, 52, 21, 21, 46, 21, 52, 249, 52, 39, 21, 202, 52, 6, 160, 184, 214, 242, 52, 249, 21, 19, 21, 160, 34, 84, 21, 160, 21, 228, 52, 34, 52, 34, 0, 52, 160, 160, 160, 160, 6, 21, 34, 160, 160, 249, 21, 6, 242, 160, 160, 21, 39, 39, 249, 21, 160, 38, 255, 160, 160, 160, 21, 160, 103, 39, 45, 39, 39, 45, 6, 45, 45, 45, 45, 45, 194, 45, 6, 166, 24, 45, 103, 6, 45, 6, 80, 118, 45, 45, 228, 120, 39, 39, 39, 6, 6, 93, 6, 34, 32, 34, 107, 34, 39, 136, 228, 42, 228, 45, 16, 6, 101, 6, 5, 70, 147, 192, 6, 6, 6, 47, 6, 148, 166, 6, 178, 6, 6, 6, 6, 6, 104, 47, 144, 6, 6, 101, 93, 70, 223, 96, 6, 39, 192, 6, 190, 6, 6, 6, 45, 93, 74, 6, 101, 6, 75, 33, 7, 70, 222, 101, 93, 6, 6, 166, 16, 6, 157, 70, 6, 6, 6, 45, 96, 39, 103, 27, 39, 6, 101, 101, 6, 119, 190, 2, 67, 69, 70, 22, 6, 6, 93, 170, 228, 6, 6, 19, 151, 22, 127, 6, 39, 6, 104, 217, 16, 6, 93, 93, 47, 216, 6, 6, 6, 6, 6, 39, 191, 6, 35, 246, 6, 101, 7, 6, 6, 166, 6, 6, 7, 74, 45, 91, 93, 58, 178, 107, 39, 157, 6, 6, 74, 6, 80, 6, 6, 6, 6, 6, 39, 19, 6, 6, 6, 190, 39, 93, 6, 32, 39, 228, 6, 42, 70, 34, 6, 47, 136, 47, 191, 6, 34, 170, 6, 6, 45, 45, 6, 6, 6, 5, 58, 69, 178, 93, 70, 6, 178, 6, 39, 16, 70, 219, 33, 45, 16, 39, 39, 6, 187, 33, 70, 7, 39, 6, 39, 187, 39, 6, 70, 6, 96, 39, 39, 6, 187, 39, 246, 6, 6, 192, 6, 6, 6, 6, 192, 187, 16, 151, 101, 45, 45, 151, 101, 39, 39, 6, 39, 39, 6, 39, 6, 39, 39, 93, 93, 39, 6, 45, 6, 101, 6, 6, 6, 6, 7, 6, 67, 157, 6, 39, 6, 16, 27, 6, 45, 144, 6, 101, 6, 45, 157, 6, 101, 39, 6, 93, 104, 103, 7, 6, 104, 75, 6, 7, 6, 58, 6, 6, 187, 101, 6, 7, 6, 27, 6, 6, 93, 104, 6, 74, 7, 6, 6, 6, 6, 93, 96, 222, 101, 101, 93, 27, 6, 6, 27, 101, 27, 6, 27, 39, 6, 93, 45, 7, 16, 19, 6, 93, 103, 6, 7, 19, 7, 74, 80, 6, 166, 190, 190, 210, 45, 190, 19, 6, 7, 45, 190, 7, 126, 6, 6, 127, 6, 6, 6, 166, 190, 6, 39, 39, 91, 67, 45, 7, 6, 166, 39, 45, 6, 148, 6, 6, 74, 6, 39, 39, 6, 166, 223, 6, 103, 45, 6, 135, 216, 6, 7, 45, 6, 120, 6, 6, 166, 6, 67, 35, 6, 74, 7, 151, 6, 101, 6, 39, 39, 6, 27, 39, 7, 70, 20, 12, 39, 80, 39, 135, 67, 45, 39, 58, 190, 6, 19, 39, 27, 6, 67, 16, 6, 45, 6, 6, 6, 6, 45, 39, 89, 39, 39, 39, 6, 166, 67, 45, 6, 6, 107, 6, 6, 39, 6, 34, 147, 47, 2, 34, 34, 72, 107, 34, 183, 80, 232, 72, 228, 72, 34, 166, 72, 178, 142, 142, 6, 57, 34, 6, 178, 232, 72, 178, 6, 221, 36, 59, 70, 93, 151, 80, 72, 166, 6, 72, 45, 6, 96, 34, 104, 53, 34, 72, 72, 70, 104, 6, 72, 6, 70, 86, 208, 58, 72, 6, 72, 72, 99, 190, 93, 228, 67, 112, 72, 34, 166, 97, 72, 111, 70, 72, 34, 6, 72, 72, 72, 47, 72, 45, 72, 179, 72, 72, 72,