{"Run": 13, "K": 94, "WCSSD": 2636.4914889850425, "Purity": 0.42055539650730034, "Time": 2.640191078186035, "Kmeans_Labels": [7, 36, 7, 7, 7, 7, 36, 41, 36, 7, 7, 7, 7, 0, 7, 7, 76, 7, 7, 91, 7, 7, 0, 7, 0, 7, 7, 68, 91, 82, 7, 7, 91, 76, 7, 7, 7, 0, 7, 0, 7, 52, 23, 0, 23, 7, 0, 7, 7, 7, 7, 0, 0, 7, 7, 38, 7, 36, 7, 7, 7, 7, 7, 17, 38, 36, 36, 36, 0, 38, 36, 7, 82, 7, 44, 7, 7, 7, 76, 7, 7, 7, 14, 7, 41, 7, 0, 7, 7, 7, 7, 7, 38, 7, 7, 7, 7, 7, 41, 7, 41, 44, 7, 52, 52, 52, 52, 52, 82, 44, 93, 82, 93, 7, 14, 44, 0, 7, 7, 39, 7, 7, 39, 7, 7, 39, 7, 7, 7, 0, 39, 39, 7, 7, 7, 91, 7, 7, 7, 7, 68, 7, 7, 91, 39, 39, 7, 7, 7, 7, 39, 25, 7, 91, 7, 39, 7, 7, 7, 7, 7, 39, 39, 7, 7, 39, 7, 0, 0, 7, 76, 7, 7, 0, 39, 7, 17, 0, 39, 7, 7, 7, 7, 7, 39, 7, 39, 7, 7, 7, 7, 68, 0, 39, 7, 7, 7, 0, 7, 14, 41, 7, 76, 17, 39, 41, 39, 41, 7, 7, 7, 7, 41, 41, 41, 39, 39, 14, 7, 68, 41, 44, 7, 7, 7, 39, 7, 14, 0, 39, 7, 7, 41, 7, 41, 7, 14, 91, 7, 7, 39, 7, 68, 41, 0, 41, 7, 7, 0, 39, 14, 14, 7, 39, 0, 7, 39, 7, 39, 14, 7, 7, 52, 7, 52, 7, 0, 52, 0, 14, 7, 68, 7, 7, 7, 7, 0, 7, 39, 52, 39, 52, 7, 7, 7, 7, 17, 52, 7, 7, 39, 52, 0, 23, 7, 52, 7, 52, 23, 0, 7, 52, 2, 30, 7, 93, 52, 7, 7, 93, 68, 7, 7, 7, 14, 7, 76, 93, 23, 0, 23, 93, 0, 23, 17, 7, 7, 67, 68, 23, 91, 39, 39, 7, 0, 7, 39, 7, 7, 39, 7, 7, 68, 0, 39, 7, 7, 39, 7, 0, 68, 7, 0, 7, 7, 7, 7, 0, 45, 84, 84, 7, 7, 84, 23, 68, 57, 84, 39, 7, 65, 65, 57, 39, 57, 39, 39, 39, 7, 76, 7, 49, 39, 76, 7, 0, 0, 7, 7, 7, 7, 7, 76, 7, 7, 7, 17, 67, 7, 39, 68, 7, 7, 7, 0, 68, 39, 88, 7, 7, 7, 7, 38, 7, 36, 7, 7, 0, 7, 39, 0, 62, 7, 7, 7, 52, 7, 93, 45, 84, 65, 7, 7, 0, 7, 0, 0, 91, 91, 7, 7, 7, 25, 25, 14, 14, 23, 23, 7, 23, 7, 7, 23, 0, 7, 7, 7, 0, 84, 84, 7, 7, 7, 38, 38, 91, 38, 38, 38, 38, 38, 38, 7, 38, 67, 68, 7, 82, 55, 55, 41, 41, 7, 14, 14, 7, 7, 14, 14, 7, 25, 7, 14, 14, 85, 89, 36, 25, 25, 7, 41, 7, 68, 14, 14, 7, 14, 14, 82, 7, 7, 7, 7, 7, 7, 7, 7, 52, 7, 7, 52, 7, 52, 52, 52, 52, 7, 82, 7, 93, 93, 52, 82, 82, 82, 82, 80, 80, 93, 7, 23, 93, 93, 14, 14, 7, 7, 93, 93, 93, 93, 52, 52, 93, 93, 7, 25, 25, 25, 25, 67, 7, 59, 59, 7, 7, 7, 7, 7, 7, 7, 7, 7, 7, 7, 7, 7, 68, 7, 7, 7, 68, 68, 91, 7, 7, 7, 7, 7, 84, 84, 25, 7, 25, 7, 7, 57, 57, 57, 57, 57, 57, 57, 57, 84, 84, 7, 65, 65, 57, 57, 57, 57, 57, 57, 65, 65, 57, 7, 7, 67, 7, 0, 10, 10, 10, 10, 10, 10, 10, 10, 10, 10, 14, 10, 10, 10, 0, 10, 10, 10, 10, 0, 10, 10, 10, 10, 17, 7, 0, 7, 84, 76, 76, 76, 76, 38, 38, 0, 7, 38, 38, 0, 7, 7, 7, 38, 7, 7, 0, 17, 7, 7, 7, 7, 0, 7, 7, 14, 76, 82, 82, 7, 82, 82, 82, 7, 55, 76, 7, 38, 7, 7, 7, 7, 7, 14, 14, 14, 0, 14, 7, 7, 14, 14, 14, 14, 82, 7, 14, 14, 7, 7, 7, 14, 7, 14, 14, 14, 14, 7, 7, 14, 14, 7, 82, 7, 82, 7, 7, 60, 68, 52, 23, 52, 52, 7, 23, 52, 52, 82, 93, 23, 52, 23, 93, 93, 23, 82, 82, 82, 52, 23, 16, 82, 82, 7, 23, 82, 93, 23, 82, 23, 14, 25, 93, 93, 93, 4, 7, 4, 23, 23, 34, 93, 93, 93, 93, 23, 93, 93, 93, 23, 23, 23, 93, 23, 7, 23, 23, 23, 7, 23, 23, 23, 12, 25, 12, 12, 12, 12, 7, 7, 25, 23, 23, 23, 23, 91, 91, 23, 23, 7, 0, 7, 7, 7, 68, 7, 7, 7, 7, 7, 93, 93, 7, 23, 23, 68, 7, 7, 7, 7, 7, 7, 7, 7, 7, 7, 7, 7, 7, 65, 65, 65, 7, 57, 84, 65, 57, 17, 65, 57, 76, 5, 57, 65, 7, 57, 57, 7, 5, 7, 7, 7, 65, 65, 65, 93, 7, 93, 65, 57, 7, 44, 7, 7, 7, 65, 91, 7, 38, 76, 7, 38, 91, 38, 7, 7, 7, 7, 7, 7, 7, 7, 7, 7, 7, 7, 7, 76, 7, 23, 52, 23, 0, 23, 0, 7, 76, 76, 76, 51, 7, 7, 91, 7, 76, 7, 0, 76, 0, 7, 23, 23, 65, 23, 23, 7, 7, 51, 14, 51, 11, 7, 52, 31, 7, 11, 11, 51, 51, 65, 51, 51, 8, 0, 51, 51, 51, 8, 0, 19, 19, 8, 51, 31, 0, 51, 31, 51, 51, 51, 8, 0, 51, 51, 31, 51, 51, 51, 51, 31, 51, 11, 11, 51, 11, 31, 19, 51, 31, 8, 7, 51, 8, 51, 51, 51, 7, 7, 31, 8, 51, 7, 7, 7, 51, 8, 51, 0, 17, 11, 51, 31, 8, 7, 8, 19, 7, 8, 51, 51, 51, 7, 7, 51, 51, 8, 51, 0, 91, 8, 51, 8, 51, 51, 51, 11, 8, 8, 8, 51, 8, 8, 51, 8, 51, 8, 51, 36, 54, 8, 51, 51, 35, 7, 7, 63, 7, 51, 8, 51, 7, 31, 8, 7, 11, 8, 51, 51, 8, 7, 51, 67, 51, 11, 31, 11, 8, 31, 51, 7, 51, 51, 51, 19, 7, 7, 31, 31, 8, 51, 8, 51, 8, 51, 66, 0, 7, 51, 8, 31, 51, 51, 63, 7, 51, 51, 67, 51, 11, 8, 8, 51, 51, 51, 51, 51, 51, 11, 51, 68, 7, 51, 8, 8, 8, 11, 8, 8, 51, 8, 51, 7, 51, 51, 7, 8, 31, 11, 8, 51, 51, 31, 11, 11, 51, 7, 31, 63, 51, 51, 51, 0, 31, 51, 19, 0, 51, 51, 14, 51, 7, 51, 51, 51, 64, 7, 11, 8, 31, 8, 0, 51, 11, 8, 8, 51, 51, 7, 66, 11, 9, 51, 54, 11, 51, 8, 8, 51, 51, 7, 0, 19, 8, 51, 51, 51, 7, 8, 31, 7, 64, 51, 51, 51, 31, 31, 8, 7, 7, 37, 31, 51, 51, 8, 7, 52, 11, 8, 31, 51, 7, 51, 0, 8, 8, 31, 51, 51, 31, 93, 11, 76, 51, 51, 51, 51, 0, 51, 31, 51, 11, 7, 8, 0, 0, 51, 51, 31, 51, 31, 31, 31, 7, 31, 31, 31, 51, 7, 8, 51, 8, 7, 19, 51, 51, 11, 8, 0, 31, 11, 8, 11, 51, 0, 8, 31, 51, 51, 8, 51, 51, 11, 8, 51, 91, 51, 31, 7, 91, 91, 8, 8, 51, 31, 11, 11, 51, 51, 31, 8, 11, 51, 11, 0, 64, 11, 11, 7, 8, 51, 8, 8, 31, 51, 51, 0, 51, 8, 8, 31, 51, 51, 51, 84, 31, 65, 31, 8, 0, 31, 8, 51, 8, 51, 0, 51, 65, 51, 8, 51, 51, 7, 8, 8, 51, 51, 0, 0, 51, 51, 51, 8, 51, 51, 8, 8, 51, 51, 91, 0, 0, 0, 0, 0, 7, 0, 0, 0, 0, 0, 0, 0, 7, 7, 7, 0, 91, 53, 0, 7, 76, 52, 0, 0, 84, 0, 0, 0, 0, 7, 7, 7, 7, 65, 33, 84, 45, 65, 7, 65, 84, 57, 84, 7, 0, 36, 14, 7, 7, 12, 7, 7, 7, 7, 61, 57, 7, 0, 7, 7, 7, 7, 7, 7, 7, 7, 14, 57, 14, 7, 52, 14, 7, 93, 7, 80, 76, 7, 52, 7, 67, 7, 7, 7, 7, 7, 68, 52, 14, 7, 7, 93, 7, 23, 82, 14, 7, 55, 7, 7, 0, 7, 7, 23, 55, 7, 52, 7, 82, 36, 91, 89, 7, 7, 14, 7, 7, 57, 67, 33, 7, 7, 23, 7, 7, 7, 0, 7, 84, 7, 7, 86, 17, 7, 67, 7, 7, 7, 7, 7, 7, 7, 52, 7, 57, 7, 7, 7, 7, 38, 7, 7, 57, 7, 7, 93, 7, 14, 76, 7, 7, 7, 7, 7, 7, 68, 0, 68, 7, 25, 7, 45, 7, 66, 17, 36, 68, 50, 76, 7, 7, 7, 7, 7, 0, 0, 7, 7, 7, 67, 0, 7, 7, 33, 0, 84, 50, 57, 23, 65, 7, 57, 65, 57, 57, 61, 84, 7, 7, 76, 7, 7, 7, 7, 7, 7, 25, 7, 7, 7, 12, 7, 7, 7, 0, 0, 93, 0, 93, 0, 0, 0, 0, 7, 0, 93, 23, 7, 7, 7, 7, 0, 0, 7, 93, 7, 80, 0, 0, 7, 0, 0, 93, 52, 52, 52, 7, 7, 7, 7, 7, 0, 0, 17, 14, 0, 7, 17, 14, 7, 0, 0, 0, 7, 7, 0, 7, 0, 7, 7, 52, 0, 7, 0, 7, 7, 7, 7, 7, 7, 0, 7, 63, 66, 52, 7, 7, 0, 89, 7, 7, 14, 7, 14, 7, 0, 7, 7, 14, 7, 7, 7, 14, 91, 7, 7, 7, 7, 7, 76, 7, 25, 7, 7, 0, 14, 7, 14, 7, 89, 7, 7, 7, 7, 55, 68, 7, 55, 7, 7, 7, 7, 82, 82, 14, 14, 0, 89, 17, 7, 89, 14, 89, 7, 89, 0, 0, 7, 0, 14, 7, 0, 7, 7, 91, 7, 7, 0, 17, 68, 76, 7, 17, 67, 67, 0, 36, 67, 86, 7, 7, 0, 67, 67, 0, 7, 7, 67, 36, 7, 7, 7, 67, 7, 0, 7, 68, 0, 7, 7, 7, 7, 36, 0, 7, 0, 7, 7, 68, 7, 7, 0, 38, 7, 7, 7, 91, 7, 7, 7, 7, 7, 7, 68, 7, 7, 7, 76, 7, 7, 7, 7, 7, 68, 7, 17, 7, 14, 7, 75, 7, 7, 89, 0, 67, 23, 7, 0, 0, 76, 0, 7, 0, 0, 0, 25, 67, 7, 0, 0, 89, 0, 17, 7, 7, 0, 38, 7, 7, 7, 0, 0, 63, 0, 7, 0, 7, 7, 91, 0, 38, 7, 45, 0, 7, 9, 7, 65, 7, 57, 33, 65, 65, 90, 65, 65, 57, 76, 41, 90, 65, 90, 90, 7, 90, 90, 44, 44, 52, 7, 65, 7, 90, 41, 90, 7, 90, 57, 76, 82, 93, 90, 17, 76, 90, 7, 7, 90, 0, 7, 82, 65, 7, 57, 65, 90, 90, 82, 38, 14, 90, 7, 23, 90, 0, 25, 70, 7, 90, 90, 90, 67, 93, 65, 63, 91, 90, 65, 7, 7, 90, 90, 23, 90, 90, 7, 90, 52, 90, 57, 90, 0, 90, 90, 90, 90, 90, 90, 90, 23, 90, 67, 90, 7, 14, 84, 57, 67, 90, 93, 90, 90, 0, 90, 65, 65, 0, 90, 90, 68, 90, 90, 90, 57, 90, 90, 90, 90, 73, 90, 90, 14, 90, 38, 90, 44, 90, 14, 90, 90, 90, 41, 36, 90, 90, 7, 90, 90, 90, 90, 90, 90, 90, 90, 90, 52, 90, 90, 14, 77, 90, 0, 90, 90, 90, 90, 17, 90, 7, 0, 38, 75, 90, 90, 45, 90, 90, 90, 54, 90, 90, 90, 90, 90, 90, 90, 90, 90, 90, 90, 90, 7, 17, 90, 89, 90, 90, 0, 90, 90, 0, 90, 90, 90, 90, 90, 90, 90, 90, 90, 90, 90, 90, 90, 90, 90, 90, 90, 90, 90, 90, 90, 41, 89, 90, 90, 90, 36, 90, 90, 90, 90, 82, 7, 7, 0, 32, 76, 84, 7, 7, 7, 76, 68, 7, 65, 7, 0, 7, 7, 0, 7, 7, 7, 0, 35, 32, 7, 0, 7, 7, 0, 0, 7, 0, 0, 7, 7, 91, 0, 35, 0, 76, 0, 7, 7, 0, 0, 7, 7, 35, 7, 0, 13, 0, 0, 63, 7, 76, 0, 7, 7, 0, 32, 81, 0, 74, 0, 63, 32, 32, 91, 32, 63, 32, 32, 32, 20, 14, 79, 68, 32, 32, 32, 32, 17, 63, 63, 32, 32, 32, 32, 0, 32, 7, 63, 63, 32, 0, 32, 63, 32, 76, 7, 71, 7, 71, 0, 75, 14, 0, 0, 7, 0, 0, 68, 0, 14, 0, 93, 68, 7, 71, 0, 67, 7, 7, 0, 68, 0, 7, 0, 14, 0, 0, 0, 7, 7, 7, 68, 7, 25, 71, 0, 45, 68, 68, 29, 29, 14, 14, 7, 32, 32, 32, 0, 32, 32, 