{"Run": 11, "K": 61, "WCSSD": 2762.362367090243, "Purity": 0.31634697967363296, "Time": 1.833146095275879, "Kmeans_Labels": [2, 2, 41, 2, 2, 2, 2, 2, 2, 2, 2, 58, 23, 23, 2, 2, 2, 2, 2, 2, 2, 2, 2, 23, 23, 2, 23, 27, 2, 2, 23, 2, 2, 2, 23, 2, 23, 23, 58, 23, 2, 23, 20, 2, 23, 2, 23, 2, 2, 2, 26, 2, 2, 2, 2, 2, 2, 2, 2, 2, 2, 2, 2, 20, 25, 9, 23, 2, 23, 2, 23, 36, 2, 23, 2, 2, 2, 2, 2, 2, 2, 2, 2, 2, 2, 60, 2, 25, 2, 2, 25, 2, 2, 2, 2, 2, 2, 2, 2, 2, 2, 2, 2, 14, 14, 14, 14, 14, 2, 2, 15, 15, 15, 23, 2, 2, 2, 2, 2, 2, 2, 2, 2, 2, 2, 2, 2, 2, 2, 2, 56, 2, 2, 2, 25, 2, 2, 2, 2, 2, 27, 2, 2, 27, 2, 60, 2, 2, 2, 2, 2, 56, 2, 2, 2, 2, 2, 2, 2, 2, 2, 2, 43, 2, 2, 2, 2, 2, 2, 2, 2, 2, 25, 2, 2, 2, 17, 59, 2, 2, 38, 2, 2, 2, 2, 2, 43, 2, 2, 2, 2, 27, 2, 2, 25, 2, 2, 2, 2, 2, 60, 2, 2, 60, 2, 2, 2, 2, 2, 2, 2, 2, 2, 2, 2, 2, 2, 2, 58, 27, 2, 2, 25, 58, 2, 2, 2, 58, 2, 2, 2, 2, 2, 2, 2, 2, 2, 2, 25, 2, 2, 25, 27, 2, 2, 2, 2, 2, 2, 2, 14, 58, 25, 25, 2, 2, 2, 2, 2, 2, 2, 2, 58, 41, 14, 2, 2, 14, 2, 60, 2, 27, 2, 2, 2, 41, 2, 2, 14, 14, 2, 14, 2, 2, 2, 14, 60, 14, 2, 2, 14, 14, 2, 14, 14, 14, 2, 14, 14, 2, 2, 14, 14, 2, 58, 14, 14, 2, 2, 15, 27, 2, 58, 2, 2, 2, 2, 15, 15, 2, 15, 15, 2, 15, 60, 58, 2, 32, 27, 2, 2, 2, 2, 2, 2, 2, 14, 2, 2, 2, 2, 2, 27, 2, 2, 2, 2, 2, 2, 2, 27, 2, 2, 2, 58, 2, 41, 2, 33, 1, 1, 2, 2, 1, 1, 27, 35, 1, 43, 50, 1, 1, 35, 43, 35, 43, 2, 2, 2, 2, 2, 2, 2, 2, 2, 2, 2, 2, 2, 2, 2, 2, 41, 2, 20, 25, 60, 32, 2, 2, 27, 2, 2, 0, 2, 27, 2, 60, 2, 2, 41, 2, 2, 2, 2, 2, 2, 2, 2, 2, 2, 2, 2, 2, 2, 14, 2, 15, 33, 1, 1, 20, 25, 2, 2, 2, 2, 2, 2, 2, 2, 2, 56, 56, 2, 2, 15, 15, 2, 15, 58, 58, 2, 2, 2, 2, 2, 2, 1, 1, 2, 2, 2, 2, 2, 2, 20, 20, 41, 41, 41, 2, 2, 25, 32, 27, 2, 2, 2, 2, 2, 2, 2, 2, 2, 2, 2, 2, 2, 2, 56, 2, 2, 2, 38, 2, 2, 21, 21, 2, 2, 2, 27, 2, 2, 2, 2, 7, 14, 41, 41, 2, 41, 41, 2, 2, 2, 14, 2, 29, 14, 2, 29, 14, 14, 29, 2, 14, 2, 15, 15, 14, 15, 15, 14, 14, 15, 15, 15, 58, 15, 15, 15, 15, 15, 2, 2, 15, 15, 15, 15, 14, 14, 15, 15, 2, 56, 56, 56, 56, 32, 2, 27, 27, 58, 2, 2, 58, 58, 2, 2, 2, 2, 2, 2, 2, 2, 27, 2, 2, 2, 27, 27, 2, 2, 2, 2, 2, 2, 1, 1, 56, 2, 56, 2, 2, 35, 35, 35, 35, 35, 35, 35, 35, 35, 35, 2, 1, 1, 35, 35, 57, 57, 49, 35, 1, 1, 35, 2, 25, 32, 2, 23, 13, 13, 13, 13, 13, 13, 13, 13, 13, 58, 58, 13, 39, 13, 23, 13, 13, 13, 13, 2, 13, 13, 13, 13, 60, 2, 25, 2, 1, 20, 20, 2, 2, 2, 2, 2, 2, 27, 27, 2, 2, 2, 2, 25, 2, 25, 2, 60, 2, 2, 2, 2, 20, 2, 2, 2, 2, 2, 2, 2, 2, 2, 2, 25, 2, 20, 2, 2, 2, 2, 2, 2, 2, 2, 2, 2, 2, 2, 20, 38, 2, 2, 2, 2, 2, 20, 2, 2, 38, 38, 2, 2, 2, 2, 2, 2, 2, 2, 2, 2, 2, 2, 2, 2, 2, 2, 2, 14, 27, 14, 41, 14, 14, 2, 15, 14, 14, 14, 15, 15, 14, 15, 15, 15, 15, 15, 14, 15, 14, 15, 15, 15, 14, 2, 15, 14, 15, 15, 15, 15, 2, 56, 15, 15, 15, 2, 2, 15, 2, 2, 15, 15, 15, 15, 15, 15, 15, 15, 15, 15, 15, 15, 15, 15, 58, 37, 2, 15, 2, 15, 15, 15, 27, 56, 15, 15, 15, 15, 2, 2, 56, 15, 15, 37, 15, 2, 2, 15, 2, 41, 2, 41, 2, 2, 27, 2, 2, 2, 2, 2, 15, 15, 2, 2, 2, 27, 2, 2, 2, 2, 2, 2, 2, 2, 2, 2, 2, 2, 2, 1, 1, 1, 2, 35, 1, 1, 35, 60, 1, 35, 2, 35, 35, 1, 60, 35, 35, 2, 35, 2, 2, 2, 1, 1, 1, 15, 2, 15, 1, 35, 2, 2, 2, 2, 2, 1, 2, 2, 2, 2, 2, 2, 2, 2, 2, 2, 2, 2, 2, 2, 2, 2, 4, 2, 2, 41, 41, 2, 2, 14, 14, 15, 15, 2, 2, 10, 2, 2, 2, 12, 2, 2, 2, 2, 2, 2, 2, 2, 2, 2, 2, 15, 1, 2, 15, 25, 38, 47, 2, 47, 40, 2, 14, 40, 2, 40, 40, 47, 47, 1, 12, 47, 12, 2, 12, 12, 12, 12, 2, 12, 12, 12, 12, 40, 2, 12, 40, 12, 12, 12, 12, 2, 12, 47, 40, 12, 12, 12, 12, 40, 12, 2, 2, 12, 40, 40, 12, 12, 40, 12, 2, 12, 12, 12, 47, 47, 25, 2, 40, 12, 12, 38, 2, 2, 47, 12, 12, 2, 60, 40, 12, 40, 12, 2, 12, 53, 2, 12, 12, 12, 12, 2, 2, 12, 12, 12, 47, 2, 2, 23, 12, 12, 12, 12, 12, 40, 12, 12, 12, 12, 2, 12, 12, 12, 12, 12, 47, 2, 2, 47, 12, 12, 44, 2, 2, 59, 2, 47, 12, 47, 20, 40, 12, 2, 40, 12, 12, 12, 12, 2, 47, 32, 12, 40, 40, 40, 12, 40, 12, 2, 12, 12, 47, 12, 2, 20, 40, 40, 12, 12, 12, 12, 47, 47, 47, 2, 2, 12, 12, 40, 12, 12, 59, 38, 12, 12, 32, 47, 40, 12, 12, 12, 12, 12, 47, 47, 12, 40, 12, 27, 2, 12, 2, 12, 56, 40, 12, 12, 12, 23, 12, 25, 47, 47, 38, 2, 40, 40, 12, 12, 47, 40, 40, 40, 12, 25, 40, 59, 47, 12, 3, 2, 40, 12, 12, 2, 12, 47, 2, 12, 2, 12, 12, 47, 47, 2, 40, 12, 40, 12, 2, 47, 40, 12, 45, 12, 12, 2, 2, 40, 2, 47, 2, 40, 12, 40, 12, 47, 47, 41, 2, 12, 12, 12, 47, 12, 2, 12, 40, 41, 47, 47, 12, 12, 40, 40, 12, 25, 25, 12, 40, 47, 12, 47, 2, 14, 40, 12, 40, 12, 2, 12, 2, 14, 12, 40, 47, 12, 40, 15, 40, 2, 12, 47, 47, 12, 2, 12, 40, 12, 40, 2, 12, 2, 2, 12, 12, 40, 12, 40, 40, 40, 2, 40, 40, 40, 47, 2, 12, 47, 12, 2, 12, 12, 16, 40, 12, 2, 40, 40, 12, 40, 47, 2, 47, 40, 12, 12, 47, 12, 47, 40, 47, 12, 12, 47, 40, 2, 2, 2, 12, 12, 12, 40, 40, 40, 47, 47, 40, 47, 40, 12, 40, 2, 47, 40, 40, 2, 47, 47, 47, 2, 40, 12, 47, 9, 47, 47, 47, 40, 47, 12, 47, 1, 40, 1, 40, 1, 2, 40, 47, 12, 12, 12, 2, 47, 1, 47, 12, 12, 47, 2, 47, 12, 12, 47, 8, 2, 12, 47, 12, 47, 47, 47, 12, 12, 47, 12, 2, 2, 2, 2, 2, 2, 2, 2, 2, 2, 2, 2, 2, 2, 2, 2, 2, 2, 2, 58, 2, 2, 2, 14, 2, 2, 1, 23, 2, 2, 2, 2, 2, 2, 18, 1, 2, 1, 33, 1, 2, 1, 1, 57, 1, 58, 2, 2, 2, 23, 2, 15, 2, 2, 2, 2, 2, 35, 41, 2, 2, 2, 2, 2, 2, 2, 2, 2, 2, 35, 58, 2, 14, 2, 2, 15, 41, 15, 2, 2, 14, 2, 32, 14, 25, 2, 58, 2, 27, 14, 58, 2, 2, 15, 2, 2, 2, 58, 2, 2, 2, 2, 2, 2, 4, 15, 2, 2, 14, 2, 2, 2, 2, 2, 25, 2, 2, 58, 2, 35, 32, 2, 20, 2, 2, 2, 2, 2, 2, 2, 1, 2, 2, 9, 38, 2, 32, 58, 2, 2, 2, 25, 2, 2, 14, 2, 35, 2, 32, 2, 2, 2, 2, 2, 35, 41, 2, 15, 2, 2, 2, 2, 2, 25, 2, 25, 2, 27, 2, 27, 2, 56, 2, 33, 2, 2, 60, 2, 27, 2, 2, 2, 2, 2, 2, 2, 2, 9, 2, 2, 2, 32, 2, 2, 2, 2, 2, 1, 2, 57, 15, 1, 2, 35, 1, 35, 35, 2, 1, 2, 2, 2, 58, 2, 2, 2, 23, 2, 56, 2, 2, 2, 15, 2, 2, 2, 2, 2, 15, 2, 15, 2, 2, 2, 41, 41, 2, 15, 2, 2, 2, 38, 2, 2, 2, 2, 15, 2, 15, 2, 2, 2, 2, 2, 15, 14, 14, 14, 2, 41, 2, 14, 2, 2, 2, 60, 58, 2, 2, 38, 58, 2, 2, 2, 2, 25, 2, 38, 41, 2, 41, 2, 14, 2, 2, 2, 2, 58, 2, 2, 2, 58, 2, 2, 59, 2, 14, 2, 2, 2, 2, 58, 58, 58, 2, 2, 2, 2, 4, 2, 58, 2, 2, 2, 2, 2, 2, 2, 2, 2, 25, 2, 2, 56, 2, 2, 2, 2, 2, 2, 2, 2, 2, 2, 2, 2, 2, 27, 2, 2, 2, 2, 2, 2, 2, 2, 2, 2, 2, 2, 60, 2, 2, 2, 2, 2, 2, 2, 2, 2, 2, 2, 2, 9, 2, 2, 60, 25, 2, 9, 60, 27, 2, 25, 41, 32, 32, 2, 2, 32, 9, 2, 2, 2, 32, 32, 2, 2, 32, 32, 2, 25, 2, 25, 32, 2, 2, 38, 27, 20, 2, 2, 2, 25, 2, 2, 2, 2, 2, 2, 27, 2, 2, 2, 2, 2, 41, 2, 2, 2, 2, 2, 2, 2, 2, 27, 2, 2, 25, 2, 2, 2, 20, 2, 2, 27, 2, 60, 2, 2, 41, 15, 2, 2, 2, 38, 32, 15, 2, 2, 2, 60, 2, 2, 20, 2, 2, 56, 32, 2, 9, 2, 2, 2, 30, 2, 38, 2, 2, 2, 41, 2, 2, 2, 59, 2, 41, 2, 2, 2, 20, 2, 2, 2, 33, 2, 18, 2, 2, 1, 2, 35, 2, 1, 1, 2, 33, 1, 35, 2, 2, 2, 1, 2, 1, 2, 2, 2, 2, 2, 14, 41, 1, 2, 2, 2, 2, 58, 2, 35, 2, 2, 15, 2, 60, 2, 2, 2, 2, 25, 2, 2, 15, 1, 2, 49, 1, 25, 2, 15, 2, 58, 2, 2, 2, 2, 2, 56, 2, 2, 2, 25, 2, 32, 15, 1, 59, 2, 2, 1, 60, 2, 2, 2, 2, 2, 1, 41, 2, 14, 2, 35, 2, 2, 2, 2, 2, 2, 58, 2, 2, 15, 2, 32, 2, 2, 2, 1, 35, 32, 2, 15, 25, 9, 2, 9, 1, 1, 2, 25, 1, 27, 2, 60, 2, 35, 2, 2, 2, 41, 25, 25, 2, 58, 60, 2, 41, 2, 2, 60, 2, 2, 2, 2, 2, 2, 2, 2, 2, 2, 2, 2, 32, 2, 25, 25, 2, 41, 2, 25, 2, 2, 2, 2, 2, 2, 2, 2, 60, 2, 2, 2, 2, 2, 2, 2, 33, 60, 2, 27, 2, 2, 9, 2, 2, 2, 2, 60, 2, 2, 2, 2, 2, 2, 20, 2, 2, 2, 2, 2, 2, 2, 20, 2, 60, 2, 2, 2, 2, 2, 2, 2, 25, 9, 2, 2, 2, 2, 2, 2, 2, 2, 2, 2, 2, 2, 9, 27, 2, 2, 2, 25, 2, 25, 59, 2, 2, 23, 19, 2, 1, 25, 2, 2, 2, 27, 2, 1, 2, 2, 2, 60, 2, 2, 2, 2, 2, 9, 19, 20, 2, 9, 2, 2, 9, 2, 2, 9, 2, 2, 60, 9, 9, 2, 48, 2, 2, 2, 2, 38, 41, 25, 9, 2, 2, 27, 2, 2, 59, 2, 2, 2, 2, 2, 2, 19, 2, 2, 2, 59, 59, 19, 19, 2, 19, 59, 19, 19, 19, 11, 2, 2, 27, 19, 19, 19, 19, 60, 59, 59, 19, 19, 5, 19, 2, 19, 2, 59, 59, 19, 2, 19, 59, 19, 2, 2, 2, 2, 2, 2, 2, 2, 2, 2, 2, 2, 2, 27, 2, 2, 2, 15, 22, 2, 2, 2, 32, 2, 2, 9, 27, 2, 2, 34, 51, 2, 2, 2, 2, 2, 2, 27, 2, 56, 2, 2, 33, 27, 27, 19, 19, 2, 2, 25, 19, 19, 19, 2, 19, 19, 19, 2, 2, 41, 2, 59, 19, 19, 2, 2, 2, 2, 2, 27, 25, 2, 2, 60, 32, 2, 19, 27, 14, 2, 2, 19, 19, 41, 32, 2, 59, 25, 25, 35, 19, 2, 15, 35, 19, 19, 19, 2, 56, 19, 2, 19, 2, 20, 2, 2, 2, 2, 2, 2, 2, 20, 2, 2, 2, 2, 2, 1, 1, 1, 60, 41, 2, 2, 2, 38,