{"Run": 6, "K": 378, "WCSSD": 2229.6087256625674, "Purity": 0.3884151959140249, "Time": 20.36891198158264, "Kmeans_Labels": [2, 257, 165, 7, 2, 2, 257, 289, 257, 113, 2, 193, 173, 173, 2, 2, 2, 285, 192, 243, 276, 2, 7, 173, 97, 285, 192, 285, 140, 192, 82, 192, 243, 285, 192, 2, 2, 173, 193, 97, 192, 296, 317, 24, 69, 2, 192, 192, 70, 196, 2, 350, 350, 149, 124, 75, 2, 285, 255, 195, 2, 285, 2, 156, 75, 208, 257, 257, 173, 75, 285, 192, 2, 124, 269, 357, 2, 2, 73, 2, 59, 2, 204, 285, 289, 2, 124, 266, 194, 2, 2, 252, 75, 372, 2, 296, 154, 192, 289, 2, 289, 64, 2, 238, 238, 296, 125, 238, 120, 64, 69, 103, 69, 97, 19, 64, 231, 2, 313, 185, 2, 154, 273, 7, 7, 185, 7, 7, 59, 259, 185, 185, 7, 290, 2, 243, 252, 7, 2, 313, 5, 7, 124, 163, 223, 273, 211, 313, 2, 2, 185, 286, 124, 163, 2, 185, 2, 2, 2, 70, 313, 185, 91, 2, 296, 185, 124, 247, 89, 124, 277, 7, 2, 350, 185, 2, 347, 44, 185, 2, 2, 339, 7, 2, 185, 2, 185, 2, 2, 235, 10, 5, 97, 185, 2, 77, 2, 276, 2, 19, 162, 7, 277, 156, 185, 282, 185, 289, 124, 2, 7, 2, 289, 114, 289, 185, 185, 250, 193, 5, 289, 64, 2, 193, 308, 185, 313, 193, 350, 185, 2, 2, 289, 2, 289, 196, 19, 163, 2, 2, 185, 310, 5, 289, 350, 289, 97, 2, 276, 185, 157, 19, 2, 14, 290, 192, 185, 77, 185, 19, 313, 2, 193, 165, 238, 2, 276, 238, 84, 19, 7, 296, 10, 77, 296, 7, 313, 7, 175, 238, 185, 296, 2, 7, 296, 278, 156, 238, 141, 59, 234, 296, 2, 296, 344, 296, 209, 296, 69, 243, 2, 296, 2, 209, 209, 137, 296, 296, 296, 69, 5, 2, 209, 209, 19, 69, 252, 69, 69, 243, 69, 69, 350, 69, 55, 193, 2, 102, 5, 69, 163, 185, 185, 2, 350, 2, 283, 2, 285, 185, 2, 353, 267, 276, 185, 313, 2, 185, 252, 252, 5, 313, 350, 229, 2, 2, 165, 89, 189, 87, 104, 2, 97, 87, 69, 5, 87, 104, 185, 7, 104, 104, 205, 185, 205, 185, 185, 185, 7, 277, 313, 97, 185, 277, 2, 350, 350, 285, 7, 2, 7, 70, 277, 10, 44, 2, 243, 102, 2, 24, 5, 2, 2, 7, 350, 5, 185, 243, 2, 2, 2, 2, 75, 124, 257, 211, 209, 276, 346, 185, 124, 2, 124, 2, 24, 321, 2, 69, 189, 369, 104, 44, 2, 124, 243, 308, 308, 163, 163, 10, 192, 56, 280, 280, 19, 19, 69, 69, 2, 69, 193, 193, 69, 24, 243, 104, 104, 10, 87, 87, 2, 2, 118, 224, 224, 163, 270, 270, 75, 75, 75, 75, 119, 75, 102, 5, 2, 120, 196, 196, 289, 289, 196, 196, 196, 2, 2, 196, 196, 196, 286, 2, 19, 19, 2, 178, 2, 286, 286, 2, 289, 14, 5, 19, 19, 2, 196, 196, 238, 165, 165, 256, 212, 212, 7, 7, 7, 7, 271, 7, 253, 2, 238, 253, 253, 238, 2, 2, 2, 213, 213, 296, 120, 120, 209, 209, 69, 69, 69, 193, 172, 209, 209, 19, 19, 2, 2, 57, 57, 276, 276, 238, 238, 302, 287, 308, 286, 286, 286, 286, 102, 2, 199, 199, 128, 2, 2, 181, 181, 181, 181, 2, 2, 2, 2, 2, 2, 5, 252, 252, 252, 252, 252, 10, 10, 10, 2, 2, 59, 104, 104, 180, 192, 180, 192, 192, 205, 205, 87, 87, 254, 254, 166, 166, 87, 87, 243, 104, 104, 205, 205, 205, 205, 104, 205, 104, 104, 104, 2, 2, 102, 2, 124, 365, 365, 365, 365, 3, 365, 365, 365, 365, 193, 193, 365, 365, 365, 173, 365, 365, 365, 365, 293, 365, 365, 365, 365, 156, 24, 24, 2, 87, 44, 44, 277, 277, 224, 224, 154, 2, 75, 75, 154, 2, 83, 2, 75, 196, 2, 24, 156, 2, 2, 192, 2, 44, 24, 2, 19, 277, 176, 176, 2, 62, 62, 2, 2, 75, 277, 2, 75, 2, 2, 2, 196, 266, 196, 196, 196, 24, 19, 44, 2, 196, 196, 19, 196, 196, 44, 196, 196, 281, 281, 196, 196, 196, 2, 19, 196, 196, 266, 2, 19, 19, 196, 2, 24, 65, 179, 179, 238, 53, 238, 165, 209, 238, 144, 69, 238, 238, 33, 213, 296, 238, 69, 213, 69, 69, 69, 288, 120, 238, 69, 314, 314, 288, 72, 69, 288, 69, 69, 69, 172, 2, 286, 69, 69, 69, 2, 339, 69, 69, 69, 69, 69, 69, 69, 69, 69, 57, 69, 69, 69, 69, 69, 276, 116, 42, 69, 69, 69, 2, 69, 116, 116, 69, 286, 69, 69, 69, 69, 2, 2, 286, 69, 69, 69, 69, 243, 243, 69, 69, 308, 308, 308, 2, 2, 5, 2, 79, 252, 2, 2, 69, 69, 2, 2, 2, 2, 2, 59, 59, 2, 2, 2, 2, 2, 2, 2, 2, 2, 2, 360, 342, 342, 2, 104, 104, 104, 205, 156, 246, 215, 277, 87, 254, 246, 2, 254, 254, 153, 87, 97, 97, 276, 104, 104, 104, 2, 2, 2, 104, 87, 2, 64, 337, 337, 337, 104, 243, 2, 75, 2, 28, 75, 243, 75, 2, 2, 2, 2, 2, 2, 97, 276, 266, 2, 266, 2, 109, 277, 323, 69, 209, 69, 276, 69, 97, 97, 61, 277, 61, 242, 124, 2, 163, 2, 277, 2, 89, 285, 350, 2, 69, 69, 104, 69, 69, 2, 2, 129, 2, 18, 230, 160, 238, 230, 24, 230, 230, 18, 18, 104, 147, 18, 377, 308, 242, 18, 242, 242, 123, 115, 115, 115, 242, 230, 10, 242, 230, 242, 242, 242, 242, 10, 242, 18, 312, 242, 115, 242, 115, 230, 54, 10, 10, 115, 230, 230, 115, 242, 230, 143, 2, 242, 10, 242, 18, 18, 2, 59, 230, 242, 242, 2, 207, 311, 18, 18, 242, 97, 156, 230, 242, 230, 304, 2, 242, 115, 2, 242, 242, 242, 242, 2, 2, 242, 263, 354, 18, 350, 117, 242, 242, 242, 242, 242, 304, 230, 242, 242, 242, 242, 10, 242, 242, 304, 242, 242, 18, 257, 222, 18, 242, 242, 208, 45, 2, 16, 2, 18, 242, 18, 44, 230, 242, 160, 230, 242, 291, 242, 304, 285, 18, 102, 242, 230, 230, 230, 242, 49, 242, 97, 359, 115, 18, 115, 2, 44, 230, 230, 242, 242, 242, 242, 18, 18, 266, 350, 339, 242, 242, 230, 242, 354, 265, 2, 242, 242, 102, 18, 230, 242, 242, 242, 242, 242, 367, 18, 242, 230, 242, 5, 2, 115, 10, 242, 286, 230, 242, 242, 242, 242, 242, 343, 18, 214, 167, 65, 230, 230, 242, 242, 18, 356, 230, 230, 242, 2, 230, 16, 129, 242, 18, 24, 230, 242, 115, 235, 242, 18, 2, 242, 2, 242, 242, 18, 18, 2, 230, 242, 230, 10, 10, 18, 230, 10, 242, 304, 242, 7, 266, 230, 308, 18, 222, 230, 233, 10, 242, 18, 18, 165, 123, 115, 242, 115, 18, 115, 160, 242, 230, 2, 18, 18, 242, 242, 230, 338, 242, 2, 2, 242, 230, 18, 242, 18, 2, 238, 136, 324, 230, 115, 23, 242, 105, 238, 242, 230, 18, 242, 230, 69, 230, 277, 242, 18, 18, 18, 10, 85, 230, 242, 230, 2, 18, 10, 28, 115, 242, 230, 107, 230, 230, 230, 24, 230, 230, 230, 18, 192, 242, 18, 145, 266, 115, 242, 18, 230, 242, 97, 230, 230, 242, 230, 18, 252, 18, 230, 242, 242, 18, 242, 18, 230, 27, 115, 163, 18, 26, 308, 163, 364, 242, 242, 242, 230, 230, 230, 18, 18, 230, 18, 230, 242, 230, 28, 18, 230, 230, 308, 18, 18, 18, 10, 230, 242, 18, 208, 18, 18, 104, 230, 18, 242, 18, 87, 230, 104, 230, 104, 105, 29, 18, 242, 242, 147, 313, 18, 104, 18, 242, 115, 18, 2, 18, 242, 242, 18, 10, 10, 115, 18, 18, 18, 18, 18, 377, 242, 18, 242, 163, 59, 350, 10, 218, 350, 59, 350, 350, 350, 350, 97, 97, 350, 2, 2, 59, 350, 163, 193, 350, 276, 277, 238, 350, 350, 87, 124, 308, 308, 308, 2, 2, 7, 7, 104, 20, 182, 6, 158, 97, 104, 87, 205, 87, 10, 138, 257, 198, 325, 2, 69, 97, 209, 2, 2, 341, 7, 165, 373, 7, 2, 69, 2, 1, 2, 2, 268, 196, 205, 193, 10, 238, 204, 2, 69, 2, 69, 2, 124, 209, 2, 102, 7, 192, 192, 193, 2, 5, 238, 193, 2, 2, 69, 285, 69, 176, 152, 202, 75, 14, 368, 24, 276, 266, 69, 75, 236, 238, 192, 2, 257, 163, 178, 2, 2, 204, 193, 7, 205, 102, 20, 44, 2, 69, 118, 192, 2, 97, 2, 337, 2, 2, 208, 156, 118, 102, 193, 0, 2, 196, 2, 24, 2, 296, 2, 205, 2, 2, 2, 308, 75, 276, 313, 104, 7, 2, 213, 243, 2, 285, 2, 252, 221, 192, 2, 285, 5, 97, 5, 2, 286, 2, 189, 2, 261, 81, 257, 5, 2, 277, 192, 192, 192, 320, 290, 97, 208, 2, 237, 2, 102, 2, 2, 292, 20, 231, 337, 2, 205, 69, 158, 192, 205, 104, 7, 104, 341, 182, 2, 192, 2, 10, 10, 192, 2, 325, 2, 286, 2, 69, 2, 69, 2, 2, 290, 308, 24, 69, 24, 78, 200, 138, 308, 165, 7, 308, 69, 69, 2, 124, 2, 10, 308, 59, 2, 69, 2, 69, 305, 308, 276, 308, 97, 213, 238, 238, 209, 1, 2, 308, 7, 209, 308, 24, 156, 193, 2, 350, 156, 296, 308, 308, 350, 308, 2, 192, 308, 165, 59, 308, 313, 296, 276, 2, 350, 2, 193, 14, 10, 2, 193, 45, 237, 44, 261, 238, 100, 292, 24, 178, 193, 193, 193, 112, 198, 192, 10, 266, 2, 152, 2, 192, 2, 196, 163, 285, 2, 196, 2, 355, 285, 2, 286, 192, 2, 308, 19, 2, 285, 2, 178, 2, 2, 2, 196, 75, 5, 285, 75, 313, 2, 10, 2, 2, 176, 204, 204, 97, 178, 81, 2, 178, 2, 178, 2, 178, 97, 89, 202, 350, 285, 24, 208, 320, 2, 163, 192, 285, 208, 156, 5, 277, 2, 156, 301, 363, 244, 300, 102, 208, 2, 86, 363, 102, 102, 252, 243, 2, 102, 257, 2, 92, 328, 102, 2, 247, 2, 5, 63, 192, 285, 192, 221, 257, 350, 2, 373, 192, 7, 5, 348, 276, 2, 75, 7, 2, 2, 322, 10, 2, 51, 2, 186, 285, 284, 2, 285, 2, 2, 368, 252, 44, 2, 276, 5, 121, 156, 2, 19, 2, 42, 100, 92, 178, 308, 102, 69, 123, 80, 308, 277, 97, 51, 63, 276,