{"Run": 6, "K": 123, "WCSSD": 2648.968732616339, "Purity": 0.2874107836936015, "Time": 3.891545057296753, "Kmeans_Labels": [3, 3, 49, 3, 3, 3, 3, 15, 3, 3, 3, 92, 3, 59, 3, 3, 3, 3, 59, 50, 3, 102, 24, 3, 59, 3, 3, 98, 89, 3, 3, 3, 89, 3, 50, 3, 92, 3, 92, 59, 59, 3, 66, 3, 99, 3, 3, 3, 3, 3, 3, 59, 59, 3, 3, 8, 59, 3, 106, 3, 3, 3, 3, 66, 8, 3, 3, 3, 59, 8, 3, 3, 3, 3, 29, 3, 3, 3, 3, 3, 3, 59, 3, 3, 15, 3, 86, 87, 3, 3, 3, 3, 8, 3, 3, 3, 3, 3, 15, 3, 15, 29, 3, 3, 3, 3, 3, 3, 3, 29, 28, 99, 28, 3, 3, 29, 59, 3, 59, 3, 3, 3, 3, 3, 3, 3, 3, 3, 59, 3, 3, 3, 3, 3, 3, 110, 3, 3, 3, 3, 98, 3, 49, 89, 3, 3, 3, 3, 3, 3, 3, 3, 86, 89, 3, 3, 3, 3, 3, 3, 3, 3, 3, 3, 3, 3, 59, 59, 59, 86, 3, 3, 3, 59, 3, 3, 47, 55, 3, 3, 59, 3, 3, 3, 3, 3, 3, 3, 3, 3, 3, 98, 108, 87, 3, 3, 3, 59, 95, 99, 15, 24, 49, 47, 3, 15, 3, 15, 3, 3, 24, 3, 15, 15, 15, 3, 3, 3, 92, 98, 15, 29, 3, 92, 59, 3, 3, 92, 59, 3, 3, 3, 15, 3, 15, 3, 3, 89, 3, 59, 3, 3, 98, 15, 59, 15, 3, 56, 59, 3, 3, 99, 3, 3, 59, 24, 3, 3, 3, 56, 59, 3, 92, 49, 49, 3, 59, 3, 59, 47, 3, 98, 59, 3, 3, 49, 59, 3, 3, 3, 3, 3, 3, 3, 3, 3, 47, 3, 3, 59, 3, 49, 3, 99, 3, 99, 3, 98, 3, 73, 3, 3, 3, 3, 92, 99, 3, 3, 3, 28, 98, 3, 92, 3, 99, 3, 3, 99, 99, 59, 99, 99, 59, 99, 47, 92, 3, 4, 98, 3, 89, 89, 98, 3, 59, 3, 3, 3, 24, 3, 3, 93, 15, 59, 3, 59, 59, 3, 3, 59, 114, 59, 59, 3, 92, 3, 49, 59, 22, 42, 112, 3, 3, 11, 3, 98, 76, 112, 3, 3, 112, 112, 76, 3, 76, 3, 59, 67, 59, 3, 59, 59, 3, 41, 3, 59, 59, 3, 3, 3, 3, 3, 49, 3, 66, 3, 47, 4, 3, 3, 98, 3, 3, 3, 3, 98, 3, 3, 3, 3, 49, 3, 8, 86, 3, 3, 3, 59, 86, 59, 59, 3, 3, 3, 89, 3, 121, 3, 22, 112, 112, 21, 3, 86, 3, 59, 59, 89, 89, 3, 3, 3, 3, 3, 3, 3, 99, 99, 3, 99, 92, 92, 3, 59, 59, 3, 3, 59, 42, 42, 3, 3, 3, 8, 8, 89, 66, 66, 8, 8, 8, 8, 3, 8, 4, 98, 3, 3, 116, 116, 15, 15, 3, 3, 3, 3, 3, 3, 3, 3, 15, 3, 3, 3, 3, 80, 3, 3, 3, 3, 15, 3, 98, 3, 3, 121, 100, 3, 3, 49, 49, 3, 49, 49, 3, 3, 3, 3, 3, 3, 49, 3, 3, 49, 49, 3, 3, 3, 3, 99, 99, 99, 99, 99, 3, 3, 99, 99, 99, 92, 99, 28, 28, 99, 99, 3, 3, 28, 28, 28, 28, 3, 3, 99, 28, 3, 49, 49, 49, 49, 4, 3, 122, 122, 92, 3, 3, 92, 92, 3, 3, 3, 3, 3, 3, 3, 3, 98, 3, 3, 3, 114, 114, 89, 3, 3, 3, 3, 59, 112, 112, 3, 18, 3, 3, 3, 76, 76, 76, 76, 66, 66, 42, 42, 42, 42, 3, 112, 112, 76, 76, 76, 76, 76, 76, 42, 42, 112, 59, 3, 4, 3, 59, 83, 83, 83, 83, 83, 83, 83, 83, 83, 92, 92, 83, 83, 83, 59, 83, 83, 83, 83, 59, 83, 83, 83, 83, 47, 3, 3, 3, 42, 66, 66, 8, 8, 8, 8, 59, 3, 8, 8, 59, 3, 3, 3, 8, 3, 3, 84, 47, 3, 3, 3, 3, 66, 84, 3, 3, 3, 3, 3, 3, 3, 3, 3, 3, 46, 3, 3, 8, 3, 3, 3, 3, 87, 3, 3, 3, 87, 3, 66, 3, 3, 65, 3, 65, 3, 66, 3, 3, 65, 3, 3, 3, 3, 3, 3, 65, 65, 87, 3, 3, 3, 3, 3, 3, 3, 3, 3, 3, 98, 3, 49, 3, 3, 3, 99, 3, 3, 3, 104, 99, 49, 99, 99, 99, 99, 99, 1, 99, 3, 99, 99, 99, 1, 3, 99, 1, 99, 99, 99, 99, 3, 3, 28, 99, 99, 3, 3, 99, 3, 3, 28, 19, 51, 28, 51, 99, 28, 28, 28, 99, 28, 99, 28, 3, 92, 99, 3, 99, 3, 99, 99, 99, 28, 28, 3, 3, 99, 28, 3, 3, 3, 99, 99, 99, 99, 89, 89, 99, 3, 49, 59, 49, 3, 3, 98, 3, 59, 3, 3, 3, 28, 28, 3, 3, 3, 98, 3, 3, 3, 32, 32, 59, 3, 3, 59, 3, 3, 3, 3, 112, 112, 112, 3, 76, 112, 112, 76, 47, 112, 76, 3, 42, 112, 112, 3, 112, 112, 3, 42, 3, 3, 3, 112, 112, 112, 28, 3, 28, 112, 76, 3, 29, 3, 3, 3, 112, 89, 59, 8, 3, 91, 8, 89, 8, 3, 3, 3, 3, 3, 3, 3, 3, 87, 3, 87, 49, 49, 3, 3, 99, 3, 99, 99, 3, 59, 3, 3, 3, 3, 7, 3, 3, 89, 94, 3, 3, 75, 3, 59, 13, 3, 99, 112, 3, 99, 3, 3, 39, 3, 39, 2, 3, 3, 2, 3, 2, 2, 39, 77, 112, 7, 39, 7, 59, 7, 39, 7, 7, 59, 7, 7, 7, 7, 2, 59, 7, 2, 7, 7, 7, 7, 59, 7, 39, 2, 79, 7, 7, 7, 2, 7, 59, 59, 7, 2, 2, 7, 7, 2, 7, 3, 7, 7, 7, 39, 39, 3, 59, 2, 7, 7, 3, 43, 3, 39, 7, 7, 59, 47, 2, 7, 2, 7, 3, 7, 7, 3, 7, 7, 7, 7, 3, 3, 7, 7, 7, 39, 67, 89, 7, 7, 7, 7, 7, 7, 2, 7, 7, 7, 7, 59, 7, 7, 7, 7, 7, 39, 3, 59, 39, 7, 7, 3, 3, 3, 55, 3, 39, 7, 39, 66, 2, 7, 3, 2, 7, 7, 7, 7, 3, 113, 4, 7, 2, 2, 2, 7, 2, 7, 59, 7, 7, 39, 7, 3, 66, 2, 2, 7, 7, 108, 7, 39, 39, 39, 59, 3, 7, 54, 2, 7, 88, 55, 3, 7, 7, 4, 39, 2, 7, 108, 7, 7, 7, 39, 39, 7, 2, 7, 98, 3, 7, 3, 7, 7, 2, 7, 7, 7, 7, 7, 3, 27, 77, 3, 3, 2, 2, 7, 7, 39, 2, 2, 2, 7, 3, 2, 55, 39, 7, 39, 3, 2, 7, 7, 59, 7, 39, 3, 7, 3, 7, 7, 39, 39, 3, 2, 7, 2, 7, 59, 39, 2, 7, 7, 7, 7, 59, 87, 2, 71, 39, 59, 2, 7, 2, 7, 39, 39, 49, 59, 7, 7, 7, 39, 7, 3, 7, 2, 49, 39, 39, 7, 7, 2, 2, 7, 26, 3, 7, 2, 39, 7, 39, 3, 3, 2, 7, 2, 7, 3, 7, 59, 7, 7, 2, 39, 7, 2, 99, 81, 59, 7, 39, 39, 7, 81, 7, 2, 7, 101, 3, 7, 59, 91, 7, 7, 2, 7, 2, 2, 2, 3, 2, 2, 2, 77, 3, 81, 39, 108, 87, 7, 7, 39, 2, 7, 59, 2, 2, 7, 2, 39, 59, 39, 2, 7, 7, 39, 7, 39, 57, 39, 7, 77, 77, 2, 3, 89, 89, 7, 7, 7, 2, 2, 2, 39, 39, 2, 39, 2, 7, 2, 91, 33, 2, 2, 3, 39, 39, 39, 81, 2, 7, 39, 59, 77, 39, 39, 2, 39, 7, 39, 42, 2, 112, 2, 112, 59, 2, 39, 7, 7, 7, 59, 39, 112, 39, 7, 7, 39, 3, 39, 7, 7, 39, 59, 59, 7, 39, 7, 39, 39, 39, 7, 7, 39, 7, 89, 59, 59, 59, 59, 59, 3, 59, 59, 59, 59, 59, 108, 59, 3, 3, 59, 59, 89, 92, 59, 3, 59, 3, 59, 59, 42, 3, 59, 59, 59, 13, 3, 3, 6, 9, 3, 112, 22, 112, 3, 49, 42, 76, 42, 92, 73, 118, 3, 3, 3, 28, 3, 3, 3, 3, 3, 76, 49, 59, 3, 3, 3, 3, 3, 3, 3, 3, 3, 76, 92, 3, 3, 3, 3, 99, 49, 99, 70, 3, 23, 3, 4, 3, 3, 3, 92, 3, 98, 3, 92, 3, 3, 51, 3, 3, 3, 92, 3, 46, 3, 3, 59, 3, 87, 99, 46, 3, 3, 3, 3, 3, 89, 36, 3, 3, 3, 92, 3, 76, 4, 8, 66, 3, 3, 3, 3, 3, 59, 3, 42, 3, 3, 3, 47, 3, 4, 92, 59, 3, 3, 3, 3, 3, 3, 3, 76, 3, 49, 3, 3, 8, 3, 59, 76, 49, 3, 104, 3, 3, 3, 3, 3, 96, 3, 3, 3, 98, 59, 98, 3, 3, 59, 22, 3, 87, 47, 12, 98, 3, 3, 3, 3, 3, 3, 59, 59, 3, 3, 3, 3, 4, 59, 3, 3, 3, 59, 42, 3, 76, 99, 112, 3, 76, 49, 76, 76, 3, 112, 3, 3, 70, 92, 3, 3, 3, 3, 3, 3, 3, 3, 3, 28, 3, 59, 59, 59, 59, 28, 59, 28, 40, 73, 59, 49, 49, 59, 51, 3, 3, 3, 3, 59, 59, 59, 3, 99, 3, 99, 59, 59, 3, 59, 59, 104, 3, 3, 23, 3, 49, 3, 3, 3, 59, 59, 47, 92, 50, 59, 47, 3, 59, 59, 59, 59, 3, 3, 59, 49, 59, 49, 3, 3, 59, 3, 59, 3, 92, 3, 59, 3, 92, 59, 3, 55, 87, 3, 3, 3, 3, 36, 92, 92, 92, 3, 3, 3, 59, 87, 107, 92, 3, 3, 3, 3, 89, 3, 3, 3, 3, 3, 3, 3, 3, 3, 3, 59, 3, 3, 3, 3, 80, 3, 3, 3, 3, 46, 98, 3, 46, 3, 3, 3, 3, 3, 3, 3, 3, 59, 80, 47, 3, 80, 3, 80, 59, 80, 59, 59, 3, 59, 3, 74, 3, 3, 3, 89, 3, 3, 3, 47, 98, 3, 3, 49, 4, 4, 59, 59, 4, 3, 3, 3, 59, 4, 4, 59, 3, 49, 4, 12, 3, 3, 3, 4, 3, 59, 59, 98, 66, 3, 3, 3, 96, 3, 59, 3, 59, 3, 3, 98, 3, 59, 59, 8, 3, 49, 3, 89, 59, 3, 3, 3, 3, 3, 98, 3, 3, 49, 3, 3, 3, 66, 3, 3, 98, 3, 47, 3, 3, 49, 28, 3, 3, 80, 59, 4, 99, 59, 59, 59, 47, 59, 3, 66, 59, 59, 3, 4, 3, 3, 59, 80, 59, 66, 74, 3, 59, 8, 59, 49, 3, 59, 59, 55, 59, 49, 59, 3, 3, 66, 3, 8, 3, 22, 59, 6, 59, 3, 9, 3, 76, 8, 112, 112, 105, 22, 112, 76, 105, 15, 105, 42, 105, 68, 106, 105, 105, 29, 29, 49, 49, 112, 3, 105, 15, 105, 92, 105, 76, 105, 105, 99, 105, 47, 105, 105, 3, 3, 105, 59, 3, 99, 82, 65, 76, 112, 105, 105, 99, 8, 3, 105, 3, 3, 105, 59, 3, 105, 3, 84, 105, 105, 4, 28, 112, 55, 89, 105, 112, 3, 3, 105, 105, 3, 105, 68, 49, 105, 105, 105, 76, 105, 59, 105, 105, 105, 105, 105, 105, 105, 99, 105, 4, 105, 22, 3, 42, 112, 4, 105, 99, 105, 105, 59, 105, 105, 112, 59, 53, 112, 98, 105, 105, 105, 76, 105, 105, 105, 105, 105, 105, 90, 92, 105, 8, 105, 29, 105, 105, 105, 105, 105, 15, 105, 105, 105, 44, 105, 105, 105, 109, 105, 105, 105, 105, 105, 49, 105, 105, 105, 105, 105, 59, 105, 105, 105, 105, 47, 105, 3, 59, 8, 59, 63, 105, 22, 105, 105, 105, 105, 105, 105, 105, 29, 105, 105, 105, 105, 105, 59, 105, 105, 3, 66, 105, 80, 105, 105, 59, 105, 105, 66, 105, 105, 105, 105, 105, 105, 105, 105, 105, 105, 105, 105, 105, 105, 105, 105, 105, 105, 105, 105, 105, 15, 80, 105, 105, 105, 118, 105, 105, 105, 105, 55, 3, 3, 3, 5, 3, 112, 3, 3, 3, 3, 98, 3, 112, 3, 59, 3, 3, 59, 3, 3, 59, 59, 59, 5, 66, 59, 3, 3, 59, 3, 3, 40, 59, 3, 59, 89, 3, 59, 40, 3, 3, 3, 3, 59, 3, 49, 3, 3, 3, 59, 98, 3, 59, 55, 59, 3, 119, 3, 3, 3, 5, 3, 59, 59, 55, 119, 5, 5, 89, 5, 55, 5, 5, 5, 17, 3, 3, 98, 5, 5, 5, 5, 47, 55, 55, 5, 5, 5, 16, 59, 5, 3, 55, 55, 5, 59, 5, 55, 5, 3, 59, 52, 59, 52, 59, 75, 3, 59, 59, 59, 59, 59, 98, 59, 3, 59, 30, 98, 59, 52, 59, 4, 3, 3, 59, 98, 59, 3, 66, 3, 59, 34, 