{"Run": 7, "K": 389, "WCSSD": 2229.1315709255186, "Purity": 0.39141547783314373, "Time": 21.46109700202942, "Kmeans_Labels": [213, 115, 315, 4, 4, 4, 115, 333, 115, 4, 4, 250, 4, 312, 119, 4, 4, 85, 4, 207, 4, 4, 4, 4, 270, 85, 70, 73, 207, 122, 4, 4, 207, 343, 4, 4, 49, 312, 49, 312, 270, 191, 70, 120, 191, 4, 270, 4, 119, 4, 4, 386, 386, 123, 284, 85, 298, 115, 68, 128, 298, 85, 4, 36, 85, 111, 115, 115, 312, 85, 115, 376, 289, 68, 365, 4, 284, 4, 4, 70, 157, 114, 211, 176, 333, 36, 68, 131, 4, 4, 4, 85, 85, 117, 119, 4, 176, 4, 333, 4, 333, 70, 4, 54, 54, 388, 388, 388, 122, 70, 43, 122, 43, 119, 284, 386, 386, 4, 4, 32, 296, 70, 113, 4, 4, 113, 386, 4, 362, 4, 367, 113, 148, 85, 4, 207, 4, 4, 4, 4, 73, 4, 68, 207, 113, 113, 4, 4, 298, 4, 113, 254, 68, 207, 4, 52, 4, 4, 4, 119, 4, 360, 113, 4, 4, 113, 68, 192, 100, 68, 113, 4, 4, 386, 113, 298, 36, 70, 113, 4, 4, 4, 4, 4, 113, 4, 113, 4, 4, 386, 4, 178, 140, 113, 4, 4, 4, 110, 4, 225, 333, 4, 4, 36, 113, 333, 113, 333, 68, 4, 4, 4, 333, 333, 333, 113, 107, 225, 49, 284, 333, 4, 4, 174, 4, 113, 4, 49, 386, 113, 4, 15, 333, 3, 333, 4, 225, 207, 271, 4, 113, 4, 73, 333, 386, 333, 15, 4, 110, 108, 225, 225, 4, 113, 85, 201, 298, 4, 113, 225, 4, 125, 49, 4, 54, 4, 139, 54, 365, 225, 365, 73, 149, 388, 365, 365, 60, 365, 118, 54, 209, 284, 284, 4, 365, 365, 36, 54, 350, 362, 113, 365, 4, 161, 388, 388, 388, 388, 161, 207, 70, 388, 4, 388, 388, 134, 54, 193, 4, 43, 291, 327, 388, 388, 225, 284, 119, 43, 161, 207, 161, 160, 386, 161, 36, 49, 15, 284, 73, 284, 207, 113, 113, 213, 386, 4, 113, 284, 85, 113, 4, 270, 220, 110, 194, 386, 4, 113, 4, 4, 73, 4, 386, 4, 49, 15, 204, 100, 9, 313, 255, 70, 123, 313, 123, 73, 313, 313, 113, 70, 313, 123, 30, 113, 270, 113, 113, 113, 4, 4, 4, 270, 113, 4, 4, 386, 386, 4, 4, 285, 4, 119, 4, 149, 359, 4, 36, 348, 4, 120, 73, 4, 4, 4, 270, 73, 298, 36, 4, 4, 365, 365, 85, 68, 115, 4, 388, 110, 68, 113, 68, 4, 319, 4, 120, 54, 4, 284, 9, 313, 313, 70, 119, 293, 4, 85, 85, 207, 207, 85, 4, 119, 254, 254, 225, 225, 161, 161, 161, 161, 49, 49, 161, 120, 207, 123, 123, 4, 313, 313, 41, 41, 4, 273, 273, 207, 70, 70, 85, 85, 85, 85, 295, 237, 348, 73, 4, 122, 4, 4, 333, 333, 326, 15, 15, 330, 330, 232, 232, 387, 254, 15, 225, 225, 4, 145, 4, 254, 254, 4, 333, 4, 73, 225, 225, 4, 117, 117, 185, 315, 315, 41, 21, 21, 181, 181, 4, 4, 4, 4, 54, 4, 54, 54, 54, 54, 4, 122, 4, 43, 43, 365, 177, 177, 388, 388, 112, 112, 43, 49, 259, 388, 388, 43, 43, 85, 85, 280, 280, 275, 275, 4, 4, 43, 43, 15, 13, 13, 240, 240, 348, 4, 73, 73, 49, 15, 15, 358, 358, 25, 25, 15, 15, 170, 15, 109, 109, 73, 85, 85, 85, 85, 85, 207, 365, 4, 41, 41, 362, 313, 313, 254, 4, 254, 270, 270, 24, 24, 24, 24, 70, 70, 313, 313, 313, 313, 207, 30, 30, 24, 24, 373, 373, 30, 30, 313, 313, 313, 4, 75, 348, 85, 68, 217, 217, 217, 217, 217, 287, 217, 217, 217, 49, 49, 217, 217, 217, 312, 217, 217, 217, 217, 386, 217, 217, 217, 217, 36, 120, 120, 4, 313, 70, 70, 85, 85, 353, 353, 338, 284, 85, 85, 338, 4, 133, 4, 237, 4, 4, 120, 36, 72, 279, 4, 4, 70, 339, 4, 225, 115, 375, 375, 4, 375, 375, 4, 4, 85, 70, 4, 85, 4, 262, 262, 117, 131, 117, 117, 117, 120, 117, 70, 285, 222, 117, 225, 117, 4, 70, 117, 117, 117, 15, 117, 117, 117, 15, 225, 117, 117, 131, 4, 225, 225, 15, 185, 182, 122, 4, 4, 196, 73, 54, 247, 388, 54, 4, 161, 54, 54, 122, 43, 161, 54, 161, 43, 43, 161, 122, 122, 122, 284, 161, 199, 122, 122, 23, 122, 122, 284, 308, 122, 259, 4, 254, 43, 43, 43, 364, 195, 161, 161, 161, 43, 43, 275, 43, 43, 161, 41, 43, 43, 161, 161, 161, 43, 161, 41, 161, 15, 161, 4, 161, 161, 161, 241, 254, 241, 241, 241, 241, 15, 15, 254, 161, 161, 161, 161, 207, 207, 161, 15, 365, 365, 365, 109, 15, 73, 41, 85, 169, 4, 4, 284, 284, 41, 15, 15, 15, 15, 41, 41, 15, 15, 119, 15, 15, 41, 270, 270, 4, 4, 30, 30, 30, 41, 24, 313, 30, 24, 64, 123, 313, 245, 313, 70, 123, 36, 70, 70, 66, 313, 286, 286, 4, 30, 30, 30, 43, 4, 43, 30, 373, 41, 4, 55, 349, 277, 30, 207, 41, 85, 4, 270, 85, 207, 85, 298, 4, 4, 4, 4, 168, 4, 4, 131, 4, 131, 157, 285, 216, 4, 161, 388, 122, 382, 161, 386, 123, 4, 119, 4, 87, 68, 4, 4, 4, 348, 90, 100, 85, 386, 285, 213, 161, 30, 213, 161, 47, 106, 335, 35, 335, 97, 4, 54, 97, 120, 93, 229, 335, 335, 30, 87, 335, 244, 183, 89, 89, 87, 87, 28, 89, 89, 87, 87, 97, 386, 87, 97, 87, 175, 87, 229, 17, 89, 335, 97, 87, 257, 87, 89, 97, 87, 229, 76, 89, 307, 97, 89, 87, 97, 87, 119, 87, 374, 87, 335, 335, 47, 362, 265, 87, 226, 119, 210, 4, 335, 334, 89, 270, 36, 97, 87, 97, 87, 4, 316, 89, 4, 135, 87, 87, 87, 47, 4, 87, 87, 87, 335, 386, 207, 87, 87, 87, 89, 87, 87, 97, 87, 87, 87, 87, 386, 87, 87, 87, 244, 244, 335, 115, 2, 335, 87, 87, 283, 4, 4, 29, 4, 335, 87, 335, 70, 97, 87, 4, 307, 87, 87, 87, 361, 85, 335, 249, 87, 97, 97, 97, 87, 97, 87, 140, 87, 89, 335, 89, 4, 70, 97, 97, 87, 89, 87, 87, 335, 335, 335, 270, 4, 87, 87, 269, 87, 87, 70, 106, 87, 87, 348, 335, 97, 121, 140, 261, 87, 87, 335, 335, 87, 97, 87, 73, 4, 89, 4, 87, 87, 97, 87, 87, 87, 87, 56, 4, 335, 335, 4, 4, 97, 97, 87, 175, 335, 97, 97, 97, 87, 119, 97, 29, 335, 87, 124, 120, 97, 87, 89, 386, 87, 335, 35, 87, 4, 87, 89, 335, 335, 386, 97, 87, 320, 386, 386, 335, 97, 229, 87, 87, 244, 140, 131, 49, 365, 335, 150, 97, 87, 68, 256, 335, 335, 285, 28, 89, 87, 89, 335, 89, 4, 87, 97, 4, 335, 335, 89, 89, 97, 97, 311, 4, 4, 87, 97, 335, 87, 335, 4, 54, 97, 87, 97, 89, 119, 87, 386, 54, 87, 40, 335, 87, 97, 284, 97, 386, 87, 335, 335, 87, 79, 87, 97, 89, 97, 4, 87, 386, 270, 87, 87, 97, 77, 97, 97, 97, 120, 97, 97, 97, 335, 270, 87, 335, 100, 131, 87, 264, 335, 93, 87, 386, 97, 97, 87, 97, 335, 127, 335, 97, 383, 87, 335, 87, 335, 235, 335, 234, 207, 335, 97, 263, 207, 207, 19, 87, 87, 97, 97, 97, 48, 335, 97, 335, 377, 89, 97, 270, 243, 229, 97, 365, 335, 385, 335, 79, 97, 87, 335, 111, 335, 335, 335, 97, 335, 87, 385, 313, 97, 30, 97, 313, 386, 97, 335, 87, 87, 87, 142, 335, 30, 335, 87, 89, 335, 4, 79, 87, 87, 335, 386, 386, 89, 335, 87, 335, 335, 335, 244, 87, 335, 87, 207, 365, 386, 365, 386, 386, 4, 386, 386, 386, 386, 270, 140, 386, 4, 4, 362, 386, 207, 49, 386, 4, 270, 4, 386, 386, 313, 68, 96, 96, 96, 285, 4, 34, 119, 30, 98, 313, 34, 129, 123, 30, 313, 373, 313, 49, 120, 115, 225, 4, 15, 241, 4, 388, 43, 227, 123, 380, 352, 285, 4, 285, 284, 4, 365, 4, 38, 15, 222, 342, 49, 4, 54, 211, 202, 43, 285, 112, 270, 68, 388, 285, 230, 4, 4, 4, 49, 4, 73, 54, 203, 162, 74, 275, 85, 161, 375, 370, 119, 85, 85, 4, 120, 4, 131, 161, 85, 4, 84, 201, 4, 85, 207, 145, 119, 228, 211, 331, 173, 373, 51, 363, 70, 4, 161, 4, 4, 4, 4, 41, 302, 285, 4, 111, 36, 4, 348, 49, 270, 4, 314, 4, 120, 16, 365, 236, 313, 4, 4, 4, 4, 85, 4, 4, 24, 4, 284, 43, 4, 4, 85, 4, 4, 317, 70, 4, 85, 73, 369, 73, 4, 254, 284, 9, 4, 131, 36, 115, 73, 15, 15, 372, 70, 4, 101, 85, 143, 111, 4, 4, 4, 348, 85, 4, 85, 98, 119, 302, 15, 373, 161, 129, 372, 342, 30, 380, 24, 123, 313, 41, 201, 270, 49, 4, 4, 227, 4, 15, 254, 4, 284, 202, 241, 38, 284, 85, 78, 120, 43, 120, 43, 70, 120, 365, 285, 4, 183, 275, 161, 4, 68, 38, 154, 183, 365, 43, 43, 4, 112, 119, 85, 4, 298, 270, 43, 84, 54, 388, 365, 328, 4, 4, 388, 285, 120, 36, 203, 386, 285, 36, 225, 4, 4, 386, 85, 119, 201, 4, 352, 365, 285, 4, 365, 386, 16, 386, 4, 331, 85, 85, 4, 49, 85, 4, 70, 131, 54, 119, 85, 120, 145, 49, 49, 49, 123, 225, 4, 270, 131, 4, 370, 4, 70, 4, 222, 207, 85, 4, 15, 74, 4, 85, 4, 254, 4, 4, 183, 225, 41, 225, 4, 145, 4, 85, 4, 314, 85, 73, 85, 85, 119, 4, 4, 4, 4, 375, 211, 211, 4, 145, 36, 4, 57, 4, 145, 298, 145, 143, 100, 119, 386, 225, 120, 111, 101, 236, 36, 4, 85, 187, 36, 73, 386, 119, 36, 348, 348, 270, 365, 230, 111, 4, 85, 85, 348, 348, 153, 4, 4, 348, 115, 4, 15, 4, 51, 85, 192, 4, 73, 70, 201, 4, 70, 317, 85, 300, 162, 285, 4, 173, 73, 285, 4, 85, 85, 4, 285, 4, 207, 366, 4, 4, 4, 285, 85, 365, 285, 4, 4, 4, 4, 4, 70, 284, 4, 73, 85, 36, 219, 225, 328, 41, 119, 15, 145, 4, 348, 161, 28, 14, 270, 36, 270, 4, 70, 285, 78, 254, 348, 4, 111, 119, 145, 172, 36, 120, 38, 386, 298, 298, 285, 201, 270, 246, 4,