{"Run": 12, "K": 132, "WCSSD": 2609.0525033542135, "Purity": 0.2858465989859521, "Time": 4.159688949584961, "Kmeans_Labels": [2, 2, 2, 104, 2, 2, 2, 37, 2, 2, 118, 9, 93, 93, 2, 2, 2, 43, 18, 2, 2, 2, 34, 93, 93, 43, 93, 43, 117, 2, 93, 2, 117, 43, 2, 2, 93, 93, 9, 93, 2, 93, 28, 18, 93, 103, 93, 58, 2, 2, 2, 34, 34, 2, 2, 65, 34, 43, 84, 2, 2, 43, 2, 105, 65, 12, 93, 12, 93, 65, 43, 2, 2, 2, 34, 2, 2, 2, 2, 2, 18, 2, 2, 43, 2, 75, 2, 42, 2, 2, 2, 2, 65, 2, 2, 2, 2, 2, 2, 2, 2, 34, 2, 95, 95, 80, 80, 95, 69, 34, 79, 79, 79, 93, 2, 34, 34, 2, 18, 2, 2, 2, 2, 2, 65, 2, 2, 2, 18, 2, 91, 2, 128, 2, 2, 117, 2, 18, 2, 2, 46, 2, 2, 117, 2, 2, 2, 2, 2, 2, 2, 82, 2, 117, 2, 2, 2, 2, 2, 18, 2, 2, 27, 2, 2, 2, 2, 34, 98, 2, 2, 2, 2, 34, 2, 2, 76, 2, 2, 2, 2, 2, 2, 2, 2, 2, 2, 2, 2, 2, 2, 46, 1, 42, 2, 2, 2, 33, 2, 2, 76, 18, 2, 76, 2, 2, 2, 2, 2, 2, 18, 2, 2, 2, 2, 2, 2, 2, 102, 46, 2, 2, 18, 9, 2, 2, 2, 9, 34, 2, 2, 2, 2, 2, 2, 2, 2, 117, 2, 34, 2, 2, 46, 2, 34, 2, 2, 2, 33, 2, 80, 80, 2, 2, 34, 2, 2, 2, 2, 2, 2, 2, 9, 2, 95, 2, 33, 95, 2, 76, 18, 80, 2, 2, 80, 18, 34, 18, 2, 95, 2, 95, 34, 18, 80, 80, 76, 95, 2, 18, 95, 80, 2, 79, 80, 80, 80, 108, 79, 34, 2, 80, 80, 80, 80, 80, 80, 80, 2, 79, 46, 34, 80, 80, 2, 79, 2, 79, 79, 2, 79, 79, 34, 79, 76, 9, 2, 27, 46, 79, 117, 117, 2, 2, 34, 88, 95, 2, 43, 79, 2, 34, 103, 33, 103, 18, 1, 103, 2, 103, 103, 34, 34, 103, 29, 2, 2, 18, 53, 81, 8, 2, 34, 81, 79, 46, 71, 8, 2, 2, 8, 8, 71, 2, 71, 2, 1, 21, 18, 2, 18, 34, 2, 2, 2, 34, 34, 43, 2, 34, 2, 2, 2, 2, 28, 2, 76, 27, 2, 18, 46, 2, 2, 2, 2, 46, 2, 2, 2, 2, 18, 2, 65, 2, 12, 2, 80, 33, 2, 2, 2, 2, 2, 2, 18, 95, 2, 79, 53, 8, 25, 28, 2, 2, 2, 34, 34, 117, 117, 2, 2, 2, 91, 91, 2, 2, 79, 79, 79, 79, 9, 9, 79, 18, 1, 2, 2, 2, 81, 81, 2, 2, 2, 65, 65, 117, 126, 126, 65, 65, 65, 65, 2, 65, 27, 46, 2, 2, 2, 2, 2, 2, 114, 2, 2, 2, 2, 2, 2, 2, 91, 2, 73, 73, 2, 1, 31, 91, 91, 31, 1, 2, 46, 2, 2, 2, 2, 2, 95, 95, 95, 2, 2, 2, 2, 2, 2, 95, 2, 2, 95, 2, 95, 95, 95, 95, 2, 2, 2, 79, 79, 80, 69, 69, 80, 80, 79, 79, 79, 9, 79, 80, 80, 79, 79, 2, 2, 79, 79, 79, 79, 95, 95, 79, 79, 2, 91, 91, 91, 91, 27, 2, 46, 46, 9, 2, 2, 9, 9, 34, 34, 2, 2, 2, 2, 2, 2, 46, 103, 103, 103, 103, 103, 1, 2, 103, 2, 2, 18, 81, 81, 91, 2, 91, 2, 2, 71, 71, 71, 71, 2, 2, 81, 81, 81, 81, 2, 119, 119, 71, 71, 71, 71, 71, 71, 8, 8, 54, 2, 2, 27, 2, 93, 39, 39, 39, 39, 39, 39, 39, 39, 39, 9, 9, 39, 39, 39, 93, 39, 39, 39, 39, 18, 39, 39, 39, 39, 76, 18, 18, 2, 81, 28, 28, 65, 65, 65, 65, 2, 2, 65, 65, 2, 2, 2, 2, 65, 2, 2, 18, 76, 2, 2, 2, 2, 28, 18, 2, 2, 2, 2, 2, 2, 2, 2, 2, 2, 65, 2, 2, 65, 2, 114, 114, 2, 42, 2, 2, 2, 42, 2, 28, 2, 2, 2, 2, 2, 2, 28, 2, 2, 2, 2, 2, 2, 2, 2, 2, 2, 2, 42, 2, 2, 2, 2, 2, 18, 2, 2, 2, 95, 46, 95, 79, 95, 95, 2, 79, 95, 95, 95, 79, 79, 95, 79, 79, 79, 79, 79, 95, 69, 95, 79, 79, 69, 95, 2, 79, 79, 79, 79, 79, 79, 2, 91, 79, 79, 79, 2, 2, 79, 79, 79, 79, 79, 79, 79, 79, 79, 1, 79, 79, 79, 79, 79, 79, 79, 9, 79, 79, 79, 2, 79, 79, 79, 46, 91, 79, 79, 79, 79, 2, 2, 91, 79, 79, 79, 79, 67, 67, 79, 2, 50, 1, 50, 2, 2, 123, 2, 103, 2, 103, 103, 79, 79, 2, 2, 2, 46, 2, 18, 2, 2, 2, 34, 2, 2, 34, 2, 2, 48, 48, 8, 8, 8, 2, 71, 81, 81, 71, 76, 8, 71, 2, 81, 8, 8, 2, 8, 8, 18, 81, 2, 2, 2, 119, 8, 8, 2, 34, 2, 77, 71, 2, 34, 2, 2, 2, 8, 117, 2, 65, 78, 2, 65, 117, 65, 2, 2, 2, 2, 2, 2, 34, 2, 42, 2, 42, 18, 2, 2, 2, 79, 80, 79, 2, 79, 34, 2, 120, 2, 120, 61, 2, 2, 117, 2, 2, 2, 1, 43, 34, 2, 79, 79, 8, 79, 79, 2, 2, 17, 2, 17, 11, 2, 95, 11, 18, 11, 11, 17, 17, 8, 61, 17, 61, 34, 61, 61, 61, 61, 1, 61, 61, 61, 61, 11, 66, 61, 11, 61, 61, 61, 61, 34, 61, 17, 11, 61, 61, 61, 61, 11, 61, 34, 34, 61, 11, 11, 61, 61, 11, 61, 2, 61, 61, 61, 17, 17, 2, 18, 11, 61, 61, 34, 2, 2, 17, 61, 61, 34, 76, 11, 61, 11, 61, 2, 61, 61, 2, 61, 61, 61, 99, 2, 2, 61, 61, 61, 17, 21, 117, 93, 61, 61, 61, 61, 61, 11, 61, 61, 61, 61, 34, 61, 61, 61, 61, 61, 17, 2, 34, 17, 61, 61, 12, 2, 2, 107, 2, 17, 38, 17, 28, 11, 61, 66, 11, 61, 61, 61, 61, 43, 17, 27, 61, 11, 11, 11, 6, 11, 61, 18, 61, 61, 17, 61, 2, 28, 11, 11, 61, 61, 61, 61, 61, 17, 17, 18, 2, 61, 61, 11, 61, 61, 2, 2, 61, 61, 27, 17, 11, 61, 61, 61, 61, 61, 17, 17, 61, 11, 61, 46, 2, 61, 2, 61, 91, 11, 61, 26, 61, 93, 61, 2, 17, 17, 2, 38, 11, 11, 61, 61, 17, 11, 32, 32, 61, 2, 11, 2, 17, 61, 17, 18, 11, 61, 61, 34, 61, 17, 2, 61, 2, 61, 61, 17, 17, 2, 11, 61, 11, 34, 34, 17, 11, 61, 61, 61, 61, 18, 42, 11, 2, 17, 1, 11, 61, 11, 61, 17, 17, 18, 18, 61, 61, 61, 17, 61, 2, 61, 11, 2, 17, 83, 61, 61, 11, 11, 61, 2, 2, 61, 11, 17, 61, 17, 2, 95, 11, 61, 11, 61, 2, 61, 1, 95, 61, 11, 17, 61, 11, 79, 112, 34, 61, 17, 17, 61, 13, 61, 11, 61, 112, 2, 61, 34, 34, 61, 61, 11, 61, 11, 11, 11, 18, 11, 11, 11, 17, 2, 61, 17, 61, 42, 61, 61, 17, 11, 61, 34, 11, 11, 61, 11, 17, 1, 17, 11, 61, 61, 17, 61, 17, 11, 17, 61, 117, 17, 11, 2, 117, 117, 61, 61, 61, 11, 11, 11, 49, 17, 11, 17, 11, 61, 11, 34, 17, 11, 11, 2, 17, 17, 17, 13, 11, 61, 17, 12, 17, 61, 17, 11, 17, 61, 17, 81, 11, 8, 11, 8, 1, 11, 17, 61, 61, 61, 34, 17, 119, 17, 13, 61, 17, 2, 13, 61, 61, 17, 34, 34, 61, 17, 61, 17, 17, 17, 61, 61, 17, 61, 117, 56, 34, 34, 34, 34, 18, 34, 34, 34, 34, 34, 18, 34, 125, 2, 18, 34, 117, 9, 34, 96, 34, 95, 34, 34, 81, 93, 1, 1, 1, 2, 2, 53, 2, 8, 2, 8, 53, 8, 34, 8, 81, 71, 81, 9, 18, 2, 2, 2, 115, 79, 2, 34, 2, 103, 2, 71, 2, 1, 2, 2, 79, 2, 2, 2, 2, 2, 2, 71, 9, 2, 95, 2, 2, 79, 2, 79, 2, 2, 64, 34, 27, 95, 2, 2, 9, 2, 46, 95, 9, 2, 2, 79, 43, 79, 2, 9, 2, 65, 2, 2, 18, 2, 42, 79, 65, 2, 95, 2, 2, 2, 117, 1, 22, 103, 2, 9, 2, 71, 27, 65, 28, 2, 79, 2, 2, 2, 2, 2, 81, 2, 109, 12, 76, 2, 27, 9, 34, 2, 2, 2, 18, 2, 95, 2, 71, 2, 2, 2, 2, 65, 2, 10, 71, 2, 2, 79, 2, 2, 43, 2, 2, 2, 2, 2, 43, 46, 34, 46, 2, 91, 44, 53, 2, 42, 76, 2, 46, 2, 2, 2, 60, 2, 2, 34, 1, 12, 2, 2, 18, 27, 34, 2, 2, 2, 34, 81, 2, 71, 79, 8, 2, 71, 8, 71, 71, 2, 8, 2, 2, 2, 9, 2, 2, 103, 2, 115, 91, 2, 79, 2, 79, 2, 44, 34, 34, 18, 79, 18, 79, 2, 18, 34, 34, 2, 34, 79, 79, 43, 2, 2, 1, 34, 56, 2, 79, 2, 79, 34, 34, 2, 34, 34, 79, 95, 95, 64, 2, 2, 2, 95, 34, 34, 18, 24, 9, 2, 34, 76, 80, 34, 34, 34, 34, 22, 2, 1, 2, 56, 34, 2, 95, 1, 2, 34, 2, 9, 2, 1, 2, 9, 43, 2, 2, 42, 95, 34, 2, 18, 1, 9, 9, 9, 2, 2, 2, 1, 42, 1, 9, 2, 60, 2, 2, 117, 43, 2, 2, 2, 2, 43, 2, 91, 2, 2, 34, 2, 2, 43, 2, 1, 2, 2, 2, 2, 65, 46, 43, 65, 2, 109, 2, 2, 2, 2, 2, 2, 2, 1, 76, 2, 1, 2, 1, 34, 1, 1, 18, 2, 34, 43, 18, 59, 2, 2, 76, 2, 43, 12, 76, 46, 2, 2, 76, 27, 27, 1, 18, 27, 12, 2, 43, 34, 27, 27, 1, 2, 2, 27, 2, 2, 2, 2, 27, 2, 34, 2, 46, 28, 2, 43, 2, 2, 2, 34, 2, 1, 2, 2, 46, 2, 34, 34, 65, 2, 2, 2, 117, 34, 18, 18, 2, 34, 43, 18, 2, 43, 2, 78, 2, 2, 28, 2, 2, 46, 43, 76, 2, 2, 2, 131, 34, 2, 1, 1, 27, 79, 1, 1, 34, 76, 34, 18, 28, 34, 34, 91, 27, 2, 59, 34, 1, 1, 28, 18, 2, 34, 65, 34, 2, 2, 18, 34, 2, 34, 34, 34, 2, 2, 28, 2, 65, 2, 53, 1, 2, 131, 2, 8, 2, 71, 65, 8, 8, 14, 41, 8, 71, 14, 14, 14, 81, 14, 8, 84, 14, 14, 34, 14, 95, 2, 8, 2, 14, 103, 14, 89, 14, 71, 14, 69, 79, 14, 76, 14, 14, 2, 2, 14, 34, 2, 69, 8, 2, 71, 72, 14, 14, 79, 65, 2, 14, 121, 79, 14, 34, 91, 103, 103, 14, 14, 14, 27, 2, 81, 14, 117, 14, 8, 2, 2, 14, 14, 79, 14, 8, 2, 14, 95, 14, 71, 14, 34, 14, 14, 14, 14, 14, 14, 100, 80, 14, 27, 14, 53, 2, 81, 8, 27, 14, 79, 14, 12, 34, 12, 62, 8, 34, 14, 8, 46, 14, 14, 14, 71, 14, 14, 14, 14, 14, 14, 14, 9, 14, 65, 14, 14, 14, 14, 14, 14, 14, 2, 14, 100, 14, 53, 100, 14, 14, 14, 14, 14, 14, 14, 14, 95, 14, 14, 14, 35, 14, 34, 14, 14, 14, 35, 76, 14, 2, 34, 65, 34, 14, 14, 53, 14, 103, 14, 86, 14, 14, 14, 14, 14, 100, 14, 103, 14, 56, 14, 14, 2, 28, 14, 1, 14, 14, 34, 14, 14, 28, 14, 14, 14, 14, 14, 14, 14, 14, 14, 14, 14, 14, 14, 14, 14, 14, 14, 14, 14, 14, 14, 14, 1, 14, 14, 14, 2, 14, 14, 14, 14, 2, 2, 2, 93, 3, 2, 81, 2, 2, 12, 2, 46, 2, 8, 2, 1, 2, 2, 1, 2, 2, 34, 1, 12, 3, 28, 2, 12, 2, 80, 12, 2, 34, 58, 0, 1, 117, 12, 12, 34, 2, 18, 2, 2, 18, 15, 2, 18, 12, 34, 34, 46, 2, 34, 2, 2, 130, 1, 34, 2, 34, 3, 2, 34, 86, 2, 2, 3, 3, 2, 3, 2, 3, 3, 3, 20, 2, 92, 46, 3, 3, 3, 3, 76, 2, 28, 3, 3, 3, 