{"Run": 12, "K": 491, "WCSSD": 2102.3311846241104, "Purity": 0.422852642151297, "Time": 27.431033849716187, "Kmeans_Labels": [8, 158, 449, 375, 157, 8, 158, 233, 445, 8, 8, 209, 8, 440, 8, 8, 8, 134, 8, 264, 8, 279, 187, 8, 266, 134, 8, 81, 374, 8, 8, 8, 264, 112, 478, 8, 8, 8, 209, 20, 192, 284, 357, 22, 103, 8, 266, 300, 8, 70, 261, 440, 440, 94, 8, 71, 108, 158, 375, 375, 108, 134, 8, 129, 71, 111, 158, 158, 20, 71, 134, 8, 8, 78, 239, 8, 8, 8, 396, 94, 341, 230, 8, 453, 233, 129, 280, 90, 8, 8, 8, 8, 96, 70, 8, 8, 453, 405, 233, 8, 233, 239, 8, 317, 483, 148, 284, 317, 223, 239, 103, 404, 103, 8, 8, 239, 78, 131, 301, 104, 2, 78, 104, 375, 375, 304, 78, 332, 131, 8, 104, 104, 187, 481, 229, 264, 8, 8, 8, 8, 244, 375, 375, 264, 104, 104, 8, 8, 108, 375, 104, 173, 280, 264, 8, 104, 8, 8, 171, 131, 8, 125, 104, 8, 284, 104, 356, 188, 37, 280, 57, 187, 91, 440, 104, 108, 31, 299, 104, 8, 261, 8, 8, 8, 104, 8, 3, 316, 8, 78, 42, 439, 358, 104, 375, 375, 8, 416, 105, 33, 233, 187, 187, 4, 294, 233, 104, 233, 8, 78, 187, 94, 233, 233, 233, 104, 104, 8, 209, 244, 233, 8, 363, 209, 383, 104, 8, 209, 440, 187, 8, 8, 202, 8, 233, 70, 8, 22, 8, 303, 104, 131, 244, 221, 440, 233, 221, 8, 416, 104, 284, 179, 8, 232, 481, 187, 108, 8, 104, 8, 8, 8, 209, 449, 317, 8, 416, 317, 8, 8, 187, 284, 78, 187, 284, 187, 8, 187, 104, 317, 104, 284, 8, 256, 181, 284, 161, 317, 284, 131, 104, 284, 8, 103, 179, 284, 179, 284, 103, 451, 8, 284, 8, 179, 179, 284, 284, 284, 8, 103, 140, 8, 179, 179, 8, 8, 8, 103, 103, 264, 410, 103, 440, 420, 211, 209, 8, 320, 244, 221, 374, 104, 104, 8, 440, 8, 104, 8, 187, 104, 8, 216, 244, 421, 118, 440, 330, 104, 8, 330, 244, 330, 440, 330, 41, 8, 449, 37, 27, 25, 54, 8, 330, 54, 103, 244, 200, 277, 104, 8, 54, 377, 200, 104, 200, 104, 104, 104, 187, 57, 8, 440, 104, 273, 8, 440, 440, 69, 468, 8, 8, 8, 187, 78, 142, 8, 264, 89, 8, 22, 244, 113, 375, 187, 56, 244, 108, 264, 375, 222, 131, 8, 71, 280, 158, 411, 179, 426, 280, 104, 330, 375, 8, 8, 238, 317, 464, 103, 27, 54, 54, 142, 8, 280, 8, 430, 430, 44, 44, 8, 375, 8, 83, 83, 8, 8, 103, 103, 487, 103, 209, 209, 103, 22, 264, 313, 313, 8, 92, 92, 313, 313, 8, 71, 71, 8, 71, 71, 375, 71, 71, 71, 375, 71, 89, 244, 127, 8, 70, 70, 233, 233, 8, 70, 70, 8, 8, 70, 70, 70, 83, 8, 232, 232, 330, 48, 158, 245, 245, 8, 233, 232, 241, 354, 354, 464, 253, 70, 317, 449, 449, 313, 8, 8, 8, 8, 8, 149, 8, 375, 373, 222, 375, 373, 373, 375, 222, 70, 375, 381, 381, 432, 376, 376, 258, 258, 103, 103, 103, 209, 103, 179, 179, 33, 33, 414, 414, 319, 319, 319, 319, 221, 221, 103, 143, 56, 83, 83, 83, 83, 89, 330, 244, 244, 209, 247, 247, 209, 209, 8, 8, 8, 8, 222, 8, 8, 8, 391, 102, 330, 330, 330, 330, 222, 330, 330, 8, 8, 131, 54, 54, 83, 440, 83, 313, 313, 200, 200, 387, 387, 61, 61, 25, 25, 200, 200, 264, 162, 162, 200, 200, 166, 166, 434, 434, 25, 25, 54, 8, 8, 89, 8, 475, 155, 155, 155, 155, 155, 155, 155, 257, 155, 209, 209, 155, 417, 155, 20, 155, 155, 155, 155, 330, 153, 155, 155, 155, 211, 325, 22, 8, 477, 142, 142, 57, 57, 71, 71, 78, 8, 71, 71, 78, 8, 8, 8, 71, 8, 375, 22, 211, 375, 8, 8, 78, 142, 22, 8, 375, 57, 70, 70, 8, 70, 70, 8, 8, 96, 57, 8, 71, 8, 8, 8, 70, 90, 70, 70, 70, 60, 70, 142, 8, 70, 70, 186, 141, 70, 142, 70, 70, 70, 261, 70, 70, 70, 8, 354, 70, 70, 90, 458, 354, 354, 70, 221, 70, 229, 101, 101, 317, 244, 79, 449, 79, 308, 97, 103, 79, 317, 103, 381, 103, 317, 201, 381, 103, 201, 103, 1, 376, 317, 103, 404, 404, 1, 98, 422, 1, 228, 145, 103, 103, 8, 197, 103, 103, 103, 99, 78, 103, 103, 103, 312, 319, 319, 103, 319, 103, 319, 319, 319, 103, 319, 103, 319, 103, 209, 319, 221, 103, 8, 269, 103, 103, 286, 83, 199, 199, 199, 286, 247, 247, 83, 103, 103, 103, 103, 264, 264, 103, 103, 14, 94, 14, 313, 313, 313, 313, 296, 330, 330, 330, 103, 103, 8, 221, 313, 8, 8, 131, 393, 13, 13, 440, 272, 272, 313, 56, 56, 8, 8, 54, 272, 272, 313, 387, 54, 25, 200, 211, 54, 25, 57, 25, 61, 54, 94, 61, 61, 8, 25, 322, 322, 222, 162, 54, 54, 431, 8, 103, 11, 166, 343, 239, 8, 8, 8, 54, 264, 8, 71, 8, 94, 71, 264, 71, 108, 56, 8, 281, 50, 8, 313, 8, 90, 8, 443, 341, 449, 57, 8, 103, 147, 82, 201, 103, 8, 313, 65, 57, 65, 370, 8, 375, 8, 412, 57, 358, 37, 134, 440, 315, 103, 103, 54, 103, 103, 8, 8, 160, 8, 160, 75, 8, 317, 75, 251, 75, 470, 265, 160, 413, 370, 160, 370, 415, 370, 370, 370, 370, 229, 370, 370, 310, 437, 75, 56, 370, 75, 370, 207, 370, 338, 326, 370, 160, 406, 370, 370, 370, 370, 75, 370, 88, 88, 370, 75, 75, 370, 370, 75, 370, 8, 370, 451, 370, 160, 160, 8, 131, 75, 370, 370, 8, 129, 8, 160, 370, 370, 94, 129, 75, 444, 75, 370, 307, 370, 370, 8, 370, 370, 207, 370, 8, 8, 370, 370, 370, 160, 440, 264, 266, 370, 370, 370, 370, 370, 75, 370, 370, 348, 370, 349, 207, 370, 451, 370, 43, 160, 158, 78, 349, 370, 370, 368, 138, 8, 299, 8, 160, 236, 160, 142, 75, 370, 8, 75, 207, 370, 370, 370, 134, 455, 89, 370, 75, 75, 75, 370, 75, 370, 358, 370, 370, 160, 370, 8, 142, 75, 75, 370, 370, 207, 370, 370, 207, 172, 56, 222, 370, 370, 75, 370, 370, 299, 8, 370, 370, 89, 160, 12, 370, 358, 250, 370, 370, 160, 160, 370, 75, 370, 244, 8, 168, 8, 359, 83, 75, 53, 370, 428, 266, 371, 8, 160, 385, 329, 236, 466, 75, 370, 242, 160, 75, 75, 75, 386, 8, 75, 334, 160, 185, 160, 22, 75, 370, 370, 78, 370, 160, 8, 370, 8, 370, 370, 160, 160, 229, 75, 370, 75, 349, 440, 160, 75, 196, 370, 370, 370, 358, 90, 209, 94, 224, 8, 75, 370, 75, 370, 160, 160, 449, 440, 370, 451, 370, 160, 370, 8, 370, 75, 8, 160, 160, 370, 370, 75, 75, 370, 8, 8, 370, 75, 160, 370, 160, 8, 317, 75, 172, 467, 370, 440, 370, 229, 317, 370, 75, 160, 370, 75, 367, 447, 57, 370, 160, 160, 370, 447, 370, 75, 370, 75, 8, 30, 313, 94, 370, 370, 75, 370, 75, 75, 75, 251, 75, 75, 436, 160, 350, 447, 160, 37, 90, 370, 386, 160, 75, 370, 229, 75, 75, 370, 75, 160, 229, 160, 75, 370, 370, 151, 370, 74, 75, 160, 370, 370, 160, 75, 8, 374, 374, 370, 370, 370, 177, 75, 75, 160, 160, 75, 160, 75, 370, 75, 94, 160, 470, 154, 8, 370, 160, 160, 447, 314, 17, 207, 129, 160, 370, 54, 467, 265, 370, 160, 465, 467, 413, 467, 268, 229, 75, 160, 370, 370, 370, 8, 160, 54, 160, 370, 370, 6, 8, 447, 370, 473, 160, 47, 349, 370, 160, 370, 160, 160, 207, 370, 370, 160, 370, 374, 94, 440, 94, 188, 440, 131, 440, 440, 440, 440, 76, 454, 440, 8, 375, 131, 440, 8, 209, 440, 150, 476, 375, 440, 440, 25, 8, 383, 383, 383, 315, 8, 8, 330, 54, 45, 54, 237, 289, 313, 200, 25, 166, 25, 306, 22, 158, 8, 67, 313, 286, 313, 179, 36, 330, 229, 200, 449, 222, 375, 8, 103, 8, 246, 8, 344, 313, 70, 200, 225, 8, 117, 8, 8, 103, 375, 103, 313, 394, 110, 318, 89, 149, 64, 8, 276, 175, 244, 446, 209, 8, 456, 319, 134, 103, 70, 209, 8, 96, 232, 375, 22, 8, 90, 221, 96, 8, 317, 192, 382, 29, 134, 48, 191, 330, 8, 209, 220, 200, 89, 210, 142, 8, 103, 8, 8, 8, 94, 313, 25, 8, 459, 111, 211, 8, 107, 39, 476, 337, 70, 8, 22, 313, 284, 8, 200, 8, 89, 8, 56, 71, 8, 55, 213, 8, 8, 381, 264, 463, 16, 55, 254, 375, 78, 8, 134, 244, 440, 119, 38, 83, 8, 27, 361, 290, 8, 158, 244, 263, 57, 72, 8, 355, 229, 78, 378, 111, 8, 115, 8, 46, 8, 8, 8, 45, 183, 25, 263, 166, 103, 289, 72, 200, 200, 200, 213, 229, 54, 313, 8, 313, 306, 330, 355, 330, 67, 313, 270, 8, 103, 8, 286, 344, 8, 78, 56, 22, 103, 22, 319, 222, 22, 56, 449, 8, 415, 319, 103, 8, 394, 344, 229, 415, 94, 36, 103, 8, 103, 330, 56, 8, 108, 56, 381, 317, 446, 110, 246, 56, 56, 149, 179, 56, 22, 211, 209, 478, 440, 211, 284, 56, 396, 8, 21, 191, 8, 229, 449, 94, 461, 56, 284, 229, 313, 440, 55, 209, 232, 8, 221, 209, 134, 115, 299, 290, 117, 95, 8, 22, 48, 39, 276, 225, 313, 8, 8, 313, 90, 8, 209, 361, 8, 175, 70, 134, 134, 8, 70, 456, 8, 16, 365, 83, 8, 8, 415, 8, 56, 134, 8, 48, 8, 8, 38, 70, 96, 244, 134, 96, 8, 459, 8, 8, 382, 70, 8, 8, 94, 48, 8, 463, 48, 463, 48, 108, 48, 378, 37, 8, 440, 134, 8, 111, 229, 8, 211, 64, 134, 111, 211, 244, 187, 121, 375, 479, 89, 78, 114, 89, 111, 337, 134, 29, 89, 89, 440, 264, 89, 107, 158, 8, 8, 375, 89, 8, 188, 8, 119, 142, 192, 134, 78, 375, 29, 440, 8, 222, 8, 220, 244, 8, 330, 8, 71, 375, 375, 8, 