{"Run": 14, "K": 403, "WCSSD": 2238.6997291905386, "Purity": 0.49498997995991983, "Time": 21.13238000869751, "Kmeans_Labels": [86, 13, 140, 343, 13, 110, 271, 199, 13, 13, 13, 261, 13, 248, 202, 13, 13, 78, 322, 13, 231, 13, 202, 248, 182, 78, 231, 78, 144, 231, 202, 231, 144, 78, 231, 202, 248, 248, 261, 248, 31, 271, 388, 168, 248, 24, 248, 231, 13, 13, 13, 238, 238, 13, 86, 164, 231, 78, 343, 343, 13, 78, 13, 337, 164, 146, 248, 202, 248, 164, 78, 13, 245, 13, 384, 88, 13, 13, 398, 13, 13, 150, 13, 78, 280, 352, 236, 14, 13, 13, 37, 13, 331, 122, 13, 13, 13, 13, 280, 13, 280, 384, 13, 106, 9, 271, 271, 9, 380, 384, 130, 136, 130, 248, 86, 384, 182, 13, 13, 387, 13, 13, 100, 343, 343, 387, 13, 343, 182, 238, 387, 387, 231, 202, 182, 13, 13, 13, 13, 249, 375, 343, 343, 144, 204, 100, 13, 163, 69, 63, 387, 28, 236, 13, 13, 387, 13, 13, 343, 13, 13, 387, 387, 361, 13, 131, 13, 47, 84, 236, 13, 13, 13, 238, 387, 231, 337, 92, 387, 13, 13, 391, 131, 131, 387, 13, 317, 13, 67, 238, 13, 375, 235, 387, 343, 343, 13, 289, 13, 330, 280, 13, 13, 337, 387, 280, 387, 280, 13, 13, 13, 13, 280, 103, 280, 387, 387, 13, 261, 375, 280, 384, 13, 261, 13, 387, 13, 261, 238, 387, 13, 13, 280, 13, 280, 13, 13, 56, 13, 13, 387, 13, 375, 280, 238, 280, 202, 350, 289, 387, 271, 330, 13, 387, 202, 231, 203, 13, 387, 350, 13, 13, 261, 140, 9, 13, 289, 9, 231, 337, 182, 271, 372, 13, 271, 386, 13, 386, 387, 9, 387, 86, 109, 328, 271, 271, 337, 9, 271, 182, 387, 271, 13, 136, 13, 271, 13, 271, 9, 394, 13, 271, 13, 13, 13, 271, 271, 271, 271, 130, 375, 86, 13, 13, 330, 86, 13, 130, 136, 13, 136, 130, 238, 136, 337, 261, 13, 86, 375, 136, 202, 387, 387, 86, 238, 13, 387, 86, 78, 387, 129, 182, 375, 289, 126, 13, 94, 387, 13, 13, 375, 182, 238, 201, 261, 13, 140, 84, 55, 124, 124, 325, 13, 124, 152, 375, 207, 124, 387, 13, 124, 127, 207, 387, 190, 387, 387, 387, 13, 13, 13, 238, 387, 343, 13, 238, 238, 78, 343, 238, 13, 13, 13, 372, 388, 13, 337, 191, 278, 378, 375, 368, 343, 13, 182, 375, 231, 343, 343, 13, 38, 182, 164, 236, 13, 13, 271, 289, 236, 387, 231, 343, 13, 13, 56, 9, 348, 130, 55, 124, 152, 388, 202, 236, 13, 182, 182, 334, 334, 13, 279, 13, 28, 28, 13, 13, 136, 136, 13, 136, 261, 261, 136, 56, 13, 13, 13, 238, 124, 124, 162, 162, 287, 164, 164, 13, 164, 164, 343, 164, 164, 164, 343, 164, 241, 375, 13, 13, 46, 46, 280, 280, 122, 122, 122, 13, 13, 107, 107, 198, 28, 193, 13, 13, 93, 15, 358, 254, 254, 358, 280, 13, 375, 217, 217, 348, 122, 122, 9, 140, 140, 13, 13, 13, 13, 13, 4, 9, 4, 343, 9, 13, 9, 9, 9, 9, 13, 13, 13, 1, 1, 1, 130, 130, 13, 13, 128, 128, 130, 261, 189, 271, 271, 130, 130, 13, 13, 130, 130, 130, 130, 9, 9, 130, 130, 13, 28, 28, 28, 28, 191, 13, 375, 375, 261, 58, 58, 12, 12, 12, 12, 13, 13, 283, 13, 13, 13, 375, 13, 13, 13, 13, 13, 202, 13, 13, 13, 13, 182, 124, 124, 28, 397, 28, 267, 267, 190, 190, 195, 195, 114, 114, 207, 207, 207, 207, 13, 152, 152, 190, 190, 207, 207, 81, 207, 192, 192, 195, 182, 77, 191, 13, 135, 23, 23, 23, 23, 23, 23, 23, 23, 23, 305, 261, 23, 23, 286, 248, 23, 23, 23, 23, 182, 23, 341, 76, 23, 337, 56, 56, 13, 207, 19, 19, 164, 164, 164, 164, 238, 86, 164, 164, 238, 13, 13, 13, 164, 13, 343, 56, 337, 343, 13, 231, 13, 388, 56, 13, 343, 13, 298, 298, 13, 298, 298, 13, 48, 331, 388, 13, 164, 13, 13, 13, 115, 14, 122, 122, 122, 56, 122, 388, 13, 198, 122, 122, 122, 13, 388, 188, 122, 122, 13, 122, 122, 122, 13, 217, 253, 253, 14, 13, 217, 217, 122, 231, 83, 13, 239, 239, 9, 375, 9, 140, 9, 9, 13, 136, 9, 9, 13, 247, 281, 9, 136, 1, 1, 136, 1, 13, 136, 9, 136, 136, 136, 9, 231, 136, 136, 86, 136, 86, 189, 13, 41, 130, 130, 130, 167, 13, 136, 136, 136, 130, 130, 130, 130, 130, 136, 231, 130, 130, 136, 136, 136, 130, 136, 321, 136, 136, 136, 231, 136, 136, 136, 297, 28, 136, 136, 136, 297, 58, 58, 28, 136, 136, 136, 136, 345, 345, 136, 13, 13, 13, 13, 301, 13, 375, 301, 13, 13, 13, 13, 86, 86, 13, 347, 206, 260, 13, 182, 13, 13, 13, 238, 401, 401, 182, 13, 13, 13, 13, 152, 152, 152, 13, 181, 124, 207, 190, 337, 152, 207, 13, 207, 114, 152, 13, 114, 114, 13, 207, 13, 13, 13, 152, 152, 178, 130, 13, 130, 152, 207, 182, 384, 13, 13, 207, 152, 13, 120, 164, 13, 13, 32, 22, 164, 13, 13, 13, 13, 13, 13, 13, 13, 14, 13, 14, 400, 140, 13, 13, 175, 9, 136, 1, 200, 182, 13, 13, 13, 13, 209, 13, 343, 13, 13, 202, 202, 84, 78, 238, 13, 86, 130, 152, 86, 130, 13, 240, 104, 390, 156, 157, 13, 9, 157, 56, 157, 157, 39, 156, 152, 209, 156, 266, 182, 205, 209, 209, 99, 182, 205, 205, 99, 209, 157, 26, 242, 157, 209, 209, 209, 99, 238, 209, 104, 157, 209, 205, 209, 205, 157, 209, 238, 238, 205, 157, 157, 205, 209, 157, 99, 13, 99, 99, 209, 156, 156, 13, 182, 157, 99, 209, 13, 296, 13, 156, 99, 205, 182, 337, 157, 209, 157, 99, 13, 99, 205, 13, 99, 209, 209, 373, 13, 259, 209, 356, 99, 156, 238, 22, 99, 209, 99, 209, 99, 209, 157, 99, 99, 99, 95, 99, 99, 209, 99, 266, 266, 156, 202, 13, 99, 307, 393, 146, 13, 13, 92, 13, 156, 145, 111, 388, 157, 99, 26, 157, 99, 209, 209, 118, 78, 156, 191, 209, 157, 157, 157, 209, 157, 209, 235, 209, 205, 42, 205, 13, 388, 157, 157, 99, 209, 99, 209, 108, 104, 320, 274, 13, 209, 99, 157, 99, 209, 92, 240, 209, 209, 191, 156, 232, 99, 235, 209, 209, 209, 156, 156, 99, 157, 209, 375, 257, 205, 99, 209, 99, 157, 99, 99, 209, 248, 209, 13, 228, 156, 13, 145, 157, 157, 209, 209, 156, 157, 157, 157, 99, 13, 157, 154, 104, 209, 156, 56, 157, 209, 205, 238, 36, 320, 390, 209, 13, 209, 205, 156, 156, 13, 157, 99, 157, 99, 238, 156, 157, 99, 99, 209, 266, 235, 14, 357, 121, 156, 13, 357, 209, 99, 99, 156, 156, 140, 182, 209, 99, 205, 156, 205, 13, 99, 157, 13, 156, 156, 209, 209, 80, 157, 99, 13, 13, 209, 157, 156, 209, 156, 13, 9, 33, 99, 53, 205, 13, 209, 182, 99, 99, 157, 156, 209, 157, 86, 285, 238, 209, 156, 156, 209, 285, 209, 157, 209, 112, 371, 99, 16, 231, 209, 209, 157, 209, 157, 157, 157, 56, 157, 157, 157, 156, 231, 285, 156, 84, 14, 209, 209, 156, 157, 99, 182, 157, 157, 99, 157, 156, 182, 99, 157, 209, 376, 99, 209, 156, 157, 99, 205, 99, 156, 157, 13, 344, 144, 99, 99, 209, 157, 157, 157, 156, 156, 157, 156, 255, 147, 157, 238, 156, 157, 157, 13, 99, 355, 99, 285, 157, 209, 156, 146, 156, 99, 99, 157, 186, 209, 156, 124, 53, 152, 157, 99, 182, 157, 99, 209, 209, 209, 13, 156, 152, 156, 99, 205, 156, 243, 285, 382, 209, 39, 238, 238, 205, 156, 209, 99, 156, 156, 266, 99, 156, 209, 144, 202, 238, 182, 47, 238, 13, 238, 238, 238, 238, 202, 235, 238, 13, 343, 182, 238, 13, 261, 238, 231, 182, 343, 238, 238, 207, 210, 182, 182, 182, 13, 105, 13, 13, 152, 148, 308, 55, 152, 13, 207, 119, 207, 366, 261, 394, 202, 13, 13, 206, 297, 323, 79, 13, 13, 310, 13, 102, 182, 343, 13, 96, 234, 13, 13, 13, 13, 107, 190, 261, 183, 9, 13, 13, 130, 343, 128, 51, 332, 9, 13, 191, 9, 231, 383, 261, 13, 375, 9, 265, 13, 13, 130, 78, 200, 298, 261, 13, 331, 13, 343, 56, 13, 14, 136, 331, 13, 9, 31, 13, 231, 362, 15, 13, 13, 13, 261, 13, 190, 173, 304, 19, 13, 136, 287, 13, 13, 365, 13, 207, 44, 13, 196, 337, 287, 191, 261, 182, 13, 122, 13, 56, 13, 271, 13, 190, 13, 13, 13, 182, 272, 30, 306, 181, 13, 86, 247, 202, 13, 78, 13, 360, 213, 13, 13, 78, 184, 182, 375, 13, 28, 86, 55, 13, 14, 337, 13, 375, 90, 13, 231, 231, 13, 49, 202, 182, 146, 113, 13, 13, 191, 160, 13, 202, 148, 182, 207, 90, 207, 136, 152, 231, 190, 207, 13, 181, 310, 308, 13, 231, 51, 261, 370, 13, 13, 13, 206, 28, 13, 96, 13, 297, 13, 86, 202, 321, 56, 130, 56, 130, 202, 394, 182, 140, 13, 182, 130, 200, 13, 332, 13, 182, 182, 202, 13, 130, 234, 128, 273, 182, 13, 182, 182, 247, 9, 9, 9, 13, 182, 182, 9, 79, 182, 56, 337, 265, 238, 202, 337, 271, 182, 182, 182, 182, 13, 231, 182, 102, 202, 182, 182, 271, 182, 13, 238, 13, 261, 13, 13, 13, 261, 78, 13, 92, 14, 9, 123, 202, 56, 15, 261, 261, 261, 13, 13, 383, 182, 14, 134, 261, 13, 231, 13, 107, 362, 78, 13, 221, 13, 13, 78, 13, 28, 231, 13, 182, 13, 73, 78, 113, 166, 379, 13, 13, 122, 331, 184, 78, 331, 13, 13, 183, 13, 13, 298, 13, 13, 365, 15, 337, 13, 15, 13, 15, 231, 15, 182, 84, 13, 238, 78, 72, 146, 49, 13, 