{"Run": 6, "K": 403, "WCSSD": 2183.894582369335, "Purity": 0.4016310641577305, "Time": 22.718509912490845, "Kmeans_Labels": [41, 185, 54, 137, 22, 213, 185, 323, 22, 22, 22, 392, 71, 71, 62, 22, 213, 127, 332, 275, 22, 22, 142, 71, 19, 117, 108, 117, 171, 22, 71, 22, 171, 117, 275, 332, 71, 71, 392, 71, 22, 71, 22, 163, 31, 371, 71, 22, 213, 213, 280, 384, 384, 22, 76, 161, 22, 117, 137, 137, 22, 117, 22, 351, 161, 128, 71, 185, 71, 161, 117, 280, 22, 76, 143, 213, 22, 213, 189, 22, 22, 20, 357, 117, 125, 22, 76, 162, 22, 22, 263, 385, 161, 253, 22, 22, 55, 22, 125, 22, 125, 143, 22, 340, 340, 204, 204, 364, 22, 143, 303, 22, 303, 71, 357, 143, 186, 22, 278, 34, 278, 278, 34, 137, 22, 211, 278, 137, 400, 332, 34, 34, 231, 213, 263, 171, 278, 278, 278, 278, 336, 137, 137, 171, 34, 34, 213, 278, 22, 137, 34, 66, 76, 171, 278, 34, 22, 278, 137, 278, 213, 34, 34, 213, 22, 34, 76, 310, 145, 76, 189, 231, 22, 384, 34, 213, 213, 94, 34, 213, 280, 278, 213, 213, 34, 22, 34, 22, 213, 20, 278, 336, 20, 34, 263, 278, 22, 143, 232, 357, 125, 231, 231, 341, 34, 180, 34, 125, 76, 278, 231, 73, 125, 125, 125, 22, 34, 357, 392, 336, 125, 143, 263, 208, 394, 34, 278, 357, 384, 231, 213, 20, 125, 22, 125, 253, 357, 171, 278, 278, 34, 263, 336, 125, 384, 125, 278, 278, 143, 34, 357, 357, 22, 34, 213, 156, 34, 278, 34, 357, 278, 22, 392, 54, 340, 22, 143, 340, 186, 357, 231, 204, 278, 231, 204, 231, 278, 231, 34, 306, 34, 204, 216, 278, 231, 204, 278, 340, 204, 400, 34, 204, 22, 204, 204, 39, 359, 204, 22, 2, 22, 204, 204, 204, 204, 204, 172, 204, 204, 303, 336, 216, 204, 186, 357, 216, 189, 303, 204, 22, 246, 303, 384, 303, 22, 392, 22, 290, 336, 22, 171, 34, 324, 41, 384, 22, 34, 22, 231, 34, 278, 278, 371, 143, 371, 278, 278, 371, 278, 371, 371, 278, 384, 146, 392, 22, 54, 145, 12, 177, 215, 22, 308, 173, 308, 336, 258, 173, 34, 22, 173, 308, 173, 34, 230, 34, 245, 34, 231, 189, 278, 384, 34, 351, 22, 384, 384, 117, 137, 275, 22, 278, 189, 278, 22, 263, 22, 226, 22, 85, 336, 332, 137, 231, 384, 336, 22, 22, 137, 213, 221, 20, 161, 105, 185, 213, 204, 143, 76, 34, 76, 22, 76, 253, 163, 340, 22, 303, 12, 173, 173, 363, 263, 76, 213, 229, 229, 8, 8, 22, 137, 278, 66, 66, 357, 357, 303, 303, 22, 281, 392, 392, 22, 163, 278, 308, 308, 20, 258, 258, 143, 143, 365, 161, 161, 171, 161, 161, 137, 201, 201, 161, 137, 161, 226, 336, 22, 357, 284, 284, 125, 125, 22, 357, 357, 22, 22, 253, 253, 252, 66, 22, 357, 357, 280, 25, 22, 64, 64, 22, 125, 223, 336, 357, 357, 22, 253, 253, 67, 54, 54, 48, 328, 328, 275, 275, 229, 241, 229, 137, 340, 230, 340, 340, 340, 340, 230, 253, 22, 316, 316, 204, 357, 357, 204, 204, 35, 35, 303, 392, 346, 204, 204, 357, 357, 22, 22, 160, 160, 101, 101, 99, 99, 5, 160, 22, 140, 140, 140, 140, 226, 22, 312, 312, 392, 22, 22, 240, 240, 136, 136, 22, 22, 213, 22, 22, 22, 336, 371, 234, 234, 371, 371, 42, 275, 371, 153, 153, 22, 173, 173, 66, 22, 66, 22, 22, 311, 311, 311, 311, 335, 335, 258, 258, 258, 258, 22, 173, 173, 258, 258, 74, 74, 315, 173, 258, 258, 173, 121, 279, 226, 117, 76, 88, 88, 88, 88, 88, 267, 88, 88, 88, 392, 392, 88, 88, 88, 71, 88, 88, 88, 264, 20, 88, 88, 88, 88, 341, 163, 163, 22, 258, 351, 351, 189, 189, 161, 161, 229, 61, 161, 161, 229, 22, 22, 22, 161, 73, 137, 163, 341, 137, 22, 22, 22, 94, 163, 22, 357, 78, 253, 253, 213, 253, 253, 22, 263, 284, 217, 213, 161, 22, 22, 22, 253, 162, 17, 253, 253, 163, 253, 22, 280, 252, 253, 357, 253, 22, 22, 253, 150, 280, 280, 253, 253, 253, 22, 357, 253, 253, 162, 22, 357, 357, 253, 224, 253, 36, 22, 22, 340, 336, 340, 54, 340, 340, 275, 303, 340, 340, 340, 316, 77, 340, 148, 316, 357, 148, 160, 340, 22, 340, 303, 101, 204, 340, 22, 303, 340, 303, 303, 303, 346, 22, 157, 303, 303, 303, 43, 22, 22, 22, 22, 160, 160, 101, 303, 160, 303, 160, 160, 160, 160, 160, 164, 160, 289, 392, 160, 22, 303, 22, 303, 22, 22, 336, 66, 22, 22, 22, 22, 22, 22, 66, 303, 303, 160, 303, 117, 117, 303, 22, 221, 22, 221, 40, 22, 336, 40, 299, 229, 371, 371, 303, 303, 153, 22, 22, 336, 22, 22, 229, 22, 22, 384, 22, 22, 229, 22, 22, 22, 22, 173, 347, 347, 22, 311, 173, 258, 311, 341, 173, 258, 189, 154, 335, 173, 22, 335, 335, 20, 154, 22, 22, 332, 173, 173, 173, 110, 22, 303, 173, 74, 143, 143, 131, 131, 131, 173, 265, 332, 161, 362, 329, 161, 171, 161, 213, 22, 285, 22, 22, 170, 384, 22, 162, 22, 162, 221, 116, 189, 22, 22, 340, 22, 24, 350, 332, 308, 189, 189, 189, 166, 76, 137, 171, 22, 189, 213, 145, 117, 384, 22, 41, 23, 173, 41, 23, 38, 280, 84, 22, 84, 113, 33, 340, 113, 163, 113, 113, 84, 84, 173, 30, 84, 166, 20, 166, 84, 166, 166, 13, 166, 166, 166, 166, 113, 20, 166, 113, 179, 166, 166, 166, 229, 166, 84, 113, 166, 166, 166, 166, 113, 166, 229, 229, 166, 113, 113, 166, 147, 109, 166, 22, 166, 300, 166, 84, 320, 38, 400, 113, 300, 166, 280, 351, 22, 84, 166, 166, 329, 351, 113, 166, 113, 300, 351, 166, 166, 22, 166, 166, 166, 166, 38, 22, 166, 166, 166, 84, 143, 171, 166, 166, 166, 166, 354, 300, 113, 166, 166, 166, 166, 229, 166, 166, 187, 166, 166, 84, 185, 143, 84, 166, 166, 128, 22, 213, 94, 22, 84, 166, 84, 351, 113, 166, 33, 113, 166, 166, 176, 300, 117, 84, 226, 166, 113, 113, 113, 166, 113, 269, 213, 166, 166, 84, 166, 143, 16, 113, 113, 166, 166, 166, 166, 84, 84, 300, 384, 213, 166, 166, 113, 166, 166, 94, 280, 212, 166, 226, 1, 113, 166, 166, 300, 273, 166, 84, 84, 166, 49, 166, 336, 213, 166, 22, 166, 66, 360, 166, 166, 166, 71, 166, 263, 84, 83, 22, 36, 113, 113, 166, 166, 84, 113, 49, 113, 166, 263, 113, 63, 84, 166, 84, 163, 113, 166, 166, 186, 166, 84, 22, 166, 22, 166, 166, 84, 112, 229, 49, 166, 113, 229, 389, 84, 113, 166, 166, 300, 166, 20, 162, 49, 275, 84, 143, 113, 222, 166, 166, 84, 84, 54, 20, 237, 138, 166, 84, 166, 33, 166, 113, 47, 112, 84, 166, 166, 113, 113, 166, 263, 263, 166, 113, 84, 247, 84, 22, 340, 113, 300, 113, 166, 230, 166, 229, 340, 166, 113, 84, 166, 113, 303, 120, 189, 166, 84, 84, 166, 120, 166, 113, 166, 113, 22, 166, 20, 53, 166, 11, 113, 166, 113, 113, 113, 163, 113, 109, 51, 83, 248, 120, 84, 382, 162, 166, 166, 84, 113, 166, 384, 113, 113, 109, 113, 84, 342, 358, 113, 166, 166, 84, 166, 84, 113, 183, 166, 83, 83, 113, 22, 32, 171, 319, 166, 166, 113, 113, 113, 84, 84, 113, 84, 113, 166, 113, 329, 367, 113, 113, 22, 166, 84, 84, 120, 113, 166, 84, 58, 84, 166, 84, 113, 84, 274, 84, 258, 113, 173, 113, 173, 229, 113, 84, 166, 159, 30, 60, 84, 173, 84, 244, 166, 84, 22, 244, 166, 166, 84, 20, 229, 166, 84, 166, 84, 84, 84, 166, 166, 84, 166, 206, 229, 384, 20, 278, 384, 22, 384, 384, 384, 384, 332, 20, 384, 22, 137, 400, 384, 171, 392, 384, 22, 189, 137, 384, 384, 258, 76, 394, 394, 394, 22, 22, 229, 22, 173, 46, 173, 295, 254, 308, 258, 258, 74, 258, 392, 87, 185, 357, 22, 22, 303, 126, 210, 22, 371, 308, 230, 75, 388, 22, 275, 22, 22, 22, 393, 331, 229, 252, 230, 184, 22, 6, 357, 22, 303, 221, 35, 143, 76, 340, 275, 132, 241, 263, 22, 392, 22, 336, 340, 392, 275, 22, 101, 117, 350, 253, 392, 22, 161, 213, 137, 163, 22, 162, 261, 284, 213, 340, 229, 22, 213, 171, 390, 263, 371, 357, 392, 213, 74, 135, 345, 363, 213, 303, 365, 213, 22, 332, 69, 141, 4, 22, 268, 280, 365, 226, 392, 20, 22, 253, 263, 163, 22, 204, 22, 230, 218, 205, 227, 22, 161, 9, 22, 311, 221, 22, 148, 275, 22, 191, 22, 213, 137, 213, 263, 355, 336, 332, 336, 22, 66, 22, 12, 20, 162, 22, 111, 336, 22, 22, 22, 22, 276, 22, 213, 384, 128, 22, 22, 22, 226, 229, 332, 275, 46, 186, 141, 22, 74, 303, 254, 22, 230, 258, 230, 311, 308, 173, 69, 156, 143, 392, 22, 276, 371, 22, 22, 66, 213, 22, 22, 303, 331, 22, 213, 22, 163, 270, 163, 86, 2, 87, 332, 54, 221, 188, 101, 350, 117, 76, 331, 384, 188, 229, 22, 303, 22, 35, 332, 229, 22, 188, 20, 148, 340, 340, 340, 22, 221, 22, 241, 210, 188, 163, 341, 392, 275, 275, 280, 204, 275, 275, 275, 297, 263, 156, 375, 75, 229, 221, 20, 204, 20, 22, 384, 22, 392, 213, 22, 22, 392, 117, 22, 94, 162, 6, 192, 275, 163, 390, 392, 392, 184, 308, 357, 22, 143, 162, 175, 392, 20, 22, 22, 252, 171, 117, 22, 253, 22, 263, 191, 22, 66, 332, 393, 188, 357, 22, 117, 22, 25,