{"Run": 11, "K": 87, "WCSSD": 2668.5938551550103, "Purity": 0.23801575835470934, "Time": 2.679664134979248, "Kmeans_Labels": [35, 2, 56, 2, 2, 2, 2, 66, 2, 31, 2, 82, 13, 13, 2, 2, 2, 2, 2, 2, 2, 2, 67, 13, 13, 2, 13, 26, 2, 44, 13, 2, 2, 2, 2, 2, 13, 13, 82, 13, 2, 13, 45, 2, 13, 2, 13, 2, 2, 2, 2, 67, 67, 2, 2, 21, 2, 2, 2, 2, 2, 2, 2, 45, 21, 83, 13, 2, 13, 21, 13, 2, 2, 2, 2, 2, 2, 2, 2, 2, 2, 18, 31, 2, 66, 2, 67, 18, 2, 31, 2, 2, 21, 31, 2, 2, 2, 2, 66, 2, 66, 67, 2, 41, 41, 61, 61, 41, 44, 67, 5, 44, 5, 13, 31, 67, 67, 2, 2, 12, 2, 2, 12, 2, 21, 12, 2, 2, 67, 2, 12, 12, 2, 2, 2, 2, 20, 2, 2, 2, 26, 2, 2, 26, 12, 12, 2, 2, 2, 2, 12, 53, 45, 2, 2, 12, 2, 2, 2, 2, 2, 12, 12, 2, 2, 12, 2, 67, 67, 2, 12, 2, 2, 67, 12, 2, 47, 79, 12, 2, 2, 2, 29, 29, 12, 2, 12, 2, 2, 67, 2, 26, 67, 12, 2, 2, 2, 67, 2, 31, 66, 2, 2, 47, 12, 66, 12, 66, 31, 2, 2, 2, 66, 66, 66, 12, 12, 31, 82, 26, 66, 2, 2, 82, 2, 12, 2, 82, 67, 12, 2, 2, 66, 2, 66, 2, 31, 2, 2, 67, 12, 2, 26, 66, 67, 31, 2, 2, 67, 12, 61, 82, 2, 12, 67, 2, 12, 2, 12, 2, 2, 2, 82, 2, 41, 2, 67, 41, 2, 47, 2, 61, 67, 2, 61, 2, 67, 2, 12, 41, 12, 61, 2, 2, 61, 61, 47, 41, 61, 67, 12, 61, 2, 5, 2, 61, 2, 61, 41, 2, 79, 61, 2, 2, 82, 61, 61, 61, 2, 5, 26, 2, 82, 2, 31, 2, 2, 5, 5, 2, 5, 5, 67, 5, 47, 82, 2, 8, 26, 5, 2, 12, 12, 35, 67, 35, 12, 2, 2, 12, 2, 67, 66, 67, 12, 67, 58, 12, 2, 67, 26, 67, 67, 2, 82, 2, 2, 67, 76, 49, 59, 2, 2, 59, 5, 26, 49, 59, 12, 2, 59, 59, 37, 12, 37, 12, 12, 12, 67, 2, 67, 67, 12, 45, 2, 67, 67, 2, 2, 2, 2, 2, 2, 67, 27, 2, 47, 8, 2, 12, 26, 2, 2, 2, 2, 26, 2, 2, 2, 2, 2, 2, 21, 2, 2, 77, 63, 67, 67, 12, 67, 2, 2, 2, 50, 41, 2, 5, 76, 59, 59, 79, 2, 67, 2, 67, 67, 67, 67, 2, 2, 2, 53, 53, 31, 31, 5, 5, 2, 5, 82, 82, 5, 2, 2, 2, 2, 30, 59, 59, 2, 2, 2, 21, 21, 45, 21, 21, 21, 21, 21, 21, 2, 21, 8, 26, 2, 31, 31, 31, 66, 66, 31, 31, 31, 31, 31, 31, 31, 31, 53, 38, 31, 31, 2, 67, 2, 53, 53, 2, 66, 2, 85, 31, 31, 2, 31, 31, 32, 56, 56, 2, 2, 2, 2, 2, 2, 41, 2, 2, 41, 2, 41, 41, 41, 41, 2, 44, 2, 5, 5, 61, 44, 44, 44, 44, 44, 44, 5, 82, 5, 61, 61, 5, 5, 2, 2, 5, 5, 5, 5, 41, 41, 5, 5, 2, 53, 53, 53, 53, 8, 2, 26, 26, 82, 2, 2, 82, 82, 2, 2, 2, 2, 2, 2, 2, 2, 26, 2, 2, 2, 2, 2, 67, 2, 2, 60, 60, 67, 59, 59, 53, 2, 53, 2, 2, 37, 37, 49, 49, 49, 49, 49, 49, 49, 49, 2, 59, 59, 43, 43, 49, 49, 37, 37, 49, 49, 49, 2, 2, 8, 2, 13, 70, 70, 70, 70, 70, 70, 70, 70, 70, 82, 82, 70, 70, 70, 13, 70, 70, 70, 70, 67, 70, 70, 70, 70, 47, 2, 2, 2, 49, 45, 45, 21, 21, 21, 21, 2, 2, 21, 21, 2, 2, 2, 2, 21, 2, 2, 2, 47, 2, 2, 2, 2, 79, 2, 2, 31, 2, 31, 31, 2, 31, 31, 31, 31, 21, 79, 2, 21, 2, 31, 31, 31, 18, 31, 31, 31, 18, 52, 79, 2, 31, 31, 31, 31, 31, 79, 31, 31, 2, 2, 31, 31, 31, 31, 31, 31, 31, 18, 2, 31, 31, 31, 32, 31, 2, 2, 2, 41, 26, 41, 2, 41, 41, 2, 5, 41, 44, 44, 5, 5, 41, 5, 5, 5, 5, 5, 44, 44, 44, 5, 44, 44, 44, 2, 44, 44, 5, 5, 44, 5, 2, 53, 5, 5, 5, 2, 2, 5, 5, 5, 5, 5, 5, 5, 5, 5, 5, 5, 5, 5, 5, 5, 5, 5, 82, 5, 2, 5, 2, 5, 5, 5, 26, 53, 5, 5, 5, 5, 79, 79, 53, 5, 5, 5, 5, 2, 2, 5, 2, 2, 67, 2, 2, 2, 26, 2, 2, 2, 2, 2, 5, 5, 60, 2, 2, 26, 16, 2, 2, 2, 2, 67, 2, 2, 67, 2, 2, 2, 2, 59, 59, 59, 2, 49, 59, 49, 37, 47, 59, 49, 2, 49, 49, 59, 2, 49, 49, 2, 49, 79, 79, 2, 59, 59, 59, 2, 2, 5, 59, 49, 2, 67, 49, 49, 49, 59, 2, 2, 21, 2, 2, 21, 21, 21, 2, 2, 2, 2, 2, 2, 67, 2, 18, 2, 18, 2, 2, 2, 2, 5, 41, 44, 5, 2, 67, 2, 2, 2, 2, 11, 2, 2, 2, 2, 2, 2, 67, 2, 67, 2, 35, 5, 59, 35, 5, 2, 2, 40, 82, 40, 74, 2, 41, 34, 2, 34, 34, 40, 40, 59, 11, 40, 11, 67, 11, 40, 11, 11, 67, 11, 11, 11, 11, 34, 18, 11, 34, 11, 11, 11, 11, 67, 11, 40, 34, 11, 11, 11, 11, 34, 11, 34, 67, 11, 34, 34, 11, 11, 34, 11, 2, 11, 18, 11, 40, 40, 2, 67, 34, 11, 11, 25, 45, 2, 40, 11, 11, 67, 47, 34, 11, 34, 11, 45, 11, 11, 2, 11, 28, 11, 11, 2, 2, 11, 11, 11, 40, 67, 2, 11, 11, 11, 11, 11, 11, 34, 11, 11, 11, 11, 67, 11, 11, 11, 11, 11, 40, 2, 67, 40, 11, 11, 83, 2, 2, 79, 2, 40, 11, 55, 45, 18, 11, 2, 34, 11, 11, 11, 11, 2, 40, 8, 11, 34, 34, 34, 11, 34, 11, 2, 11, 11, 40, 11, 2, 79, 34, 34, 11, 11, 11, 11, 40, 40, 18, 67, 2, 11, 11, 34, 11, 11, 79, 2, 11, 11, 8, 40, 34, 11, 11, 11, 11, 11, 40, 40, 11, 34, 11, 26, 2, 11, 2, 11, 22, 34, 11, 11, 11, 13, 11, 2, 40, 40, 2, 2, 34, 34, 11, 11, 40, 34, 34, 34, 11, 2, 34, 79, 40, 11, 40, 2, 34, 11, 11, 67, 11, 40, 82, 11, 2, 11, 11, 40, 40, 2, 34, 11, 34, 11, 67, 40, 74, 11, 11, 11, 11, 18, 18, 34, 67, 40, 67, 34, 11, 34, 11, 40, 40, 2, 67, 11, 11, 11, 40, 11, 2, 11, 34, 2, 40, 40, 11, 11, 34, 34, 11, 2, 2, 11, 34, 40, 11, 40, 2, 41, 34, 11, 34, 11, 2, 11, 62, 41, 11, 34, 40, 11, 34, 5, 34, 2, 11, 40, 40, 11, 67, 11, 34, 11, 34, 2, 11, 9, 67, 11, 11, 34, 11, 34, 34, 34, 2, 34, 34, 34, 40, 2, 11, 40, 11, 18, 11, 11, 40, 34, 11, 67, 34, 34, 11, 34, 40, 67, 40, 34, 11, 11, 40, 11, 40, 34, 40, 11, 11, 40, 34, 2, 2, 67, 11, 11, 11, 34, 34, 34, 40, 40, 34, 40, 34, 1, 34, 67, 40, 34, 34, 18, 40, 40, 40, 67, 34, 11, 40, 83, 40, 40, 40, 34, 40, 11, 40, 49, 34, 59, 34, 59, 62, 34, 40, 11, 11, 11, 67, 40, 59, 80, 11, 11, 40, 2, 40, 11, 11, 40, 67, 67, 11, 40, 11, 40, 40, 40, 11, 11, 40, 11, 2, 67, 67, 67, 67, 67, 2, 67, 67, 67, 67, 67, 67, 67, 2, 2, 67, 67, 2, 82, 67, 2, 67, 41, 67, 67, 49, 13, 67, 67, 67, 2, 2, 2, 2, 59, 71, 59, 4, 59, 2, 49, 49, 49, 49, 82, 2, 2, 31, 2, 2, 5, 2, 2, 2, 2, 2, 37, 2, 67, 2, 2, 2, 2, 2, 31, 2, 2, 31, 37, 82, 2, 41, 31, 2, 5, 2, 44, 2, 2, 41, 67, 8, 41, 2, 2, 82, 2, 3, 41, 82, 2, 2, 5, 2, 2, 31, 82, 2, 21, 2, 2, 2, 2, 18, 5, 21, 2, 41, 2, 31, 2, 2, 67, 2, 2, 31, 82, 2, 37, 8, 78, 45, 2, 5, 2, 2, 2, 67, 2, 49, 2, 31, 83, 0, 2, 8, 82, 67, 2, 31, 2, 2, 2, 61, 2, 37, 2, 2, 2, 2, 21, 2, 57, 49, 2, 2, 5, 2, 2, 2, 2, 2, 2, 2, 2, 2, 26, 67, 26, 2, 22, 2, 76, 2, 18, 47, 2, 26, 2, 2, 2, 2, 2, 2, 67, 67, 83, 2, 2, 2, 8, 67, 2, 2, 71, 67, 49, 2, 49, 5, 59, 2, 37, 49, 37, 49, 2, 59, 2, 2, 2, 82, 2, 2, 2, 2, 2, 53, 2, 2, 2, 5, 2, 2, 67, 67, 2, 5, 2, 5, 2, 2, 67, 67, 2, 67, 5, 2, 2, 2, 2, 67, 67, 67, 2, 5, 2, 44, 67, 67, 2, 67, 67, 5, 41, 41, 41, 2, 2, 2, 41, 2, 67, 2, 47, 82, 2, 67, 0, 61, 67, 67, 67, 67, 2, 2, 2, 2, 42, 2, 2, 61, 67, 2, 67, 2, 82, 2, 2, 2, 82, 2, 2, 79, 18, 41, 2, 2, 2, 67, 82, 82, 82, 2, 31, 2, 67, 18, 67, 82, 2, 2, 2, 31, 2, 2, 2, 31, 2, 2, 2, 2, 22, 2, 31, 67, 31, 2, 31, 2, 67, 2, 2, 2, 31, 21, 26, 2, 21, 2, 31, 2, 2, 31, 31, 31, 31, 67, 67, 47, 2, 67, 2, 67, 2, 67, 67, 67, 2, 67, 2, 2, 83, 2, 2, 47, 2, 2, 83, 47, 3, 2, 2, 47, 8, 8, 67, 67, 8, 83, 2, 2, 67, 8, 8, 67, 2, 2, 8, 2, 2, 2, 2, 8, 2, 67, 67, 26, 79, 2, 2, 2, 2, 2, 67, 2, 67, 2, 2, 26, 2, 67, 67, 21, 2, 2, 2, 2, 67, 2, 2, 2, 2, 2, 26, 2, 2, 2, 2, 2, 2, 45, 2, 2, 26, 2, 47, 2, 31, 2, 2, 2, 2, 67, 2, 8, 5, 67, 67, 67, 47, 67, 2, 79, 67, 67, 53, 8, 2, 83, 67, 67, 67, 47, 2, 2, 67, 21, 2, 2, 2, 67, 57, 2, 67, 67, 67, 2, 2, 45, 2, 21, 84, 4, 67, 2, 67, 2, 59, 2, 37, 78, 59, 59, 2, 6, 59, 37, 2, 66, 2, 49, 2, 59, 2, 2, 2, 67, 2, 41, 54, 49, 2, 2, 66, 2, 82, 2, 37, 2, 44, 5, 2, 47, 2, 31, 2, 2, 2, 67, 2, 44, 59, 31, 37, 59, 2, 2, 44, 21, 82, 2, 2, 5, 2, 67, 53, 2, 2, 2, 2, 2, 8, 69, 59, 79, 2, 2, 59, 2, 2, 2, 2, 5, 31, 59, 2, 2, 41, 2, 37, 2, 67, 2, 2, 2, 2, 82, 2, 67, 5, 2, 8, 2, 2, 31, 49, 49, 8, 2, 5, 2, 83, 67, 83, 59, 59, 67, 2, 59, 26, 42, 2, 2, 49, 2, 2, 2, 2, 2, 2, 2, 82, 47, 21, 2, 2, 2, 47, 2, 2, 2, 66, 2, 67, 2, 2, 67, 2, 2, 2, 8, 2, 2, 2, 2, 41, 2, 2, 31, 2, 2, 67, 2, 2, 2, 2, 47, 2, 2, 67, 21, 67, 2, 2, 76, 2, 2, 26, 2, 2, 83, 2, 2, 2, 67, 2, 2, 2, 67, 2, 2, 2, 45, 2, 67, 2, 2, 67, 2, 2, 45, 2, 47, 2, 2, 2, 2, 2, 2, 2, 2, 83, 2, 2, 2, 2, 2, 2, 2, 2, 2, 2, 66, 67, 83, 26, 2, 2, 2, 2, 2, 2, 2, 2, 2, 13, 7, 2, 59, 2, 2, 2, 15, 26, 2, 59, 2, 67, 2, 2, 67, 2, 2, 67, 67, 83, 7, 45, 2, 83, 2, 67, 83, 45, 67, 83, 2, 2, 45, 83, 83, 67, 2, 2, 2, 2, 2, 83, 2, 2, 83, 2, 67, 26, 2, 67, 79, 67, 2, 67, 2, 2, 67, 7, 2, 67, 67, 79, 79, 7, 7, 18, 7, 79, 7, 7, 7, 17, 31, 31, 26, 7, 7, 7, 7, 47, 79, 79, 7, 7, 7, 7, 67, 7, 2, 79, 79, 7, 67, 7, 45, 7, 2, 67, 67, 67, 67, 67, 67, 31, 67, 67, 67, 67, 67, 75, 67, 31, 67, 5, 26, 67, 67, 67, 8, 2, 2, 83, 26, 67, 67, 68, 31, 67, 67, 67, 67, 2, 2, 26, 2, 53, 67,