{"Run": 6, "K": 659, "WCSSD": 1939.232655608952, "Purity": 0.4646276523524557, "Time": 31.96881103515625, "Kmeans_Labels": [149, 339, 12, 95, 12, 602, 339, 240, 339, 335, 602, 247, 52, 52, 307, 307, 332, 128, 196, 177, 12, 12, 143, 52, 475, 128, 12, 128, 222, 12, 475, 12, 222, 553, 525, 12, 495, 495, 258, 495, 489, 475, 27, 202, 495, 657, 475, 247, 602, 192, 348, 525, 525, 13, 17, 113, 196, 339, 95, 95, 196, 128, 12, 477, 113, 339, 475, 339, 495, 113, 475, 12, 9, 76, 53, 602, 149, 12, 83, 12, 12, 12, 9, 128, 170, 419, 76, 127, 12, 12, 190, 307, 476, 12, 651, 296, 602, 397, 170, 12, 170, 53, 12, 392, 429, 153, 96, 429, 122, 98, 160, 184, 396, 475, 149, 53, 444, 12, 635, 77, 352, 602, 407, 95, 12, 79, 471, 95, 73, 13, 29, 29, 235, 276, 190, 222, 555, 12, 12, 635, 311, 95, 95, 222, 29, 510, 307, 12, 196, 95, 29, 67, 76, 504, 602, 29, 12, 12, 95, 12, 12, 117, 29, 12, 12, 215, 76, 303, 216, 76, 203, 235, 12, 525, 29, 196, 477, 167, 302, 12, 348, 635, 215, 215, 29, 582, 29, 322, 398, 12, 12, 311, 438, 29, 190, 562, 12, 332, 12, 308, 170, 235, 235, 477, 168, 102, 29, 170, 76, 168, 235, 332, 170, 170, 102, 341, 433, 12, 258, 311, 170, 53, 612, 258, 226, 29, 12, 258, 525, 235, 12, 12, 170, 12, 170, 12, 12, 222, 297, 12, 29, 12, 311, 189, 525, 170, 189, 12, 332, 29, 296, 296, 12, 57, 276, 235, 196, 23, 29, 12, 436, 12, 258, 12, 429, 12, 332, 429, 247, 477, 235, 296, 212, 562, 296, 445, 196, 445, 563, 429, 29, 149, 149, 12, 235, 296, 477, 429, 331, 543, 29, 296, 12, 296, 12, 296, 12, 296, 429, 16, 12, 296, 12, 13, 58, 296, 296, 296, 296, 396, 311, 149, 598, 444, 308, 437, 80, 396, 296, 259, 396, 396, 525, 396, 604, 258, 12, 149, 311, 189, 107, 599, 599, 149, 525, 12, 29, 34, 235, 29, 12, 47, 108, 332, 29, 635, 12, 29, 247, 80, 108, 348, 525, 12, 12, 149, 47, 216, 227, 628, 315, 47, 259, 137, 12, 432, 578, 315, 29, 12, 315, 315, 291, 29, 20, 29, 29, 29, 502, 412, 502, 80, 165, 12, 12, 525, 525, 128, 95, 602, 83, 635, 235, 212, 27, 475, 477, 31, 12, 202, 311, 447, 95, 235, 348, 311, 196, 12, 95, 12, 12, 12, 113, 567, 339, 307, 296, 332, 76, 29, 76, 12, 76, 626, 202, 616, 626, 396, 227, 315, 315, 27, 381, 70, 12, 196, 196, 222, 222, 12, 95, 626, 67, 67, 12, 12, 181, 181, 431, 396, 258, 258, 47, 202, 196, 47, 47, 626, 137, 137, 80, 80, 431, 113, 113, 222, 27, 27, 95, 113, 113, 113, 583, 147, 31, 311, 12, 9, 476, 476, 170, 170, 12, 574, 574, 12, 12, 384, 384, 384, 67, 431, 431, 431, 431, 193, 339, 446, 446, 339, 170, 87, 584, 486, 486, 626, 342, 12, 360, 12, 12, 173, 431, 431, 12, 12, 32, 66, 169, 95, 429, 332, 429, 429, 429, 429, 332, 9, 431, 396, 396, 296, 371, 371, 12, 12, 595, 595, 26, 258, 396, 296, 296, 396, 396, 12, 12, 396, 396, 148, 148, 189, 189, 396, 396, 196, 171, 171, 488, 488, 31, 431, 268, 268, 258, 13, 13, 10, 10, 10, 10, 47, 47, 332, 12, 121, 121, 311, 431, 108, 108, 108, 108, 334, 431, 431, 47, 47, 543, 59, 59, 67, 307, 67, 182, 182, 224, 224, 163, 163, 586, 586, 137, 137, 137, 137, 12, 315, 315, 291, 291, 291, 291, 291, 166, 262, 262, 163, 431, 190, 31, 12, 76, 531, 28, 28, 28, 28, 28, 28, 28, 28, 277, 258, 28, 28, 28, 495, 439, 572, 28, 28, 431, 572, 28, 411, 28, 301, 225, 202, 46, 304, 27, 27, 203, 203, 113, 113, 602, 422, 113, 113, 602, 626, 339, 626, 147, 332, 95, 99, 477, 95, 454, 307, 602, 27, 517, 406, 95, 203, 393, 393, 12, 89, 89, 12, 190, 476, 203, 12, 456, 12, 12, 12, 456, 127, 384, 287, 287, 202, 12, 118, 591, 384, 314, 189, 314, 12, 118, 178, 12, 192, 12, 269, 178, 269, 12, 486, 314, 314, 127, 307, 486, 486, 192, 360, 590, 9, 12, 12, 429, 311, 429, 12, 429, 429, 431, 370, 429, 55, 55, 396, 296, 429, 396, 154, 154, 396, 396, 12, 9, 149, 356, 184, 184, 429, 247, 396, 9, 149, 396, 149, 396, 12, 552, 396, 396, 396, 577, 12, 396, 396, 396, 396, 148, 148, 160, 148, 396, 247, 396, 396, 396, 396, 396, 247, 347, 217, 396, 64, 396, 532, 189, 347, 347, 264, 452, 264, 264, 264, 264, 13, 13, 452, 571, 571, 396, 638, 128, 128, 638, 252, 47, 226, 47, 121, 13, 311, 507, 47, 47, 12, 12, 470, 470, 121, 189, 219, 149, 158, 12, 80, 12, 12, 47, 47, 47, 47, 13, 13, 565, 565, 315, 315, 315, 47, 163, 315, 315, 224, 205, 648, 13, 203, 137, 586, 648, 13, 586, 586, 431, 137, 372, 372, 13, 479, 315, 479, 13, 307, 196, 315, 291, 80, 53, 72, 313, 357, 315, 222, 247, 113, 633, 234, 113, 222, 629, 196, 12, 12, 602, 12, 307, 626, 332, 127, 626, 127, 194, 126, 203, 12, 12, 429, 396, 247, 250, 481, 223, 203, 203, 203, 306, 76, 95, 24, 12, 203, 12, 216, 128, 525, 12, 149, 396, 315, 149, 396, 573, 602, 645, 542, 592, 449, 12, 429, 449, 36, 45, 68, 559, 559, 315, 306, 559, 101, 626, 306, 306, 306, 101, 120, 306, 306, 101, 306, 449, 440, 197, 449, 306, 116, 306, 151, 151, 306, 559, 449, 306, 306, 306, 306, 449, 157, 151, 151, 306, 449, 449, 390, 391, 449, 101, 259, 101, 385, 306, 559, 559, 573, 73, 449, 101, 306, 259, 349, 12, 559, 101, 306, 481, 477, 449, 306, 449, 306, 642, 78, 306, 213, 101, 306, 116, 306, 573, 12, 306, 511, 14, 559, 525, 243, 475, 306, 101, 306, 101, 306, 449, 101, 101, 101, 306, 226, 601, 306, 16, 306, 309, 82, 339, 87, 559, 306, 306, 109, 144, 12, 167, 12, 559, 101, 559, 27, 449, 101, 537, 449, 116, 306, 306, 101, 128, 559, 31, 306, 449, 449, 449, 306, 449, 306, 438, 427, 306, 559, 145, 12, 27, 449, 449, 116, 434, 116, 306, 559, 111, 385, 47, 626, 306, 101, 449, 101, 415, 305, 602, 306, 306, 31, 323, 220, 547, 116, 306, 306, 306, 237, 559, 395, 48, 306, 273, 12, 306, 101, 306, 48, 449, 101, 101, 497, 475, 306, 320, 559, 559, 12, 327, 449, 449, 556, 116, 129, 179, 449, 449, 306, 164, 449, 37, 645, 513, 559, 144, 449, 306, 306, 500, 306, 559, 542, 8, 12, 284, 306, 592, 559, 348, 449, 101, 449, 226, 635, 180, 449, 151, 101, 306, 306, 438, 656, 48, 242, 559, 87, 449, 353, 101, 101, 559, 11, 126, 261, 306, 16, 306, 329, 306, 12, 101, 449, 12, 559, 559, 306, 306, 449, 449, 377, 190, 188, 256, 449, 550, 306, 559, 12, 429, 449, 434, 449, 306, 635, 306, 348, 327, 101, 449, 559, 306, 449, 149, 281, 203, 306, 559, 559, 306, 281, 333, 449, 306, 449, 12, 506, 273, 234, 306, 526, 449, 306, 449, 449, 449, 36, 449, 449, 449, 175, 80, 281, 559, 216, 127, 101, 640, 559, 45, 101, 348, 449, 449, 655, 449, 559, 80, 248, 449, 306, 116, 101, 306, 559, 138, 101, 306, 175, 458, 449, 12, 222, 222, 306, 101, 306, 515, 138, 449, 416, 559, 449, 559, 529, 306, 241, 234, 559, 68, 449, 12, 646, 559, 559, 281, 449, 306, 559, 109, 559, 559, 559, 550, 559, 558, 559, 137, 449, 315, 449, 482, 348, 449, 559, 116, 116, 306, 568, 142, 479, 637, 281, 306, 559, 13, 518, 101, 306, 559, 635, 226, 306, 559, 306, 101, 559, 600, 101, 636, 559, 306, 222, 618, 525, 348, 619, 525, 12, 525, 525, 525, 525, 481, 438, 525, 536, 95, 73, 525, 231, 258, 525, 12, 0, 95, 525, 525, 137, 76, 226, 226, 226, 12, 12, 12, 431, 533, 483, 315, 25, 315, 259, 13, 400, 291, 137, 12, 202, 339, 12, 389, 219, 264, 47, 97, 12, 47, 431, 291, 126, 428, 95, 643, 149, 2, 12, 12, 317, 13, 560, 20, 292, 12, 429, 12, 626, 396, 95, 595, 484, 76, 429, 602, 31, 66, 190, 626, 258, 626, 311, 208, 367, 408, 514, 148, 128, 250, 89, 603, 626, 476, 57, 95, 343, 105, 127, 189, 476, 12, 429, 489, 9, 339, 222, 106, 190, 512, 12, 258, 12, 291, 554, 114, 27, 12, 71, 431, 56, 12, 627, 47, 357, 602, 12, 109, 477, 431, 31, 4, 0, 12, 561, 190, 202, 12, 626, 140, 614, 478, 12, 12, 348, 113, 12, 635, 163, 630, 149, 396, 156, 12, 253, 196, 431, 125, 472, 190, 128, 311, 348, 311, 626, 67, 149, 227, 12, 388, 477, 239, 311, 13, 203, 431, 453, 13, 541, 276, 348, 109, 12, 12, 12, 31, 525, 626, 12, 483, 259, 357, 13, 291, 647, 315, 431, 20, 13, 291, 163, 431, 315, 47, 505, 484, 12, 12, 13, 47, 389, 219, 67, 12, 149, 626, 264, 317, 149, 276, 242, 202, 396, 343, 396, 431, 202, 226, 126, 630, 361, 148, 250, 187, 76, 317, 431, 361, 618, 12, 396, 2, 595, 348, 196, 105, 361, 54, 396, 429, 208, 429, 12, 12, 348, 66, 97, 361, 343, 477, 367, 177, 602, 477, 296, 83, 581, 481, 626, 190, 505, 348, 126, 226, 12, 348, 626, 348, 12, 525, 196, 258, 57, 402, 189, 258, 274, 12, 167, 388, 429, 626, 12, 202, 106, 4, 258, 292, 47, 12, 626, 80, 127, 626, 603, 12, 453, 626, 