{"Run": 10, "K": 85, "WCSSD": 2707.0484861038935, "Purity": 0.4005153163469797, "Time": 2.2350881099700928, "Kmeans_Labels": [8, 16, 8, 8, 8, 8, 16, 44, 16, 8, 8, 19, 8, 78, 8, 65, 66, 8, 8, 8, 8, 8, 78, 8, 78, 8, 8, 40, 8, 26, 8, 8, 8, 66, 8, 8, 19, 8, 19, 78, 8, 3, 83, 8, 2, 8, 8, 8, 8, 8, 45, 78, 78, 8, 8, 80, 8, 16, 8, 8, 8, 8, 8, 83, 80, 16, 16, 16, 8, 80, 16, 8, 8, 8, 31, 8, 8, 8, 66, 8, 8, 8, 8, 8, 44, 8, 78, 9, 8, 8, 8, 8, 80, 8, 8, 8, 8, 8, 44, 8, 44, 31, 8, 3, 8, 3, 3, 3, 8, 31, 2, 2, 2, 8, 8, 31, 78, 8, 8, 79, 8, 32, 79, 8, 8, 79, 8, 8, 14, 8, 79, 79, 8, 8, 8, 8, 8, 8, 8, 8, 40, 8, 8, 40, 79, 79, 8, 8, 8, 8, 79, 22, 8, 8, 8, 79, 8, 8, 8, 8, 8, 79, 79, 8, 8, 79, 78, 78, 56, 8, 66, 8, 8, 78, 79, 8, 24, 78, 79, 8, 45, 8, 8, 8, 62, 69, 79, 8, 8, 78, 8, 40, 30, 79, 8, 8, 8, 78, 8, 8, 44, 8, 66, 24, 79, 44, 79, 44, 8, 8, 8, 8, 44, 44, 44, 79, 79, 8, 19, 40, 44, 8, 8, 19, 8, 79, 8, 19, 78, 79, 8, 8, 44, 8, 44, 8, 8, 8, 8, 78, 79, 8, 40, 44, 78, 44, 78, 8, 78, 79, 3, 3, 8, 79, 78, 8, 79, 8, 79, 8, 8, 8, 19, 8, 79, 8, 78, 3, 78, 24, 8, 3, 78, 8, 3, 8, 78, 8, 79, 79, 79, 3, 8, 8, 8, 3, 24, 3, 8, 14, 79, 3, 8, 3, 3, 3, 3, 3, 8, 78, 8, 3, 3, 3, 3, 3, 3, 3, 8, 2, 40, 8, 3, 3, 8, 8, 66, 2, 2, 8, 2, 2, 78, 2, 24, 19, 8, 38, 40, 8, 8, 79, 79, 8, 78, 8, 79, 8, 8, 79, 8, 8, 44, 78, 79, 78, 78, 79, 8, 78, 40, 78, 78, 8, 19, 8, 8, 78, 43, 72, 84, 8, 8, 84, 8, 40, 75, 84, 79, 8, 84, 18, 18, 79, 18, 79, 79, 79, 8, 66, 78, 78, 79, 66, 8, 78, 78, 8, 8, 8, 8, 8, 66, 78, 83, 8, 24, 38, 8, 79, 40, 8, 8, 8, 78, 40, 79, 8, 8, 8, 8, 8, 80, 8, 16, 8, 3, 78, 8, 79, 78, 8, 8, 8, 8, 3, 8, 2, 43, 84, 84, 83, 8, 78, 8, 78, 78, 78, 78, 78, 8, 8, 22, 22, 8, 8, 33, 33, 8, 2, 19, 19, 2, 78, 78, 8, 8, 78, 84, 84, 8, 8, 8, 80, 80, 8, 83, 83, 80, 80, 80, 80, 8, 80, 38, 40, 8, 8, 8, 8, 44, 44, 8, 8, 8, 8, 8, 8, 8, 8, 22, 8, 8, 8, 8, 78, 8, 22, 22, 8, 44, 8, 67, 8, 8, 8, 8, 8, 8, 8, 8, 8, 8, 8, 8, 8, 8, 3, 8, 8, 3, 8, 8, 3, 3, 8, 8, 8, 8, 2, 2, 3, 2, 2, 3, 3, 2, 2, 2, 19, 2, 3, 3, 2, 2, 8, 8, 54, 54, 74, 74, 8, 8, 2, 2, 8, 22, 22, 22, 22, 38, 8, 40, 40, 19, 8, 8, 19, 19, 8, 8, 8, 8, 8, 8, 8, 8, 40, 8, 8, 8, 8, 8, 78, 78, 8, 8, 8, 8, 84, 84, 22, 8, 22, 8, 8, 18, 18, 72, 72, 72, 72, 72, 72, 72, 72, 8, 84, 84, 72, 72, 72, 72, 18, 18, 84, 84, 72, 78, 8, 38, 8, 78, 78, 78, 78, 78, 78, 19, 78, 78, 78, 19, 19, 78, 78, 19, 78, 78, 78, 78, 78, 78, 78, 78, 78, 78, 24, 8, 8, 8, 72, 83, 83, 80, 80, 80, 80, 78, 8, 80, 80, 78, 8, 8, 8, 80, 8, 48, 8, 24, 8, 8, 10, 8, 83, 8, 8, 8, 66, 8, 8, 8, 8, 8, 8, 8, 80, 66, 8, 80, 8, 8, 8, 8, 9, 8, 8, 8, 9, 8, 83, 8, 8, 8, 8, 8, 8, 83, 8, 8, 8, 8, 8, 8, 8, 8, 8, 8, 8, 9, 8, 8, 8, 8, 8, 8, 8, 8, 8, 3, 40, 8, 8, 3, 3, 8, 2, 8, 3, 3, 2, 2, 3, 2, 2, 2, 2, 2, 3, 2, 8, 2, 2, 2, 2, 8, 2, 2, 2, 2, 2, 2, 53, 22, 37, 2, 2, 8, 8, 2, 2, 2, 2, 2, 2, 2, 2, 2, 2, 2, 2, 2, 2, 2, 2, 2, 19, 2, 8, 2, 8, 2, 2, 2, 40, 22, 2, 2, 2, 8, 8, 8, 22, 2, 2, 2, 2, 8, 8, 2, 8, 8, 78, 8, 8, 8, 40, 8, 8, 8, 8, 8, 2, 2, 8, 8, 8, 40, 8, 8, 8, 8, 8, 8, 8, 8, 78, 8, 8, 8, 8, 84, 84, 84, 8, 72, 84, 84, 18, 24, 84, 72, 66, 72, 72, 84, 8, 72, 72, 78, 72, 8, 8, 18, 84, 84, 18, 8, 8, 2, 84, 72, 8, 31, 8, 8, 72, 84, 8, 8, 80, 66, 8, 80, 80, 80, 8, 8, 8, 8, 8, 8, 8, 8, 9, 8, 9, 8, 8, 66, 8, 2, 3, 2, 2, 8, 78, 8, 66, 66, 66, 25, 8, 8, 8, 8, 66, 8, 78, 66, 78, 8, 2, 2, 84, 2, 2, 8, 8, 25, 8, 25, 17, 8, 8, 17, 8, 17, 17, 25, 25, 84, 25, 25, 25, 78, 25, 25, 25, 25, 78, 25, 25, 25, 25, 17, 78, 25, 17, 25, 25, 25, 25, 78, 25, 25, 17, 25, 25, 25, 25, 17, 25, 78, 78, 25, 17, 17, 25, 25, 17, 25, 8, 25, 58, 25, 25, 25, 8, 14, 17, 25, 25, 8, 8, 8, 25, 25, 25, 78, 24, 17, 25, 17, 25, 8, 25, 25, 8, 25, 25, 25, 25, 8, 8, 25, 25, 25, 25, 78, 8, 25, 25, 25, 25, 25, 25, 17, 25, 25, 25, 25, 78, 25, 25, 25, 25, 25, 25, 16, 8, 25, 25, 25, 8, 8, 8, 83, 8, 25, 25, 25, 83, 17, 25, 8, 17, 25, 25, 25, 25, 8, 25, 38, 25, 17, 68, 17, 25, 17, 25, 30, 25, 25, 25, 25, 8, 47, 17, 17, 25, 25, 30, 25, 25, 25, 58, 78, 8, 25, 25, 17, 25, 25, 78, 8, 25, 25, 38, 25, 17, 25, 30, 25, 25, 25, 25, 25, 25, 17, 25, 40, 8, 25, 8, 25, 22, 17, 25, 25, 25, 25, 25, 64, 25, 25, 8, 8, 17, 17, 25, 25, 25, 17, 17, 17, 25, 8, 17, 78, 25, 25, 25, 8, 17, 25, 25, 69, 25, 25, 8, 25, 8, 25, 25, 25, 25, 8, 17, 25, 17, 25, 78, 25, 17, 25, 25, 25, 25, 30, 9, 17, 78, 25, 8, 17, 25, 25, 25, 25, 25, 8, 78, 25, 25, 25, 41, 25, 8, 25, 17, 8, 25, 25, 25, 25, 17, 17, 25, 8, 8, 42, 17, 25, 25, 25, 8, 3, 17, 25, 17, 25, 8, 25, 78, 25, 25, 17, 25, 82, 17, 2, 17, 66, 25, 25, 25, 25, 78, 25, 17, 25, 17, 8, 25, 78, 78, 25, 25, 17, 25, 17, 17, 17, 8, 17, 17, 17, 25, 8, 25, 25, 30, 9, 25, 61, 25, 17, 25, 78, 17, 17, 25, 17, 25, 78, 25, 17, 25, 25, 25, 25, 25, 17, 25, 25, 25, 25, 17, 8, 8, 78, 25, 25, 25, 17, 17, 17, 25, 25, 17, 25, 17, 25, 17, 78, 25, 17, 17, 9, 25, 25, 25, 78, 17, 25, 25, 8, 25, 25, 84, 17, 25, 25, 25, 72, 17, 84, 17, 84, 78, 17, 25, 25, 25, 25, 78, 25, 84, 25, 25, 25, 25, 18, 25, 25, 25, 25, 78, 78, 25, 25, 25, 25, 25, 25, 25, 25, 25, 25, 8, 4, 78, 78, 78, 78, 8, 78, 78, 78, 78, 78, 30, 78, 8, 8, 14, 78, 8, 19, 78, 8, 66, 8, 78, 78, 72, 15, 78, 78, 78, 8, 8, 43, 8, 18, 8, 35, 27, 84, 13, 18, 84, 18, 72, 19, 8, 16, 8, 8, 8, 2, 8, 3, 8, 34, 78, 18, 8, 78, 8, 8, 8, 8, 8, 8, 8, 8, 8, 18, 19, 8, 3, 8, 8, 2, 8, 2, 66, 8, 3, 8, 38, 8, 8, 8, 19, 8, 40, 3, 19, 8, 8, 74, 8, 8, 8, 19, 8, 80, 8, 8, 78, 8, 9, 2, 80, 8, 8, 8, 8, 16, 8, 78, 8, 8, 8, 19, 8, 18, 38, 80, 83, 8, 2, 8, 8, 8, 78, 8, 72, 8, 8, 8, 24, 8, 38, 19, 62, 8, 8, 8, 8, 8, 3, 8, 72, 8, 8, 8, 8, 80, 8, 8, 72, 8, 8, 2, 8, 8, 66, 8, 8, 8, 8, 8, 8, 40, 78, 40, 8, 22, 8, 43, 8, 9, 8, 16, 40, 18, 66, 8, 8, 8, 8, 78, 78, 8, 8, 8, 8, 38, 78, 8, 8, 8, 78, 72, 18, 18, 2, 84, 8, 18, 18, 18, 72, 78, 35, 8, 8, 66, 19, 78, 8, 34, 8, 8, 22, 8, 8, 8, 2, 8, 8, 78, 78, 78, 2, 78, 2, 78, 8, 78, 78, 8, 78, 74, 8, 8, 8, 8, 78, 78, 4, 8, 2, 8, 2, 78, 78, 8, 78, 78, 2, 8, 3, 3, 8, 8, 8, 8, 3, 78, 78, 24, 19, 78, 78, 24, 3, 78, 78, 78, 78, 8, 8, 78, 8, 4, 78, 8, 3, 78, 8, 78, 8, 19, 8, 78, 78, 19, 8, 8, 78, 9, 3, 8, 8, 8, 78, 19, 19, 19, 8, 8, 8, 78, 9, 78, 19, 8, 8, 8, 8, 8, 8, 8, 8, 8, 8, 66, 8, 22, 8, 8, 78, 8, 8, 8, 8, 78, 8, 8, 8, 8, 80, 40, 8, 80, 8, 8, 8, 8, 8, 8, 8, 8, 78, 78, 8, 8, 78, 8, 78, 78, 78, 78, 78, 8, 78, 8, 8, 8, 8, 8, 24, 8, 8, 8, 24, 40, 66, 8, 8, 38, 38, 78, 16, 38, 8, 8, 8, 78, 38, 38, 78, 8, 8, 38, 16, 8, 8, 8, 38, 8, 78, 78, 40, 83, 8, 8, 8, 8, 16, 78, 8, 78, 8, 8, 40, 8, 78, 78, 80, 8, 8, 8, 8, 78, 8, 8, 8, 8, 8, 40, 8, 8, 8, 66, 8, 8, 83, 8, 8, 40, 8, 24, 8, 8, 8, 8, 8, 8, 78, 78, 38, 2, 78, 78, 78, 66, 78, 8, 83, 78, 78, 22, 38, 8, 8, 78, 78, 78, 83, 8, 8, 78, 80, 78, 8, 8, 78, 78, 78, 78, 8, 78, 8, 8, 83, 8, 80, 8, 27, 78, 8, 78, 8, 18, 8, 72, 80, 70, 84, 36, 43, 84, 18, 73, 44, 36, 81, 36, 84, 8, 36, 36, 31, 31, 3, 8, 18, 8, 36, 44, 36, 19, 8, 18, 66, 36, 2, 36, 24, 73, 36, 55, 8, 36, 78, 8, 2, 84, 8, 18, 84, 36, 36, 2, 80, 19, 36, 8, 2, 36, 13, 22, 36, 8, 36, 36, 36, 38, 8, 84, 36, 36, 36, 84, 8, 8, 36, 36, 8, 36, 84, 8, 12, 36, 36, 18, 36, 78, 36, 36, 36, 36, 36, 36, 36, 3, 36, 36, 36, 43, 8, 72, 72, 38, 36, 2, 36, 36, 78, 36, 36, 84, 8, 36, 84, 40, 36, 36, 36, 72, 36, 36, 36, 36, 36, 36, 36, 19, 36, 80, 36, 31, 36, 36, 36, 39, 36, 44, 16, 36, 59, 43, 36, 36, 36, 36, 36, 36, 36, 36, 36, 8, 36, 36, 20, 36, 36, 78, 36, 36, 36, 36, 24, 36, 8, 78, 80, 78, 11, 36, 43, 36, 36, 36, 36, 36, 36, 36, 31, 36, 36, 36, 50, 36, 4, 36, 36, 8, 83, 36, 78, 36, 36, 78, 36, 36, 83, 36, 36, 36, 36, 36, 36, 36, 36, 36, 36, 36, 36, 36, 36, 36, 36, 36, 36, 36, 36, 36, 44, 78, 36, 36, 36, 16, 36, 36, 36, 36, 78, 8, 8, 8, 7, 66, 84, 8, 8, 8, 66, 40, 8, 84, 8, 78, 8, 8, 78, 8, 8, 78, 78, 8, 7, 83, 78, 8, 8, 3, 78, 8, 78, 78, 8, 78, 24, 8, 78, 78, 66, 8, 8, 8, 8, 8, 8, 8, 16, 8, 78, 40, 8, 78, 78, 8, 66, 78, 8, 8, 8, 7, 8, 78, 78, 78, 78, 7, 7, 9, 7, 78, 7, 7, 7, 21, 8, 8, 40, 7, 7, 7, 7, 24, 78, 78, 7, 7, 7, 7, 78, 7, 8, 83, 78, 7, 78, 7, 16, 5, 66, 78, 78, 8, 78, 78, 78, 8, 78, 78, 8, 78, 78, 40, 78, 8, 78, 2, 40, 78, 78, 78, 1, 8, 8, 78, 40, 78, 78, 8, 8, 78, 78, 78, 78, 8, 8, 40, 8, 22, 78, 78, 43, 40, 40, 7, 7, 8, 8, 