{"Run": 4, "K": 85, "WCSSD": 2697.477248587902, "Purity": 0.39393071858001716, "Time": 2.481718063354492, "Kmeans_Labels": [3, 62, 71, 71, 3, 3, 3, 3, 62, 3, 3, 31, 3, 62, 3, 3, 3, 62, 3, 3, 3, 3, 3, 3, 62, 3, 3, 30, 3, 3, 62, 3, 3, 62, 3, 62, 3, 3, 3, 62, 3, 3, 72, 3, 79, 45, 3, 3, 3, 3, 62, 62, 62, 31, 3, 3, 62, 3, 71, 71, 3, 3, 17, 36, 3, 83, 62, 62, 62, 3, 83, 3, 3, 62, 62, 3, 3, 3, 3, 3, 3, 62, 50, 3, 3, 3, 3, 3, 3, 3, 3, 45, 3, 3, 3, 3, 3, 3, 3, 3, 31, 62, 3, 3, 3, 3, 3, 3, 3, 62, 79, 79, 79, 3, 3, 62, 31, 3, 62, 41, 3, 3, 41, 71, 71, 41, 3, 71, 31, 3, 41, 41, 3, 3, 3, 3, 3, 3, 3, 3, 30, 71, 71, 30, 41, 41, 3, 3, 3, 71, 41, 22, 3, 3, 3, 41, 3, 3, 71, 3, 62, 8, 41, 62, 3, 41, 62, 62, 3, 3, 55, 3, 3, 62, 41, 3, 36, 14, 41, 3, 62, 62, 74, 74, 41, 3, 41, 3, 3, 31, 3, 30, 62, 41, 71, 71, 3, 31, 3, 3, 36, 4, 3, 36, 41, 3, 41, 3, 3, 3, 4, 3, 41, 3, 3, 41, 41, 3, 3, 30, 41, 3, 3, 77, 35, 41, 3, 3, 62, 41, 3, 3, 62, 3, 3, 3, 3, 3, 31, 3, 41, 31, 30, 3, 62, 3, 3, 3, 31, 41, 3, 79, 3, 41, 31, 4, 41, 3, 41, 3, 62, 3, 3, 71, 41, 3, 31, 3, 62, 36, 31, 30, 62, 3, 3, 3, 62, 3, 41, 41, 41, 3, 3, 3, 3, 3, 36, 71, 3, 31, 41, 3, 3, 79, 3, 3, 3, 30, 3, 3, 3, 3, 3, 3, 3, 79, 66, 3, 3, 79, 30, 3, 3, 3, 79, 79, 3, 79, 79, 3, 79, 79, 62, 79, 36, 3, 3, 80, 30, 79, 3, 41, 41, 3, 62, 3, 41, 3, 4, 41, 3, 3, 56, 31, 41, 62, 3, 41, 3, 45, 45, 62, 62, 45, 3, 3, 3, 3, 0, 65, 37, 3, 31, 37, 79, 30, 32, 37, 41, 49, 37, 37, 32, 41, 32, 41, 41, 41, 62, 3, 62, 62, 41, 71, 3, 62, 62, 3, 71, 62, 3, 3, 3, 62, 72, 3, 36, 80, 3, 41, 30, 3, 71, 3, 62, 30, 41, 71, 71, 3, 31, 3, 3, 3, 62, 3, 3, 31, 3, 41, 62, 71, 3, 3, 3, 3, 3, 79, 82, 37, 37, 72, 3, 3, 3, 62, 62, 31, 31, 31, 71, 3, 22, 22, 3, 3, 79, 79, 31, 79, 3, 3, 79, 45, 3, 31, 31, 31, 65, 65, 3, 3, 3, 3, 3, 62, 72, 72, 71, 64, 64, 3, 71, 3, 80, 30, 3, 3, 3, 3, 3, 3, 3, 3, 3, 3, 3, 3, 3, 3, 22, 3, 3, 3, 3, 31, 3, 22, 22, 3, 31, 3, 30, 34, 34, 3, 3, 3, 3, 71, 71, 3, 10, 10, 3, 3, 3, 3, 3, 71, 3, 3, 71, 3, 3, 71, 3, 3, 71, 79, 79, 79, 79, 79, 3, 3, 79, 79, 79, 3, 79, 79, 79, 79, 79, 31, 31, 79, 79, 79, 79, 3, 3, 79, 79, 3, 22, 22, 22, 22, 80, 3, 30, 30, 77, 3, 3, 3, 3, 3, 3, 3, 3, 3, 3, 3, 3, 30, 45, 45, 45, 45, 45, 3, 3, 45, 3, 3, 31, 65, 65, 43, 3, 43, 3, 3, 33, 33, 76, 76, 32, 32, 32, 32, 65, 65, 3, 37, 37, 32, 32, 32, 32, 32, 32, 65, 65, 37, 31, 3, 80, 3, 62, 70, 70, 70, 70, 70, 70, 70, 70, 70, 70, 3, 70, 70, 70, 62, 70, 70, 70, 70, 31, 70, 70, 70, 70, 36, 3, 3, 3, 65, 72, 72, 21, 21, 3, 3, 62, 3, 30, 30, 62, 3, 3, 3, 3, 3, 71, 62, 36, 71, 3, 3, 3, 72, 3, 3, 71, 31, 3, 3, 3, 3, 3, 3, 3, 3, 3, 3, 3, 3, 3, 3, 3, 3, 3, 3, 3, 62, 3, 72, 62, 3, 3, 3, 3, 3, 72, 3, 3, 3, 3, 3, 3, 3, 3, 34, 3, 3, 3, 3, 34, 34, 3, 3, 3, 3, 3, 3, 3, 30, 3, 3, 3, 3, 31, 79, 3, 3, 3, 79, 79, 3, 79, 79, 79, 79, 79, 3, 79, 3, 79, 79, 79, 3, 3, 79, 79, 79, 79, 79, 79, 3, 22, 79, 79, 79, 3, 3, 79, 79, 79, 79, 79, 79, 79, 79, 79, 79, 79, 79, 79, 79, 79, 79, 79, 3, 78, 3, 79, 3, 59, 79, 79, 84, 13, 63, 63, 63, 84, 3, 3, 13, 79, 79, 78, 79, 3, 3, 79, 3, 3, 3, 3, 3, 3, 30, 3, 3, 45, 45, 45, 79, 79, 3, 3, 3, 30, 3, 31, 3, 3, 3, 3, 3, 3, 3, 3, 3, 3, 3, 37, 37, 37, 3, 76, 37, 65, 32, 36, 37, 32, 3, 65, 32, 37, 3, 32, 32, 3, 65, 3, 3, 32, 37, 37, 37, 79, 3, 79, 37, 32, 3, 62, 3, 3, 65, 37, 3, 3, 3, 3, 3, 3, 3, 3, 3, 3, 3, 3, 3, 3, 3, 62, 3, 3, 3, 3, 3, 3, 3, 79, 3, 79, 3, 79, 62, 3, 3, 3, 3, 69, 3, 71, 3, 3, 3, 3, 31, 3, 62, 3, 79, 79, 37, 79, 79, 3, 3, 11, 3, 11, 75, 31, 3, 75, 3, 75, 75, 11, 11, 37, 69, 11, 69, 31, 69, 69, 69, 69, 31, 69, 69, 69, 69, 75, 31, 69, 75, 69, 69, 69, 69, 62, 69, 11, 75, 69, 69, 69, 69, 75, 69, 62, 62, 69, 75, 75, 69, 69, 75, 69, 3, 69, 11, 69, 11, 60, 3, 31, 75, 69, 69, 3, 3, 3, 11, 11, 69, 62, 36, 75, 69, 75, 69, 3, 71, 69, 3, 69, 69, 69, 69, 3, 3, 42, 39, 69, 11, 62, 3, 83, 69, 69, 69, 69, 69, 75, 69, 69, 69, 69, 62, 69, 69, 69, 69, 69, 19, 62, 27, 11, 69, 69, 83, 31, 3, 14, 3, 11, 69, 11, 72, 75, 69, 62, 75, 11, 69, 69, 69, 62, 11, 80, 69, 75, 75, 75, 69, 7, 69, 3, 69, 69, 11, 69, 3, 72, 75, 75, 11, 69, 69, 69, 11, 11, 11, 31, 3, 69, 69, 75, 69, 69, 14, 3, 9, 69, 80, 11, 75, 69, 69, 69, 69, 69, 11, 11, 69, 61, 69, 30, 3, 69, 3, 69, 22, 75, 69, 69, 69, 69, 69, 3, 11, 11, 3, 62, 75, 75, 69, 69, 11, 75, 75, 75, 69, 3, 75, 14, 11, 69, 11, 3, 75, 1, 69, 31, 69, 11, 3, 69, 3, 69, 69, 11, 11, 3, 75, 69, 75, 69, 31, 11, 75, 69, 69, 69, 69, 62, 62, 61, 62, 11, 27, 75, 69, 11, 69, 11, 11, 3, 62, 69, 69, 69, 11, 69, 31, 69, 75, 3, 11, 11, 69, 69, 75, 75, 69, 3, 3, 69, 75, 11, 69, 11, 3, 3, 75, 69, 75, 69, 3, 69, 31, 69, 69, 75, 11, 69, 75, 79, 6, 3, 69, 11, 11, 69, 6, 69, 75, 69, 75, 3, 11, 62, 62, 69, 69, 75, 69, 75, 75, 75, 3, 75, 75, 75, 11, 3, 6, 11, 69, 62, 69, 69, 11, 75, 11, 31, 75, 75, 69, 75, 11, 31, 11, 75, 69, 69, 11, 69, 11, 75, 11, 69, 69, 11, 75, 3, 3, 3, 69, 69, 69, 75, 75, 75, 11, 11, 75, 11, 75, 69, 75, 62, 11, 75, 75, 3, 11, 11, 11, 6, 75, 69, 11, 83, 11, 11, 11, 75, 11, 69, 11, 65, 75, 37, 75, 65, 31, 75, 11, 69, 69, 69, 62, 11, 12, 11, 69, 69, 11, 3, 6, 11, 69, 11, 31, 62, 69, 11, 69, 11, 11, 11, 69, 69, 11, 69, 3, 31, 62, 62, 62, 62, 3, 62, 62, 62, 62, 62, 62, 62, 3, 71, 31, 62, 3, 3, 62, 3, 28, 71, 62, 62, 65, 3, 35, 35, 35, 3, 3, 15, 3, 32, 3, 37, 15, 37, 31, 32, 65, 32, 65, 3, 3, 62, 3, 3, 3, 84, 3, 3, 24, 45, 31, 32, 3, 62, 71, 3, 79, 3, 3, 3, 3, 3, 3, 32, 3, 3, 3, 50, 3, 79, 71, 79, 3, 3, 3, 62, 80, 3, 3, 3, 31, 3, 30, 3, 3, 3, 3, 79, 3, 79, 3, 3, 3, 3, 3, 71, 62, 3, 3, 79, 3, 3, 3, 3, 3, 62, 3, 31, 3, 45, 50, 77, 3, 32, 80, 3, 72, 3, 67, 3, 3, 3, 62, 3, 65, 3, 3, 83, 36, 3, 80, 31, 28, 3, 3, 3, 3, 3, 3, 3, 32, 3, 3, 3, 3, 3, 62, 62, 76, 3, 3, 79, 3, 3, 3, 3, 3, 71, 3, 3, 3, 30, 62, 30, 3, 22, 3, 82, 3, 3, 36, 62, 30, 32, 3, 3, 3, 3, 3, 31, 31, 83, 3, 3, 3, 80, 31, 3, 3, 3, 31, 65, 32, 32, 79, 37, 3, 32, 32, 32, 76, 31, 37, 3, 3, 3, 3, 31, 3, 45, 3, 3, 22, 3, 79, 3, 84, 3, 3, 31, 31, 62, 79, 62, 79, 3, 3, 62, 62, 3, 31, 79, 79, 3, 3, 3, 31, 31, 31, 24, 79, 3, 79, 62, 62, 3, 31, 31, 79, 3, 3, 3, 3, 3, 3, 3, 3, 31, 62, 36, 3, 31, 62, 36, 3, 62, 31, 62, 31, 3, 3, 31, 3, 31, 62, 62, 3, 31, 3, 62, 3, 77, 3, 3, 31, 3, 31, 3, 14, 3, 3, 3, 3, 3, 31, 31, 31, 3, 3, 3, 3, 31, 3, 3, 3, 3, 3, 3, 3, 3, 3, 3, 3, 3, 3, 3, 3, 22, 3, 3, 31, 3, 3, 3, 3, 31, 3, 3, 3, 3, 3, 30, 4, 3, 3, 3, 3, 3, 3, 3, 50, 50, 62, 31, 36, 3, 31, 3, 31, 3, 31, 31, 3, 3, 62, 3, 3, 83, 3, 3, 36, 3, 3, 83, 36, 30, 3, 3, 71, 80, 80, 62, 31, 80, 83, 3, 3, 62, 80, 80, 31, 3, 3, 80, 62, 3, 3, 71, 80, 3, 62, 62, 30, 72, 3, 3, 3, 71, 62, 62, 3, 62, 3, 3, 30, 3, 31, 31, 3, 71, 71, 3, 3, 31, 3, 3, 3, 62, 3, 30, 3, 3, 3, 3, 71, 3, 72, 3, 62, 30, 62, 36, 3, 3, 3, 3, 3, 3, 31, 31, 80, 79, 62, 16, 31, 36, 31, 3, 72, 62, 31, 22, 80, 3, 83, 62, 31, 3, 72, 3, 3, 62, 3, 3, 3, 3, 31, 62, 14, 62, 31, 31, 3, 71, 72, 3, 3, 3, 15, 3, 3, 62, 3, 32, 3, 32, 3, 37, 37, 73, 15, 37, 33, 73, 73, 73, 32, 73, 37, 71, 73, 3, 62, 73, 3, 71, 32, 3, 73, 45, 73, 3, 30, 32, 73, 68, 79, 3, 36, 73, 73, 71, 3, 73, 62, 3, 79, 37, 3, 32, 37, 73, 73, 79, 3, 3, 73, 3, 59, 73, 31, 22, 73, 45, 73, 73, 73, 80, 79, 37, 14, 73, 73, 37, 71, 3, 73, 73, 79, 73, 37, 3, 73, 73, 73, 32, 73, 62, 73, 73, 73, 73, 73, 3, 73, 79, 73, 73, 73, 15, 3, 65, 32, 80, 73, 79, 73, 83, 62, 83, 32, 37, 62, 73, 37, 30, 73, 36, 73, 76, 73, 73, 20, 44, 73, 73, 73, 73, 73, 3, 73, 73, 73, 73, 73, 73, 73, 3, 73, 73, 73, 15, 73, 73, 73, 73, 73, 73, 73, 73, 3, 3, 71, 73, 73, 73, 73, 62, 73, 73, 26, 73, 36, 73, 3, 62, 3, 62, 3, 73, 82, 73, 73, 73, 27, 73, 73, 73, 73, 73, 73, 73, 45, 3, 31, 73, 73, 3, 72, 73, 31, 73, 73, 62, 73, 73, 58, 73, 73, 73, 73, 73, 73, 73, 73, 73, 73, 83, 71, 3, 73, 73, 73, 73, 73, 73, 3, 73, 73, 31, 83, 30, 73, 62, 73, 73, 3, 73, 14, 3, 3, 3, 5, 3, 37, 3, 3, 83, 3, 30, 3, 37, 3, 16, 3, 71, 62, 3, 3, 62, 31, 83, 5, 72, 3, 83, 3, 3, 83, 3, 31, 83, 3, 31, 36, 83, 83, 31, 81, 3, 3, 3, 62, 83, 3, 3, 83, 3, 62, 30, 3, 31, 14, 62, 3, 62, 3, 3, 2, 5, 3, 31, 27, 14, 14, 5, 5, 3, 57, 14, 5, 5, 5, 51, 3, 3, 52, 5, 5, 5, 5, 36, 14, 14, 5, 5, 5, 5, 31, 5, 3, 14, 14, 5, 62, 5, 14, 5, 3, 31, 62, 3, 62, 62, 31, 3, 62, 31, 62, 31, 62, 