{"Run": 0, "K": 356, "WCSSD": 2273.971603806862, "Purity": 0.3796775281505951, "Time": 18.54058599472046, "Kmeans_Labels": [331, 2, 2, 297, 2, 2, 2, 62, 161, 192, 2, 107, 2, 50, 2, 2, 2, 152, 2, 293, 2, 2, 42, 50, 289, 152, 2, 152, 95, 215, 246, 107, 95, 152, 130, 2, 50, 50, 50, 50, 107, 50, 197, 99, 50, 181, 289, 2, 2, 96, 2, 336, 336, 194, 331, 2, 2, 152, 297, 297, 2, 152, 2, 78, 2, 23, 50, 2, 50, 2, 152, 2, 2, 2, 138, 151, 331, 2, 148, 2, 2, 130, 348, 152, 62, 2, 149, 30, 2, 2, 2, 2, 47, 2, 2, 2, 2, 2, 62, 2, 62, 138, 2, 56, 56, 56, 56, 56, 2, 217, 204, 317, 204, 50, 331, 138, 250, 2, 250, 26, 170, 2, 26, 297, 297, 26, 122, 297, 194, 66, 26, 26, 42, 2, 2, 95, 2, 2, 2, 2, 61, 297, 297, 95, 26, 26, 2, 2, 244, 297, 26, 187, 2, 95, 2, 26, 2, 2, 297, 2, 2, 26, 26, 2, 2, 26, 100, 59, 8, 2, 148, 42, 2, 336, 26, 2, 78, 199, 26, 2, 2, 130, 2, 2, 26, 2, 26, 2, 2, 2, 2, 61, 25, 26, 297, 297, 2, 59, 2, 348, 175, 42, 57, 78, 26, 62, 26, 62, 2, 65, 42, 2, 62, 62, 62, 26, 26, 192, 2, 61, 62, 138, 2, 104, 75, 26, 2, 2, 336, 42, 2, 2, 62, 2, 328, 2, 192, 95, 2, 2, 26, 74, 61, 14, 336, 62, 14, 139, 59, 26, 348, 348, 2, 26, 130, 42, 26, 2, 26, 139, 70, 331, 104, 297, 56, 2, 59, 56, 2, 348, 42, 61, 3, 2, 2, 42, 100, 42, 26, 26, 26, 331, 331, 2, 42, 2, 78, 56, 2, 194, 26, 56, 2, 204, 2, 56, 2, 56, 204, 118, 2, 56, 2, 122, 2, 204, 56, 331, 2, 204, 347, 262, 252, 122, 348, 331, 42, 204, 204, 2, 204, 204, 336, 204, 78, 2, 2, 331, 61, 331, 95, 26, 26, 331, 336, 2, 26, 331, 112, 26, 2, 59, 181, 59, 26, 250, 2, 26, 130, 181, 201, 100, 336, 181, 2, 331, 194, 8, 304, 41, 207, 2, 165, 41, 194, 61, 82, 16, 158, 17, 16, 194, 82, 158, 82, 158, 26, 26, 42, 148, 227, 66, 26, 148, 2, 336, 336, 152, 297, 2, 2, 2, 42, 107, 197, 2, 78, 46, 2, 81, 61, 2, 297, 42, 250, 61, 26, 297, 297, 44, 130, 130, 248, 2, 130, 2, 2, 59, 2, 164, 345, 297, 2, 2, 81, 56, 2, 331, 304, 41, 16, 197, 2, 59, 2, 2, 2, 95, 95, 2, 297, 2, 187, 187, 192, 192, 204, 204, 2, 204, 2, 2, 204, 179, 2, 194, 194, 2, 41, 41, 2, 2, 2, 323, 323, 278, 197, 197, 297, 248, 248, 248, 297, 248, 46, 61, 2, 2, 90, 90, 62, 62, 2, 203, 203, 2, 2, 96, 96, 96, 187, 2, 2, 2, 130, 249, 194, 187, 187, 194, 62, 43, 61, 348, 348, 2, 210, 96, 56, 2, 2, 2, 2, 2, 2, 2, 2, 56, 117, 297, 56, 130, 56, 56, 56, 56, 130, 2, 129, 150, 150, 302, 317, 317, 2, 2, 204, 204, 204, 2, 204, 204, 204, 147, 147, 2, 2, 60, 60, 319, 319, 14, 14, 204, 60, 2, 187, 187, 187, 187, 46, 2, 61, 61, 104, 2, 2, 2, 2, 2, 2, 2, 2, 130, 2, 2, 2, 61, 181, 181, 181, 284, 284, 2, 2, 181, 2, 2, 186, 41, 41, 187, 2, 187, 59, 59, 82, 82, 178, 178, 180, 180, 41, 41, 41, 41, 124, 16, 16, 82, 82, 82, 82, 82, 82, 41, 41, 178, 2, 255, 46, 2, 2, 18, 18, 18, 18, 18, 18, 18, 18, 18, 18, 348, 18, 18, 18, 50, 18, 18, 18, 18, 336, 18, 18, 18, 18, 78, 2, 81, 202, 41, 168, 168, 148, 148, 323, 323, 59, 331, 61, 61, 59, 2, 2, 2, 248, 2, 297, 81, 78, 34, 2, 2, 2, 197, 81, 2, 348, 148, 96, 96, 2, 96, 96, 2, 2, 47, 148, 2, 96, 2, 2, 2, 96, 30, 96, 96, 96, 33, 96, 197, 2, 96, 96, 143, 96, 96, 197, 96, 226, 96, 2, 96, 96, 96, 2, 348, 96, 96, 30, 2, 348, 348, 96, 14, 96, 132, 2, 2, 56, 61, 300, 2, 56, 56, 130, 204, 300, 56, 2, 219, 204, 56, 223, 219, 204, 223, 60, 2, 317, 331, 204, 60, 317, 56, 2, 204, 317, 331, 204, 331, 204, 2, 187, 204, 146, 204, 130, 2, 204, 204, 204, 60, 60, 60, 204, 60, 204, 60, 60, 63, 60, 60, 204, 60, 160, 162, 60, 14, 204, 2, 331, 160, 160, 61, 187, 14, 14, 14, 2, 2, 2, 187, 204, 204, 60, 204, 295, 295, 204, 2, 130, 2, 130, 59, 2, 61, 59, 2, 181, 181, 181, 331, 331, 2, 14, 2, 331, 2, 186, 59, 195, 195, 2, 2, 2, 149, 2, 2, 2, 2, 16, 322, 322, 2, 45, 41, 41, 82, 78, 339, 41, 148, 41, 180, 339, 2, 180, 180, 130, 41, 256, 256, 194, 16, 16, 16, 333, 2, 204, 16, 82, 59, 138, 2, 2, 2, 16, 267, 286, 248, 2, 2, 248, 95, 248, 2, 2, 2, 2, 2, 72, 107, 2, 225, 2, 30, 130, 79, 148, 108, 204, 56, 60, 60, 204, 2, 194, 148, 148, 148, 145, 2, 297, 95, 2, 148, 2, 8, 152, 336, 130, 331, 204, 16, 331, 204, 2, 2, 85, 2, 157, 335, 2, 56, 21, 315, 21, 21, 157, 157, 16, 145, 157, 103, 107, 145, 145, 145, 145, 37, 145, 145, 145, 309, 21, 59, 89, 21, 145, 144, 145, 145, 130, 145, 55, 21, 145, 314, 145, 145, 21, 145, 130, 130, 292, 21, 21, 292, 145, 205, 145, 2, 145, 89, 145, 157, 157, 2, 194, 21, 89, 145, 100, 93, 2, 157, 157, 145, 66, 78, 21, 89, 21, 89, 4, 145, 145, 2, 145, 145, 89, 190, 2, 2, 145, 145, 145, 157, 336, 95, 145, 145, 145, 145, 145, 321, 21, 145, 145, 145, 145, 100, 145, 145, 89, 145, 145, 157, 2, 2, 157, 89, 145, 23, 66, 214, 199, 2, 157, 145, 157, 312, 21, 145, 2, 21, 145, 145, 145, 89, 152, 157, 46, 145, 21, 21, 21, 145, 21, 145, 25, 145, 145, 157, 145, 2, 197, 21, 21, 145, 89, 145, 145, 157, 55, 89, 250, 120, 145, 145, 21, 145, 145, 199, 2, 145, 145, 46, 157, 21, 145, 145, 89, 292, 145, 157, 157, 145, 21, 145, 61, 2, 145, 2, 145, 187, 21, 145, 145, 145, 50, 145, 2, 157, 157, 2, 132, 21, 53, 89, 145, 157, 21, 174, 21, 145, 2, 21, 113, 85, 145, 157, 11, 21, 145, 145, 100, 287, 157, 2, 145, 2, 145, 145, 157, 157, 2, 21, 145, 21, 100, 100, 126, 335, 145, 145, 87, 206, 25, 310, 174, 130, 157, 2, 21, 145, 100, 145, 157, 157, 340, 37, 145, 89, 145, 157, 145, 2, 145, 21, 2, 157, 157, 145, 145, 21, 21, 145, 2, 2, 145, 21, 157, 145, 157, 130, 56, 21, 89, 342, 145, 130, 145, 59, 132, 145, 21, 7, 145, 21, 331, 21, 229, 145, 157, 157, 145, 230, 145, 21, 145, 21, 2, 145, 100, 66, 145, 243, 21, 145, 21, 21, 21, 315, 235, 205, 21, 157, 59, 145, 157, 8, 30, 145, 145, 157, 21, 145, 130, 21, 21, 89, 21, 157, 59, 157, 21, 145, 145, 157, 145, 157, 21, 157, 185, 95, 157, 21, 2, 95, 95, 145, 89, 145, 21, 21, 21, 157, 157, 21, 157, 141, 145, 21, 66, 157, 21, 21, 2, 157, 157, 157, 230, 21, 145, 157, 266, 157, 157, 280, 342, 157, 145, 157, 41, 342, 16, 342, 41, 59, 21, 157, 145, 145, 145, 100, 157, 16, 157, 145, 145, 157, 2, 230, 89, 145, 157, 59, 100, 145, 157, 89, 157, 157, 157, 103, 145, 157, 145, 95, 59, 336, 130, 66, 336, 2, 336, 336, 336, 336, 66, 25, 336, 2, 297, 194, 336, 95, 336, 336, 2, 148, 297, 336, 336, 41, 298, 75, 75, 75, 130, 2, 2, 137, 16, 94, 346, 121, 16, 194, 16, 41, 82, 41, 212, 118, 2, 192, 251, 2, 204, 222, 122, 2, 181, 194, 82, 2, 59, 77, 294, 331, 2, 2, 2, 2, 2, 96, 236, 184, 2, 282, 348, 2, 204, 297, 204, 59, 59, 56, 128, 46, 2, 2, 2, 59, 2, 61, 56, 348, 2, 116, 60, 6, 204, 96, 2, 2, 47, 43, 297, 81, 242, 225, 14, 47, 2, 56, 311, 2, 2, 95, 105, 59, 181, 348, 104, 2, 327, 46, 241, 168, 2, 13, 2, 2, 2, 2, 324, 41, 2, 35, 23, 78, 2, 46, 2, 107, 2, 96, 2, 81, 2, 102, 66, 82, 2, 130, 2, 200, 248, 2, 100, 45, 130, 350, 237, 2, 10, 152, 338, 2, 297, 2, 2, 152, 61, 59, 127, 2, 187, 331, 304, 2, 30, 2, 279, 61, 51, 148, 2, 2, 2, 2, 130, 59, 23, 2, 273, 332, 46, 2, 2, 2, 94, 169, 41, 51, 82, 204, 16, 2, 236, 16, 82, 45, 194, 346, 324, 2, 59, 212, 2, 2, 181, 251, 2, 187, 2, 331, 2, 204, 2, 331, 130, 2, 81, 204, 81, 60, 107, 118, 59, 340, 130, 239, 60, 204, 152, 59, 2, 194, 239, 194, 2, 204, 2, 204, 100, 239, 242, 239, 59, 237, 56, 56, 56, 2, 130, 200, 2, 122, 239, 81, 78, 348, 293, 130, 78, 348, 2, 239, 122, 59, 59, 2, 59, 2, 211, 130, 2, 102, 107, 2, 336, 338, 104, 43, 66, 14, 134, 66, 273, 199, 30, 282, 194, 2, 81, 105, 2, 59, 184, 159, 192, 2, 194, 225, 2, 2, 2, 2, 2, 96, 95, 6, 2, 96, 116, 2, 152, 2, 187, 2, 2, 239, 348, 2, 152, 2, 105, 2, 2, 2, 96, 47, 61, 152, 47, 100, 35, 2, 2, 2, 96, 348, 348, 2, 105, 2, 10, 105, 10, 105, 2, 105, 59, 8, 2, 336, 152, 303, 23, 2, 66, 95, 2, 152, 23, 297, 61, 42, 2, 297, 46, 325, 264, 46, 46, 23, 2, 152, 325, 46, 46, 59, 2, 130, 46, 279, 2, 2, 297, 46, 66, 59, 130, 127, 106, 311, 152, 2, 297, 2, 250, 2, 59, 2, 2, 61, 216, 107, 2, 248, 77, 297, 281, 95, 194, 332, 2, 2, 107, 152, 173, 2, 152, 2, 2, 297, 2, 168, 350, 2, 61, 152, 136, 2, 348, 130, 162, 194, 2, 105, 59, 46, 204, 37, 31, 239, 148, 59, 2, 106, 59, 2, 187, 325, 66, 23, 100, 105, 122, 197, 303, 2, 336, 2, 2, 130, 2, 250, 100, 2, 28, 166, 59, 2, 297, 197, 66, 66, 2, 121, 122, 137, 162, 2, 16, 222, 82, 241, 16, 16, 29, 305, 16, 67, 148, 62, 296, 41, 29, 16, 297, 29, 331, 138, 138, 56, 2, 343, 2,