{"Run": 2, "K": 356, "WCSSD": 2236.2081264309463, "Purity": 0.40005862942975695, "Time": 20.228445053100586, "Kmeans_Labels": [250, 313, 80, 80, 7, 7, 313, 77, 313, 163, 7, 43, 147, 147, 347, 7, 330, 193, 329, 329, 329, 91, 172, 147, 147, 193, 147, 193, 185, 152, 147, 329, 185, 193, 329, 7, 147, 147, 43, 147, 329, 147, 7, 8, 147, 7, 147, 341, 162, 7, 140, 268, 268, 7, 118, 344, 1, 313, 80, 80, 7, 193, 193, 354, 344, 180, 147, 313, 147, 344, 193, 162, 7, 75, 281, 7, 7, 7, 330, 7, 151, 298, 35, 193, 77, 7, 346, 41, 7, 7, 75, 7, 239, 83, 162, 104, 75, 329, 77, 7, 77, 281, 7, 104, 7, 104, 104, 222, 7, 281, 130, 335, 130, 147, 130, 281, 330, 151, 179, 24, 7, 75, 168, 80, 80, 24, 33, 80, 151, 7, 24, 236, 172, 172, 1, 185, 172, 172, 172, 172, 11, 80, 80, 185, 24, 168, 7, 172, 162, 80, 24, 278, 172, 185, 172, 24, 7, 346, 143, 162, 172, 24, 24, 172, 104, 24, 172, 171, 110, 52, 302, 172, 7, 268, 24, 7, 120, 103, 24, 172, 172, 172, 329, 7, 24, 195, 24, 330, 7, 61, 299, 11, 330, 24, 80, 80, 7, 72, 7, 163, 77, 172, 172, 120, 24, 77, 24, 77, 172, 172, 172, 172, 77, 77, 77, 24, 24, 163, 43, 11, 77, 281, 7, 43, 7, 24, 172, 43, 268, 172, 172, 7, 77, 7, 77, 7, 309, 185, 172, 172, 24, 149, 11, 77, 268, 77, 75, 172, 72, 24, 326, 17, 7, 340, 75, 329, 24, 172, 24, 172, 172, 7, 43, 80, 24, 222, 330, 104, 330, 120, 151, 104, 172, 172, 104, 172, 88, 172, 24, 24, 24, 104, 118, 172, 104, 104, 293, 222, 104, 151, 24, 104, 7, 104, 222, 104, 222, 104, 7, 112, 7, 104, 7, 222, 222, 325, 104, 104, 104, 130, 11, 118, 222, 222, 163, 118, 330, 130, 335, 213, 335, 130, 268, 267, 120, 43, 7, 54, 11, 335, 185, 24, 24, 250, 268, 72, 24, 7, 193, 24, 172, 72, 291, 72, 24, 172, 7, 24, 162, 172, 291, 172, 268, 116, 43, 34, 172, 110, 237, 51, 51, 7, 72, 51, 51, 11, 227, 51, 24, 71, 51, 51, 227, 24, 227, 24, 24, 24, 172, 330, 172, 72, 24, 354, 7, 268, 268, 193, 80, 142, 1, 162, 172, 72, 7, 7, 120, 54, 7, 8, 11, 172, 80, 172, 1, 11, 24, 80, 80, 317, 151, 240, 344, 172, 313, 7, 222, 72, 52, 24, 172, 80, 7, 7, 8, 7, 7, 130, 237, 51, 51, 103, 75, 52, 7, 298, 298, 185, 185, 298, 80, 72, 278, 278, 163, 163, 335, 335, 151, 335, 43, 43, 305, 8, 72, 7, 7, 253, 146, 146, 287, 287, 7, 344, 344, 185, 344, 344, 80, 344, 344, 344, 80, 344, 54, 11, 7, 55, 266, 266, 77, 77, 44, 231, 231, 7, 7, 342, 342, 342, 10, 7, 122, 122, 7, 78, 70, 278, 278, 70, 77, 122, 11, 323, 323, 7, 231, 119, 7, 80, 80, 7, 7, 7, 100, 100, 7, 319, 7, 80, 104, 7, 80, 104, 104, 80, 7, 231, 80, 261, 261, 104, 335, 335, 127, 127, 130, 130, 130, 27, 305, 297, 297, 130, 130, 263, 263, 130, 130, 30, 30, 7, 7, 130, 130, 72, 278, 278, 278, 278, 54, 7, 11, 11, 43, 7, 7, 258, 258, 258, 258, 7, 7, 7, 7, 7, 7, 11, 116, 7, 7, 291, 291, 7, 7, 7, 20, 20, 151, 51, 51, 278, 212, 278, 329, 329, 227, 227, 145, 145, 145, 145, 199, 199, 227, 227, 298, 51, 51, 227, 227, 227, 227, 51, 51, 51, 51, 51, 1, 141, 54, 193, 135, 38, 38, 38, 196, 38, 38, 38, 38, 38, 43, 43, 38, 38, 38, 147, 38, 38, 38, 38, 268, 171, 38, 38, 38, 120, 8, 8, 7, 51, 354, 354, 344, 344, 344, 344, 75, 7, 344, 344, 75, 7, 7, 7, 344, 7, 80, 8, 56, 148, 7, 329, 75, 103, 8, 7, 148, 313, 231, 231, 7, 231, 231, 7, 7, 192, 330, 7, 344, 299, 44, 44, 231, 41, 231, 231, 231, 8, 231, 7, 7, 342, 231, 163, 231, 231, 75, 350, 231, 231, 7, 231, 231, 231, 7, 323, 231, 231, 41, 7, 323, 323, 231, 7, 231, 1, 37, 37, 7, 11, 7, 7, 222, 7, 213, 249, 7, 79, 241, 261, 104, 7, 117, 261, 130, 117, 335, 222, 335, 7, 335, 335, 335, 7, 75, 335, 335, 130, 335, 130, 335, 7, 278, 130, 130, 130, 299, 7, 335, 335, 335, 130, 130, 30, 130, 30, 335, 72, 130, 130, 64, 335, 335, 130, 335, 315, 335, 335, 218, 7, 335, 335, 335, 11, 278, 335, 335, 335, 72, 329, 329, 278, 335, 335, 335, 270, 66, 66, 270, 305, 72, 72, 72, 7, 7, 11, 7, 7, 7, 7, 7, 130, 130, 20, 335, 335, 11, 7, 151, 53, 7, 7, 7, 7, 7, 346, 1, 1, 7, 7, 51, 51, 51, 162, 145, 51, 51, 227, 28, 51, 199, 330, 51, 145, 51, 7, 145, 145, 346, 51, 7, 7, 213, 51, 51, 51, 130, 162, 130, 51, 227, 53, 281, 59, 59, 59, 129, 185, 72, 344, 154, 162, 344, 185, 344, 298, 1, 346, 7, 330, 105, 172, 7, 41, 7, 41, 7, 7, 330, 7, 335, 222, 335, 346, 299, 109, 7, 330, 330, 330, 26, 72, 80, 185, 7, 330, 330, 110, 193, 268, 7, 250, 305, 51, 250, 305, 75, 277, 21, 163, 21, 58, 1, 7, 251, 8, 73, 73, 166, 21, 51, 26, 224, 26, 157, 271, 271, 26, 26, 96, 255, 255, 255, 26, 251, 1, 271, 73, 26, 26, 26, 26, 1, 271, 21, 251, 26, 271, 26, 252, 73, 26, 1, 1, 252, 73, 73, 255, 26, 251, 26, 7, 26, 26, 26, 21, 21, 75, 151, 251, 26, 26, 330, 354, 7, 21, 26, 271, 162, 120, 73, 26, 73, 57, 354, 26, 255, 7, 26, 26, 26, 271, 7, 7, 324, 26, 26, 21, 272, 185, 200, 26, 26, 271, 26, 57, 73, 26, 175, 26, 26, 1, 26, 178, 57, 271, 26, 21, 313, 333, 224, 26, 26, 294, 304, 7, 103, 7, 21, 26, 21, 354, 73, 26, 1, 73, 26, 26, 26, 57, 193, 21, 54, 114, 348, 73, 73, 26, 73, 26, 330, 26, 271, 21, 255, 7, 7, 73, 73, 26, 271, 26, 26, 21, 21, 57, 1, 7, 215, 26, 15, 295, 26, 103, 277, 26, 26, 54, 21, 65, 26, 26, 26, 26, 26, 21, 21, 26, 58, 26, 121, 7, 252, 58, 202, 278, 58, 26, 26, 184, 200, 26, 7, 21, 21, 172, 1, 251, 58, 242, 26, 21, 73, 58, 58, 29, 75, 73, 337, 21, 26, 21, 8, 251, 26, 255, 61, 26, 21, 163, 271, 7, 26, 271, 21, 21, 330, 58, 26, 73, 1, 330, 21, 58, 1, 26, 57, 26, 330, 41, 58, 299, 21, 333, 58, 26, 1, 26, 21, 21, 7, 96, 255, 26, 252, 21, 252, 1, 26, 73, 7, 21, 21, 271, 271, 251, 251, 26, 7, 7, 26, 73, 21, 26, 21, 162, 7, 73, 57, 22, 271, 167, 26, 330, 26, 26, 73, 21, 26, 73, 130, 49, 233, 26, 21, 21, 26, 49, 26, 73, 26, 251, 7, 26, 346, 162, 26, 26, 251, 26, 251, 251, 349, 8, 73, 251, 73, 21, 329, 190, 21, 110, 41, 255, 26, 322, 73, 26, 268, 251, 58, 26, 58, 21, 330, 21, 251, 26, 26, 21, 26, 21, 58, 21, 271, 185, 21, 73, 7, 185, 5, 26, 26, 26, 174, 58, 73, 21, 21, 251, 21, 73, 271, 73, 162, 21, 73, 58, 7, 21, 21, 21, 49, 22, 271, 21, 180, 21, 274, 21, 73, 166, 26, 21, 51, 22, 51, 22, 51, 330, 18, 21, 26, 221, 26, 268, 21, 51, 21, 26, 252, 21, 7, 49, 26, 26, 21, 268, 1, 252, 21, 200, 21, 224, 21, 26, 182, 21, 26, 85, 254, 268, 298, 346, 268, 151, 268, 268, 268, 268, 162, 330, 268, 7, 80, 151, 268, 185, 43, 268, 329, 330, 80, 268, 268, 51, 147, 194, 194, 194, 7, 7, 213, 329, 51, 82, 51, 213, 51, 72, 51, 51, 227, 51, 43, 112, 313, 163, 7, 7, 335, 282, 222, 130, 7, 329, 213, 75, 1, 97, 7, 156, 7, 104, 7, 162, 7, 342, 227, 43, 211, 7, 35, 7, 130, 80, 130, 172, 172, 222, 7, 54, 319, 329, 329, 43, 330, 11, 104, 43, 7, 7, 30, 193, 299, 231, 43, 330, 266, 122, 80, 8, 75, 41, 335, 192, 7, 7, 210, 7, 150, 185, 90, 75, 273, 35, 43, 7, 227, 54, 50, 354, 7, 335, 7, 329, 7, 213, 7, 59, 7, 220, 180, 120, 7, 54, 43, 213, 7, 231, 7, 8, 7, 104, 301, 226, 248, 7, 7, 7, 344, 7, 67, 145, 7, 7, 261, 329, 7, 243, 75, 7, 80, 329, 75, 193, 11, 268, 11, 330, 278, 1, 237, 7, 41, 120, 36, 11, 7, 330, 311, 329, 329, 7, 299, 288, 180, 7, 7, 7, 54, 7, 213, 306, 82, 102, 59, 7, 227, 186, 51, 311, 227, 51, 213, 145, 329, 51, 7, 329, 172, 43, 7, 329, 7, 7, 7, 278, 7, 156, 7, 335, 162, 1, 299, 305, 8, 130, 8, 339, 7, 112, 72, 75, 7, 102, 30, 299, 7, 172, 162, 1, 102, 299, 130, 130, 7, 130, 225, 102, 75, 102, 75, 261, 7, 104, 222, 104, 7, 7, 319, 222, 95, 8, 120, 43, 75, 330, 120, 45, 1, 102, 213, 102, 75, 329, 320, 75, 299, 102, 268, 104, 330, 7, 268, 75, 43, 122, 7, 7, 296, 193, 7, 103, 41, 7, 72, 306, 8, 90, 43, 43, 43, 172, 163, 329, 268, 41, 7, 43, 7, 329, 330, 342, 185, 193, 346, 231, 7, 7, 243, 7, 278, 329, 7, 102, 163, 7, 3, 7, 78, 7, 172, 330, 231, 192, 11, 193, 266, 7, 220, 211, 246, 7, 231, 35, 35, 213, 78, 120, 7, 78, 7, 78, 7, 78, 288, 110, 330, 268, 193, 8, 180, 7, 301, 185, 329, 193, 180, 120, 11, 172, 75, 80, 54, 312, 172, 94, 54, 180, 7, 193, 150, 54, 54, 330, 329, 7, 54, 36, 75, 329, 80, 54, 7, 330, 7, 11, 103, 210, 193, 329, 80, 150, 268, 7, 1, 329, 7, 11, 7, 7, 7, 344, 97, 80, 7, 185, 268, 7, 7, 248, 7, 193, 151, 7, 193, 7, 154, 80, 7, 354, 7, 7, 11, 193, 120, 7, 163, 7, 315, 72, 329, 78, 320, 54, 186, 96, 13, 102, 120, 75, 7, 103, 208, 305, 278, 312, 7, 180, 225, 78, 72, 120, 8, 162, 268, 344, 7, 7, 329, 1, 67, 128, 280, 162, 