{"Run": 1, "K": 271, "WCSSD": 2363.8034170127667, "Purity": 0.472659604924134, "Time": 13.680227994918823, "Kmeans_Labels": [2, 140, 205, 2, 2, 40, 200, 186, 2, 106, 2, 230, 149, 149, 111, 2, 195, 239, 40, 2, 2, 2, 117, 149, 149, 239, 2, 239, 218, 2, 149, 2, 218, 239, 2, 117, 149, 149, 230, 149, 229, 149, 151, 196, 149, 53, 149, 2, 2, 56, 220, 229, 229, 2, 170, 79, 40, 239, 2, 2, 40, 239, 2, 88, 79, 62, 149, 140, 149, 79, 239, 220, 2, 220, 2, 2, 153, 2, 195, 2, 2, 100, 106, 239, 8, 2, 111, 74, 2, 2, 2, 2, 79, 56, 2, 200, 40, 2, 8, 2, 92, 40, 2, 200, 2, 200, 200, 222, 2, 4, 0, 93, 93, 149, 106, 4, 117, 2, 229, 60, 2, 40, 60, 2, 2, 60, 40, 2, 4, 2, 60, 60, 2, 123, 111, 218, 40, 2, 214, 40, 167, 130, 2, 218, 60, 60, 2, 2, 2, 2, 60, 26, 88, 218, 40, 60, 2, 2, 2, 2, 2, 10, 60, 2, 200, 60, 140, 140, 100, 111, 59, 2, 2, 229, 60, 40, 245, 35, 60, 2, 220, 2, 2, 2, 60, 117, 21, 2, 2, 117, 2, 110, 152, 60, 2, 191, 212, 4, 2, 106, 8, 2, 195, 245, 60, 8, 60, 8, 111, 229, 2, 40, 8, 8, 8, 60, 237, 106, 230, 167, 8, 140, 2, 230, 229, 60, 229, 230, 229, 60, 2, 2, 8, 2, 8, 56, 106, 218, 2, 40, 60, 2, 167, 8, 229, 8, 111, 2, 4, 60, 200, 106, 76, 267, 123, 202, 60, 199, 60, 2, 40, 2, 230, 205, 60, 2, 4, 200, 2, 245, 100, 200, 140, 191, 200, 205, 229, 2, 60, 60, 60, 200, 170, 235, 200, 200, 245, 222, 200, 4, 60, 200, 111, 93, 222, 200, 222, 200, 254, 229, 2, 200, 2, 222, 222, 200, 200, 200, 200, 93, 167, 170, 222, 222, 106, 170, 195, 93, 93, 82, 93, 93, 229, 93, 245, 230, 2, 37, 167, 93, 218, 24, 60, 2, 229, 2, 60, 2, 239, 60, 2, 117, 53, 2, 265, 229, 4, 60, 40, 53, 167, 100, 229, 53, 230, 2, 205, 50, 5, 13, 99, 2, 213, 13, 93, 167, 57, 234, 60, 2, 99, 13, 192, 60, 192, 60, 60, 60, 40, 195, 40, 100, 60, 88, 2, 229, 229, 208, 2, 232, 140, 40, 195, 140, 151, 2, 245, 37, 2, 196, 167, 2, 2, 2, 140, 167, 40, 2, 2, 2, 205, 100, 79, 111, 140, 169, 222, 4, 111, 60, 111, 2, 2, 2, 196, 222, 2, 93, 5, 99, 99, 151, 140, 111, 2, 40, 40, 218, 218, 2, 130, 2, 26, 26, 106, 106, 93, 93, 2, 93, 230, 230, 93, 196, 4, 213, 213, 2, 13, 13, 213, 213, 140, 79, 79, 218, 39, 39, 79, 79, 79, 79, 269, 79, 37, 167, 2, 106, 182, 182, 8, 8, 184, 16, 16, 2, 2, 56, 56, 56, 26, 2, 252, 252, 160, 33, 84, 26, 26, 84, 8, 267, 167, 106, 106, 2, 56, 56, 215, 205, 205, 213, 205, 205, 2, 2, 2, 2, 2, 236, 200, 2, 236, 200, 200, 236, 2, 56, 2, 93, 93, 200, 93, 93, 222, 222, 17, 17, 93, 230, 93, 222, 222, 106, 106, 32, 32, 7, 7, 93, 93, 2, 2, 131, 93, 2, 26, 26, 26, 26, 37, 2, 167, 167, 230, 135, 135, 230, 230, 2, 2, 2, 2, 2, 2, 2, 2, 167, 75, 53, 53, 53, 53, 101, 4, 53, 178, 178, 4, 99, 99, 26, 2, 26, 213, 213, 192, 192, 192, 192, 151, 151, 166, 166, 13, 13, 100, 99, 99, 34, 34, 266, 266, 192, 192, 198, 198, 129, 2, 102, 37, 2, 220, 145, 145, 115, 145, 145, 145, 145, 145, 145, 253, 230, 145, 145, 145, 149, 145, 145, 145, 145, 229, 145, 145, 145, 78, 245, 118, 196, 2, 13, 19, 19, 195, 195, 79, 79, 40, 2, 97, 97, 40, 2, 2, 2, 79, 56, 130, 196, 245, 25, 2, 2, 40, 151, 196, 2, 25, 195, 56, 56, 2, 56, 56, 2, 2, 182, 195, 2, 79, 162, 184, 184, 56, 74, 56, 56, 56, 196, 106, 151, 220, 56, 56, 106, 56, 56, 151, 56, 56, 240, 240, 56, 56, 56, 106, 106, 56, 56, 74, 2, 106, 106, 56, 177, 196, 111, 2, 2, 222, 167, 2, 93, 222, 2, 2, 93, 2, 200, 93, 93, 93, 222, 93, 93, 93, 93, 93, 222, 93, 2, 93, 93, 93, 93, 2, 93, 93, 93, 93, 93, 93, 2, 26, 93, 163, 93, 128, 2, 263, 93, 93, 93, 93, 93, 0, 93, 93, 7, 93, 93, 93, 93, 93, 93, 73, 114, 93, 140, 93, 2, 270, 93, 93, 71, 26, 71, 71, 71, 71, 135, 135, 26, 93, 93, 93, 93, 239, 239, 93, 213, 148, 4, 148, 213, 27, 167, 213, 117, 213, 53, 53, 93, 93, 178, 2, 27, 167, 2, 213, 213, 2, 2, 111, 213, 213, 213, 213, 213, 2, 2, 99, 99, 99, 213, 192, 13, 13, 192, 245, 99, 166, 195, 13, 192, 99, 2, 192, 192, 40, 13, 195, 195, 2, 99, 99, 99, 117, 2, 93, 99, 192, 213, 4, 13, 2, 13, 99, 2, 40, 79, 3, 2, 79, 218, 79, 40, 51, 2, 121, 56, 2, 100, 2, 74, 2, 74, 205, 61, 195, 2, 93, 222, 93, 117, 93, 111, 2, 195, 195, 195, 31, 140, 2, 218, 2, 195, 2, 100, 239, 229, 2, 93, 93, 99, 93, 93, 238, 220, 31, 106, 108, 52, 140, 64, 52, 196, 52, 52, 141, 136, 13, 31, 31, 31, 140, 31, 137, 31, 31, 4, 31, 31, 31, 31, 52, 140, 250, 52, 96, 31, 31, 31, 100, 31, 136, 52, 31, 31, 147, 31, 52, 31, 100, 100, 31, 52, 52, 31, 31, 52, 201, 2, 31, 31, 31, 136, 134, 238, 4, 105, 72, 31, 220, 88, 2, 136, 31, 31, 100, 245, 52, 31, 52, 31, 88, 31, 31, 2, 31, 142, 31, 11, 238, 2, 31, 31, 31, 31, 111, 218, 31, 31, 31, 31, 31, 31, 52, 31, 31, 31, 54, 207, 31, 31, 31, 31, 31, 136, 2, 157, 207, 172, 31, 62, 4, 2, 35, 140, 31, 31, 31, 151, 52, 31, 140, 52, 31, 31, 31, 31, 239, 136, 37, 31, 52, 52, 52, 31, 52, 31, 152, 48, 31, 136, 31, 2, 151, 52, 207, 31, 31, 31, 31, 31, 31, 58, 100, 2, 31, 31, 52, 31, 31, 35, 220, 251, 31, 37, 136, 52, 31, 31, 31, 31, 249, 141, 31, 31, 52, 31, 167, 2, 31, 2, 31, 26, 52, 207, 188, 31, 149, 31, 229, 136, 136, 220, 140, 52, 52, 31, 31, 31, 52, 52, 52, 31, 2, 52, 176, 31, 31, 136, 196, 231, 31, 31, 117, 226, 136, 106, 31, 2, 31, 31, 108, 136, 2, 52, 31, 52, 207, 229, 136, 52, 207, 127, 31, 31, 152, 74, 52, 4, 136, 157, 52, 31, 207, 31, 136, 136, 205, 213, 31, 31, 31, 136, 31, 140, 31, 207, 205, 136, 136, 31, 31, 52, 52, 22, 2, 140, 31, 64, 31, 31, 31, 140, 2, 52, 31, 52, 31, 100, 31, 111, 31, 31, 52, 136, 31, 52, 93, 81, 195, 31, 136, 136, 31, 81, 31, 52, 31, 52, 2, 31, 229, 111, 31, 31, 52, 31, 52, 52, 52, 196, 52, 52, 52, 136, 2, 81, 31, 31, 74, 31, 31, 136, 52, 31, 111, 210, 52, 31, 52, 136, 259, 31, 52, 31, 31, 31, 31, 31, 255, 31, 31, 218, 58, 52, 140, 218, 218, 31, 31, 31, 52, 255, 52, 136, 31, 268, 31, 52, 31, 52, 111, 136, 52, 91, 2, 31, 136, 112, 81, 52, 31, 31, 62, 136, 31, 99, 52, 141, 31, 136, 13, 52, 13, 52, 99, 111, 52, 31, 31, 31, 31, 2, 136, 99, 31, 31, 31, 85, 2, 81, 31, 31, 141, 229, 207, 31, 31, 31, 31, 31, 31, 31, 31, 136, 31, 159, 140, 229, 100, 140, 229, 2, 229, 229, 229, 229, 111, 152, 229, 2, 2, 4, 229, 218, 230, 229, 2, 195, 2, 229, 229, 13, 149, 229, 229, 229, 2, 2, 2, 2, 80, 23, 233, 5, 36, 2, 13, 13, 221, 13, 230, 196, 140, 106, 40, 27, 71, 2, 222, 2, 53, 111, 192, 205, 117, 2, 68, 2, 2, 193, 2, 241, 213, 56, 192, 230, 2, 2, 106, 2, 150, 205, 17, 213, 213, 222, 2, 37, 2, 2, 2, 230, 2, 167, 200, 230, 2, 2, 93, 239, 93, 56, 230, 2, 79, 267, 2, 209, 2, 74, 93, 182, 107, 2, 202, 2, 86, 218, 33, 140, 53, 106, 230, 2, 192, 37, 23, 39, 2, 228, 140, 1, 2, 2, 213, 13, 2, 56, 62, 245, 140, 37, 230, 175, 2, 56, 2, 196, 2, 200, 2, 192, 2, 205, 2, 2, 79, 2, 100, 192, 205, 170, 93, 94, 246, 239, 40, 2, 2, 69, 2, 239, 167, 111, 167, 2, 26, 206, 5, 2, 74, 245, 140, 167, 2, 195, 2, 2, 2, 111, 111, 111, 62, 2, 56, 2, 37, 4, 2, 140, 23, 40, 13, 2, 221, 93, 36, 2, 192, 13, 192, 192, 111, 233, 213, 202, 213, 230, 2, 2, 53, 40, 27, 26, 2, 2, 2, 71, 241, 206, 111, 140, 196, 93, 209, 93, 4, 196, 140, 205, 205, 140, 93, 93, 2, 213, 241, 111, 140, 213, 2, 150, 2, 17, 140, 140, 2, 140, 117, 93, 2, 200, 222, 193, 205, 2, 2, 222, 140, 209, 245, 230, 40, 111, 245, 200, 140, 140, 100, 140, 140, 202, 220, 205, 213, 205, 140, 200, 4, 2, 229, 40, 230, 267, 4, 140, 230, 239, 56, 35, 74, 2, 140, 140, 196, 33, 230, 230, 230, 213, 106, 2, 4, 74, 4, 230, 2, 2, 2, 56, 218, 239, 2, 56, 2, 2, 239, 56, 26, 2, 2, 140, 106, 140, 239, 2, 33, 2, 2, 2, 56, 182, 167, 239, 79, 40, 56, 2, 2, 2, 56, 106, 106, 2, 179, 245, 246, 33, 246, 33, 40, 33, 111, 100, 2, 229, 239, 196, 62, 111, 2, 245, 2, 239, 62, 245, 167, 195, 2, 205, 2, 86, 140, 140, 37, 62, 2, 239, 86, 37, 37, 43, 94, 205, 37, 140, 2, 2, 2, 37, 2, 140, 220, 167, 151, 202, 239, 69, 2, 86, 229, 2, 117, 1, 2, 167, 2, 4, 4, 79, 2, 205, 2, 218, 111, 2, 100, 2, 2, 239, 242, 2, 239, 205, 3, 2, 2, 39, 170, 2, 167, 239, 245, 185, 106, 205, 70, 140, 2, 179, 220, 37, 93, 140, 4, 140, 195, 117, 100, 151, 117, 140, 26, 86, 2, 62, 140, 33, 4, 151, 196, 241, 229, 79, 40, 205, 202, 100, 100, 100, 4, 205, 140, 202, 130, 151, 2, 79, 2, 5, 4, 2, 70, 213, 80, 2, 192, 23, 99, 99, 125, 5, 99, 192, 195, 8, 125, 13, 125, 99, 173, 125, 219, 229, 125, 200, 205, 13, 2, 125, 53, 125, 230, 2, 