{"Run": 9, "K": 271, "WCSSD": 2369.058898720456, "Purity": 0.350895434572705, "Time": 13.905815839767456, "Kmeans_Labels": [124, 94, 1, 195, 1, 1, 94, 238, 94, 1, 118, 94, 102, 102, 1, 1, 1, 154, 1, 257, 1, 1, 21, 102, 102, 154, 1, 154, 214, 125, 102, 1, 257, 154, 1, 21, 102, 102, 102, 102, 218, 102, 1, 73, 102, 120, 102, 111, 199, 6, 1, 218, 218, 1, 201, 49, 1, 154, 239, 1, 1, 154, 1, 252, 49, 43, 102, 94, 102, 49, 154, 1, 125, 113, 19, 1, 1, 1, 94, 157, 1, 210, 125, 154, 238, 1, 114, 1, 1, 1, 1, 36, 49, 122, 1, 1, 1, 1, 238, 1, 238, 19, 1, 231, 231, 196, 196, 231, 125, 19, 253, 125, 253, 102, 84, 19, 244, 1, 1, 248, 1, 1, 40, 1, 49, 40, 120, 1, 218, 1, 40, 40, 34, 1, 1, 257, 1, 1, 1, 126, 246, 1, 1, 257, 40, 40, 1, 1, 1, 1, 40, 85, 114, 257, 1, 40, 1, 21, 1, 199, 1, 40, 40, 1, 1, 40, 114, 205, 112, 114, 82, 1, 1, 218, 40, 1, 96, 95, 40, 1, 94, 52, 1, 1, 165, 1, 40, 1, 1, 218, 1, 246, 218, 40, 1, 1, 1, 218, 1, 84, 238, 1, 1, 96, 40, 238, 40, 238, 114, 1, 1, 1, 238, 238, 13, 40, 40, 84, 191, 246, 238, 87, 184, 191, 198, 40, 1, 84, 218, 40, 1, 1, 238, 1, 238, 122, 84, 257, 94, 1, 40, 1, 246, 238, 218, 238, 1, 1, 218, 40, 84, 84, 1, 177, 52, 1, 40, 1, 40, 84, 52, 1, 191, 1, 231, 1, 218, 236, 1, 84, 52, 196, 193, 1, 83, 1, 21, 1, 40, 231, 40, 201, 201, 1, 196, 196, 96, 231, 217, 218, 40, 196, 1, 141, 249, 196, 1, 196, 231, 218, 1, 196, 1, 1, 1, 196, 196, 196, 196, 253, 246, 201, 231, 120, 84, 201, 52, 253, 253, 120, 253, 253, 218, 253, 96, 1, 1, 201, 246, 201, 257, 40, 40, 124, 218, 14, 40, 201, 154, 40, 1, 21, 246, 218, 40, 52, 1, 40, 1, 1, 246, 52, 218, 1, 1, 1, 21, 112, 5, 250, 250, 21, 52, 250, 253, 246, 255, 250, 40, 1, 250, 250, 255, 40, 255, 40, 30, 40, 94, 2, 52, 218, 53, 252, 1, 218, 218, 154, 1, 94, 1, 199, 1, 1, 1, 94, 96, 39, 1, 73, 246, 1, 1, 94, 1, 246, 1, 1, 244, 1, 21, 1, 49, 114, 94, 1, 196, 218, 114, 40, 63, 1, 114, 122, 73, 231, 1, 253, 5, 250, 38, 1, 52, 114, 1, 218, 218, 257, 257, 1, 1, 1, 171, 171, 84, 84, 253, 253, 1, 253, 1, 1, 253, 73, 1, 250, 250, 1, 250, 250, 1, 1, 1, 49, 49, 257, 49, 49, 49, 235, 235, 49, 1, 158, 39, 246, 1, 125, 122, 122, 238, 238, 1, 18, 18, 1, 1, 122, 122, 122, 85, 1, 84, 84, 94, 110, 61, 85, 85, 61, 238, 177, 246, 47, 47, 1, 122, 122, 231, 1, 1, 1, 1, 1, 1, 1, 1, 231, 1, 68, 231, 1, 68, 231, 231, 68, 1, 125, 120, 253, 253, 196, 12, 12, 231, 231, 125, 125, 84, 1, 253, 196, 196, 84, 84, 1, 1, 253, 253, 253, 253, 231, 231, 253, 160, 1, 85, 85, 85, 85, 39, 76, 246, 246, 265, 1, 1, 182, 182, 206, 206, 1, 1, 1, 1, 1, 1, 71, 1, 1, 1, 1, 1, 257, 1, 1, 1, 1, 218, 250, 250, 85, 48, 85, 1, 1, 255, 255, 78, 78, 57, 57, 216, 216, 78, 78, 1, 250, 250, 78, 78, 15, 15, 255, 255, 250, 250, 78, 94, 21, 243, 1, 114, 189, 189, 189, 189, 189, 189, 189, 189, 189, 189, 84, 189, 189, 189, 102, 189, 189, 189, 189, 21, 189, 189, 189, 189, 96, 73, 9, 1, 250, 164, 164, 49, 49, 49, 49, 1, 60, 49, 49, 52, 1, 1, 1, 158, 1, 1, 73, 96, 1, 1, 1, 1, 1, 73, 21, 84, 94, 122, 122, 1, 125, 125, 125, 1, 49, 1, 1, 49, 245, 1, 1, 122, 202, 122, 122, 122, 73, 122, 1, 94, 122, 122, 84, 122, 1, 1, 122, 122, 6, 1, 122, 122, 122, 1, 47, 122, 122, 202, 1, 47, 47, 122, 125, 122, 125, 21, 1, 231, 251, 231, 109, 231, 231, 94, 253, 231, 70, 70, 253, 253, 231, 253, 253, 253, 253, 125, 125, 125, 231, 253, 253, 237, 125, 218, 253, 125, 67, 253, 125, 253, 120, 85, 253, 253, 253, 1, 1, 253, 253, 253, 253, 253, 253, 253, 253, 253, 107, 253, 253, 253, 253, 253, 253, 32, 1, 253, 105, 224, 21, 105, 32, 32, 246, 85, 105, 105, 105, 1, 1, 1, 85, 253, 253, 253, 253, 154, 154, 253, 1, 21, 52, 21, 1, 21, 228, 1, 1, 21, 263, 263, 253, 253, 1, 1, 1, 246, 1, 218, 22, 1, 1, 21, 1, 1, 21, 1, 1, 21, 21, 250, 250, 250, 1, 108, 250, 250, 255, 96, 250, 216, 1, 216, 57, 250, 21, 57, 57, 21, 216, 21, 21, 215, 250, 250, 250, 21, 94, 253, 250, 78, 22, 19, 218, 218, 218, 250, 257, 21, 49, 1, 1, 49, 257, 49, 1, 21, 94, 21, 1, 48, 21, 1, 1, 1, 1, 1, 1, 1, 1, 253, 231, 253, 21, 155, 94, 1, 270, 1, 270, 3, 114, 1, 257, 1, 1, 1, 112, 154, 218, 94, 124, 253, 250, 124, 253, 1, 1, 45, 37, 45, 267, 44, 231, 62, 73, 167, 167, 45, 45, 250, 3, 45, 4, 221, 3, 45, 3, 3, 144, 3, 3, 269, 3, 153, 52, 3, 62, 123, 3, 3, 167, 167, 3, 45, 62, 3, 17, 3, 3, 62, 240, 167, 167, 3, 62, 62, 3, 3, 62, 3, 1, 3, 4, 3, 45, 45, 1, 218, 62, 3, 3, 52, 252, 1, 45, 4, 3, 94, 252, 62, 3, 62, 42, 252, 4, 3, 1, 3, 3, 3, 103, 1, 1, 3, 3, 4, 45, 218, 257, 4, 3, 3, 3, 3, 42, 62, 3, 4, 3, 3, 79, 3, 3, 42, 28, 4, 45, 262, 72, 79, 3, 3, 43, 94, 1, 95, 1, 45, 3, 45, 252, 62, 3, 44, 62, 4, 3, 3, 42, 154, 45, 39, 3, 62, 62, 62, 3, 62, 3, 1, 8, 3, 45, 3, 1, 1, 62, 62, 4, 3, 3, 3, 4, 45, 42, 21, 1, 3, 3, 62, 4, 3, 95, 1, 3, 3, 39, 45, 230, 4, 3, 3, 3, 3, 45, 45, 3, 62, 3, 246, 1, 3, 4, 3, 4, 62, 79, 3, 3, 102, 3, 1, 45, 45, 65, 4, 62, 62, 3, 3, 45, 62, 62, 62, 3, 1, 187, 46, 45, 3, 45, 73, 62, 3, 3, 218, 3, 45, 37, 3, 1, 3, 3, 45, 45, 1, 62, 4, 62, 79, 52, 45, 267, 79, 3, 42, 4, 1, 202, 62, 94, 45, 72, 62, 3, 4, 3, 45, 45, 1, 52, 3, 3, 3, 45, 3, 44, 3, 62, 1, 45, 45, 3, 3, 62, 62, 3, 1, 1, 3, 62, 45, 3, 45, 1, 231, 62, 42, 62, 3, 1, 3, 94, 231, 3, 62, 45, 3, 62, 201, 62, 218, 3, 45, 45, 3, 52, 3, 62, 3, 62, 1, 4, 59, 94, 3, 3, 62, 3, 62, 62, 62, 73, 62, 62, 62, 45, 1, 4, 45, 112, 202, 3, 3, 45, 167, 4, 218, 62, 62, 3, 62, 162, 94, 117, 62, 3, 3, 4, 3, 45, 62, 45, 3, 257, 45, 62, 1, 257, 257, 3, 3, 3, 62, 62, 62, 45, 45, 62, 58, 62, 3, 62, 94, 45, 167, 62, 21, 4, 45, 45, 52, 62, 3, 45, 252, 45, 4, 58, 62, 45, 3, 45, 250, 62, 250, 62, 250, 94, 62, 45, 3, 3, 3, 21, 45, 250, 45, 3, 3, 45, 1, 4, 4, 3, 45, 218, 79, 3, 45, 3, 56, 45, 45, 4, 3, 45, 4, 257, 55, 218, 52, 97, 218, 1, 218, 218, 218, 218, 94, 218, 218, 1, 133, 218, 218, 257, 218, 218, 1, 94, 242, 218, 218, 250, 114, 198, 198, 198, 94, 21, 1, 247, 250, 11, 250, 5, 250, 52, 250, 250, 15, 250, 1, 73, 94, 29, 1, 1, 253, 1, 120, 64, 1, 1, 255, 21, 52, 1, 1, 201, 1, 143, 122, 1, 1, 122, 255, 84, 1, 231, 84, 1, 194, 1, 125, 1, 114, 231, 1, 39, 231, 1, 1, 191, 264, 246, 231, 84, 1, 1, 253, 154, 155, 125, 84, 1, 49, 177, 1, 73, 1, 1, 105, 49, 1, 231, 218, 125, 94, 257, 110, 52, 1, 84, 265, 268, 255, 39, 49, 164, 1, 253, 1, 200, 132, 220, 21, 218, 1, 1, 43, 96, 1, 39, 94, 152, 1, 122, 1, 73, 1, 196, 233, 255, 1, 39, 1, 120, 49, 1, 52, 108, 1, 201, 253, 21, 84, 154, 1, 1, 1, 1, 1, 154, 246, 94, 246, 209, 85, 201, 5, 1, 202, 1, 94, 219, 1, 1, 1, 16, 1, 36, 52, 94, 43, 1, 1, 1, 39, 21, 1, 94, 11, 218, 218, 1, 15, 253, 250, 1, 255, 250, 255, 108, 1, 250, 21, 1, 1, 1, 166, 1, 1, 1, 1, 168, 1, 201, 1, 253, 1, 201, 52, 1, 73, 253, 73, 253, 21, 73, 21, 94, 1, 221, 253, 155, 1, 114, 1, 94, 221, 52, 64, 194, 1, 125, 52, 94, 1, 221, 33, 253, 231, 231, 231, 143, 1, 120, 231, 120, 221, 73, 96, 84, 1, 1, 96, 196, 94, 94, 1, 94, 52, 1, 208, 21, 52, 94, 94, 196, 94, 1, 218, 1, 265, 177, 1, 94, 265, 154, 1, 95, 202, 231, 52, 94, 73, 110, 94, 191, 84, 1, 29, 1, 52, 1, 1, 84, 1, 16, 264, 122, 257, 154, 1, 122, 1, 1, 154, 1, 85, 185, 122, 221, 84, 1, 154, 1, 25, 1, 192, 209, 122, 49, 246, 154, 49, 1, 1, 1, 1, 125, 125, 84, 84, 220, 110, 1, 1, 25, 84, 110, 1, 25, 94, 112, 1, 218, 154, 73, 43, 36, 233, 257, 1, 154, 43, 154, 246, 1, 1, 1, 39, 39, 52, 94, 39, 43, 1, 7, 218, 39, 39, 218, 21, 39, 39, 94, 1, 1, 1, 39, 1, 205, 1, 246, 31, 218, 154, 1, 1, 94, 218, 1, 52, 200, 268, 246, 1, 94, 21, 49, 1, 1, 1, 257, 52, 1, 52, 1, 100, 154, 52, 1, 154, 1, 1, 1, 1, 164, 201, 1, 246, 154, 96, 1, 84, 1, 0, 52, 1, 110, 208, 39, 253, 52, 51, 33, 96, 33, 52, 31, 21, 1, 168, 39, 1, 43, 52, 110, 21, 96, 73, 1, 218, 49, 1, 1, 1, 21, 100, 179, 94, 1, 94, 1, 1, 164, 1, 252, 1, 5, 21, 247, 92, 1, 250, 1, 255, 49, 250, 250, 212, 5, 250, 255, 212, 238, 212, 250, 212, 250, 239, 212, 201, 19, 19, 196, 1, 250, 1, 201, 238, 98, 201, 212, 255, 212, 125, 253, 212, 96, 212, 212, 1, 177, 212, 218, 1, 12, 250, 6, 255, 250, 222, 212, 125, 49, 93, 212, 1, 201, 212, 178, 85, 175, 263, 212, 212, 212, 39, 163, 250, 95, 257, 212, 250, 1, 1, 212, 212, 201, 212, 250, 1, 212, 231, 212, 255, 212, 218, 212, 212, 212, 212, 212, 80, 212, 196, 212, 39, 