{"Run": 8, "K": 543, "WCSSD": 2081.85125194941, "Purity": 0.43453420721802344, "Time": 30.13929009437561, "Kmeans_Labels": [201, 200, 334, 334, 106, 115, 360, 107, 12, 12, 12, 458, 12, 401, 213, 12, 26, 88, 12, 242, 12, 12, 82, 401, 0, 88, 456, 88, 242, 145, 456, 12, 242, 88, 12, 456, 401, 401, 65, 401, 115, 360, 277, 245, 502, 12, 0, 128, 334, 12, 12, 115, 115, 456, 201, 411, 407, 88, 12, 12, 12, 88, 12, 268, 411, 158, 401, 200, 401, 411, 88, 12, 145, 39, 38, 12, 201, 12, 504, 12, 12, 100, 145, 88, 132, 456, 39, 12, 12, 12, 12, 12, 411, 42, 12, 12, 148, 12, 279, 12, 132, 38, 12, 474, 474, 360, 360, 197, 145, 496, 121, 145, 121, 401, 201, 38, 82, 12, 100, 44, 12, 148, 44, 12, 12, 44, 197, 12, 341, 12, 258, 226, 74, 12, 334, 242, 100, 517, 12, 12, 125, 12, 12, 242, 44, 44, 12, 12, 12, 12, 44, 147, 39, 242, 186, 44, 12, 12, 12, 334, 12, 44, 44, 12, 360, 44, 528, 29, 382, 39, 26, 12, 292, 115, 44, 12, 268, 168, 44, 269, 12, 12, 12, 12, 44, 12, 44, 12, 12, 100, 12, 125, 235, 44, 162, 334, 12, 148, 12, 298, 132, 12, 26, 268, 44, 132, 44, 132, 39, 100, 12, 100, 132, 132, 132, 44, 44, 298, 65, 125, 132, 38, 318, 65, 83, 44, 12, 298, 115, 44, 12, 12, 132, 12, 344, 82, 298, 242, 12, 12, 44, 12, 125, 132, 115, 132, 82, 356, 148, 44, 298, 298, 12, 530, 456, 12, 44, 334, 44, 356, 100, 201, 65, 12, 59, 12, 148, 474, 12, 101, 492, 360, 275, 334, 360, 334, 100, 334, 349, 474, 44, 299, 201, 12, 360, 360, 268, 474, 360, 341, 44, 360, 12, 360, 197, 360, 197, 297, 12, 115, 168, 297, 12, 197, 197, 360, 360, 360, 360, 121, 125, 201, 197, 339, 298, 201, 294, 121, 71, 197, 466, 121, 115, 121, 268, 65, 12, 201, 125, 201, 242, 44, 44, 201, 115, 278, 44, 201, 88, 44, 12, 82, 446, 148, 44, 100, 12, 44, 12, 294, 512, 12, 115, 12, 454, 201, 489, 382, 177, 80, 377, 12, 100, 80, 27, 125, 78, 377, 44, 12, 377, 377, 78, 44, 78, 44, 44, 44, 93, 26, 93, 197, 44, 456, 12, 115, 115, 2, 334, 12, 216, 334, 26, 275, 261, 12, 268, 34, 12, 331, 125, 12, 7, 12, 12, 125, 44, 12, 12, 12, 12, 66, 411, 172, 200, 12, 334, 148, 39, 44, 39, 12, 12, 12, 245, 474, 12, 22, 195, 377, 377, 168, 12, 39, 12, 129, 129, 242, 242, 12, 12, 12, 147, 147, 155, 155, 121, 121, 114, 470, 65, 65, 114, 144, 12, 376, 376, 31, 80, 80, 395, 395, 12, 411, 411, 242, 411, 411, 411, 411, 411, 411, 12, 411, 311, 125, 456, 145, 353, 353, 132, 132, 12, 298, 298, 12, 12, 485, 485, 49, 147, 12, 45, 45, 199, 16, 12, 147, 147, 12, 132, 14, 125, 380, 380, 12, 42, 42, 506, 12, 12, 407, 12, 12, 334, 334, 334, 163, 334, 309, 358, 531, 309, 358, 358, 309, 531, 145, 505, 98, 98, 360, 145, 145, 20, 20, 145, 145, 114, 65, 444, 413, 413, 298, 298, 12, 12, 121, 121, 114, 114, 474, 474, 289, 205, 12, 147, 147, 147, 147, 34, 407, 484, 484, 65, 346, 346, 65, 65, 12, 12, 378, 378, 12, 12, 114, 114, 361, 12, 12, 12, 512, 512, 431, 407, 407, 316, 316, 407, 80, 80, 89, 203, 89, 12, 12, 4, 4, 78, 78, 78, 78, 78, 78, 78, 78, 12, 377, 377, 78, 78, 78, 78, 365, 365, 40, 40, 377, 407, 12, 34, 88, 404, 33, 33, 33, 33, 33, 33, 33, 33, 33, 65, 65, 33, 33, 33, 401, 33, 220, 33, 33, 407, 33, 33, 179, 33, 268, 245, 245, 12, 80, 443, 443, 26, 26, 411, 411, 148, 201, 411, 411, 148, 12, 12, 12, 411, 407, 124, 245, 268, 12, 12, 12, 12, 168, 245, 12, 298, 26, 42, 42, 334, 145, 145, 145, 12, 520, 26, 12, 411, 400, 12, 12, 253, 320, 103, 42, 42, 245, 518, 12, 82, 49, 42, 298, 42, 12, 12, 42, 42, 400, 400, 42, 42, 42, 12, 380, 42, 42, 320, 12, 380, 380, 42, 159, 249, 126, 12, 334, 474, 464, 193, 114, 193, 474, 284, 121, 193, 474, 197, 98, 360, 474, 415, 98, 121, 139, 145, 197, 145, 201, 238, 145, 145, 8, 114, 130, 8, 488, 121, 113, 444, 12, 201, 121, 121, 121, 12, 12, 406, 114, 114, 120, 121, 121, 121, 387, 121, 114, 387, 280, 121, 400, 121, 387, 114, 73, 121, 114, 121, 148, 264, 400, 400, 433, 114, 255, 255, 255, 433, 323, 323, 147, 178, 178, 121, 46, 88, 88, 46, 178, 12, 416, 12, 12, 400, 281, 12, 407, 12, 12, 12, 201, 201, 316, 498, 400, 201, 12, 407, 211, 12, 12, 12, 12, 12, 152, 533, 533, 12, 12, 377, 319, 319, 400, 78, 80, 80, 4, 268, 286, 78, 26, 80, 78, 286, 12, 78, 78, 407, 80, 26, 26, 12, 377, 377, 377, 256, 12, 121, 377, 78, 211, 38, 114, 114, 114, 377, 242, 114, 411, 181, 12, 411, 242, 204, 12, 12, 12, 12, 12, 400, 12, 421, 425, 232, 320, 219, 414, 336, 12, 114, 474, 114, 525, 114, 115, 100, 26, 26, 26, 468, 39, 233, 242, 12, 26, 12, 382, 88, 115, 12, 201, 500, 377, 201, 500, 12, 12, 9, 12, 9, 51, 465, 474, 51, 245, 51, 482, 9, 9, 377, 468, 9, 468, 18, 527, 527, 468, 468, 495, 527, 527, 468, 468, 60, 115, 310, 51, 468, 48, 468, 482, 482, 527, 9, 51, 229, 527, 468, 527, 51, 468, 482, 482, 527, 51, 51, 527, 468, 51, 468, 12, 468, 468, 468, 63, 9, 12, 341, 345, 330, 468, 12, 456, 12, 9, 9, 527, 456, 268, 51, 389, 535, 468, 456, 315, 527, 12, 315, 468, 48, 468, 12, 12, 468, 468, 315, 9, 115, 242, 0, 468, 468, 527, 468, 468, 51, 468, 315, 315, 468, 69, 48, 468, 468, 468, 468, 9, 456, 14, 69, 468, 468, 158, 12, 539, 168, 12, 9, 468, 9, 456, 51, 468, 133, 51, 48, 468, 468, 468, 88, 9, 357, 468, 51, 51, 51, 468, 51, 468, 235, 468, 527, 215, 527, 12, 451, 51, 51, 48, 276, 10, 468, 9, 343, 320, 115, 12, 468, 315, 165, 468, 315, 168, 12, 468, 468, 34, 9, 51, 315, 166, 468, 468, 369, 9, 9, 468, 167, 468, 125, 12, 527, 315, 468, 315, 51, 69, 315, 468, 0, 468, 371, 9, 185, 12, 126, 342, 51, 468, 48, 9, 51, 51, 51, 468, 12, 51, 70, 9, 468, 9, 245, 51, 468, 468, 100, 468, 9, 12, 468, 12, 468, 527, 9, 524, 12, 51, 315, 51, 69, 115, 9, 51, 482, 468, 468, 468, 235, 320, 167, 73, 9, 14, 55, 468, 51, 468, 283, 9, 12, 495, 527, 468, 527, 9, 527, 465, 315, 51, 12, 524, 9, 468, 527, 51, 51, 468, 14, 12, 468, 51, 9, 468, 9, 12, 474, 51, 276, 51, 527, 12, 468, 117, 474, 468, 51, 9, 468, 51, 201, 136, 26, 468, 9, 9, 468, 467, 468, 51, 468, 51, 12, 48, 100, 456, 468, 468, 51, 468, 51, 51, 51, 245, 51, 51, 51, 383, 12, 467, 487, 382, 320, 468, 468, 9, 51, 468, 334, 51, 51, 468, 457, 9, 294, 9, 51, 468, 48, 315, 468, 9, 396, 9, 527, 171, 383, 51, 12, 242, 242, 468, 468, 468, 51, 396, 51, 5, 9, 51, 441, 51, 527, 51, 456, 524, 482, 51, 12, 315, 523, 9, 467, 76, 519, 48, 158, 9, 315, 441, 51, 9, 468, 523, 80, 51, 377, 51, 315, 117, 51, 9, 468, 468, 468, 12, 9, 377, 9, 386, 527, 9, 12, 513, 468, 468, 9, 115, 69, 527, 9, 468, 135, 9, 48, 468, 468, 9, 468, 242, 334, 115, 393, 29, 115, 321, 115, 115, 115, 115, 456, 449, 115, 12, 12, 341, 115, 242, 65, 115, 148, 26, 197, 115, 115, 80, 39, 83, 83, 83, 12, 12, 47, 114, 377, 403, 187, 420, 80, 100, 78, 80, 78, 362, 231, 245, 200, 298, 407, 400, 433, 12, 197, 12, 12, 334, 78, 414, 408, 334, 12, 201, 137, 360, 234, 197, 12, 64, 78, 298, 12, 474, 298, 12, 121, 472, 145, 82, 39, 474, 407, 34, 163, 412, 12, 65, 12, 125, 474, 65, 12, 402, 121, 88, 114, 145, 298, 12, 520, 530, 12, 245, 114, 425, 498, 520, 12, 474, 115, 422, 30, 242, 198, 397, 12, 298, 65, 12, 78, 34, 24, 443, 12, 114, 12, 12, 12, 12, 12, 80, 224, 274, 158, 52, 12, 34, 400, 82, 12, 423, 12, 245, 400, 360, 12, 78, 12, 12, 259, 197, 225, 100, 82, 78, 12, 201, 154, 303, 12, 88, 436, 12, 12, 12, 12, 88, 125, 114, 125, 12, 147, 81, 195, 394, 320, 268, 148, 125, 12, 400, 12, 456, 190, 334, 82, 334, 158, 12, 12, 100, 34, 148, 12, 214, 403, 314, 80, 12, 78, 114, 80, 12, 78, 78, 78, 78, 334, 187, 12, 12, 82, 231, 12, 190, 12, 407, 400, 147, 12, 201, 12, 433, 197, 81, 82, 73, 245, 121, 245, 121, 407, 245, 82, 82, 12, 537, 121, 114, 88, 39, 12, 334, 537, 334, 12, 121, 137, 145, 294, 537, 114, 537, 82, 154, 474, 474, 474, 360, 333, 197, 163, 197, 537, 245, 268, 65, 100, 82, 52, 360, 12, 504, 148, 294, 397, 12, 334, 414, 114, 12, 148, 360, 115, 400, 115, 436, 65, 530, 12, 503, 65, 88, 12, 168, 320, 474, 112, 214, 245, 198, 400, 65, 298, 100, 298, 12, 407, 425, 12, 298, 394, 456, 12, 64, 242, 88, 35, 459, 402, 438, 88, 12, 147, 12, 234, 537, 298, 73, 88, 12, 16, 12, 12, 12, 423, 520, 125, 88, 520, 197, 274, 12, 12, 422, 145, 298, 298, 12, 16, 268, 12, 355, 12, 16, 407, 16, 334, 382, 12, 115, 88, 12, 448, 334, 12, 268, 412, 526, 456, 268, 125, 26, 12, 268, 34, 477, 294, 272, 34, 158, 12, 88, 30, 