{"Run": 4, "K": 48, "WCSSD": 2790.4366068925146, "Purity": 0.26599722901641953, "Time": 2.01647686958313, "Kmeans_Labels": [30, 34, 30, 30, 30, 30, 34, 30, 34, 30, 30, 30, 30, 21, 30, 34, 30, 38, 30, 30, 30, 30, 21, 34, 21, 38, 30, 38, 30, 2, 21, 30, 30, 38, 21, 30, 30, 21, 30, 21, 21, 19, 30, 21, 19, 30, 21, 21, 30, 30, 30, 21, 21, 30, 38, 30, 18, 34, 30, 30, 30, 41, 38, 25, 30, 34, 34, 34, 21, 34, 38, 30, 2, 30, 21, 30, 30, 30, 30, 30, 30, 18, 2, 38, 30, 30, 21, 30, 30, 30, 30, 30, 30, 30, 30, 30, 30, 30, 30, 30, 30, 21, 30, 2, 30, 30, 2, 2, 2, 21, 19, 2, 19, 21, 19, 21, 21, 30, 21, 31, 30, 30, 31, 30, 30, 31, 21, 30, 21, 30, 31, 31, 30, 30, 30, 30, 30, 30, 30, 21, 14, 10, 10, 14, 31, 31, 30, 30, 30, 30, 31, 20, 30, 30, 30, 31, 30, 30, 30, 30, 30, 31, 31, 30, 30, 31, 30, 18, 18, 30, 31, 30, 30, 21, 31, 30, 25, 30, 31, 30, 30, 21, 30, 30, 31, 30, 31, 30, 30, 21, 30, 14, 21, 31, 30, 30, 30, 21, 30, 30, 25, 38, 30, 25, 31, 30, 31, 30, 30, 30, 30, 30, 30, 30, 21, 31, 31, 30, 30, 14, 31, 30, 30, 30, 21, 31, 30, 30, 21, 31, 30, 30, 21, 30, 30, 30, 30, 30, 30, 21, 31, 30, 14, 30, 21, 30, 30, 30, 21, 31, 30, 19, 30, 31, 21, 30, 31, 30, 31, 30, 21, 30, 30, 30, 31, 30, 21, 31, 18, 25, 30, 14, 21, 30, 30, 30, 21, 30, 31, 31, 31, 2, 8, 30, 30, 30, 25, 2, 30, 21, 31, 30, 30, 19, 30, 19, 30, 2, 30, 21, 30, 2, 30, 30, 30, 19, 19, 30, 19, 19, 14, 8, 19, 30, 19, 8, 30, 19, 19, 21, 19, 19, 21, 19, 25, 30, 30, 30, 14, 19, 30, 31, 31, 30, 21, 30, 31, 30, 38, 31, 30, 21, 14, 21, 31, 21, 21, 31, 30, 21, 14, 21, 21, 30, 30, 30, 30, 18, 15, 33, 33, 30, 21, 33, 30, 14, 39, 33, 31, 30, 33, 33, 39, 31, 39, 31, 31, 31, 21, 21, 21, 21, 31, 30, 30, 21, 21, 38, 30, 21, 30, 30, 30, 30, 30, 30, 25, 18, 30, 31, 14, 30, 30, 30, 21, 14, 31, 30, 30, 30, 21, 18, 30, 30, 34, 30, 30, 21, 30, 45, 21, 30, 30, 30, 30, 30, 30, 19, 15, 33, 33, 30, 30, 21, 30, 18, 18, 21, 21, 18, 30, 30, 20, 20, 30, 30, 19, 19, 30, 19, 30, 30, 19, 21, 30, 30, 30, 21, 33, 33, 30, 30, 30, 30, 30, 30, 30, 30, 30, 30, 30, 30, 30, 30, 30, 14, 30, 2, 30, 30, 30, 30, 30, 30, 30, 30, 30, 30, 30, 30, 20, 30, 30, 30, 30, 18, 34, 20, 20, 34, 21, 30, 14, 30, 30, 30, 30, 30, 2, 30, 30, 30, 30, 30, 30, 30, 30, 30, 30, 30, 30, 30, 30, 30, 30, 30, 30, 2, 30, 19, 19, 19, 2, 2, 2, 2, 2, 2, 19, 30, 19, 19, 19, 19, 19, 30, 30, 19, 19, 19, 19, 30, 30, 19, 19, 30, 20, 20, 20, 20, 30, 30, 14, 14, 36, 30, 30, 30, 30, 30, 30, 30, 30, 30, 30, 30, 30, 14, 30, 30, 30, 14, 14, 21, 30, 30, 30, 30, 21, 33, 33, 20, 30, 20, 30, 30, 39, 39, 39, 39, 33, 33, 33, 33, 33, 33, 30, 33, 33, 39, 39, 39, 39, 39, 39, 33, 33, 33, 18, 30, 30, 38, 21, 13, 13, 13, 13, 13, 13, 13, 13, 13, 13, 30, 13, 13, 13, 21, 13, 13, 13, 13, 21, 13, 13, 13, 13, 25, 30, 30, 30, 33, 30, 30, 30, 30, 30, 30, 30, 30, 14, 14, 21, 46, 34, 46, 30, 30, 30, 21, 25, 30, 30, 30, 30, 30, 30, 30, 30, 34, 2, 2, 30, 2, 2, 2, 30, 30, 30, 30, 30, 30, 30, 30, 30, 30, 30, 30, 30, 21, 2, 30, 30, 30, 30, 30, 30, 30, 30, 30, 2, 30, 30, 30, 30, 30, 30, 30, 2, 30, 30, 30, 30, 30, 30, 2, 30, 2, 30, 30, 30, 14, 30, 30, 30, 30, 30, 19, 30, 2, 2, 19, 19, 2, 19, 19, 19, 19, 2, 2, 2, 2, 19, 19, 2, 2, 30, 19, 2, 19, 19, 2, 19, 30, 20, 19, 19, 19, 30, 30, 19, 19, 19, 19, 19, 19, 19, 19, 19, 12, 19, 19, 19, 19, 19, 19, 19, 30, 19, 19, 19, 30, 19, 19, 19, 14, 20, 19, 19, 19, 19, 30, 30, 20, 19, 19, 19, 19, 38, 38, 19, 30, 30, 21, 30, 30, 30, 14, 30, 21, 30, 30, 30, 19, 19, 30, 30, 30, 14, 30, 21, 30, 30, 30, 30, 30, 30, 21, 30, 30, 30, 30, 33, 33, 33, 30, 39, 33, 33, 39, 25, 33, 33, 30, 33, 33, 33, 30, 33, 33, 30, 33, 30, 30, 21, 33, 33, 33, 21, 30, 19, 33, 39, 30, 21, 30, 30, 30, 33, 30, 21, 30, 30, 30, 30, 30, 30, 18, 30, 30, 30, 30, 30, 30, 30, 30, 30, 30, 30, 30, 30, 30, 19, 19, 42, 19, 19, 21, 30, 30, 30, 30, 1, 30, 30, 30, 30, 30, 30, 21, 38, 21, 30, 19, 19, 33, 19, 19, 30, 30, 1, 30, 1, 47, 18, 30, 47, 21, 47, 47, 1, 1, 33, 1, 1, 1, 18, 1, 1, 1, 1, 18, 1, 1, 6, 1, 47, 18, 1, 47, 1, 1, 1, 1, 21, 1, 1, 47, 1, 1, 1, 1, 47, 1, 47, 21, 1, 47, 47, 1, 1, 47, 1, 30, 1, 1, 1, 1, 1, 30, 21, 47, 1, 1, 30, 30, 30, 1, 1, 1, 21, 25, 47, 1, 47, 1, 30, 1, 1, 30, 1, 1, 1, 1, 30, 30, 1, 1, 1, 1, 21, 30, 1, 1, 1, 1, 1, 1, 47, 1, 1, 1, 1, 18, 1, 1, 1, 1, 1, 1, 34, 21, 1, 1, 1, 30, 30, 30, 18, 30, 1, 1, 1, 30, 47, 1, 18, 47, 1, 1, 1, 1, 38, 1, 18, 1, 47, 47, 47, 1, 47, 1, 30, 1, 1, 1, 1, 30, 30, 47, 47, 1, 1, 1, 1, 1, 1, 1, 21, 30, 1, 1, 47, 1, 1, 18, 30, 1, 1, 18, 1, 47, 1, 1, 1, 1, 1, 1, 1, 1, 47, 1, 14, 30, 1, 30, 1, 20, 47, 1, 1, 1, 1, 1, 30, 1, 1, 30, 30, 47, 47, 1, 1, 1, 47, 47, 47, 1, 30, 47, 18, 1, 1, 1, 21, 47, 1, 6, 21, 1, 1, 30, 1, 30, 3, 1, 1, 1, 30, 47, 1, 11, 1, 18, 1, 47, 1, 1, 1, 1, 21, 21, 47, 18, 1, 21, 47, 1, 1, 1, 1, 1, 30, 18, 1, 1, 1, 1, 1, 18, 1, 47, 30, 1, 1, 1, 1, 47, 47, 1, 30, 30, 1, 47, 1, 1, 1, 30, 30, 47, 1, 47, 1, 30, 1, 21, 1, 1, 47, 1, 1, 47, 19, 47, 21, 1, 1, 1, 1, 21, 1, 47, 1, 47, 30, 1, 21, 21, 1, 1, 47, 1, 47, 47, 47, 21, 47, 47, 47, 1, 30, 1, 1, 1, 21, 1, 1, 1, 47, 1, 21, 47, 47, 1, 47, 1, 21, 1, 47, 1, 1, 1, 1, 1, 47, 1, 1, 1, 1, 47, 30, 30, 21, 1, 1, 1, 47, 47, 47, 1, 1, 47, 1, 47, 1, 47, 21, 1, 47, 47, 21, 1, 1, 1, 30, 47, 1, 1, 21, 1, 1, 1, 47, 1, 1, 1, 33, 47, 33, 47, 33, 21, 47, 1, 1, 1, 1, 21, 1, 33, 1, 1, 1, 1, 30, 1, 1, 1, 1, 21, 21, 1, 1, 1, 1, 1, 1, 1, 1, 1, 1, 30, 18, 21, 18, 18, 21, 30, 21, 21, 21, 21, 34, 21, 21, 30, 30, 21, 21, 30, 30, 21, 30, 21, 30, 21, 21, 33, 21, 21, 21, 21, 30, 30, 15, 30, 33, 5, 33, 15, 33, 30, 33, 33, 39, 33, 21, 21, 34, 30, 30, 30, 19, 30, 30, 30, 30, 30, 39, 30, 21, 30, 30, 43, 30, 30, 30, 30, 33, 30, 39, 30, 30, 30, 30, 30, 19, 30, 2, 30, 38, 2, 30, 30, 30, 30, 30, 21, 30, 14, 30, 36, 30, 30, 19, 38, 19, 2, 30, 30, 30, 30, 30, 21, 30, 30, 19, 30, 30, 30, 29, 2, 34, 38, 18, 30, 30, 30, 30, 30, 39, 18, 5, 30, 30, 19, 30, 30, 30, 0, 30, 33, 30, 30, 38, 25, 30, 14, 30, 21, 30, 30, 30, 30, 30, 30, 30, 39, 30, 30, 30, 30, 30, 30, 26, 39, 30, 8, 19, 30, 30, 38, 30, 30, 30, 30, 30, 38, 14, 21, 14, 30, 20, 30, 15, 30, 30, 30, 34, 14, 30, 30, 30, 30, 30, 30, 21, 21, 38, 30, 30, 30, 18, 21, 9, 30, 5, 18, 33, 30, 39, 19, 33, 30, 39, 33, 39, 39, 30, 33, 30, 30, 30, 21, 21, 30, 30, 30, 30, 20, 30, 43, 30, 19, 30, 30, 21, 21, 21, 19, 21, 19, 21, 21, 18, 18, 30, 18, 19, 19, 38, 38, 30, 21, 18, 18, 30, 19, 30, 2, 21, 18, 30, 18, 21, 19, 30, 30, 2, 30, 30, 30, 30, 30, 18, 21, 25, 36, 21, 21, 25, 30, 18, 18, 21, 18, 30, 30, 18, 30, 18, 18, 21, 30, 21, 30, 21, 30, 30, 30, 21, 30, 30, 38, 30, 18, 30, 30, 30, 30, 21, 18, 30, 21, 30, 21, 30, 30, 21, 30, 21, 30, 30, 30, 30, 30, 38, 38, 30, 30, 30, 30, 38, 30, 20, 30, 30, 18, 30, 30, 38, 30, 18, 30, 30, 30, 30, 30, 14, 38, 30, 21, 30, 30, 30, 2, 2, 30, 30, 0, 18, 30, 30, 18, 30, 18, 18, 18, 21, 18, 30, 21, 38, 30, 38, 30, 30, 25, 30, 38, 38, 38, 14, 30, 30, 30, 34, 40, 18, 34, 30, 38, 30, 38, 40, 38, 38, 21, 30, 30, 14, 34, 30, 30, 30, 18, 30, 18, 18, 14, 30, 29, 38, 30, 30, 34, 21, 30, 21, 30, 30, 14, 30, 18, 21, 30, 30, 30, 30, 30, 21, 30, 30, 30, 21, 38, 14, 30, 38, 30, 30, 30, 30, 30, 8, 30, 7, 38, 25, 30, 30, 30, 21, 30, 30, 18, 18, 38, 19, 18, 21, 18, 25, 21, 30, 30, 21, 21, 20, 40, 30, 38, 21, 18, 21, 25, 30, 30, 21, 30, 18, 30, 30, 21, 38, 18, 21, 18, 18, 30, 30, 30, 30, 30, 30, 15, 21, 30, 18, 33, 33, 30, 39, 5, 33, 33, 35, 15, 33, 39, 35, 35, 35, 33, 35, 35, 30, 35, 35, 21, 35, 30, 30, 33, 30, 35, 30, 35, 35, 35, 39, 35, 2, 19, 35, 25, 35, 35, 30, 30, 35, 21, 30, 2, 33, 30, 39, 33, 35, 35, 2, 30, 30, 35, 30, 19, 35, 21, 20, 35, 30, 35, 35, 35, 35, 30, 33, 35, 35, 35, 33, 30, 30, 35, 35, 19, 35, 35, 30, 35, 35, 35, 39, 35, 21, 35, 35, 35, 35, 35, 35, 35, 19, 35, 4, 35, 15, 35, 33, 33, 18, 35, 19, 35, 35, 21, 35, 35, 33, 21, 35, 35, 14, 35, 35, 35, 39, 35, 35, 35, 35, 35, 35, 35, 35, 35, 35, 35, 35, 35, 35, 35, 35, 35, 21, 34, 35, 35, 15, 35, 35, 35, 35, 35, 35, 35, 35, 35, 30, 35, 35, 35, 35, 35, 21, 35, 35, 35, 35, 25, 35, 30, 21, 30, 18, 35, 35, 15, 35, 35, 35, 35, 35, 35, 35, 35, 35, 35, 35, 35, 35, 18, 35, 35, 30, 30, 35, 18, 35, 35, 21, 35, 35, 30, 35, 35, 35, 35, 35, 35, 35, 35, 35, 35, 35, 35, 35,