{"Run": 13, "K": 150, "WCSSD": 2574.014952780167, "Purity": 0.30498042896736205, "Time": 5.0512940883636475, "Kmeans_Labels": [6, 6, 28, 25, 6, 6, 74, 130, 6, 6, 6, 6, 84, 84, 53, 6, 77, 6, 6, 42, 6, 6, 6, 84, 84, 6, 6, 60, 42, 6, 84, 6, 42, 77, 6, 6, 84, 84, 84, 84, 6, 84, 55, 29, 84, 6, 84, 6, 6, 6, 6, 93, 93, 133, 6, 6, 6, 6, 49, 6, 6, 6, 6, 55, 70, 6, 84, 6, 84, 6, 84, 6, 6, 6, 88, 6, 6, 6, 77, 6, 6, 6, 40, 6, 130, 6, 93, 6, 6, 6, 6, 6, 141, 141, 6, 74, 6, 6, 130, 6, 130, 88, 6, 123, 123, 74, 74, 123, 6, 88, 8, 145, 145, 84, 40, 88, 93, 6, 6, 83, 6, 6, 83, 6, 6, 83, 6, 6, 88, 6, 83, 83, 6, 6, 6, 42, 6, 6, 6, 6, 60, 6, 6, 42, 83, 83, 6, 6, 6, 6, 83, 20, 6, 42, 6, 83, 6, 6, 6, 6, 6, 83, 83, 6, 74, 83, 6, 93, 6, 6, 77, 6, 6, 93, 83, 6, 149, 6, 134, 6, 6, 6, 6, 6, 83, 6, 83, 6, 6, 6, 6, 60, 93, 83, 6, 6, 6, 58, 6, 40, 130, 6, 77, 131, 83, 130, 143, 130, 6, 6, 6, 6, 130, 130, 130, 83, 83, 40, 6, 60, 130, 6, 59, 93, 93, 83, 6, 40, 93, 83, 6, 6, 130, 6, 86, 141, 40, 42, 6, 6, 83, 6, 60, 130, 93, 40, 6, 6, 58, 83, 109, 40, 6, 83, 93, 6, 83, 6, 83, 40, 6, 6, 123, 28, 123, 6, 58, 129, 93, 40, 93, 74, 93, 34, 74, 6, 93, 6, 83, 123, 83, 74, 6, 6, 74, 74, 149, 123, 74, 88, 83, 74, 6, 74, 34, 74, 34, 108, 6, 93, 6, 74, 6, 34, 34, 74, 74, 74, 74, 145, 60, 6, 34, 98, 40, 6, 77, 145, 145, 88, 145, 145, 93, 145, 147, 114, 6, 140, 60, 145, 42, 83, 83, 6, 93, 6, 83, 6, 6, 83, 6, 133, 63, 58, 83, 6, 6, 83, 6, 93, 60, 93, 93, 6, 6, 6, 28, 93, 17, 113, 113, 6, 133, 113, 27, 60, 97, 113, 83, 6, 113, 113, 81, 83, 81, 83, 83, 83, 6, 77, 6, 93, 83, 77, 6, 93, 93, 6, 6, 6, 6, 6, 77, 6, 55, 6, 149, 82, 6, 83, 60, 6, 6, 6, 6, 60, 83, 6, 6, 6, 6, 6, 6, 6, 6, 6, 34, 58, 6, 83, 93, 6, 19, 141, 42, 123, 6, 145, 17, 113, 113, 55, 93, 6, 6, 118, 118, 42, 42, 6, 6, 6, 20, 20, 40, 40, 145, 145, 6, 36, 6, 6, 133, 29, 6, 133, 133, 6, 113, 113, 6, 6, 6, 6, 6, 42, 55, 55, 6, 6, 6, 6, 6, 6, 82, 60, 6, 40, 141, 141, 130, 130, 141, 40, 40, 6, 6, 141, 141, 141, 20, 6, 40, 40, 6, 88, 6, 20, 20, 6, 130, 6, 60, 40, 40, 6, 141, 141, 123, 28, 28, 6, 6, 6, 6, 6, 6, 32, 6, 6, 123, 6, 123, 123, 123, 123, 6, 141, 6, 145, 145, 74, 40, 40, 0, 0, 145, 145, 145, 34, 96, 34, 34, 40, 40, 6, 6, 145, 145, 145, 145, 123, 123, 145, 145, 6, 20, 20, 20, 20, 82, 6, 60, 60, 92, 6, 6, 6, 6, 6, 6, 6, 6, 6, 6, 6, 6, 60, 6, 6, 6, 6, 6, 42, 6, 6, 6, 6, 88, 113, 113, 20, 6, 20, 133, 133, 81, 81, 81, 81, 81, 81, 81, 81, 81, 81, 6, 113, 113, 81, 81, 81, 81, 81, 81, 113, 113, 113, 6, 6, 82, 6, 6, 101, 101, 101, 101, 101, 101, 101, 101, 101, 92, 40, 101, 101, 101, 84, 101, 101, 101, 101, 93, 101, 101, 101, 16, 149, 6, 6, 6, 113, 55, 55, 77, 77, 6, 6, 6, 6, 6, 6, 6, 6, 6, 6, 6, 6, 6, 29, 149, 6, 6, 6, 6, 23, 6, 135, 40, 77, 141, 141, 6, 141, 141, 6, 6, 141, 77, 6, 141, 6, 6, 6, 141, 6, 141, 141, 141, 6, 141, 55, 6, 141, 141, 40, 31, 6, 55, 141, 141, 141, 6, 141, 141, 141, 110, 40, 31, 31, 6, 6, 40, 40, 141, 123, 141, 6, 6, 6, 123, 60, 123, 28, 34, 123, 6, 145, 123, 123, 123, 145, 74, 123, 30, 145, 145, 30, 145, 123, 145, 123, 145, 145, 145, 123, 6, 145, 145, 145, 145, 145, 96, 6, 20, 145, 145, 145, 6, 6, 145, 145, 145, 145, 145, 145, 8, 145, 145, 145, 145, 145, 145, 145, 145, 145, 145, 12, 145, 137, 145, 6, 137, 145, 145, 60, 20, 145, 145, 145, 145, 6, 6, 20, 145, 145, 145, 145, 42, 42, 145, 6, 6, 93, 6, 133, 120, 60, 133, 133, 133, 6, 6, 145, 145, 6, 6, 120, 60, 6, 133, 133, 6, 6, 6, 67, 67, 133, 133, 133, 6, 6, 113, 113, 113, 6, 81, 113, 113, 81, 149, 122, 81, 77, 113, 81, 122, 6, 81, 81, 6, 113, 133, 133, 133, 113, 113, 113, 133, 6, 145, 113, 81, 133, 88, 133, 133, 133, 113, 42, 6, 6, 77, 6, 6, 42, 6, 6, 6, 6, 6, 6, 6, 6, 6, 6, 6, 6, 100, 28, 77, 6, 69, 34, 145, 117, 145, 88, 133, 77, 77, 77, 46, 6, 6, 42, 6, 77, 6, 93, 77, 93, 6, 145, 145, 113, 145, 145, 146, 47, 46, 40, 46, 43, 6, 123, 43, 6, 43, 43, 46, 46, 113, 46, 46, 46, 118, 46, 46, 46, 46, 93, 46, 46, 46, 46, 43, 93, 46, 43, 46, 46, 46, 46, 93, 46, 46, 43, 46, 46, 46, 46, 43, 46, 93, 93, 46, 43, 43, 46, 46, 43, 46, 6, 46, 46, 46, 46, 46, 146, 88, 43, 46, 46, 6, 6, 6, 46, 46, 46, 88, 149, 136, 46, 43, 46, 6, 46, 46, 6, 46, 46, 46, 46, 146, 6, 46, 46, 46, 46, 88, 42, 46, 46, 46, 46, 46, 46, 43, 46, 46, 46, 46, 93, 46, 46, 46, 46, 46, 46, 6, 93, 46, 46, 46, 6, 6, 6, 87, 6, 46, 46, 46, 55, 43, 46, 6, 43, 46, 46, 46, 46, 6, 46, 82, 46, 43, 43, 43, 46, 43, 46, 6, 46, 46, 46, 46, 6, 55, 43, 43, 46, 46, 46, 46, 46, 46, 46, 133, 6, 46, 46, 43, 46, 46, 87, 47, 46, 46, 82, 46, 43, 46, 46, 46, 46, 46, 46, 46, 46, 43, 46, 60, 6, 46, 6, 71, 20, 43, 144, 46, 116, 84, 46, 6, 46, 46, 6, 6, 43, 43, 46, 46, 46, 43, 43, 43, 46, 6, 43, 87, 46, 46, 46, 6, 43, 46, 46, 93, 46, 46, 40, 46, 6, 46, 3, 46, 71, 6, 43, 46, 43, 93, 93, 46, 43, 46, 46, 46, 46, 6, 93, 43, 6, 46, 93, 43, 46, 46, 46, 46, 46, 28, 93, 46, 46, 46, 46, 46, 6, 46, 43, 6, 46, 46, 46, 46, 43, 43, 46, 6, 6, 46, 43, 46, 46, 46, 6, 123, 43, 46, 43, 46, 6, 46, 93, 123, 46, 43, 46, 46, 43, 145, 15, 77, 46, 46, 46, 46, 93, 46, 43, 46, 15, 6, 46, 93, 93, 46, 46, 43, 46, 43, 43, 43, 6, 43, 43, 43, 46, 133, 46, 46, 46, 93, 46, 46, 46, 43, 46, 93, 43, 43, 46, 43, 46, 93, 46, 43, 46, 46, 46, 103, 46, 43, 46, 46, 42, 46, 43, 6, 42, 42, 46, 46, 46, 43, 43, 43, 46, 46, 43, 46, 43, 46, 43, 93, 46, 43, 43, 93, 46, 46, 41, 133, 43, 46, 46, 6, 46, 46, 46, 43, 46, 46, 46, 113, 43, 113, 43, 113, 93, 43, 46, 46, 46, 46, 93, 46, 113, 46, 46, 46, 46, 6, 46, 46, 46, 46, 93, 93, 46, 46, 46, 144, 46, 46, 46, 46, 46, 46, 42, 118, 93, 9, 93, 93, 6, 93, 93, 93, 93, 93, 93, 93, 6, 127, 88, 93, 128, 6, 93, 133, 77, 127, 93, 93, 113, 84, 93, 93, 93, 6, 6, 6, 133, 113, 6, 113, 17, 113, 133, 113, 113, 81, 113, 93, 6, 6, 40, 6, 120, 145, 61, 34, 6, 6, 133, 81, 28, 93, 6, 6, 6, 6, 6, 141, 6, 133, 141, 81, 40, 6, 123, 40, 6, 145, 6, 145, 133, 133, 34, 6, 82, 32, 6, 6, 93, 6, 60, 123, 40, 6, 6, 145, 6, 145, 141, 40, 6, 6, 6, 6, 29, 6, 6, 145, 141, 6, 123, 6, 6, 6, 42, 88, 6, 133, 40, 6, 6, 81, 82, 6, 55, 6, 145, 6, 6, 6, 6, 133, 113, 5, 35, 6, 149, 6, 82, 88, 44, 6, 111, 6, 6, 6, 74, 6, 81, 132, 6, 6, 6, 6, 6, 93, 81, 106, 6, 145, 6, 6, 77, 6, 6, 6, 76, 6, 6, 60, 52, 60, 6, 20, 6, 17, 6, 6, 6, 6, 60, 142, 77, 6, 68, 6, 6, 93, 119, 6, 10, 6, 6, 82, 6, 6, 6, 6, 118, 113, 142, 81, 145, 113, 6, 81, 113, 81, 81, 133, 113, 133, 6, 133, 93, 88, 6, 6, 6, 120, 20, 6, 6, 6, 145, 6, 6, 93, 118, 29, 145, 29, 145, 93, 6, 93, 28, 106, 118, 145, 145, 6, 133, 6, 93, 118, 93, 6, 145, 6, 145, 93, 118, 6, 118, 11, 145, 123, 123, 34, 6, 6, 6, 32, 34, 118, 29, 149, 40, 6, 93, 149, 74, 6, 118, 88, 118, 6, 6, 6, 28, 93, 118, 6, 74, 93, 6, 93, 6, 6, 6, 6, 88, 6, 6, 6, 6, 6, 123, 6, 6, 6, 88, 88, 93, 40, 133, 40, 6, 133, 6, 6, 40, 6, 68, 6, 141, 42, 6, 6, 141, 6, 6, 77, 6, 20, 6, 141, 118, 40, 6, 40, 10, 88, 6, 6, 6, 111, 141, 60, 6, 6, 6, 35, 6, 6, 6, 141, 40, 40, 6, 88, 6, 6, 88, 6, 88, 93, 88, 119, 93, 6, 93, 40, 6, 6, 6, 6, 42, 6, 6, 6, 149, 60, 65, 6, 28, 82, 82, 93, 93, 82, 6, 6, 6, 93, 82, 82, 93, 6, 6, 82, 6, 6, 6, 6, 82, 6, 93, 93, 60, 55, 6, 6, 76, 6, 6, 93, 6, 93, 6, 6, 60, 6, 88, 6, 6, 6, 6, 6, 42, 93, 6, 6, 132, 133, 6, 93, 5, 6, 6, 77, 6, 6, 55, 6, 6, 60, 6, 149, 6, 40, 6, 12, 6, 6, 88, 6, 82, 145, 93, 22, 118, 77, 11, 6, 55, 93, 118, 20, 82, 6, 6, 93, 88, 6, 55, 6, 6, 93, 6, 93, 28, 6, 6, 133, 6, 6, 6, 118, 6, 6, 55, 6, 6, 6, 17, 6, 133, 93, 133, 113, 61, 81, 6, 113, 113, 104, 94, 113, 81, 77, 130, 104, 113, 104, 113, 49, 104, 104, 88, 104, 74, 28, 113, 6, 104, 63, 50, 6, 6, 91, 105, 40, 145, 88, 149, 77, 104, 6, 6, 104, 93, 6, 40, 113, 31, 81, 113, 104, 104, 145, 141, 6, 104, 6, 137, 104, 133, 20, 104, 6, 104, 104, 104, 82, 6, 113, 87, 42, 104, 113, 6, 6, 104, 104, 145, 104, 113, 138, 104, 123, 104, 81, 104, 93, 104, 104, 104, 104, 104, 6, 104, 74, 104, 82, 104, 17, 141, 113, 81, 82, 104, 145, 104, 104, 93, 104, 104, 95, 72, 104, 104, 60, 104, 104, 104, 81, 104, 104, 104, 104, 104, 104, 104, 40, 104, 6, 104, 104, 14, 40, 104, 104, 104, 130, 104, 104, 104, 17, 104, 104, 104, 104, 104, 104, 104, 104, 104, 28, 104, 104, 40, 104, 104, 93, 104, 104, 104, 104, 149, 104, 