{"Run": 14, "K": 78, "WCSSD": 2696.7568611505276, "Purity": 0.3859146865158889, "Time": 2.137928009033203, "Kmeans_Labels": [3, 33, 42, 42, 3, 3, 25, 3, 3, 3, 3, 3, 55, 55, 3, 3, 56, 3, 28, 66, 3, 3, 6, 55, 55, 3, 55, 9, 3, 63, 55, 3, 3, 56, 66, 3, 55, 55, 55, 34, 57, 55, 3, 31, 55, 3, 55, 3, 3, 3, 3, 50, 50, 3, 3, 3, 3, 3, 42, 42, 3, 3, 3, 64, 3, 47, 55, 33, 55, 3, 55, 3, 63, 55, 25, 3, 3, 3, 56, 3, 3, 3, 63, 3, 3, 3, 6, 49, 3, 3, 3, 3, 3, 3, 3, 25, 3, 3, 3, 3, 3, 6, 3, 27, 27, 25, 25, 27, 63, 6, 32, 63, 32, 55, 3, 6, 50, 3, 57, 72, 3, 3, 72, 42, 42, 72, 3, 42, 6, 3, 72, 72, 3, 3, 3, 3, 57, 3, 3, 57, 9, 42, 42, 9, 72, 72, 3, 3, 3, 42, 72, 17, 3, 3, 3, 72, 3, 3, 42, 3, 3, 72, 72, 3, 25, 72, 3, 6, 3, 3, 72, 3, 3, 50, 72, 3, 64, 24, 72, 3, 57, 50, 3, 3, 72, 57, 72, 57, 3, 57, 57, 9, 57, 72, 42, 42, 3, 50, 3, 63, 63, 3, 56, 64, 72, 3, 72, 3, 3, 3, 3, 57, 72, 3, 3, 72, 72, 63, 3, 9, 72, 6, 3, 3, 57, 72, 3, 3, 50, 72, 3, 3, 50, 3, 3, 3, 3, 31, 3, 3, 68, 3, 9, 3, 50, 63, 48, 3, 50, 72, 25, 25, 3, 72, 50, 57, 72, 57, 72, 3, 57, 3, 27, 42, 72, 3, 50, 27, 3, 64, 6, 25, 57, 57, 25, 3, 57, 3, 72, 72, 72, 25, 3, 3, 25, 25, 64, 27, 25, 6, 72, 25, 3, 25, 25, 25, 3, 25, 27, 50, 24, 25, 25, 25, 25, 25, 25, 25, 25, 32, 9, 3, 25, 3, 32, 3, 56, 32, 32, 3, 32, 32, 50, 32, 64, 3, 3, 3, 7, 48, 3, 72, 72, 3, 50, 3, 72, 3, 3, 72, 3, 3, 9, 50, 72, 57, 3, 72, 3, 6, 9, 57, 50, 3, 3, 3, 3, 6, 75, 30, 30, 3, 3, 30, 32, 9, 62, 30, 72, 3, 30, 30, 62, 72, 62, 72, 72, 72, 57, 56, 57, 50, 72, 56, 3, 50, 50, 3, 42, 57, 3, 57, 56, 57, 3, 3, 64, 3, 3, 31, 9, 3, 42, 57, 3, 40, 72, 42, 42, 3, 6, 3, 3, 3, 33, 3, 25, 50, 3, 72, 3, 42, 3, 3, 31, 27, 3, 32, 75, 30, 30, 24, 3, 3, 3, 3, 3, 6, 6, 6, 42, 3, 17, 17, 3, 3, 32, 32, 3, 32, 3, 3, 32, 31, 57, 3, 3, 6, 30, 30, 3, 3, 3, 3, 3, 3, 3, 3, 42, 3, 3, 3, 42, 3, 64, 9, 3, 63, 3, 3, 3, 3, 3, 3, 3, 3, 3, 4, 4, 4, 17, 3, 3, 3, 3, 6, 3, 17, 17, 3, 3, 3, 9, 63, 63, 3, 63, 63, 63, 42, 42, 3, 3, 3, 3, 3, 3, 25, 3, 42, 27, 50, 27, 27, 27, 27, 50, 63, 42, 32, 32, 25, 63, 63, 25, 25, 63, 63, 32, 3, 74, 25, 25, 32, 32, 3, 3, 32, 32, 32, 32, 27, 27, 32, 32, 3, 17, 17, 17, 17, 3, 3, 9, 9, 3, 3, 3, 3, 3, 3, 3, 48, 48, 3, 3, 3, 3, 9, 3, 3, 3, 9, 9, 3, 3, 3, 3, 3, 6, 30, 30, 17, 57, 17, 3, 3, 62, 62, 62, 62, 62, 62, 62, 62, 62, 62, 3, 30, 30, 62, 62, 62, 62, 62, 62, 30, 30, 30, 3, 3, 3, 3, 55, 60, 60, 60, 60, 60, 60, 60, 60, 60, 60, 3, 60, 60, 60, 55, 60, 60, 60, 60, 6, 60, 60, 60, 60, 64, 31, 31, 3, 30, 24, 24, 56, 56, 3, 3, 3, 3, 9, 9, 6, 3, 3, 3, 3, 3, 42, 31, 64, 42, 3, 3, 3, 24, 31, 3, 42, 56, 63, 63, 3, 63, 63, 63, 3, 3, 56, 3, 3, 3, 3, 3, 3, 49, 63, 3, 3, 31, 63, 24, 3, 4, 63, 63, 63, 63, 24, 63, 63, 3, 3, 3, 3, 3, 3, 63, 63, 63, 18, 3, 63, 63, 3, 63, 31, 63, 3, 3, 27, 9, 27, 3, 27, 27, 3, 48, 27, 27, 3, 32, 16, 27, 32, 32, 32, 32, 63, 63, 63, 27, 32, 32, 63, 63, 3, 32, 63, 32, 32, 63, 74, 3, 17, 32, 32, 32, 3, 3, 48, 48, 48, 32, 32, 32, 32, 32, 32, 32, 32, 32, 48, 48, 32, 48, 32, 3, 48, 48, 48, 3, 48, 48, 48, 9, 17, 48, 48, 48, 3, 3, 3, 17, 48, 48, 48, 48, 3, 3, 48, 48, 3, 6, 3, 3, 3, 9, 3, 3, 3, 3, 3, 32, 32, 3, 48, 48, 9, 3, 6, 3, 3, 3, 50, 3, 3, 3, 3, 3, 3, 3, 30, 30, 30, 3, 62, 30, 30, 62, 64, 30, 62, 56, 62, 62, 30, 3, 62, 62, 3, 62, 24, 24, 3, 30, 30, 30, 3, 3, 32, 30, 62, 3, 6, 3, 3, 3, 30, 3, 3, 3, 56, 3, 3, 3, 3, 3, 3, 36, 3, 3, 3, 3, 3, 49, 3, 49, 3, 3, 56, 3, 32, 27, 32, 6, 2, 50, 3, 56, 56, 56, 26, 3, 42, 3, 3, 56, 3, 6, 58, 50, 44, 48, 32, 30, 48, 32, 3, 3, 26, 3, 26, 76, 57, 27, 76, 31, 76, 76, 26, 26, 30, 26, 26, 26, 6, 26, 26, 26, 26, 6, 26, 26, 26, 26, 76, 57, 26, 76, 26, 26, 26, 26, 6, 26, 26, 76, 26, 26, 26, 26, 76, 26, 6, 6, 26, 76, 76, 26, 26, 76, 26, 3, 26, 26, 26, 26, 26, 3, 6, 76, 26, 26, 3, 3, 54, 26, 26, 26, 50, 64, 76, 26, 76, 26, 3, 26, 26, 3, 26, 26, 26, 26, 3, 3, 26, 26, 26, 26, 50, 3, 55, 26, 26, 26, 26, 26, 76, 26, 26, 26, 26, 57, 26, 26, 26, 26, 26, 26, 3, 6, 26, 26, 26, 47, 3, 3, 24, 3, 26, 26, 26, 24, 76, 26, 57, 76, 26, 26, 26, 26, 3, 26, 50, 26, 76, 76, 76, 26, 76, 26, 57, 26, 26, 26, 26, 3, 24, 76, 76, 26, 26, 26, 26, 26, 26, 26, 6, 3, 26, 26, 76, 26, 26, 24, 3, 26, 26, 50, 26, 76, 26, 26, 26, 52, 26, 26, 26, 26, 76, 26, 9, 3, 26, 3, 26, 17, 76, 26, 26, 26, 55, 26, 57, 26, 26, 3, 3, 76, 76, 26, 26, 26, 76, 76, 76, 26, 3, 76, 24, 26, 26, 26, 31, 76, 26, 26, 57, 26, 26, 3, 26, 3, 26, 26, 26, 26, 3, 76, 26, 76, 57, 57, 26, 76, 26, 26, 26, 26, 57, 49, 76, 3, 26, 3, 76, 26, 26, 26, 26, 26, 3, 3, 26, 26, 26, 26, 26, 57, 26, 76, 3, 26, 26, 26, 26, 76, 76, 26, 3, 3, 26, 76, 26, 26, 26, 3, 27, 76, 26, 76, 26, 3, 26, 6, 27, 26, 76, 26, 26, 39, 32, 76, 21, 26, 26, 26, 26, 50, 26, 76, 26, 76, 3, 26, 6, 50, 26, 26, 76, 26, 76, 76, 76, 31, 76, 76, 76, 26, 57, 26, 26, 26, 49, 26, 26, 26, 76, 26, 50, 76, 76, 26, 76, 26, 6, 26, 76, 26, 26, 26, 26, 26, 76, 26, 26, 26, 26, 76, 3, 57, 6, 26, 26, 26, 0, 76, 76, 26, 26, 76, 26, 76, 26, 76, 50, 26, 76, 76, 3, 26, 26, 26, 50, 76, 26, 26, 47, 26, 26, 26, 76, 26, 26, 26, 41, 76, 30, 76, 30, 6, 76, 26, 26, 23, 26, 6, 26, 30, 26, 26, 26, 26, 3, 26, 26, 26, 26, 57, 57, 26, 26, 26, 26, 26, 26, 26, 26, 26, 26, 3, 6, 50, 57, 6, 50, 3, 50, 50, 50, 50, 50, 57, 50, 3, 42, 6, 50, 3, 3, 50, 3, 56, 42, 50, 50, 62, 55, 57, 57, 57, 44, 3, 75, 3, 71, 3, 30, 75, 30, 3, 62, 30, 62, 30, 3, 31, 33, 63, 55, 3, 48, 3, 3, 3, 3, 3, 62, 3, 6, 42, 3, 48, 3, 3, 3, 3, 3, 4, 15, 3, 3, 27, 3, 3, 32, 42, 63, 3, 3, 27, 50, 3, 3, 3, 3, 50, 3, 9, 27, 25, 3, 3, 32, 3, 2, 63, 3, 3, 3, 3, 42, 31, 3, 49, 48, 3, 3, 27, 57, 63, 3, 3, 6, 6, 3, 3, 3, 3, 62, 3, 3, 24, 3, 32, 3, 3, 3, 3, 3, 62, 3, 3, 47, 64, 3, 9, 3, 6, 3, 3, 3, 31, 3, 25, 3, 62, 3, 3, 3, 3, 3, 3, 3, 62, 3, 3, 32, 3, 3, 58, 22, 3, 42, 3, 3, 3, 9, 57, 9, 3, 17, 3, 75, 3, 49, 64, 33, 9, 62, 56, 57, 3, 3, 3, 50, 6, 47, 3, 3, 3, 3, 50, 3, 3, 3, 57, 62, 62, 62, 32, 30, 57, 15, 62, 62, 62, 3, 30, 3, 57, 3, 3, 3, 3, 3, 55, 3, 17, 3, 48, 3, 48, 3, 3, 50, 3, 31, 32, 31, 32, 3, 31, 6, 6, 3, 57, 32, 2, 3, 3, 3, 6, 57, 6, 3, 32, 3, 63, 6, 57, 3, 57, 45, 32, 27, 27, 27, 3, 3, 3, 3, 3, 57, 31, 64, 25, 66, 50, 64, 25, 6, 35, 50, 3, 6, 57, 3, 3, 50, 3, 3, 25, 6, 3, 50, 22, 3, 3, 3, 3, 3, 3, 3, 24, 49, 27, 3, 3, 31, 6, 3, 50, 3, 3, 63, 3, 6, 49, 3, 3, 3, 3, 3, 4, 3, 3, 3, 3, 3, 3, 58, 61, 17, 3, 3, 57, 3, 3, 3, 3, 6, 3, 3, 3, 3, 3, 9, 58, 3, 3, 3, 3, 3, 63, 63, 3, 3, 3, 6, 64, 3, 6, 3, 6, 3, 6, 6, 6, 3, 50, 3, 31, 47, 3, 3, 64, 3, 3, 47, 64, 9, 56, 3, 42, 3, 3, 6, 6, 3, 47, 3, 3, 50, 3, 3, 6, 3, 3, 9, 33, 3, 3, 42, 3, 3, 6, 3, 9, 24, 57, 3, 3, 42, 3, 6, 3, 6, 3, 3, 9, 3, 6, 50, 3, 42, 42, 3, 3, 6, 3, 3, 3, 50, 3, 9, 3, 3, 3, 3, 42, 3, 24, 3, 3, 9, 58, 64, 3, 3, 3, 3, 3, 3, 6, 3, 3, 32, 3, 14, 45, 56, 45, 3, 24, 6, 3, 17, 3, 3, 47, 6, 6, 3, 64, 31, 3, 50, 3, 3, 3, 57, 6, 50, 3, 3, 3, 3, 57, 42, 24, 3, 3, 57, 75, 3, 3, 6, 3, 71, 3, 62, 3, 30, 30, 3, 75, 30, 62, 56, 3, 3, 62, 3, 30, 42, 3, 3, 6, 6, 25, 42, 62, 3, 3, 3, 3, 3, 3, 62, 56, 63, 32, 3, 64, 56, 3, 42, 3, 3, 50, 3, 63, 30, 3, 62, 30, 3, 3, 32, 3, 3, 3, 3, 48, 3, 50, 17, 3, 3, 3, 3, 75, 3, 3, 30, 24, 3, 3, 30, 42, 3, 3, 3, 48, 3, 30, 3, 42, 27, 3, 62, 3, 50, 3, 3, 3, 3, 3, 70, 6, 16, 3, 3, 3, 75, 3, 30, 62, 50, 3, 32, 3, 47, 6, 47, 30, 30, 77, 3, 30, 9, 3, 3, 3, 62, 3, 56, 3, 3, 3, 31, 3, 3, 64, 3, 42, 6, 3, 64, 3, 3, 3, 3, 33, 6, 3, 75, 6, 3, 3, 3, 3, 3, 3, 3, 3, 27, 42, 3, 3, 75, 3, 50, 3, 3, 3, 6, 64, 3, 57, 6, 3, 6, 3, 3, 75, 3, 3, 9, 3, 56, 47, 3, 6, 3, 6, 3, 3, 3, 6, 3, 3, 3, 24, 3, 6, 3, 3, 3, 3, 3, 3, 3, 64, 3, 56, 3, 3, 3, 56, 3, 3, 47, 42, 3, 3, 3, 31, 3, 3, 3, 3, 3, 3, 6, 47, 9, 3, 33, 3, 3, 3, 42, 63, 3, 3, 55, 20, 3, 30, 3, 3, 3, 56, 9, 3, 30, 3, 3, 3, 42, 6, 3, 3, 6, 6, 47, 20, 3, 3, 47, 3, 25, 47, 3, 6, 47, 3, 6, 64, 47, 47, 6, 56, 31, 3, 3, 31, 47, 3, 31, 47, 3, 50, 9, 3, 6, 24, 6, 56, 6, 3, 3, 50, 20, 3, 6, 6, 24, 24, 20, 20, 3, 20, 24, 20, 20, 20, 46, 63, 3, 9, 20, 20, 20, 20, 64, 24, 24, 20, 20, 20, 20, 6, 20, 3, 24, 24, 20, 50, 20, 24, 20, 56, 50, 38, 3, 38, 6, 6, 3, 6, 57, 35, 6, 6, 9, 50, 3, 6, 32, 9, 6, 38, 6, 3, 57, 3, 47, 9, 57, 3, 3, 3, 6, 50, 6, 3, 3, 50, 9, 3, 17, 38, 6, 75, 9, 9, 20, 20, 63, 3, 3, 