{"Run": 5, "K": 78, "WCSSD": 2716.8826529660846, "Purity": 0.38162038362439166, "Time": 2.4463541507720947, "Kmeans_Labels": [15, 15, 61, 15, 15, 15, 15, 72, 15, 15, 76, 15, 15, 15, 15, 15, 54, 54, 33, 65, 15, 15, 15, 54, 15, 54, 15, 54, 65, 46, 15, 15, 65, 54, 15, 15, 15, 15, 15, 15, 15, 54, 44, 15, 28, 15, 15, 15, 15, 15, 15, 15, 15, 15, 54, 70, 15, 54, 15, 15, 15, 54, 54, 15, 70, 15, 15, 15, 15, 70, 54, 15, 46, 15, 45, 15, 15, 15, 15, 15, 15, 15, 46, 54, 72, 15, 15, 15, 15, 15, 15, 15, 70, 15, 15, 15, 15, 15, 72, 15, 72, 45, 15, 46, 15, 15, 46, 15, 46, 45, 28, 46, 28, 15, 28, 45, 15, 15, 15, 43, 15, 15, 43, 15, 70, 43, 15, 15, 15, 15, 43, 43, 15, 15, 15, 65, 15, 15, 15, 15, 15, 15, 15, 65, 43, 43, 15, 15, 15, 15, 43, 37, 15, 65, 15, 43, 15, 15, 15, 15, 15, 43, 43, 15, 15, 43, 15, 15, 15, 15, 43, 15, 15, 15, 43, 15, 15, 44, 43, 15, 15, 15, 15, 15, 43, 15, 43, 15, 15, 15, 15, 15, 15, 43, 25, 53, 15, 15, 15, 15, 72, 54, 15, 15, 43, 72, 43, 72, 15, 22, 15, 15, 72, 72, 72, 43, 43, 46, 15, 15, 72, 15, 15, 15, 15, 43, 15, 15, 15, 43, 15, 15, 72, 15, 72, 15, 15, 65, 15, 15, 43, 15, 15, 72, 15, 72, 15, 15, 15, 43, 15, 28, 15, 43, 15, 15, 43, 53, 43, 15, 15, 15, 15, 61, 43, 15, 15, 15, 15, 15, 15, 15, 15, 53, 15, 15, 15, 15, 43, 43, 43, 15, 15, 15, 15, 15, 15, 15, 15, 15, 43, 61, 15, 28, 15, 15, 15, 46, 28, 15, 44, 15, 15, 15, 15, 28, 15, 15, 28, 28, 15, 15, 15, 15, 15, 28, 15, 28, 28, 15, 28, 28, 15, 28, 15, 15, 15, 23, 43, 28, 65, 43, 43, 15, 15, 15, 43, 15, 54, 43, 15, 15, 72, 15, 43, 15, 15, 43, 15, 15, 15, 15, 15, 15, 72, 15, 61, 15, 30, 26, 26, 15, 15, 26, 28, 26, 39, 26, 43, 15, 26, 26, 39, 43, 39, 43, 43, 43, 15, 15, 15, 15, 43, 15, 15, 15, 15, 54, 15, 15, 15, 15, 15, 15, 44, 15, 15, 23, 15, 43, 15, 15, 15, 15, 15, 15, 43, 15, 15, 15, 15, 15, 70, 15, 15, 15, 15, 15, 15, 43, 15, 15, 15, 15, 65, 15, 15, 28, 30, 26, 26, 44, 15, 15, 15, 15, 15, 65, 65, 15, 15, 15, 37, 37, 15, 15, 28, 28, 28, 28, 15, 15, 28, 15, 15, 26, 26, 15, 26, 26, 15, 15, 15, 70, 70, 65, 70, 70, 70, 70, 70, 70, 15, 70, 23, 72, 15, 46, 15, 15, 72, 72, 15, 15, 15, 15, 15, 77, 77, 77, 37, 15, 15, 15, 15, 15, 15, 37, 37, 15, 41, 15, 15, 15, 15, 15, 15, 15, 46, 61, 61, 15, 15, 15, 15, 15, 15, 15, 15, 15, 15, 15, 15, 15, 15, 15, 15, 46, 15, 11, 11, 15, 46, 46, 46, 46, 46, 46, 28, 15, 28, 48, 48, 28, 28, 15, 15, 8, 8, 8, 8, 15, 15, 28, 8, 15, 37, 37, 37, 37, 23, 15, 15, 15, 15, 15, 15, 15, 15, 15, 15, 15, 15, 15, 15, 15, 15, 15, 15, 15, 15, 15, 15, 65, 15, 15, 15, 15, 15, 26, 26, 37, 15, 37, 15, 15, 39, 39, 39, 39, 44, 44, 26, 26, 62, 62, 15, 26, 26, 39, 39, 39, 39, 39, 39, 26, 26, 26, 15, 15, 23, 54, 15, 57, 57, 57, 57, 57, 57, 57, 57, 57, 15, 15, 57, 57, 57, 15, 57, 57, 57, 57, 15, 57, 57, 57, 57, 15, 15, 15, 15, 26, 10, 10, 70, 70, 70, 70, 15, 15, 70, 70, 15, 15, 15, 15, 70, 15, 15, 15, 15, 15, 15, 15, 15, 44, 15, 15, 15, 15, 46, 46, 15, 46, 46, 46, 15, 70, 44, 15, 70, 15, 15, 15, 15, 19, 15, 15, 15, 15, 46, 44, 15, 77, 15, 46, 46, 46, 44, 15, 46, 15, 15, 15, 15, 15, 15, 15, 46, 15, 19, 15, 15, 15, 15, 46, 15, 46, 15, 15, 15, 15, 15, 61, 15, 15, 15, 28, 15, 46, 15, 11, 28, 15, 11, 11, 28, 11, 46, 46, 46, 15, 28, 28, 46, 46, 15, 28, 46, 28, 28, 46, 28, 15, 37, 28, 28, 28, 15, 15, 28, 28, 28, 8, 8, 8, 8, 8, 28, 8, 8, 8, 8, 8, 28, 8, 28, 15, 8, 28, 28, 15, 28, 28, 28, 13, 37, 18, 18, 18, 13, 44, 44, 37, 28, 28, 8, 28, 54, 54, 28, 28, 15, 15, 15, 15, 15, 15, 15, 15, 15, 58, 58, 28, 28, 15, 28, 15, 15, 15, 15, 15, 15, 15, 15, 15, 15, 15, 15, 15, 15, 15, 26, 26, 26, 15, 39, 26, 26, 39, 15, 26, 39, 15, 26, 26, 26, 15, 26, 26, 15, 26, 44, 44, 15, 26, 26, 26, 15, 15, 15, 26, 39, 15, 45, 2, 2, 2, 26, 65, 15, 70, 15, 15, 70, 65, 70, 15, 15, 15, 15, 15, 15, 15, 15, 15, 15, 15, 61, 61, 15, 15, 28, 15, 28, 8, 28, 15, 15, 15, 15, 15, 64, 15, 15, 65, 15, 15, 15, 15, 54, 15, 15, 28, 28, 26, 28, 28, 15, 15, 68, 49, 68, 51, 15, 15, 51, 15, 51, 51, 68, 68, 26, 64, 68, 64, 15, 64, 68, 64, 64, 15, 64, 64, 64, 64, 51, 15, 64, 51, 64, 64, 64, 64, 15, 64, 68, 51, 64, 64, 64, 64, 51, 64, 51, 15, 64, 51, 51, 64, 64, 51, 64, 15, 64, 68, 64, 68, 68, 15, 15, 51, 64, 64, 15, 15, 15, 68, 68, 64, 15, 15, 51, 64, 51, 64, 15, 64, 64, 15, 64, 64, 64, 64, 15, 15, 64, 64, 42, 68, 15, 65, 64, 64, 64, 64, 64, 64, 51, 64, 64, 64, 64, 15, 64, 64, 64, 64, 71, 68, 15, 15, 68, 64, 64, 15, 15, 15, 44, 15, 68, 64, 68, 44, 51, 64, 15, 51, 64, 64, 64, 64, 54, 68, 23, 64, 51, 51, 51, 64, 51, 64, 15, 64, 64, 68, 64, 15, 44, 51, 51, 64, 64, 64, 64, 68, 68, 68, 15, 15, 64, 64, 51, 64, 42, 44, 15, 64, 64, 23, 68, 51, 64, 64, 64, 64, 64, 68, 68, 64, 7, 64, 15, 15, 64, 15, 64, 37, 51, 64, 64, 64, 64, 64, 15, 68, 68, 15, 15, 51, 51, 64, 64, 20, 51, 51, 51, 64, 15, 51, 44, 68, 64, 68, 15, 51, 64, 64, 15, 64, 68, 49, 64, 15, 64, 64, 68, 68, 15, 7, 64, 51, 64, 15, 68, 51, 64, 64, 64, 64, 15, 19, 7, 15, 68, 15, 51, 64, 68, 64, 68, 68, 61, 15, 4, 64, 64, 68, 64, 15, 64, 51, 15, 68, 68, 64, 64, 51, 51, 64, 15, 15, 64, 51, 20, 64, 68, 15, 15, 51, 64, 51, 64, 15, 64, 15, 64, 64, 51, 68, 64, 51, 28, 51, 15, 64, 68, 68, 68, 15, 64, 51, 64, 51, 15, 68, 15, 15, 64, 64, 51, 64, 51, 51, 51, 15, 51, 51, 51, 68, 15, 64, 68, 64, 19, 64, 64, 68, 51, 68, 15, 51, 51, 64, 51, 68, 15, 68, 51, 64, 64, 68, 64, 68, 51, 68, 64, 65, 68, 51, 15, 65, 65, 64, 64, 64, 51, 51, 51, 68, 68, 51, 68, 51, 64, 51, 15, 68, 51, 51, 15, 68, 68, 68, 15, 51, 64, 63, 15, 68, 68, 68, 20, 68, 64, 68, 26, 51, 26, 51, 26, 15, 51, 68, 64, 64, 64, 15, 68, 26, 68, 64, 64, 68, 15, 68, 64, 64, 68, 21, 15, 64, 68, 68, 68, 68, 68, 64, 64, 68, 64, 65, 15, 15, 15, 15, 15, 15, 15, 15, 15, 15, 15, 15, 15, 15, 15, 15, 15, 65, 15, 15, 15, 15, 15, 15, 15, 26, 15, 15, 15, 15, 15, 15, 15, 15, 26, 15, 26, 15, 26, 15, 26, 26, 39, 26, 15, 15, 15, 15, 15, 15, 13, 15, 15, 15, 15, 15, 39, 61, 50, 15, 15, 28, 15, 15, 69, 15, 15, 77, 39, 15, 15, 15, 15, 15, 28, 61, 46, 15, 54, 15, 15, 23, 15, 15, 15, 15, 15, 15, 15, 15, 15, 15, 8, 54, 28, 9, 15, 15, 70, 15, 15, 15, 15, 15, 28, 70, 15, 15, 15, 46, 15, 65, 15, 15, 15, 15, 15, 15, 39, 23, 70, 10, 15, 28, 15, 15, 15, 36, 15, 2, 15, 15, 54, 15, 15, 23, 15, 15, 15, 15, 15, 15, 15, 15, 15, 39, 15, 56, 15, 15, 70, 15, 15, 39, 15, 15, 11, 15, 15, 54, 15, 15, 15, 15, 15, 54, 15, 15, 15, 15, 37, 15, 30, 15, 19, 74, 15, 15, 15, 15, 15, 15, 15, 15, 15, 15, 54, 15, 15, 15, 23, 15, 15, 54, 15, 15, 2, 15, 39, 28, 26, 15, 39, 26, 39, 39, 15, 26, 15, 15, 15, 15, 15, 15, 15, 15, 15, 37, 15, 28, 15, 13, 15, 15, 15, 15, 15, 28, 15, 8, 15, 15, 15, 61, 15, 15, 8, 28, 54, 54, 15, 15, 15, 15, 15, 28, 15, 46, 15, 15, 15, 15, 15, 11, 15, 15, 15, 15, 15, 15, 15, 15, 15, 15, 15, 15, 15, 15, 15, 15, 15, 15, 15, 15, 15, 15, 15, 61, 15, 61, 15, 15, 15, 15, 15, 15, 15, 15, 15, 59, 15, 54, 15, 44, 19, 15, 15, 54, 15, 15, 15, 15, 15, 15, 15, 15, 15, 15, 15, 15, 15, 15, 15, 77, 65, 54, 15, 15, 15, 15, 54, 15, 37, 15, 69, 15, 15, 15, 54, 15, 15, 15, 15, 15, 15, 70, 15, 24, 70, 15, 15, 15, 15, 46, 9, 15, 15, 36, 15, 74, 15, 15, 15, 15, 15, 15, 15, 15, 15, 15, 54, 15, 54, 15, 15, 65, 15, 24, 32, 54, 15, 15, 15, 61, 23, 23, 15, 15, 23, 54, 15, 54, 15, 23, 54, 15, 15, 56, 23, 15, 15, 15, 15, 23, 15, 15, 15, 15, 44, 15, 54, 15, 15, 15, 15, 15, 50, 15, 15, 15, 15, 15, 15, 70, 15, 61, 15, 65, 15, 15, 15, 15, 15, 54, 15, 15, 54, 15, 15, 15, 15, 10, 15, 15, 15, 54, 15, 15, 15, 15, 67, 15, 15, 15, 15, 54, 28, 15, 40, 15, 15, 15, 15, 44, 15, 15, 37, 23, 15, 54, 15, 15, 15, 44, 15, 15, 15, 70, 15, 61, 15, 15, 54, 15, 15, 61, 15, 15, 15, 44, 15, 3, 15, 15, 15, 15, 67, 15, 26, 15, 39, 70, 26, 26, 1, 26, 26, 39, 1, 72, 1, 26, 1, 26, 15, 1, 1, 45, 45, 15, 61, 26, 15, 1, 72, 1, 15, 1, 39, 1, 46, 28, 1, 70, 1, 1, 15, 15, 1, 15, 15, 46, 26, 15, 39, 26, 1, 1, 28, 70, 15, 1, 15, 28, 1, 75, 37, 1, 15, 1, 1, 1, 23, 15, 26, 44, 65, 1, 26, 15, 15, 1, 1, 28, 1, 26, 61, 1, 1, 1, 39, 1, 15, 1, 1, 1, 1, 1, 1, 1, 28, 1, 23, 1, 15, 15, 26, 26, 23, 1, 28, 1, 1, 15, 1, 1, 26, 15, 1, 26, 15, 1, 1, 1, 39, 1, 1, 1, 1, 1, 1, 1, 1, 1, 70, 1, 45, 1, 1, 1, 1, 1, 72, 1, 1, 1, 15, 1, 1, 1, 1, 1, 1, 1, 1, 1, 61, 1, 1, 1, 1, 1, 15, 1, 1, 1,