{"Run": 10, "K": 658, "WCSSD": 1932.404910583514, "Purity": 0.46940535413240764, "Time": 37.49523615837097, "Kmeans_Labels": [114, 206, 16, 118, 478, 1, 206, 130, 206, 633, 209, 161, 88, 88, 1, 1, 1, 1, 326, 365, 1, 478, 657, 88, 88, 430, 219, 446, 402, 632, 88, 1, 402, 1, 365, 545, 88, 88, 228, 536, 364, 523, 185, 216, 88, 73, 88, 517, 120, 1, 106, 413, 413, 416, 249, 1, 195, 206, 118, 118, 151, 430, 1, 417, 645, 100, 88, 206, 88, 292, 206, 1, 1, 6, 45, 1, 1, 502, 389, 1, 326, 1, 54, 38, 35, 1, 6, 478, 1, 590, 645, 1, 477, 477, 1, 478, 389, 1, 130, 522, 373, 283, 1, 532, 477, 523, 523, 580, 355, 45, 605, 351, 605, 3, 54, 45, 382, 1, 123, 56, 230, 389, 56, 118, 1, 599, 382, 118, 257, 1, 56, 56, 1, 1, 645, 402, 364, 1, 476, 1, 446, 89, 118, 402, 56, 56, 1, 1, 1, 118, 56, 193, 6, 402, 635, 56, 1, 64, 118, 120, 317, 56, 56, 317, 523, 56, 6, 522, 49, 6, 178, 1, 645, 413, 245, 1, 10, 353, 56, 409, 106, 364, 1, 1, 56, 485, 455, 125, 1, 573, 393, 446, 219, 56, 645, 162, 1, 382, 294, 54, 130, 657, 587, 10, 56, 130, 344, 130, 477, 567, 657, 146, 130, 130, 130, 56, 56, 54, 228, 446, 173, 45, 645, 228, 624, 56, 25, 513, 413, 56, 1, 1, 130, 645, 477, 477, 54, 402, 25, 1, 56, 645, 446, 279, 413, 477, 633, 477, 382, 56, 54, 54, 645, 318, 364, 657, 56, 162, 56, 54, 1, 54, 228, 548, 532, 1, 382, 532, 382, 483, 547, 523, 235, 366, 523, 548, 413, 326, 56, 56, 56, 249, 374, 326, 358, 518, 10, 532, 523, 257, 56, 523, 403, 275, 559, 523, 559, 523, 532, 402, 1, 39, 1, 30, 559, 523, 523, 523, 1, 605, 446, 249, 346, 382, 54, 249, 582, 605, 549, 402, 549, 605, 413, 549, 326, 228, 54, 249, 446, 633, 402, 56, 56, 114, 413, 517, 56, 249, 657, 56, 1, 1, 446, 382, 56, 154, 1, 56, 1, 389, 446, 1, 413, 634, 228, 477, 512, 49, 160, 155, 638, 1, 576, 17, 549, 446, 586, 17, 56, 1, 17, 609, 19, 56, 586, 56, 20, 56, 266, 517, 266, 403, 56, 417, 415, 413, 413, 1, 499, 364, 1, 120, 548, 235, 185, 645, 478, 156, 1, 216, 446, 382, 118, 1, 403, 446, 1, 478, 118, 1, 548, 1, 292, 6, 206, 1, 559, 382, 6, 56, 6, 1, 1, 477, 478, 532, 557, 612, 160, 17, 17, 185, 645, 6, 402, 25, 25, 444, 444, 317, 118, 372, 301, 301, 54, 54, 549, 549, 1, 94, 458, 458, 221, 216, 402, 517, 517, 317, 155, 155, 517, 517, 253, 292, 292, 317, 85, 85, 97, 267, 267, 1, 118, 32, 443, 446, 287, 54, 477, 477, 617, 617, 477, 637, 637, 477, 477, 338, 338, 338, 301, 477, 54, 54, 1, 488, 1, 301, 301, 1, 130, 453, 446, 63, 63, 557, 477, 477, 477, 16, 16, 517, 548, 548, 1, 1, 1, 104, 1, 118, 532, 382, 118, 532, 532, 118, 382, 580, 118, 433, 433, 523, 398, 398, 580, 580, 589, 589, 575, 15, 14, 559, 559, 54, 54, 136, 136, 420, 420, 450, 450, 387, 387, 605, 368, 1, 301, 301, 301, 301, 156, 1, 446, 446, 228, 25, 25, 228, 228, 25, 25, 70, 70, 382, 126, 1, 1, 446, 1, 197, 197, 446, 446, 402, 80, 48, 633, 633, 5, 17, 17, 74, 25, 74, 608, 608, 586, 586, 586, 586, 566, 566, 155, 155, 155, 155, 402, 519, 519, 586, 586, 19, 19, 181, 386, 155, 155, 17, 317, 645, 156, 1, 384, 405, 405, 405, 405, 405, 405, 405, 399, 405, 228, 228, 521, 65, 405, 88, 405, 405, 405, 405, 317, 405, 405, 405, 124, 10, 1, 216, 478, 155, 185, 185, 1, 1, 292, 292, 389, 249, 446, 446, 389, 1, 1, 326, 32, 146, 118, 216, 10, 287, 1, 558, 389, 185, 216, 475, 54, 206, 348, 348, 1, 348, 348, 477, 645, 288, 1, 1, 477, 403, 477, 477, 477, 86, 477, 477, 477, 216, 54, 623, 67, 338, 477, 54, 477, 477, 623, 477, 477, 432, 432, 325, 477, 325, 477, 63, 477, 477, 101, 1, 63, 63, 477, 633, 491, 163, 276, 145, 532, 446, 532, 1, 42, 220, 137, 549, 42, 580, 580, 33, 549, 214, 204, 204, 204, 204, 204, 580, 355, 310, 549, 549, 351, 580, 1, 549, 580, 249, 549, 54, 549, 313, 328, 605, 157, 578, 503, 428, 467, 497, 497, 420, 420, 234, 222, 234, 549, 420, 420, 420, 549, 549, 549, 420, 51, 593, 549, 633, 549, 1, 293, 51, 51, 164, 301, 581, 581, 581, 164, 25, 25, 301, 549, 549, 549, 549, 651, 651, 549, 1, 548, 111, 548, 500, 517, 446, 500, 219, 517, 197, 197, 92, 92, 517, 633, 517, 446, 1, 5, 122, 1, 1, 1, 517, 517, 461, 583, 583, 1, 1, 17, 41, 41, 517, 586, 17, 487, 586, 10, 17, 155, 326, 155, 566, 17, 449, 566, 566, 317, 155, 517, 517, 517, 519, 17, 17, 517, 309, 605, 17, 19, 517, 45, 1, 1, 155, 17, 402, 1, 292, 1, 459, 292, 402, 292, 1, 1, 1, 252, 219, 1, 477, 1, 363, 1, 36, 548, 548, 1, 1, 549, 532, 549, 204, 82, 219, 1, 1, 1, 1, 263, 6, 118, 478, 1, 1, 219, 49, 430, 413, 1, 114, 243, 17, 114, 243, 184, 268, 96, 29, 412, 211, 1, 532, 12, 216, 211, 606, 412, 412, 17, 263, 655, 643, 236, 263, 263, 263, 263, 607, 263, 263, 404, 494, 12, 364, 169, 211, 263, 610, 263, 606, 606, 347, 630, 418, 263, 263, 263, 263, 211, 263, 606, 606, 369, 211, 211, 369, 263, 211, 379, 478, 263, 169, 263, 412, 614, 184, 257, 296, 169, 263, 1, 417, 1, 630, 263, 263, 459, 10, 211, 169, 211, 169, 417, 263, 263, 1, 263, 263, 263, 263, 272, 596, 263, 263, 75, 412, 403, 402, 643, 426, 263, 263, 263, 169, 211, 263, 263, 263, 263, 22, 263, 84, 169, 263, 263, 412, 206, 453, 22, 263, 263, 440, 298, 478, 78, 1, 412, 263, 23, 642, 12, 263, 1, 431, 18, 263, 168, 169, 390, 412, 156, 263, 211, 211, 211, 37, 646, 263, 219, 263, 263, 412, 263, 478, 185, 211, 211, 263, 169, 263, 263, 412, 630, 169, 403, 314, 263, 628, 211, 263, 263, 202, 268, 263, 263, 156, 412, 211, 68, 263, 169, 369, 263, 412, 412, 263, 211, 263, 446, 1, 263, 477, 263, 301, 211, 392, 263, 644, 88, 263, 645, 412, 429, 477, 163, 211, 12, 169, 312, 412, 211, 12, 211, 263, 645, 211, 324, 96, 263, 412, 298, 12, 263, 542, 454, 263, 412, 29, 199, 645, 636, 626, 412, 412, 592, 208, 113, 248, 22, 364, 412, 211, 606, 263, 169, 263, 219, 86, 208, 57, 412, 453, 601, 630, 655, 141, 412, 412, 1, 550, 263, 263, 263, 412, 263, 1, 263, 211, 105, 412, 412, 263, 263, 211, 12, 263, 453, 645, 263, 211, 412, 263, 412, 1, 532, 211, 169, 465, 263, 364, 263, 219, 263, 263, 211, 527, 263, 211, 249, 597, 403, 263, 572, 412, 263, 597, 263, 653, 263, 12, 1, 263, 317, 459, 263, 263, 211, 263, 211, 12, 211, 216, 211, 211, 211, 412, 232, 597, 412, 49, 55, 263, 263, 412, 211, 263, 326, 211, 211, 169, 211, 412, 389, 412, 211, 263, 263, 412, 263, 412, 211, 412, 263, 383, 383, 211, 1, 334, 402, 544, 169, 263, 211, 211, 211, 412, 412, 211, 412, 211, 263, 211, 459, 109, 606, 211, 1, 229, 412, 412, 597, 211, 263, 498, 100, 412, 412, 412, 211, 412, 263, 412, 441, 211, 17, 465, 17, 219, 11, 412, 263, 263, 263, 403, 412, 17, 412, 263, 263, 412, 135, 597, 263, 263, 412, 364, 22, 263, 412, 169, 412, 655, 412, 643, 115, 412, 643, 402, 57, 413, 522, 522, 413, 1, 413, 413, 413, 413, 341, 219, 413, 478, 118, 257, 413, 26, 228, 413, 1, 517, 118, 413, 413, 183, 177, 624, 624, 624, 1, 517, 1, 1, 17, 470, 509, 219, 17, 321, 155, 422, 244, 155, 188, 514, 206, 477, 1, 517, 164, 215, 580, 400, 1, 326, 1, 219, 317, 118, 478, 249, 389, 180, 477, 207, 517, 338, 77, 228, 477, 532, 54, 522, 1, 548, 589, 648, 6, 421, 219, 425, 104, 645, 574, 228, 1, 446, 532, 228, 1, 1, 450, 563, 82, 625, 228, 1, 288, 318, 118, 468, 304, 147, 633, 288, 1, 326, 290, 477, 317, 402, 488, 645, 197, 54, 228, 1, 19, 156, 13, 185, 478, 549, 253, 1, 403, 403, 517, 155, 1, 477, 388, 10, 253, 187, 228, 270, 1, 477, 645, 216, 1, 523, 1, 586, 1, 506, 1, 7, 292, 463, 411, 586, 337, 249, 129, 534, 54, 430, 1, 1, 118, 280, 254, 38, 446, 403, 446, 107, 301, 95, 160, 1, 86, 260, 206, 446, 326, 1, 562, 480, 1, 224, 364, 219, 100, 335, 1, 317, 156, 1, 1, 1, 470, 236, 155, 326, 244, 549, 17, 562, 77, 155, 1, 586, 326, 509, 517, 647, 648, 188, 1, 1, 1, 1, 517, 301, 478, 249, 522, 164, 207, 95, 364, 505, 216, 300, 468, 420, 1, 514, 364, 548, 337, 236, 450, 82, 326, 6, 207, 326, 236, 57, 400, 1, 389, 589, 25, 236, 304, 236, 639, 129, 326, 532, 421, 180, 548, 7, 104, 580, 236, 468, 10, 228, 365, 364, 10, 523, 1, 236, 364, 413, 645, 647, 1, 219, 57, 548, 403, 523, 394, 1, 413, 1, 228, 318, 1, 633, 228, 568, 1, 78, 86, 532, 492, 1, 216, 488, 228, 228, 228, 477, 477, 574, 326, 147, 389, 228, 1, 480, 1, 338, 402, 563, 1, 477, 1, 645, 430, 362, 301, 1, 477, 236, 186, 645, 247, 335, 488, 477, 477, 107, 477, 288, 446, 430, 288, 389, 477, 477, 1, 477, 625, 54, 54, 403, 