{"Run": 1, "K": 366, "WCSSD": 2249.5762974450136, "Purity": 0.49241339822502145, "Time": 19.096597909927368, "Kmeans_Labels": [2, 2, 184, 206, 2, 2, 2, 72, 2, 2, 2, 255, 358, 194, 2, 2, 2, 162, 324, 159, 4, 2, 43, 194, 194, 162, 159, 162, 357, 179, 194, 159, 297, 162, 159, 2, 194, 95, 52, 194, 159, 194, 79, 258, 194, 2, 194, 90, 2, 262, 103, 353, 353, 36, 174, 36, 189, 162, 206, 206, 2, 162, 2, 79, 2, 273, 194, 2, 194, 36, 162, 159, 179, 174, 364, 2, 2, 22, 115, 150, 262, 2, 163, 162, 72, 79, 174, 323, 249, 2, 235, 2, 276, 309, 262, 2, 2, 159, 72, 314, 72, 364, 2, 215, 215, 334, 334, 215, 179, 364, 117, 179, 17, 194, 365, 364, 189, 2, 2, 67, 2, 2, 67, 206, 36, 351, 2, 206, 346, 2, 67, 67, 43, 2, 2, 297, 2, 2, 2, 2, 15, 206, 206, 297, 67, 67, 2, 2, 2, 206, 67, 23, 174, 93, 2, 67, 2, 2, 206, 2, 2, 67, 67, 2, 2, 67, 174, 266, 335, 174, 115, 2, 322, 353, 196, 2, 41, 63, 67, 2, 2, 2, 236, 262, 67, 314, 250, 2, 2, 314, 200, 15, 275, 67, 2, 206, 2, 335, 2, 365, 72, 43, 115, 41, 67, 208, 67, 72, 174, 2, 43, 262, 72, 72, 208, 67, 67, 365, 52, 15, 177, 2, 2, 52, 187, 67, 2, 365, 353, 67, 2, 335, 72, 2, 72, 309, 365, 297, 2, 2, 67, 2, 15, 72, 353, 72, 2, 365, 335, 67, 365, 365, 2, 67, 234, 43, 67, 2, 67, 365, 2, 365, 52, 206, 215, 2, 335, 215, 189, 365, 2, 15, 98, 334, 2, 2, 338, 43, 67, 215, 67, 2, 218, 2, 2, 83, 41, 49, 2, 346, 67, 215, 79, 117, 334, 83, 334, 334, 117, 150, 2, 334, 2, 334, 334, 365, 83, 334, 117, 117, 15, 218, 334, 334, 365, 218, 2, 117, 117, 2, 117, 117, 353, 117, 41, 52, 365, 169, 15, 29, 297, 67, 67, 2, 353, 2, 287, 2, 43, 86, 2, 189, 325, 335, 67, 189, 2, 67, 175, 338, 325, 293, 353, 2, 214, 365, 2, 335, 10, 362, 362, 2, 2, 265, 117, 243, 362, 362, 67, 2, 362, 362, 362, 67, 128, 67, 67, 67, 2, 115, 2, 103, 67, 79, 2, 353, 353, 162, 206, 314, 2, 2, 115, 98, 79, 2, 41, 169, 2, 258, 15, 2, 206, 2, 103, 15, 2, 2, 206, 2, 338, 2, 36, 174, 2, 252, 334, 335, 174, 67, 174, 2, 174, 309, 258, 215, 2, 117, 10, 165, 362, 63, 2, 174, 2, 114, 114, 297, 297, 2, 206, 2, 23, 23, 365, 365, 117, 117, 2, 117, 126, 126, 117, 258, 19, 159, 159, 189, 362, 362, 2, 2, 2, 36, 36, 297, 36, 36, 206, 36, 36, 294, 206, 321, 169, 15, 2, 179, 276, 276, 72, 72, 168, 365, 365, 310, 310, 309, 309, 309, 23, 2, 365, 365, 2, 166, 2, 23, 23, 2, 72, 136, 15, 365, 365, 2, 309, 309, 215, 184, 184, 2, 2, 2, 2, 2, 2, 2, 2, 48, 215, 9, 48, 215, 215, 48, 9, 179, 2, 117, 117, 365, 179, 179, 334, 334, 179, 179, 365, 52, 29, 334, 334, 365, 365, 2, 2, 117, 117, 129, 129, 215, 215, 117, 66, 2, 23, 23, 23, 23, 169, 2, 15, 15, 52, 140, 140, 112, 112, 112, 112, 347, 347, 222, 2, 2, 2, 15, 2, 2, 2, 325, 325, 2, 2, 2, 2, 2, 338, 362, 362, 361, 159, 361, 159, 159, 240, 240, 362, 362, 36, 36, 362, 362, 362, 362, 2, 362, 362, 240, 240, 240, 240, 362, 362, 362, 362, 362, 150, 2, 169, 2, 174, 193, 183, 193, 76, 193, 32, 193, 193, 193, 52, 365, 193, 193, 311, 194, 193, 193, 193, 5, 353, 193, 193, 193, 193, 41, 258, 258, 2, 362, 35, 35, 115, 115, 36, 36, 335, 2, 15, 15, 335, 2, 2, 2, 321, 262, 206, 258, 41, 206, 2, 159, 335, 63, 258, 262, 365, 115, 309, 309, 2, 179, 179, 2, 2, 276, 176, 2, 309, 2, 168, 168, 309, 323, 309, 101, 101, 258, 309, 2, 335, 309, 309, 365, 221, 262, 2, 309, 309, 262, 103, 309, 355, 309, 2, 365, 221, 221, 323, 269, 365, 365, 262, 2, 258, 151, 2, 2, 215, 215, 215, 2, 334, 215, 2, 29, 215, 237, 237, 42, 29, 215, 42, 148, 148, 42, 179, 179, 151, 215, 117, 29, 179, 24, 2, 29, 24, 12, 117, 179, 29, 82, 202, 144, 117, 117, 314, 314, 29, 257, 257, 129, 129, 129, 117, 117, 29, 189, 117, 117, 29, 29, 29, 117, 29, 262, 29, 29, 29, 2, 29, 29, 29, 81, 23, 29, 29, 29, 81, 140, 140, 23, 29, 29, 29, 29, 162, 162, 29, 2, 225, 189, 225, 159, 159, 59, 159, 2, 2, 245, 245, 117, 117, 2, 29, 29, 15, 201, 338, 343, 2, 2, 314, 2, 2, 319, 2, 2, 64, 64, 362, 362, 362, 2, 362, 362, 362, 362, 41, 317, 362, 115, 362, 362, 317, 2, 362, 362, 189, 362, 2, 2, 159, 362, 362, 362, 159, 79, 117, 362, 240, 60, 364, 159, 159, 159, 362, 297, 189, 210, 262, 2, 210, 297, 210, 2, 2, 2, 2, 130, 36, 2, 152, 323, 2, 323, 262, 2, 262, 36, 117, 334, 29, 42, 117, 353, 2, 115, 115, 115, 27, 174, 206, 297, 286, 115, 197, 189, 162, 353, 2, 29, 137, 362, 29, 137, 2, 2, 350, 2, 350, 65, 138, 215, 31, 258, 65, 65, 350, 141, 362, 27, 350, 123, 114, 27, 359, 27, 27, 195, 27, 27, 69, 143, 65, 138, 27, 65, 27, 27, 99, 27, 314, 27, 350, 65, 27, 27, 27, 27, 65, 27, 314, 314, 27, 65, 65, 27, 27, 65, 27, 2, 27, 170, 27, 350, 350, 2, 346, 65, 27, 27, 2, 263, 262, 350, 27, 27, 353, 41, 65, 27, 65, 27, 54, 27, 27, 2, 256, 27, 27, 27, 2, 2, 27, 27, 27, 350, 353, 204, 298, 27, 27, 27, 27, 27, 65, 27, 27, 27, 27, 145, 27, 27, 27, 27, 27, 350, 2, 136, 145, 27, 340, 273, 2, 2, 63, 2, 350, 27, 350, 79, 65, 277, 138, 65, 94, 27, 333, 27, 162, 350, 169, 27, 65, 65, 65, 27, 13, 27, 275, 27, 27, 350, 27, 2, 97, 65, 65, 27, 27, 27, 27, 350, 350, 323, 125, 2, 27, 27, 295, 27, 27, 63, 2, 27, 27, 169, 178, 65, 44, 275, 27, 27, 27, 315, 350, 27, 65, 27, 278, 149, 47, 2, 27, 50, 65, 145, 27, 27, 194, 27, 2, 141, 350, 2, 328, 65, 65, 27, 27, 350, 65, 65, 65, 27, 7, 65, 28, 350, 27, 350, 258, 65, 27, 261, 314, 27, 350, 2, 27, 2, 27, 27, 350, 350, 87, 65, 27, 65, 145, 185, 350, 65, 145, 27, 27, 298, 275, 323, 50, 79, 350, 136, 65, 27, 65, 27, 350, 350, 2, 195, 57, 27, 27, 350, 27, 138, 180, 65, 2, 350, 350, 27, 27, 65, 65, 27, 136, 2, 27, 65, 350, 158, 350, 229, 215, 65, 27, 65, 27, 2, 85, 1, 215, 27, 65, 350, 27, 65, 365, 21, 115, 27, 350, 350, 27, 21, 27, 65, 27, 65, 2, 27, 278, 353, 27, 27, 65, 27, 65, 31, 65, 258, 65, 65, 65, 350, 159, 21, 350, 27, 323, 27, 27, 156, 65, 27, 150, 65, 233, 27, 65, 350, 150, 350, 65, 27, 27, 350, 27, 350, 65, 350, 27, 297, 350, 65, 2, 297, 297, 27, 27, 27, 65, 65, 65, 350, 350, 65, 350, 65, 27, 65, 353, 350, 65, 65, 2, 350, 350, 350, 21, 65, 27, 350, 79, 141, 337, 350, 65, 350, 27, 350, 362, 65, 362, 65, 362, 1, 65, 350, 27, 27, 27, 103, 350, 362, 350, 27, 27, 89, 2, 350, 27, 27, 350, 335, 145, 27, 350, 27, 350, 350, 350, 123, 27, 350, 27, 135, 142, 353, 103, 314, 353, 2, 353, 353, 353, 353, 36, 275, 353, 18, 206, 346, 353, 297, 52, 353, 159, 115, 206, 353, 353, 362, 174, 187, 187, 187, 2, 349, 62, 159, 362, 331, 362, 272, 362, 2, 362, 362, 240, 362, 52, 258, 2, 2, 2, 2, 81, 2, 334, 2, 2, 159, 285, 2, 150, 206, 2, 2, 2, 2, 309, 103, 159, 309, 128, 14, 133, 215, 163, 155, 117, 238, 179, 132, 174, 334, 36, 284, 2, 159, 159, 52, 2, 15, 215, 52, 2, 2, 117, 162, 117, 309, 52, 96, 276, 150, 206, 258, 2, 323, 29, 276, 2, 215, 159, 327, 264, 297, 61, 150, 2, 163, 52, 2, 240, 169, 331, 35, 191, 117, 2, 198, 2, 36, 2, 159, 248, 296, 273, 41, 2, 169, 330, 335, 2, 309, 2, 258, 2, 260, 2, 128, 2, 190, 2, 103, 210, 2, 36, 362, 2, 218, 42, 122, 2, 162, 2, 2, 206, 159, 2, 162, 15, 103, 15, 2, 23, 2, 10, 335, 323, 79, 2, 15, 159, 115, 159, 159, 159, 307, 289, 227, 273, 2, 262, 2, 169, 338, 2, 2, 331, 114, 159, 159, 240, 120, 362, 159, 128, 362, 285, 362, 159, 362, 2, 159, 132, 52, 2, 159, 2, 2, 2, 23, 191, 2, 155, 81, 103, 2, 289, 114, 258, 316, 258, 117, 338, 258, 189, 150, 2, 114, 117, 117, 2, 174, 103, 150, 114, 150, 2, 117, 2, 179, 103, 38, 2, 114, 189, 42, 215, 215, 334, 2, 2, 103, 2, 334, 211, 258, 157, 52, 2, 353, 41, 365, 46, 114, 353, 114, 150, 159, 103, 2, 142, 114, 103, 260, 189, 2, 353, 2, 52, 150, 2, 2, 52, 162, 262, 63, 323, 215, 230, 2, 258, 61, 330, 52, 14, 2, 2, 159, 304, 323, 335, 52, 335, 159, 2, 309, 297, 162, 103, 309, 2, 2, 162, 262, 23, 159, 309, 114, 205, 2, 162, 2, 61, 2, 2, 2, 309, 276, 15, 162, 276, 103, 296, 133, 2, 327, 309, 163, 163, 36, 61, 79, 2, 61, 2, 61, 79, 61, 227, 335, 96, 353, 162, 159, 273, 307, 2, 297, 159, 162, 36, 88, 15, 115, 2, 206, 169, 288, 189, 338, 284, 273, 2, 162, 288, 169, 336, 189, 122, 190, 169, 2, 2, 36, 206, 169, 2, 266, 291, 15, 63, 159, 162, 159, 206, 264, 55, 2, 150, 198, 2, 15, 2, 2, 338, 210, 206, 238, 2, 297, 150, 2, 2, 2, 36, 162, 338, 248, 162, 2, 262, 206, 2, 35, 218, 2, 15, 162, 41, 2, 205, 2, 150, 230, 36, 61, 103, 336, 120, 195, 51, 114, 115, 189, 2, 63, 150, 114, 23, 