{"Run": 10, "K": 65, "WCSSD": 2744.3152940587347, "Purity": 0.36530203263670197, "Time": 1.9310359954833984, "Kmeans_Labels": [10, 50, 14, 14, 14, 14, 14, 41, 14, 27, 14, 14, 14, 14, 14, 14, 14, 49, 14, 14, 14, 14, 14, 14, 14, 49, 14, 49, 14, 14, 14, 14, 14, 49, 14, 14, 14, 14, 14, 14, 14, 16, 4, 14, 16, 14, 14, 14, 14, 27, 14, 14, 14, 14, 49, 14, 14, 49, 14, 14, 14, 49, 49, 15, 14, 14, 14, 50, 14, 49, 49, 14, 14, 14, 14, 14, 14, 14, 55, 14, 14, 14, 27, 49, 41, 15, 14, 14, 14, 27, 14, 48, 47, 27, 14, 14, 14, 14, 41, 14, 41, 14, 14, 5, 5, 5, 5, 5, 27, 14, 16, 16, 16, 14, 27, 14, 14, 14, 14, 14, 14, 14, 14, 14, 14, 14, 14, 14, 14, 14, 8, 14, 14, 14, 14, 14, 14, 14, 14, 14, 34, 14, 14, 34, 14, 14, 14, 14, 14, 14, 14, 8, 14, 14, 14, 14, 14, 14, 14, 14, 14, 14, 14, 14, 14, 14, 14, 23, 14, 14, 14, 14, 14, 14, 14, 14, 14, 24, 14, 14, 14, 14, 14, 14, 14, 14, 14, 14, 14, 14, 14, 34, 14, 14, 14, 14, 14, 14, 14, 27, 41, 49, 14, 14, 14, 41, 14, 41, 27, 14, 14, 14, 41, 41, 41, 14, 14, 27, 14, 34, 41, 14, 14, 14, 14, 14, 14, 27, 14, 14, 14, 14, 41, 14, 41, 14, 27, 14, 14, 14, 14, 14, 34, 41, 14, 41, 10, 14, 14, 14, 27, 27, 14, 14, 14, 14, 14, 14, 27, 14, 14, 14, 5, 14, 5, 14, 14, 5, 14, 27, 14, 34, 14, 14, 14, 14, 14, 14, 5, 5, 14, 5, 14, 14, 14, 5, 14, 5, 14, 14, 5, 5, 14, 16, 5, 5, 14, 5, 16, 14, 14, 5, 14, 14, 14, 5, 5, 5, 14, 16, 34, 14, 5, 14, 27, 16, 14, 16, 16, 14, 16, 16, 14, 16, 14, 14, 10, 14, 34, 10, 14, 14, 14, 10, 14, 14, 5, 14, 49, 10, 14, 14, 41, 14, 14, 14, 14, 14, 14, 14, 34, 14, 14, 14, 41, 14, 14, 14, 54, 2, 2, 14, 14, 30, 16, 34, 25, 30, 14, 14, 2, 30, 25, 14, 25, 14, 14, 14, 14, 14, 14, 14, 14, 15, 14, 14, 14, 49, 14, 14, 14, 14, 14, 14, 4, 14, 14, 14, 14, 14, 34, 14, 14, 14, 14, 34, 14, 14, 14, 14, 14, 14, 14, 14, 50, 14, 5, 14, 14, 14, 23, 14, 14, 14, 14, 5, 14, 16, 54, 2, 2, 4, 14, 14, 14, 14, 14, 14, 14, 14, 57, 14, 8, 8, 27, 27, 16, 16, 16, 16, 14, 14, 16, 14, 14, 14, 14, 14, 2, 2, 14, 14, 14, 14, 14, 14, 4, 4, 14, 14, 14, 14, 14, 14, 14, 34, 14, 27, 27, 27, 41, 41, 27, 27, 27, 27, 27, 27, 27, 59, 8, 14, 27, 27, 14, 14, 14, 8, 8, 14, 41, 14, 34, 27, 27, 14, 27, 27, 5, 14, 14, 14, 14, 14, 14, 14, 14, 5, 14, 14, 5, 14, 5, 5, 5, 5, 14, 27, 14, 16, 16, 5, 16, 16, 5, 5, 16, 16, 16, 14, 16, 5, 5, 16, 16, 14, 14, 18, 18, 18, 18, 5, 5, 16, 18, 14, 8, 8, 8, 8, 14, 14, 34, 34, 14, 14, 14, 10, 10, 14, 14, 10, 10, 14, 14, 14, 14, 34, 14, 17, 17, 34, 34, 14, 14, 14, 14, 14, 14, 2, 2, 8, 14, 8, 14, 14, 25, 25, 25, 25, 4, 4, 2, 2, 2, 2, 14, 30, 30, 25, 25, 25, 25, 25, 25, 2, 2, 30, 14, 14, 14, 49, 14, 14, 14, 14, 14, 14, 14, 14, 14, 14, 14, 14, 14, 14, 14, 14, 14, 14, 14, 14, 14, 14, 14, 14, 14, 14, 14, 14, 14, 2, 4, 4, 14, 14, 14, 14, 14, 14, 34, 34, 14, 14, 14, 14, 14, 14, 14, 14, 14, 14, 14, 14, 62, 4, 14, 14, 27, 14, 27, 27, 14, 27, 27, 27, 27, 27, 4, 14, 27, 14, 27, 27, 27, 14, 27, 27, 27, 33, 27, 4, 14, 59, 27, 27, 31, 27, 4, 27, 27, 31, 14, 27, 27, 27, 27, 27, 31, 31, 14, 14, 27, 27, 27, 27, 27, 14, 14, 14, 5, 34, 5, 16, 5, 5, 14, 16, 5, 5, 5, 18, 16, 5, 16, 18, 16, 16, 16, 5, 16, 5, 16, 16, 16, 5, 14, 16, 16, 16, 16, 16, 16, 14, 8, 16, 16, 16, 14, 14, 16, 16, 16, 18, 18, 18, 16, 18, 16, 18, 18, 18, 16, 18, 16, 18, 16, 14, 16, 10, 10, 14, 10, 10, 10, 10, 8, 10, 10, 10, 10, 14, 14, 8, 10, 10, 10, 10, 49, 49, 10, 10, 14, 14, 14, 14, 0, 34, 14, 14, 14, 14, 14, 10, 10, 14, 10, 10, 10, 14, 14, 14, 14, 14, 14, 14, 14, 14, 14, 14, 14, 14, 30, 30, 30, 38, 25, 30, 2, 25, 14, 30, 2, 14, 2, 30, 30, 14, 30, 30, 14, 2, 14, 14, 14, 30, 30, 30, 14, 14, 14, 30, 25, 14, 14, 2, 2, 2, 30, 14, 14, 14, 14, 29, 14, 14, 14, 14, 14, 14, 14, 14, 14, 14, 14, 14, 14, 14, 14, 14, 14, 14, 16, 5, 16, 18, 16, 14, 14, 14, 14, 14, 43, 14, 14, 49, 14, 14, 14, 14, 49, 14, 14, 10, 16, 30, 10, 16, 14, 14, 20, 14, 20, 39, 14, 5, 39, 14, 39, 39, 20, 20, 30, 43, 20, 43, 14, 43, 20, 43, 43, 14, 43, 43, 43, 43, 39, 14, 40, 39, 43, 43, 43, 43, 14, 43, 20, 39, 43, 43, 43, 43, 39, 43, 14, 14, 43, 39, 39, 43, 43, 39, 43, 14, 43, 40, 43, 20, 20, 14, 14, 39, 40, 43, 14, 15, 14, 20, 43, 43, 7, 15, 39, 40, 39, 40, 15, 43, 43, 14, 43, 43, 43, 43, 14, 14, 43, 43, 43, 20, 14, 14, 43, 43, 43, 43, 43, 40, 39, 43, 43, 43, 43, 14, 43, 43, 40, 43, 43, 20, 14, 14, 20, 43, 43, 14, 14, 14, 24, 14, 20, 43, 20, 4, 39, 43, 14, 39, 43, 43, 43, 40, 49, 20, 14, 43, 39, 39, 39, 43, 39, 43, 14, 43, 43, 20, 43, 14, 4, 39, 39, 43, 40, 43, 43, 20, 20, 40, 14, 14, 43, 43, 39, 43, 43, 24, 14, 43, 43, 14, 20, 39, 43, 43, 40, 43, 43, 20, 20, 43, 39, 43, 34, 14, 43, 14, 43, 8, 39, 43, 43, 43, 43, 43, 44, 20, 20, 14, 14, 32, 39, 40, 43, 20, 39, 39, 35, 43, 14, 39, 24, 20, 43, 20, 14, 39, 43, 43, 14, 43, 20, 14, 43, 3, 43, 43, 20, 20, 14, 39, 43, 39, 43, 14, 20, 39, 43, 43, 40, 43, 14, 40, 39, 14, 20, 14, 39, 43, 43, 43, 20, 20, 14, 14, 43, 40, 43, 20, 43, 14, 43, 39, 14, 20, 20, 43, 43, 39, 39, 43, 14, 14, 43, 39, 20, 43, 20, 14, 5, 39, 40, 39, 43, 14, 43, 14, 5, 43, 39, 20, 43, 39, 16, 39, 14, 43, 20, 20, 43, 14, 43, 39, 43, 39, 14, 43, 14, 29, 43, 43, 39, 43, 39, 39, 39, 14, 39, 39, 39, 20, 14, 43, 20, 43, 14, 43, 43, 20, 39, 43, 42, 39, 39, 40, 39, 20, 14, 20, 39, 43, 43, 20, 43, 20, 39, 20, 43, 40, 20, 39, 14, 14, 14, 40, 43, 43, 39, 39, 39, 20, 20, 39, 20, 39, 43, 39, 29, 20, 39, 39, 14, 43, 20, 20, 14, 39, 43, 20, 15, 20, 43, 20, 39, 20, 43, 20, 2, 39, 30, 39, 2, 14, 39, 20, 43, 43, 43, 14, 20, 30, 20, 43, 43, 20, 14, 2, 43, 43, 20, 14, 14, 43, 20, 40, 20, 20, 20, 43, 43, 20, 43, 14, 14, 14, 14, 14, 14, 14, 14, 14, 14, 14, 14, 14, 14, 14, 14, 14, 14, 14, 14, 14, 14, 14, 5, 14, 14, 2, 14, 14, 14, 14, 14, 14, 54, 14, 30, 14, 30, 54, 30, 14, 30, 2, 25, 2, 14, 14, 50, 27, 14, 0, 10, 14, 14, 14, 14, 14, 25, 14, 14, 14, 14, 10, 14, 14, 27, 14, 2, 21, 25, 14, 14, 5, 27, 14, 16, 14, 16, 14, 49, 5, 14, 14, 14, 14, 14, 14, 14, 34, 5, 27, 14, 14, 18, 49, 16, 27, 14, 14, 27, 14, 14, 33, 18, 14, 10, 27, 14, 5, 14, 27, 14, 49, 14, 14, 14, 27, 14, 14, 25, 14, 14, 4, 14, 16, 14, 14, 14, 14, 14, 2, 14, 27, 49, 14, 14, 34, 14, 14, 14, 27, 14, 14, 14, 5, 14, 25, 14, 14, 14, 14, 14, 14, 45, 25, 14, 14, 18, 14, 14, 49, 14, 14, 14, 14, 14, 49, 34, 14, 34, 14, 8, 14, 54, 14, 14, 14, 50, 34, 14, 14, 14, 14, 14, 14, 14, 14, 49, 14, 14, 14, 14, 14, 14, 14, 14, 14, 2, 14, 25, 16, 30, 14, 25, 30, 25, 25, 14, 30, 14, 14, 14, 14, 14, 14, 14, 14, 0, 8, 14, 10, 14, 10, 14, 14, 14, 14, 14, 16, 33, 18, 14, 14, 14, 14, 14, 14, 18, 16, 49, 49, 14, 14, 14, 14, 14, 16, 14, 16, 14, 14, 18, 14, 14, 18, 5, 5, 5, 14, 14, 14, 14, 14, 14, 33, 14, 27, 14, 14, 14, 14, 14, 55, 14, 14, 14, 14, 14, 14, 14, 14, 14, 5, 14, 14, 14, 14, 14, 14, 14, 14, 14, 49, 14, 24, 14, 5, 14, 14, 14, 14, 14, 14, 14, 14, 27, 14, 14, 14, 14, 14, 14, 14, 14, 21, 49, 49, 14, 27, 14, 14, 49, 14, 8, 14, 27, 14, 27, 14, 49, 14, 14, 14, 14, 14, 27, 27, 34, 49, 27, 14, 27, 14, 14, 27, 27, 27, 27, 14, 14, 14, 14, 14, 14, 14, 14, 14, 14, 14, 14, 14, 49, 14, 49, 14, 14, 14, 14, 49, 49, 49, 34, 14, 14, 22, 14, 14, 14, 14, 14, 49, 14, 49, 14, 49, 49, 14, 14, 14, 34, 50, 14, 14, 14, 14, 14, 23, 14, 34, 4, 14, 49, 14, 14, 14, 14, 14, 14, 14, 14, 34, 14, 14, 14, 14, 14, 14, 14, 14, 14, 14, 14, 14, 14, 49, 34, 14, 49, 14, 14, 14, 14, 4, 14, 14, 34, 49, 14, 14, 27, 14, 14, 14, 14, 14, 14, 49, 16, 14, 14, 14, 14, 14, 14, 4, 14, 14, 8, 14, 14, 49, 14, 14, 14, 4, 14, 14, 14, 14, 14, 14, 14, 14, 49, 14, 14, 14, 14, 14, 14, 4, 14, 15, 14, 54, 14, 14, 14, 2, 30, 14, 25, 14, 30, 30, 61, 54, 30, 25, 61, 41, 61, 2, 61, 61, 14, 61, 61, 61, 61, 5, 14, 2, 10, 61, 41, 61, 61, 61, 25, 61, 27, 16, 61, 14, 61, 61, 14, 14, 61, 14, 14, 16, 30, 31, 25, 30, 61, 61, 16, 47, 27, 61, 14, 10, 61, 14, 8, 61, 14, 61, 61, 61, 61, 14, 2, 24, 61, 61, 30, 14, 14, 61, 61, 10, 61, 61, 14, 61, 5, 61, 25, 61, 14, 61, 61, 61, 61, 61, 61, 61, 16, 61, 61, 61, 54, 27, 2, 30, 14, 61, 16, 61, 61, 14, 61, 61, 30, 14, 61, 30, 34, 61, 61, 61, 25, 61, 61, 61, 61, 61, 61, 61, 27, 61, 61, 61, 61, 13, 61, 61, 61, 61, 41, 50, 61, 61, 54, 61, 61, 61, 61, 61, 61, 61, 61, 61, 5, 61, 61, 61, 61, 61, 14, 61, 61, 61, 61, 61, 61, 14, 14, 14, 14, 61, 61,