{"Run": 2, "K": 191, "WCSSD": 2494.2621000534873, "Purity": 0.4380188949327226, "Time": 7.059267997741699, "Kmeans_Labels": [3, 3, 24, 180, 3, 3, 3, 105, 3, 3, 3, 3, 53, 53, 128, 3, 3, 179, 3, 34, 3, 3, 124, 53, 53, 179, 53, 179, 34, 3, 53, 30, 34, 179, 57, 3, 53, 53, 53, 53, 176, 53, 6, 106, 53, 3, 53, 81, 166, 3, 58, 166, 166, 3, 128, 36, 176, 179, 180, 180, 3, 179, 179, 41, 36, 72, 53, 3, 53, 36, 179, 58, 3, 58, 44, 3, 3, 3, 81, 120, 3, 3, 79, 179, 105, 3, 128, 172, 3, 3, 172, 62, 36, 79, 3, 3, 62, 3, 105, 3, 105, 44, 3, 3, 3, 3, 3, 3, 14, 44, 177, 6, 177, 53, 3, 44, 81, 3, 120, 3, 3, 120, 3, 180, 180, 180, 120, 180, 176, 22, 84, 124, 124, 3, 172, 34, 120, 124, 120, 120, 46, 180, 180, 34, 180, 3, 3, 124, 3, 180, 3, 84, 128, 34, 120, 3, 3, 81, 180, 120, 120, 165, 3, 120, 3, 3, 128, 56, 3, 128, 3, 124, 3, 166, 92, 3, 41, 120, 3, 3, 58, 120, 3, 169, 3, 3, 92, 120, 3, 166, 3, 46, 150, 3, 172, 180, 120, 62, 3, 3, 105, 124, 124, 41, 3, 105, 3, 105, 128, 120, 124, 120, 105, 105, 105, 3, 3, 3, 120, 46, 105, 3, 172, 120, 176, 3, 120, 3, 166, 124, 120, 143, 105, 3, 105, 3, 3, 34, 61, 120, 3, 172, 46, 105, 166, 105, 3, 3, 62, 3, 153, 177, 3, 3, 176, 124, 3, 120, 3, 3, 120, 3, 3, 51, 51, 3, 62, 3, 120, 41, 124, 46, 73, 124, 5, 124, 120, 124, 3, 3, 3, 3, 3, 124, 124, 3, 124, 180, 3, 176, 3, 124, 3, 6, 3, 3, 3, 46, 6, 166, 120, 3, 3, 100, 3, 177, 3, 3, 96, 177, 46, 3, 3, 81, 177, 6, 124, 177, 6, 166, 6, 177, 166, 6, 41, 124, 3, 104, 46, 6, 101, 92, 92, 3, 166, 3, 3, 3, 124, 6, 120, 120, 46, 62, 3, 93, 120, 3, 120, 120, 46, 120, 166, 3, 120, 3, 51, 42, 111, 160, 82, 120, 120, 82, 6, 46, 149, 82, 92, 120, 82, 82, 149, 92, 149, 92, 62, 3, 124, 81, 120, 176, 92, 3, 3, 166, 166, 179, 180, 7, 120, 120, 124, 73, 3, 172, 41, 104, 3, 106, 46, 120, 180, 124, 166, 46, 3, 180, 180, 3, 89, 3, 36, 128, 87, 3, 62, 62, 128, 92, 128, 180, 128, 3, 106, 3, 3, 6, 111, 82, 82, 120, 172, 128, 3, 166, 166, 34, 34, 3, 180, 3, 84, 84, 3, 3, 6, 6, 6, 6, 3, 3, 6, 106, 3, 3, 3, 125, 160, 160, 3, 3, 3, 36, 36, 34, 64, 64, 180, 36, 36, 36, 180, 36, 104, 46, 120, 3, 128, 128, 105, 105, 3, 79, 79, 3, 3, 79, 79, 79, 84, 3, 132, 132, 58, 108, 3, 84, 84, 3, 105, 3, 46, 3, 3, 3, 79, 68, 3, 24, 24, 81, 3, 3, 43, 43, 3, 3, 3, 180, 121, 176, 180, 121, 121, 180, 176, 175, 180, 177, 177, 3, 6, 6, 3, 3, 6, 6, 177, 3, 6, 177, 177, 177, 177, 3, 3, 177, 177, 177, 177, 3, 3, 177, 6, 3, 84, 84, 84, 84, 104, 3, 46, 46, 3, 120, 120, 3, 3, 3, 3, 3, 3, 3, 3, 12, 12, 46, 3, 3, 3, 46, 46, 34, 3, 3, 3, 3, 176, 82, 82, 84, 128, 84, 81, 81, 149, 149, 149, 149, 120, 120, 160, 160, 160, 160, 3, 82, 82, 149, 149, 149, 149, 149, 149, 160, 160, 82, 3, 172, 104, 179, 128, 127, 127, 127, 127, 127, 127, 127, 127, 127, 127, 3, 127, 127, 127, 53, 127, 127, 127, 127, 166, 127, 127, 127, 127, 41, 106, 106, 3, 160, 64, 64, 36, 36, 36, 36, 62, 3, 36, 36, 62, 3, 3, 3, 36, 3, 180, 106, 41, 180, 3, 3, 3, 120, 106, 120, 180, 81, 79, 79, 3, 79, 79, 3, 172, 36, 81, 120, 36, 81, 3, 3, 79, 3, 8, 79, 79, 106, 183, 120, 58, 79, 79, 79, 79, 3, 120, 79, 79, 58, 58, 79, 131, 79, 3, 3, 114, 114, 3, 120, 3, 3, 79, 3, 79, 3, 176, 176, 3, 46, 3, 51, 3, 71, 3, 6, 3, 3, 6, 177, 152, 3, 6, 177, 177, 6, 6, 3, 6, 3, 6, 6, 6, 6, 3, 6, 6, 177, 6, 6, 6, 3, 84, 177, 177, 177, 166, 3, 6, 6, 6, 177, 177, 177, 177, 177, 6, 176, 177, 177, 6, 6, 6, 177, 6, 3, 6, 6, 6, 120, 6, 6, 6, 46, 84, 6, 6, 6, 3, 120, 120, 84, 77, 77, 6, 6, 179, 179, 6, 77, 81, 120, 81, 12, 81, 46, 81, 128, 81, 3, 3, 6, 6, 3, 144, 3, 46, 3, 120, 81, 3, 3, 120, 3, 3, 81, 3, 3, 120, 120, 82, 151, 151, 3, 149, 82, 82, 149, 41, 82, 160, 81, 160, 82, 82, 120, 82, 82, 120, 160, 112, 112, 81, 82, 82, 82, 177, 3, 177, 82, 149, 81, 44, 3, 3, 3, 82, 34, 176, 36, 188, 173, 36, 34, 36, 159, 3, 3, 120, 3, 128, 3, 3, 58, 3, 3, 51, 141, 81, 3, 6, 3, 6, 176, 6, 120, 3, 81, 81, 81, 39, 128, 180, 34, 3, 120, 120, 166, 179, 166, 128, 6, 177, 82, 6, 177, 172, 58, 39, 3, 39, 21, 3, 3, 23, 154, 21, 167, 39, 39, 82, 39, 9, 39, 61, 39, 39, 39, 39, 62, 39, 39, 19, 39, 21, 176, 39, 21, 39, 39, 39, 167, 167, 39, 39, 21, 39, 39, 39, 39, 21, 39, 167, 167, 39, 21, 21, 39, 39, 21, 19, 3, 39, 19, 39, 39, 39, 172, 176, 21, 19, 39, 83, 3, 3, 39, 19, 39, 173, 41, 21, 186, 21, 19, 3, 19, 39, 3, 39, 39, 19, 39, 3, 3, 39, 39, 19, 39, 62, 34, 53, 39, 39, 39, 39, 39, 21, 19, 19, 19, 39, 19, 39, 39, 19, 39, 39, 39, 128, 120, 9, 39, 137, 72, 3, 3, 4, 3, 39, 19, 39, 120, 21, 39, 176, 21, 19, 39, 39, 19, 179, 39, 104, 39, 21, 21, 21, 39, 21, 39, 150, 39, 39, 39, 39, 3, 120, 21, 21, 39, 39, 150, 39, 39, 39, 19, 166, 3, 39, 19, 21, 39, 39, 120, 58, 39, 39, 104, 39, 21, 19, 150, 39, 39, 39, 39, 39, 39, 21, 39, 46, 3, 39, 19, 39, 84, 21, 19, 39, 39, 53, 39, 172, 39, 39, 3, 19, 21, 21, 39, 39, 39, 21, 21, 21, 39, 172, 21, 4, 39, 39, 39, 106, 21, 39, 39, 166, 39, 39, 3, 39, 3, 39, 39, 39, 39, 62, 21, 19, 21, 19, 176, 39, 21, 167, 19, 39, 39, 150, 19, 178, 145, 39, 120, 178, 39, 19, 19, 39, 39, 51, 81, 39, 39, 39, 39, 39, 3, 39, 21, 3, 39, 39, 39, 39, 21, 21, 122, 172, 172, 39, 21, 117, 97, 39, 3, 3, 21, 19, 130, 39, 166, 39, 62, 19, 19, 21, 39, 39, 21, 177, 21, 81, 39, 39, 39, 39, 148, 39, 21, 39, 21, 3, 39, 166, 173, 39, 39, 21, 39, 21, 23, 21, 154, 21, 21, 21, 39, 81, 19, 39, 42, 3, 19, 39, 39, 21, 39, 62, 21, 21, 19, 21, 39, 62, 19, 21, 39, 39, 19, 39, 39, 21, 115, 39, 34, 39, 21, 3, 34, 34, 19, 19, 39, 21, 21, 21, 39, 39, 21, 39, 21, 39, 21, 173, 39, 167, 21, 3, 19, 39, 39, 148, 130, 39, 39, 72, 39, 39, 19, 130, 39, 39, 39, 160, 130, 82, 130, 82, 62, 21, 19, 1, 39, 39, 120, 39, 82, 39, 39, 39, 39, 3, 19, 19, 39, 39, 176, 176, 39, 39, 39, 19, 9, 39, 39, 19, 39, 39, 34, 120, 166, 120, 56, 166, 176, 166, 166, 166, 166, 166, 150, 166, 3, 174, 176, 166, 34, 3, 166, 3, 81, 11, 166, 166, 160, 66, 176, 176, 176, 128, 81, 171, 3, 82, 181, 82, 171, 82, 3, 82, 160, 149, 160, 62, 106, 3, 3, 3, 91, 6, 3, 3, 3, 133, 62, 149, 51, 166, 180, 128, 3, 3, 3, 3, 3, 3, 79, 149, 3, 3, 3, 3, 3, 55, 180, 6, 81, 81, 3, 128, 104, 3, 170, 3, 3, 3, 46, 3, 3, 3, 3, 6, 179, 6, 79, 139, 3, 36, 3, 180, 106, 3, 3, 144, 36, 3, 3, 166, 60, 166, 34, 35, 172, 3, 3, 3, 3, 149, 104, 181, 64, 3, 6, 3, 3, 3, 62, 3, 160, 128, 3, 72, 58, 3, 104, 3, 166, 3, 184, 172, 106, 3, 3, 3, 149, 3, 3, 3, 3, 36, 3, 166, 149, 3, 3, 177, 2, 119, 179, 3, 3, 180, 3, 172, 179, 46, 166, 46, 81, 84, 3, 111, 3, 3, 3, 62, 46, 81, 81, 3, 3, 3, 3, 176, 62, 72, 3, 163, 3, 104, 62, 3, 3, 181, 65, 160, 81, 149, 6, 82, 3, 149, 82, 149, 149, 62, 82, 3, 3, 81, 62, 3, 3, 133, 3, 91, 84, 3, 3, 3, 6, 3, 3, 176, 166, 106, 177, 106, 177, 120, 106, 166, 51, 3, 166, 6, 6, 179, 81, 58, 62, 166, 120, 3, 55, 3, 6, 62, 166, 3, 166, 176, 177, 3, 3, 3, 3, 3, 3, 3, 3, 166, 106, 41, 3, 57, 128, 58, 3, 120, 166, 3, 99, 172, 3, 62, 51, 120, 51, 62, 3, 62, 3, 166, 3, 3, 3, 3, 3, 3, 179, 163, 54, 3, 3, 3, 3, 106, 35, 3, 3, 3, 81, 3, 3, 81, 3, 3, 139, 3, 3, 3, 79, 34, 179, 3, 79, 3, 172, 179, 3, 84, 81, 3, 166, 3, 3, 179, 3, 108, 3, 3, 81, 184, 36, 46, 59, 36, 62, 3, 3, 3, 60, 79, 3, 3, 62, 108, 3, 119, 108, 119, 108, 176, 108, 62, 176, 3, 166, 102, 106, 72, 3, 3, 34, 170, 179, 72, 179, 46, 124, 172, 180, 104, 104, 166, 176, 104, 72, 3, 179, 166, 104, 104, 147, 2, 3, 104, 62, 172, 155, 172, 104, 3, 56, 58, 46, 120, 166, 95, 3, 180, 166, 166, 3, 166, 3, 3, 46, 128, 61, 62, 36, 180, 180, 3, 34, 62, 3, 3, 3, 128, 179, 176, 128, 179, 172, 188, 180, 3, 64, 3, 3, 46, 179, 41, 3, 3, 3, 3, 3, 155, 108, 62, 104, 6, 3, 0, 176, 41, 176, 3, 120, 166, 166, 84, 104, 3, 72, 62, 108, 176, 41, 106, 58, 166, 50, 176, 51, 3, 166, 128, 120, 128, 51, 99, 3, 180, 34, 62, 36, 86, 171, 176, 3, 120, 3, 82, 3, 149, 181, 82, 82, 161, 171, 82, 149, 161, 105, 161, 160, 161, 82, 180, 161, 161, 44, 44, 3, 24, 82, 3, 161, 105, 161, 3, 3, 149, 161, 158, 177, 103, 41, 161, 161, 180, 3, 161, 166, 3, 6, 82, 114, 149, 82, 161, 161, 6, 36, 3, 161, 3, 6, 161, 166, 84, 161, 3, 161, 161, 171, 104, 177, 160, 120, 34, 161, 82, 180, 3, 161, 161, 6, 161, 82, 51, 161, 161, 161, 149, 161, 166, 161, 161, 161, 161, 161, 3, 161, 16, 161, 161, 161, 3, 79, 160, 82, 104, 