{"Run": 7, "K": 191, "WCSSD": 2496.2456075256455, "Purity": 0.44718007443458346, "Time": 7.459542989730835, "Kmeans_Labels": [175, 126, 24, 24, 1, 1, 126, 142, 126, 1, 59, 165, 77, 77, 1, 1, 1, 1, 1, 90, 1, 1, 60, 77, 77, 99, 1, 56, 90, 1, 77, 1, 90, 1, 1, 1, 77, 77, 165, 77, 148, 117, 138, 167, 77, 43, 77, 157, 73, 1, 70, 73, 73, 1, 175, 111, 1, 126, 24, 24, 1, 1, 1, 138, 111, 126, 77, 126, 77, 111, 77, 1, 1, 1, 21, 1, 1, 1, 1, 1, 82, 1, 10, 1, 142, 1, 60, 1, 1, 1, 1, 1, 111, 10, 1, 117, 1, 1, 142, 1, 142, 21, 1, 22, 22, 117, 117, 22, 1, 21, 184, 184, 184, 77, 175, 21, 60, 1, 51, 17, 1, 1, 17, 76, 24, 17, 73, 24, 60, 1, 17, 17, 1, 1, 1, 90, 73, 73, 73, 73, 56, 24, 24, 90, 17, 17, 1, 73, 1, 24, 17, 60, 1, 90, 73, 17, 1, 73, 24, 73, 73, 17, 17, 73, 117, 17, 73, 60, 60, 1, 1, 1, 1, 73, 17, 1, 5, 94, 17, 1, 122, 85, 1, 61, 17, 1, 17, 1, 1, 1, 1, 56, 60, 17, 24, 24, 1, 60, 1, 1, 142, 1, 1, 5, 17, 142, 17, 142, 1, 73, 1, 73, 142, 142, 142, 72, 17, 10, 165, 14, 142, 21, 1, 177, 65, 17, 73, 165, 73, 17, 1, 1, 142, 1, 142, 60, 1, 90, 1, 73, 17, 1, 56, 142, 73, 142, 73, 1, 60, 17, 117, 117, 1, 115, 1, 148, 17, 73, 17, 1, 73, 1, 165, 24, 22, 1, 60, 22, 60, 5, 68, 117, 73, 73, 117, 1, 73, 1, 17, 22, 17, 175, 127, 1, 186, 117, 5, 22, 117, 60, 17, 117, 1, 184, 1, 117, 1, 117, 184, 60, 1, 117, 1, 1, 27, 117, 117, 116, 117, 184, 56, 175, 165, 60, 1, 175, 1, 184, 184, 1, 184, 184, 73, 184, 5, 165, 1, 175, 56, 184, 90, 17, 17, 175, 73, 65, 17, 175, 148, 17, 73, 73, 163, 60, 17, 73, 73, 132, 73, 73, 56, 73, 73, 65, 165, 1, 1, 60, 134, 153, 153, 73, 73, 153, 184, 56, 29, 153, 17, 73, 153, 153, 29, 17, 29, 17, 17, 17, 73, 1, 73, 65, 17, 1, 1, 73, 73, 1, 24, 108, 1, 73, 1, 73, 138, 119, 5, 161, 1, 167, 56, 73, 24, 73, 1, 56, 1, 24, 24, 1, 13, 1, 111, 1, 126, 1, 117, 60, 60, 17, 65, 24, 1, 1, 167, 22, 84, 109, 134, 153, 153, 138, 1, 60, 1, 60, 60, 90, 90, 1, 24, 1, 60, 60, 1, 1, 184, 184, 184, 184, 165, 165, 184, 167, 1, 1, 1, 60, 153, 153, 1, 1, 1, 111, 111, 90, 138, 138, 111, 111, 111, 111, 24, 111, 161, 56, 1, 1, 10, 10, 142, 142, 1, 10, 10, 1, 1, 10, 10, 80, 142, 1, 1, 1, 1, 65, 1, 60, 60, 1, 142, 115, 56, 10, 10, 84, 97, 10, 22, 24, 24, 1, 1, 1, 1, 1, 1, 1, 1, 24, 22, 145, 22, 22, 22, 22, 145, 129, 24, 184, 184, 117, 184, 184, 1, 1, 184, 184, 184, 27, 184, 117, 117, 184, 184, 1, 1, 11, 11, 11, 11, 22, 22, 184, 65, 65, 60, 60, 60, 60, 161, 1, 150, 150, 165, 1, 1, 165, 165, 1, 1, 1, 1, 1, 1, 1, 1, 56, 1, 1, 1, 1, 1, 1, 65, 1, 1, 1, 60, 153, 153, 153, 148, 153, 1, 1, 29, 29, 4, 4, 138, 138, 153, 153, 153, 153, 1, 153, 153, 29, 29, 29, 29, 29, 29, 140, 140, 153, 65, 1, 161, 1, 60, 139, 139, 139, 139, 139, 139, 139, 139, 139, 165, 165, 139, 93, 139, 77, 139, 139, 139, 139, 60, 139, 139, 139, 139, 5, 34, 167, 1, 153, 138, 138, 111, 111, 111, 111, 1, 175, 111, 111, 1, 133, 1, 133, 111, 1, 24, 167, 5, 24, 1, 1, 1, 138, 167, 1, 24, 126, 10, 10, 89, 10, 10, 1, 1, 156, 138, 1, 111, 1, 1, 1, 10, 1, 10, 10, 10, 167, 10, 138, 1, 80, 10, 10, 112, 95, 138, 10, 10, 7, 7, 10, 10, 10, 1, 10, 10, 112, 1, 1, 10, 10, 10, 1, 10, 1, 1, 1, 22, 56, 22, 184, 22, 22, 1, 184, 22, 22, 184, 11, 184, 22, 11, 11, 184, 11, 184, 87, 184, 22, 184, 11, 184, 87, 1, 184, 87, 41, 184, 184, 184, 1, 60, 184, 184, 184, 1, 1, 184, 184, 184, 11, 11, 11, 184, 11, 184, 11, 11, 102, 11, 11, 184, 102, 184, 165, 11, 1, 184, 73, 184, 184, 184, 120, 184, 120, 120, 120, 120, 1, 1, 184, 54, 54, 11, 184, 90, 90, 184, 54, 65, 65, 65, 1, 1, 56, 1, 1, 65, 1, 1, 184, 184, 1, 65, 1, 56, 49, 1, 60, 1, 1, 73, 1, 1, 60, 1, 1, 1, 1, 153, 153, 153, 1, 4, 153, 153, 29, 5, 153, 153, 1, 153, 153, 153, 1, 153, 153, 1, 153, 1, 1, 1, 153, 153, 26, 65, 1, 65, 153, 29, 60, 21, 1, 1, 1, 153, 90, 65, 111, 1, 1, 111, 90, 111, 1, 1, 1, 1, 1, 1, 1, 1, 1, 1, 1, 1, 1, 1, 1, 184, 22, 184, 11, 184, 1, 65, 1, 1, 1, 32, 1, 24, 90, 1, 1, 1, 60, 99, 73, 1, 175, 184, 153, 175, 184, 1, 1, 57, 1, 57, 63, 60, 22, 63, 167, 63, 63, 57, 185, 153, 79, 8, 79, 181, 79, 57, 79, 79, 74, 79, 79, 79, 79, 63, 60, 79, 63, 79, 79, 79, 79, 65, 79, 57, 63, 79, 79, 79, 79, 63, 79, 65, 65, 79, 63, 63, 79, 79, 63, 79, 1, 79, 79, 79, 57, 57, 1, 60, 63, 79, 79, 1, 1, 1, 57, 79, 79, 144, 5, 63, 79, 63, 79, 1, 79, 79, 1, 79, 79, 79, 79, 1, 1, 79, 79, 79, 57, 73, 90, 79, 35, 79, 79, 79, 79, 63, 79, 79, 79, 79, 33, 79, 79, 79, 79, 79, 57, 126, 73, 33, 79, 79, 1, 1, 1, 94, 1, 57, 79, 57, 138, 92, 79, 60, 63, 79, 79, 79, 79, 1, 57, 161, 91, 63, 63, 63, 79, 63, 79, 1, 79, 79, 57, 79, 1, 152, 63, 63, 79, 79, 6, 79, 178, 57, 57, 60, 1, 79, 79, 63, 79, 79, 94, 1, 79, 79, 161, 57, 63, 79, 6, 79, 79, 79, 57, 57, 79, 63, 79, 56, 1, 79, 1, 79, 79, 63, 33, 79, 79, 77, 79, 1, 185, 57, 1, 46, 63, 63, 79, 79, 57, 63, 63, 63, 79, 1, 63, 62, 57, 79, 57, 167, 63, 79, 79, 73, 79, 57, 1, 79, 1, 79, 79, 57, 57, 1, 63, 79, 63, 33, 60, 57, 63, 33, 79, 79, 79, 60, 1, 63, 65, 57, 1, 63, 79, 8, 79, 57, 57, 1, 74, 79, 79, 79, 57, 79, 60, 79, 63, 1, 57, 57, 79, 79, 63, 63, 79, 1, 1, 79, 63, 57, 79, 57, 1, 22, 63, 79, 187, 79, 1, 79, 60, 46, 79, 63, 57, 79, 63, 175, 170, 60, 79, 57, 57, 79, 170, 79, 63, 79, 63, 1, 79, 60, 1, 79, 79, 63, 79, 63, 63, 63, 167, 63, 63, 63, 57, 158, 170, 57, 6, 1, 79, 79, 57, 63, 79, 60, 63, 63, 79, 63, 57, 60, 57, 63, 79, 79, 57, 160, 57, 105, 36, 79, 90, 57, 63, 65, 90, 90, 79, 79, 32, 63, 63, 63, 57, 57, 63, 57, 63, 79, 63, 144, 57, 63, 40, 65, 57, 57, 57, 170, 147, 79, 172, 1, 185, 57, 57, 63, 57, 79, 57, 153, 187, 153, 187, 153, 60, 63, 57, 79, 79, 79, 73, 57, 153, 57, 79, 79, 57, 1, 170, 79, 79, 57, 60, 33, 79, 57, 79, 57, 8, 57, 79, 79, 57, 79, 90, 104, 73, 173, 60, 73, 1, 73, 73, 73, 73, 60, 60, 73, 1, 23, 60, 73, 90, 165, 73, 1, 60, 24, 73, 73, 153, 1, 65, 65, 65, 1, 1, 134, 1, 153, 155, 153, 168, 153, 45, 153, 153, 29, 153, 165, 167, 126, 1, 1, 1, 120, 1, 1, 65, 86, 50, 29, 1, 73, 24, 1, 175, 1, 1, 10, 1, 153, 80, 29, 165, 1, 22, 10, 1, 184, 24, 184, 60, 60, 22, 60, 161, 1, 1, 1, 165, 1, 56, 22, 165, 52, 1, 11, 1, 184, 10, 165, 1, 180, 115, 24, 167, 1, 1, 184, 156, 1, 22, 148, 1, 126, 9, 60, 1, 1, 10, 165, 1, 29, 161, 131, 138, 12, 184, 1, 1, 1, 1, 1, 153, 1, 1, 1, 146, 1, 161, 165, 60, 1, 10, 1, 167, 1, 117, 128, 29, 1, 161, 1, 1, 111, 149, 1, 96, 1, 175, 11, 183, 1, 99, 1, 1, 24, 1, 1, 99, 56, 73, 56, 1, 60, 175, 134, 1, 1, 1, 126, 56, 1, 1, 148, 1, 1, 1, 1, 60, 73, 1, 1, 1, 161, 60, 1, 1, 155, 181, 153, 1, 29, 184, 153, 148, 29, 153, 29, 96, 50, 153, 1, 148, 60, 165, 1, 1, 86, 1, 1, 60, 12, 175, 1, 120, 1, 175, 1, 1, 167, 184, 167, 11, 60, 167, 65, 60, 1, 181, 11, 184, 1, 60, 1, 60, 181, 104, 65, 184, 1, 184, 73, 181, 1, 181, 73, 11, 22, 22, 22, 1, 1, 1, 1, 1, 181, 167, 67, 165, 1, 65, 146, 117, 1, 1, 1, 1, 1, 148, 60, 1, 104, 1, 73, 117, 60, 1, 73, 1, 165, 115, 1, 65, 165, 1, 1, 94, 1, 22, 73, 1, 167, 60, 165, 165, 165, 1, 1, 1, 60, 1, 1, 165, 1, 1, 1, 80, 9, 1, 65, 10, 1, 1, 99, 1, 60, 1, 10, 181, 1, 1, 1, 1, 60, 1, 1, 1, 10, 156, 56, 99, 180, 65, 1, 1, 1, 1, 10, 10, 10, 1, 60, 1, 1, 60, 1, 60, 1, 60, 60, 81, 1, 73, 1, 167, 73, 1, 128, 90, 1, 99, 1, 5, 56, 166, 1, 24, 161, 161, 60, 126, 161, 1, 1, 1, 73, 161, 161, 164, 183, 161, 161, 126, 1, 1, 24, 161, 1, 60, 1, 56, 138, 148, 1, 1, 24, 126, 60, 52, 73, 1, 1, 56, 1, 65, 60, 111, 24, 24, 1, 90, 60, 1, 1, 1, 60, 99, 56, 1, 1, 1, 1, 24, 1, 138, 175, 149, 56, 99, 5, 1, 1, 1, 65, 73, 1, 60, 60, 161, 184, 74, 78, 181, 5, 73, 1, 138, 60, 1, 60, 161, 1, 73, 73, 60, 65, 138, 167, 1, 73, 111, 1, 1, 148, 60, 60, 62, 1, 1, 1, 148, 24, 138, 1, 111, 1, 168, 65, 1, 65, 153, 153, 1, 29, 131, 153, 153, 151, 134, 153, 28, 151, 142, 151, 153, 151, 153, 24, 151, 175, 21, 21, 117, 24, 153, 1, 175, 132, 151, 165, 121, 182, 151, 151, 47, 134, 5, 151, 151, 24, 115, 151, 73, 16, 184, 153, 7, 29, 153, 151, 16, 184, 10, 165, 151, 1, 184, 151, 45, 1, 151, 1, 151, 151, 151, 161, 65, 153, 94, 90, 151, 153, 24, 1, 151, 151, 175, 151, 153, 1, 151, 22, 151, 29, 151, 73, 151, 151, 151, 151, 151, 1, 151, 184, 151, 161, 151, 1, 10, 153, 153, 161, 151, 184, 151, 151, 60, 151, 151, 153, 73, 151, 153, 56, 151, 151, 151, 4, 151, 151, 151, 151, 151, 