{"Run": 10, "K": 139, "WCSSD": 2580.5339098730524, "Purity": 0.4228456913827655, "Time": 4.339044809341431, "Kmeans_Labels": [45, 76, 29, 5, 5, 5, 5, 135, 5, 135, 5, 66, 109, 109, 5, 5, 5, 118, 107, 5, 107, 5, 5, 109, 109, 118, 109, 118, 5, 5, 109, 107, 5, 118, 107, 128, 109, 109, 66, 109, 107, 109, 5, 58, 109, 34, 109, 5, 5, 17, 49, 128, 128, 5, 45, 70, 5, 118, 5, 5, 5, 118, 118, 123, 70, 5, 109, 76, 109, 70, 118, 5, 5, 5, 128, 5, 45, 5, 5, 5, 5, 5, 135, 118, 5, 5, 5, 5, 5, 135, 5, 5, 70, 135, 5, 5, 5, 5, 65, 5, 34, 128, 5, 31, 31, 31, 31, 31, 5, 128, 75, 75, 75, 109, 45, 128, 128, 5, 5, 20, 5, 5, 20, 5, 5, 20, 5, 5, 128, 107, 20, 20, 107, 5, 64, 5, 5, 97, 5, 5, 22, 119, 119, 22, 20, 20, 5, 5, 5, 5, 20, 19, 5, 5, 5, 20, 5, 5, 5, 5, 5, 20, 20, 5, 5, 20, 81, 128, 5, 81, 20, 5, 5, 128, 20, 5, 123, 117, 20, 5, 5, 5, 5, 5, 20, 5, 20, 107, 5, 104, 5, 22, 128, 20, 5, 5, 5, 127, 5, 135, 123, 5, 5, 123, 20, 5, 20, 135, 5, 5, 5, 5, 5, 5, 28, 0, 20, 110, 66, 45, 20, 5, 5, 66, 128, 20, 5, 66, 128, 20, 5, 5, 28, 5, 45, 5, 135, 97, 5, 34, 20, 5, 22, 135, 128, 135, 5, 129, 127, 20, 135, 135, 5, 89, 128, 23, 20, 5, 20, 129, 5, 45, 66, 67, 31, 5, 127, 31, 5, 135, 5, 22, 83, 5, 5, 67, 128, 5, 20, 31, 20, 45, 45, 5, 5, 124, 123, 31, 5, 128, 20, 67, 5, 5, 99, 31, 5, 31, 5, 5, 117, 31, 5, 99, 99, 75, 31, 45, 5, 75, 22, 45, 5, 5, 135, 45, 5, 75, 75, 5, 87, 75, 128, 75, 123, 66, 5, 45, 22, 45, 5, 20, 20, 45, 128, 5, 20, 45, 118, 20, 5, 128, 34, 127, 20, 5, 34, 20, 34, 34, 34, 128, 128, 34, 66, 45, 67, 5, 8, 42, 26, 5, 107, 26, 26, 22, 24, 26, 20, 5, 26, 26, 24, 20, 24, 20, 20, 20, 128, 5, 5, 112, 20, 5, 5, 128, 128, 118, 5, 5, 5, 5, 67, 83, 5, 5, 123, 9, 5, 97, 22, 107, 5, 80, 128, 22, 5, 5, 5, 5, 67, 82, 70, 81, 76, 5, 99, 127, 5, 20, 5, 5, 5, 5, 97, 31, 5, 45, 8, 26, 26, 117, 5, 81, 5, 128, 128, 74, 74, 5, 107, 5, 19, 19, 135, 135, 75, 75, 5, 75, 85, 85, 5, 97, 34, 26, 26, 5, 42, 42, 5, 5, 5, 70, 70, 5, 70, 70, 70, 70, 70, 70, 5, 70, 9, 22, 5, 135, 5, 5, 135, 135, 39, 135, 135, 5, 5, 135, 135, 5, 19, 5, 135, 135, 5, 34, 5, 19, 19, 5, 34, 5, 22, 135, 135, 5, 135, 135, 38, 29, 29, 5, 67, 67, 5, 5, 5, 5, 5, 5, 31, 5, 31, 31, 31, 31, 5, 5, 5, 75, 75, 135, 135, 135, 31, 31, 75, 75, 75, 66, 75, 5, 5, 135, 135, 5, 5, 75, 75, 75, 75, 5, 5, 75, 75, 5, 19, 19, 19, 19, 9, 5, 22, 22, 66, 5, 5, 66, 66, 5, 5, 5, 5, 5, 5, 5, 5, 22, 34, 103, 103, 34, 34, 34, 34, 34, 5, 5, 128, 26, 26, 19, 107, 19, 107, 107, 24, 24, 120, 120, 5, 5, 42, 42, 42, 42, 5, 115, 115, 24, 24, 37, 37, 24, 24, 42, 42, 26, 128, 5, 9, 118, 109, 79, 79, 79, 46, 79, 79, 79, 79, 79, 66, 66, 79, 79, 79, 109, 79, 79, 79, 79, 107, 79, 79, 79, 79, 123, 97, 97, 5, 42, 117, 117, 70, 70, 70, 70, 5, 45, 70, 70, 5, 5, 54, 5, 70, 5, 5, 97, 123, 5, 5, 107, 5, 117, 97, 5, 135, 5, 135, 135, 5, 135, 135, 135, 5, 70, 5, 5, 70, 5, 39, 39, 5, 5, 135, 135, 135, 97, 135, 5, 5, 135, 135, 135, 135, 34, 5, 135, 135, 5, 5, 5, 135, 5, 135, 135, 135, 135, 5, 5, 135, 135, 5, 38, 97, 101, 5, 5, 31, 22, 31, 67, 31, 31, 5, 75, 31, 31, 31, 75, 75, 31, 75, 75, 75, 75, 75, 135, 75, 45, 75, 75, 75, 31, 5, 75, 75, 75, 75, 45, 75, 5, 19, 75, 75, 75, 5, 5, 75, 5, 5, 75, 75, 72, 75, 75, 75, 75, 75, 75, 75, 75, 75, 75, 75, 66, 75, 86, 86, 5, 86, 75, 75, 22, 19, 86, 86, 86, 5, 5, 5, 19, 75, 75, 75, 75, 118, 118, 75, 5, 67, 128, 67, 5, 90, 22, 5, 34, 34, 34, 34, 45, 45, 5, 5, 5, 45, 5, 5, 5, 5, 5, 5, 5, 5, 128, 5, 5, 5, 5, 26, 26, 26, 5, 120, 26, 42, 24, 123, 26, 42, 5, 42, 26, 26, 5, 26, 26, 5, 42, 5, 5, 107, 115, 26, 115, 5, 5, 75, 26, 37, 5, 128, 107, 107, 107, 26, 5, 5, 70, 5, 5, 70, 70, 70, 5, 5, 5, 5, 5, 5, 130, 5, 5, 5, 5, 67, 67, 5, 5, 5, 31, 75, 128, 11, 128, 5, 5, 5, 5, 2, 5, 5, 5, 5, 44, 5, 77, 118, 128, 5, 45, 75, 26, 45, 75, 5, 5, 63, 135, 63, 7, 5, 31, 95, 97, 7, 7, 63, 63, 26, 2, 63, 2, 128, 2, 63, 2, 114, 128, 2, 2, 2, 2, 7, 128, 2, 7, 2, 2, 2, 2, 34, 2, 63, 7, 2, 2, 2, 2, 7, 2, 34, 34, 2, 7, 7, 2, 2, 7, 2, 5, 2, 2, 2, 63, 63, 5, 128, 7, 2, 2, 5, 5, 5, 63, 132, 2, 128, 123, 7, 2, 62, 2, 5, 2, 2, 5, 2, 2, 2, 2, 5, 5, 2, 2, 2, 63, 128, 5, 109, 2, 2, 2, 2, 2, 7, 2, 2, 2, 2, 128, 2, 2, 2, 2, 2, 63, 5, 128, 63, 2, 2, 5, 5, 92, 117, 5, 63, 106, 63, 117, 7, 2, 5, 7, 2, 2, 2, 2, 118, 63, 9, 2, 7, 7, 7, 2, 7, 2, 128, 2, 2, 10, 2, 5, 117, 116, 7, 15, 2, 2, 2, 2, 63, 68, 107, 5, 2, 2, 7, 2, 2, 117, 5, 2, 2, 9, 63, 7, 2, 2, 2, 2, 2, 63, 63, 2, 111, 2, 22, 5, 2, 5, 2, 19, 7, 2, 2, 2, 109, 2, 5, 63, 63, 5, 101, 7, 7, 2, 2, 63, 7, 7, 7, 2, 5, 7, 117, 63, 2, 63, 97, 7, 2, 2, 104, 2, 63, 135, 2, 5, 2, 2, 63, 63, 5, 7, 2, 7, 2, 128, 63, 7, 2, 2, 2, 2, 128, 5, 111, 128, 63, 34, 7, 2, 7, 2, 63, 63, 67, 128, 2, 2, 2, 63, 2, 5, 2, 7, 67, 63, 63, 2, 2, 7, 7, 2, 5, 5, 2, 7, 63, 35, 63, 5, 31, 7, 2, 50, 2, 5, 2, 128, 48, 2, 7, 63, 2, 7, 45, 7, 5, 2, 63, 63, 2, 78, 2, 7, 2, 7, 5, 2, 128, 128, 2, 2, 7, 2, 7, 95, 50, 97, 7, 7, 7, 63, 107, 2, 63, 27, 5, 2, 2, 63, 7, 2, 128, 7, 7, 2, 7, 63, 128, 63, 7, 2, 2, 63, 2, 63, 7, 63, 2, 68, 68, 122, 5, 5, 5, 2, 2, 2, 7, 7, 7, 63, 63, 7, 63, 7, 2, 7, 128, 63, 7, 7, 5, 2, 63, 63, 78, 50, 2, 63, 5, 63, 2, 63, 7, 63, 2, 63, 42, 50, 26, 50, 26, 128, 7, 63, 2, 2, 2, 128, 63, 115, 63, 2, 2, 63, 5, 78, 2, 2, 63, 128, 128, 2, 63, 2, 63, 63, 63, 2, 2, 63, 2, 5, 128, 128, 128, 128, 128, 5, 128, 128, 128, 128, 128, 128, 128, 5, 5, 128, 128, 5, 66, 128, 107, 107, 5, 128, 128, 42, 109, 128, 128, 128, 5, 5, 8, 107, 26, 107, 26, 8, 26, 5, 26, 42, 37, 42, 34, 97, 76, 135, 34, 90, 75, 5, 5, 5, 34, 5, 24, 67, 128, 5, 5, 45, 5, 5, 5, 5, 107, 135, 12, 66, 5, 31, 135, 5, 75, 67, 75, 13, 118, 31, 5, 9, 5, 107, 47, 66, 5, 22, 31, 66, 5, 5, 72, 118, 11, 135, 66, 5, 70, 89, 5, 97, 5, 5, 86, 70, 5, 31, 107, 5, 5, 118, 34, 5, 34, 135, 66, 5, 24, 9, 70, 117, 5, 75, 5, 107, 5, 107, 5, 107, 5, 5, 118, 123, 5, 9, 66, 128, 5, 5, 5, 97, 5, 31, 5, 24, 5, 5, 5, 5, 70, 5, 73, 120, 67, 45, 75, 107, 135, 118, 5, 5, 5, 5, 5, 118, 22, 107, 22, 5, 19, 45, 8, 5, 5, 5, 5, 22, 5, 5, 107, 5, 136, 5, 128, 128, 128, 5, 5, 5, 9, 5, 107, 5, 107, 128, 107, 5, 37, 75, 26, 107, 12, 26, 24, 120, 5, 26, 5, 23, 13, 34, 34, 136, 34, 34, 90, 88, 5, 45, 5, 75, 5, 45, 128, 128, 97, 75, 97, 75, 5, 97, 128, 67, 67, 43, 72, 11, 118, 118, 5, 128, 43, 128, 5, 75, 5, 75, 128, 43, 5, 43, 128, 75, 31, 31, 31, 5, 67, 5, 5, 5, 43, 97, 123, 66, 5, 128, 123, 135, 128, 91, 128, 128, 5, 23, 128, 67, 128, 67, 128, 31, 128, 5, 128, 5, 66, 89, 34, 5, 66, 118, 5, 117, 5, 31, 5, 5, 97, 34, 66, 66, 66, 5, 135, 47, 34, 5, 34, 66, 5, 5, 5, 135, 118, 118, 5, 5, 5, 5, 118, 5, 19, 107, 5, 43, 135, 5, 118, 5, 34, 5, 5, 5, 5, 70, 22, 118, 70, 5, 5, 5, 5, 5, 135, 135, 135, 107, 34, 5, 5, 34, 135, 34, 5, 34, 128, 128, 5, 128, 118, 97, 5, 5, 5, 123, 107, 118, 5, 118, 22, 5, 5, 67, 9, 9, 128, 128, 9, 118, 5, 118, 128, 9, 9, 128, 107, 5, 9, 5, 5, 137, 5, 9, 5, 128, 5, 22, 117, 107, 118, 5, 5, 5, 128, 5, 128, 107, 5, 22, 5, 128, 5, 70, 5, 67, 5, 5, 128, 5, 5, 5, 5, 118, 128, 5, 121, 67, 5, 5, 5, 117, 45, 5, 22, 118, 123, 5, 135, 67, 128, 5, 137, 34, 128, 9, 75, 128, 34, 128, 123, 128, 5, 117, 128, 128, 88, 9, 5, 5, 128, 34, 34, 123, 97, 5, 128, 70, 5, 67, 23, 128, 73, 128, 128, 67, 128, 23, 5, 117, 107, 70, 5, 8, 34, 107, 128, 107, 26, 5, 24, 70, 26, 26, 1, 8, 26, 24, 1, 1, 1, 42, 1, 26, 5, 1, 45, 128, 1, 31, 29, 26, 5, 45, 34, 1, 61, 1, 24, 1, 135, 75, 1, 123, 1, 135, 5, 89, 1, 128, 5, 135, 26, 17, 24, 26, 1, 1, 75, 70, 135, 1, 5, 45, 1, 128, 94, 1, 34, 1, 1, 1, 9, 5, 42, 56, 1, 1, 26, 5, 5, 1, 1, 45, 1, 26, 67, 1, 31, 1, 24, 1, 128, 1, 1, 1, 1, 1, 1, 1, 75, 51, 1, 1, 89, 135, 42, 26, 9, 1, 75, 1, 1, 128, 1, 1, 26, 128, 1, 26, 22, 1, 1, 1, 120, 1, 1, 1, 1, 1, 1, 1, 135, 1, 70, 1, 1, 1, 135, 1, 1, 1, 28, 1, 1, 1, 8, 1, 1, 1, 1, 1, 41, 1, 1, 1, 67, 1, 1, 135, 1, 1, 128, 1, 1, 1, 27, 123, 1, 23, 128, 70, 128, 45, 1, 8, 1, 1, 1, 1, 1, 1, 1, 1, 1, 1, 1, 1, 52, 128, 1, 1, 101, 117, 1, 34, 1, 1, 128, 1, 1, 5, 1, 1, 1, 1, 1, 1, 1, 1, 1, 1, 1, 1, 1, 1, 1, 97, 1, 51, 1, 1, 1, 1, 34, 1, 1, 45, 76, 1, 1, 1, 1, 5, 5, 5, 57, 4, 5, 26, 5, 34, 5, 5, 22, 5, 26, 5, 34, 5, 5, 128, 101, 45, 128, 128, 128, 4, 5, 5, 5, 5, 99, 5, 5, 128, 