{"Run": 14, "K": 380, "WCSSD": 2203.605215429501, "Purity": 0.49241339822502145, "Time": 20.547518014907837, "Kmeans_Labels": [107, 243, 10, 52, 10, 10, 115, 35, 252, 128, 10, 160, 32, 32, 242, 99, 10, 5, 99, 10, 10, 10, 166, 32, 32, 5, 32, 5, 183, 10, 32, 156, 183, 5, 10, 340, 32, 32, 160, 32, 99, 32, 64, 114, 32, 141, 32, 10, 10, 191, 115, 340, 340, 292, 193, 37, 99, 5, 145, 145, 99, 5, 10, 304, 37, 61, 32, 243, 32, 37, 5, 10, 10, 10, 250, 12, 10, 129, 10, 10, 10, 10, 128, 5, 35, 10, 251, 142, 10, 10, 115, 115, 232, 311, 68, 10, 344, 124, 35, 10, 35, 250, 10, 196, 196, 150, 150, 150, 10, 250, 64, 64, 64, 32, 193, 250, 56, 10, 99, 23, 10, 10, 23, 145, 145, 23, 10, 145, 288, 153, 375, 23, 166, 10, 56, 183, 56, 10, 10, 292, 24, 145, 180, 183, 23, 23, 115, 10, 99, 145, 23, 257, 251, 183, 10, 23, 10, 10, 145, 10, 10, 23, 23, 10, 10, 267, 153, 113, 106, 251, 10, 166, 10, 340, 23, 99, 165, 126, 23, 10, 115, 10, 49, 321, 23, 10, 23, 10, 10, 10, 113, 24, 99, 23, 145, 145, 10, 56, 10, 92, 34, 166, 166, 165, 23, 336, 23, 35, 113, 10, 166, 10, 98, 35, 35, 23, 23, 128, 160, 24, 35, 250, 10, 160, 10, 333, 141, 160, 340, 227, 10, 10, 35, 10, 35, 161, 128, 183, 378, 99, 23, 10, 24, 94, 340, 35, 94, 10, 56, 23, 128, 150, 293, 274, 89, 166, 23, 10, 23, 10, 10, 10, 160, 145, 196, 10, 56, 196, 10, 92, 166, 150, 113, 150, 150, 166, 340, 166, 23, 196, 255, 193, 193, 10, 166, 150, 165, 196, 10, 120, 2, 150, 97, 64, 150, 150, 150, 150, 64, 124, 277, 150, 150, 248, 150, 150, 150, 150, 10, 230, 24, 193, 150, 150, 92, 193, 292, 64, 64, 124, 64, 64, 340, 64, 165, 160, 10, 193, 24, 94, 183, 23, 23, 107, 340, 107, 23, 193, 166, 23, 115, 10, 155, 56, 23, 87, 141, 134, 301, 141, 155, 153, 340, 141, 160, 141, 10, 106, 80, 286, 286, 10, 292, 286, 64, 24, 47, 286, 23, 115, 286, 286, 47, 23, 47, 23, 23, 203, 166, 40, 10, 56, 110, 304, 10, 340, 340, 5, 145, 308, 10, 10, 166, 113, 10, 10, 165, 289, 10, 114, 24, 115, 145, 166, 153, 7, 99, 145, 145, 10, 10, 10, 37, 251, 243, 115, 150, 56, 115, 23, 99, 145, 10, 311, 114, 196, 56, 64, 80, 286, 286, 179, 292, 251, 178, 340, 340, 183, 183, 56, 351, 331, 257, 257, 128, 128, 64, 64, 10, 64, 329, 329, 64, 114, 99, 292, 292, 56, 286, 286, 141, 141, 56, 37, 37, 183, 37, 37, 145, 37, 37, 37, 145, 225, 289, 24, 10, 10, 232, 232, 35, 35, 10, 311, 311, 10, 10, 311, 311, 311, 257, 10, 323, 323, 56, 27, 292, 257, 257, 292, 35, 327, 24, 128, 128, 56, 311, 311, 196, 10, 10, 163, 1, 1, 10, 10, 10, 150, 10, 145, 63, 124, 145, 30, 30, 145, 124, 311, 145, 43, 43, 43, 48, 48, 150, 150, 328, 328, 330, 160, 64, 285, 285, 128, 128, 10, 10, 330, 330, 235, 235, 94, 94, 64, 330, 10, 257, 257, 257, 257, 289, 56, 24, 24, 160, 10, 10, 160, 160, 141, 141, 10, 10, 124, 10, 10, 10, 24, 141, 141, 141, 159, 159, 56, 141, 141, 141, 141, 10, 286, 286, 138, 115, 138, 141, 141, 47, 47, 47, 47, 47, 47, 47, 47, 47, 47, 223, 53, 53, 167, 167, 47, 47, 162, 47, 286, 286, 286, 56, 71, 289, 10, 32, 213, 213, 213, 213, 213, 84, 213, 213, 213, 160, 160, 213, 213, 213, 32, 213, 70, 213, 268, 56, 70, 213, 213, 213, 165, 10, 212, 10, 286, 362, 362, 37, 37, 37, 37, 153, 193, 37, 37, 153, 10, 72, 10, 225, 10, 145, 114, 165, 145, 10, 10, 10, 179, 114, 10, 128, 10, 311, 311, 10, 311, 311, 311, 10, 232, 10, 10, 37, 236, 10, 10, 311, 142, 311, 311, 311, 114, 311, 181, 10, 311, 311, 128, 3, 10, 181, 311, 311, 3, 115, 154, 311, 154, 10, 128, 3, 3, 332, 115, 128, 128, 311, 94, 311, 56, 124, 10, 196, 358, 158, 64, 377, 196, 197, 64, 377, 196, 10, 372, 280, 196, 60, 43, 43, 43, 43, 10, 48, 193, 64, 64, 64, 365, 77, 64, 365, 193, 258, 193, 64, 10, 257, 64, 8, 64, 56, 10, 64, 64, 64, 330, 330, 330, 64, 330, 64, 330, 151, 330, 64, 94, 199, 330, 64, 160, 94, 94, 94, 10, 94, 64, 64, 94, 257, 94, 94, 94, 94, 10, 10, 257, 64, 64, 64, 64, 5, 5, 64, 141, 141, 18, 141, 141, 141, 24, 141, 342, 141, 141, 141, 123, 123, 141, 94, 278, 24, 10, 10, 244, 10, 10, 124, 109, 109, 141, 141, 141, 340, 340, 286, 204, 204, 10, 47, 286, 259, 47, 165, 286, 47, 56, 253, 47, 286, 10, 47, 47, 56, 253, 206, 206, 10, 53, 164, 95, 10, 10, 330, 286, 47, 244, 250, 303, 303, 303, 67, 176, 99, 37, 10, 300, 37, 183, 37, 99, 10, 10, 10, 10, 115, 115, 10, 299, 10, 142, 10, 10, 10, 10, 64, 297, 64, 43, 64, 124, 292, 99, 10, 99, 376, 292, 145, 183, 10, 10, 10, 106, 5, 340, 172, 107, 182, 186, 107, 182, 10, 10, 222, 128, 122, 117, 10, 196, 117, 114, 117, 117, 122, 122, 95, 55, 122, 121, 378, 55, 55, 55, 55, 41, 55, 55, 121, 55, 117, 153, 55, 117, 55, 55, 55, 121, 115, 55, 122, 117, 55, 55, 55, 55, 117, 55, 115, 115, 55, 117, 117, 55, 55, 337, 121, 292, 55, 337, 55, 122, 122, 10, 288, 117, 121, 55, 292, 304, 10, 122, 121, 55, 124, 165, 117, 55, 117, 55, 304, 121, 55, 10, 55, 55, 33, 55, 10, 10, 55, 55, 121, 122, 203, 190, 121, 55, 55, 55, 121, 55, 117, 121, 121, 121, 55, 121, 121, 55, 121, 55, 121, 122, 10, 292, 121, 270, 55, 261, 10, 10, 179, 10, 122, 121, 122, 304, 343, 55, 337, 117, 121, 55, 55, 121, 231, 122, 289, 55, 117, 117, 117, 55, 117, 55, 99, 55, 55, 122, 55, 10, 179, 117, 117, 121, 55, 202, 55, 122, 122, 326, 78, 124, 55, 121, 291, 121, 55, 179, 10, 55, 55, 289, 122, 132, 121, 202, 55, 55, 55, 122, 122, 55, 117, 55, 24, 10, 55, 121, 121, 121, 117, 121, 55, 55, 32, 55, 50, 122, 122, 10, 121, 117, 117, 55, 55, 122, 117, 31, 117, 121, 219, 117, 96, 222, 55, 122, 114, 117, 55, 55, 153, 55, 326, 128, 55, 10, 55, 55, 122, 122, 115, 117, 121, 117, 121, 153, 122, 117, 121, 121, 55, 55, 99, 142, 31, 340, 122, 10, 117, 55, 121, 121, 122, 122, 10, 41, 55, 55, 55, 122, 55, 10, 121, 117, 10, 122, 122, 55, 55, 117, 117, 121, 10, 56, 55, 117, 122, 55, 122, 10, 196, 117, 121, 117, 55, 26, 55, 305, 121, 121, 117, 122, 55, 117, 193, 117, 340, 55, 122, 122, 55, 340, 55, 117, 55, 117, 10, 121, 340, 300, 287, 55, 117, 55, 117, 117, 117, 114, 360, 137, 117, 122, 124, 121, 185, 106, 322, 55, 55, 122, 117, 121, 113, 117, 117, 337, 117, 122, 56, 122, 117, 55, 55, 122, 55, 122, 117, 122, 55, 183, 122, 117, 271, 183, 183, 55, 121, 376, 119, 117, 117, 122, 122, 117, 122, 117, 55, 117, 300, 122, 117, 117, 10, 121, 122, 122, 121, 117, 55, 122, 61, 122, 121, 186, 117, 122, 55, 122, 286, 117, 95, 117, 286, 305, 117, 350, 239, 55, 55, 10, 122, 95, 122, 121, 55, 122, 10, 121, 121, 55, 122, 153, 153, 55, 122, 55, 121, 122, 122, 121, 121, 122, 55, 183, 22, 340, 153, 113, 340, 10, 340, 340, 340, 340, 234, 99, 340, 266, 145, 288, 340, 324, 160, 340, 88, 115, 145, 340, 340, 286, 32, 174, 174, 174, 172, 10, 10, 292, 286, 115, 286, 36, 286, 292, 47, 286, 47, 286, 25, 114, 243, 352, 56, 278, 94, 292, 150, 45, 141, 56, 47, 10, 115, 145, 10, 193, 10, 10, 311, 10, 141, 311, 47, 160, 10, 196, 128, 141, 64, 145, 328, 115, 115, 196, 10, 289, 10, 10, 10, 160, 56, 24, 81, 82, 10, 10, 64, 5, 64, 311, 214, 292, 232, 327, 145, 114, 10, 299, 94, 232, 10, 196, 11, 311, 340, 183, 27, 189, 306, 128, 160, 10, 47, 289, 37, 65, 10, 64, 56, 10, 10, 10, 141, 303, 10, 10, 61, 165, 56, 289, 282, 273, 10, 311, 10, 114, 10, 56, 56, 47, 115, 353, 10, 10, 37, 44, 153, 47, 10, 193, 372, 124, 10, 361, 10, 56, 145, 10, 135, 5, 24, 153, 24, 56, 257, 91, 80, 10, 142, 165, 10, 24, 10, 10, 99, 10, 56, 115, 89, 56, 61, 10, 10, 10, 289, 10, 10, 124, 115, 201, 303, 10, 47, 64, 286, 99, 47, 47, 47, 47, 56, 286, 141, 237, 115, 25, 141, 56, 141, 56, 278, 257, 10, 193, 141, 94, 10, 91, 89, 10, 114, 64, 114, 330, 124, 114, 340, 340, 10, 173, 64, 64, 10, 115, 10, 56, 201, 22, 45, 64, 10, 328, 292, 201, 10, 201, 51, 372, 196, 81, 196, 10, 10, 10, 10, 150, 201, 114, 165, 82, 10, 112, 165, 101, 10, 56, 124, 340, 189, 237, 56, 10, 22, 10, 10, 56, 340, 10, 340, 10, 160, 327, 99, 94, 160, 5, 10, 179, 142, 196, 292, 124, 114, 27, 282, 160, 160, 292, 352, 10, 56, 299, 10, 214, 10, 10, 56, 311, 183, 5, 56, 217, 10, 10, 361, 10, 257, 73, 311, 201, 128, 10, 320, 10, 27, 10, 10, 56, 311, 232, 24, 5, 232, 153, 10, 10, 99, 311, 311, 128, 128, 10, 27, 165, 10, 27, 10, 27, 99, 27, 56, 106, 292, 340, 5, 93, 61, 115, 56, 183, 10, 5, 61, 165, 24, 166, 10, 100, 289, 220, 113, 289, 289, 61, 10, 5, 220, 289, 289, 269, 124, 353, 