{"Run": 9, "K": 380, "WCSSD": 2202.768511885089, "Purity": 0.38935244556959697, "Time": 19.97771191596985, "Kmeans_Labels": [4, 179, 215, 48, 14, 14, 12, 355, 14, 14, 14, 93, 146, 146, 12, 14, 14, 136, 312, 298, 359, 14, 209, 146, 169, 136, 12, 136, 298, 14, 169, 312, 298, 136, 14, 274, 146, 146, 203, 146, 312, 169, 100, 372, 146, 14, 169, 310, 82, 14, 193, 363, 363, 226, 4, 32, 18, 136, 48, 48, 224, 136, 14, 115, 290, 11, 146, 179, 146, 290, 169, 312, 14, 310, 320, 305, 4, 14, 85, 14, 14, 332, 186, 136, 355, 115, 310, 42, 14, 14, 340, 12, 128, 123, 14, 320, 12, 14, 355, 14, 355, 149, 14, 213, 213, 220, 344, 213, 14, 149, 201, 362, 201, 146, 58, 149, 347, 14, 29, 51, 14, 14, 87, 48, 48, 51, 14, 48, 179, 154, 51, 51, 191, 332, 340, 298, 14, 14, 14, 125, 28, 336, 48, 298, 51, 87, 12, 14, 14, 48, 51, 26, 280, 103, 14, 51, 14, 310, 48, 82, 14, 51, 51, 152, 320, 51, 264, 226, 252, 280, 16, 14, 320, 363, 51, 236, 86, 41, 40, 14, 14, 332, 205, 258, 51, 320, 51, 22, 14, 312, 14, 28, 274, 51, 340, 48, 14, 179, 14, 9, 302, 277, 277, 366, 51, 355, 51, 9, 14, 14, 277, 22, 355, 355, 355, 51, 51, 9, 203, 28, 355, 14, 340, 203, 199, 227, 14, 9, 363, 51, 14, 177, 355, 14, 355, 14, 9, 298, 14, 14, 75, 153, 28, 155, 363, 355, 14, 14, 179, 51, 9, 9, 14, 51, 332, 277, 51, 14, 51, 9, 14, 14, 203, 48, 213, 14, 179, 213, 320, 9, 14, 320, 14, 197, 320, 320, 69, 277, 51, 175, 51, 4, 4, 138, 320, 320, 86, 213, 320, 179, 51, 320, 14, 325, 344, 344, 344, 344, 325, 298, 320, 344, 320, 344, 344, 9, 344, 344, 143, 284, 28, 4, 344, 344, 156, 4, 14, 201, 325, 312, 325, 201, 363, 325, 86, 14, 93, 4, 28, 325, 298, 51, 51, 4, 363, 93, 51, 4, 277, 51, 14, 226, 355, 93, 51, 363, 349, 51, 14, 274, 231, 291, 363, 93, 93, 14, 310, 252, 31, 83, 222, 12, 319, 176, 210, 28, 83, 176, 287, 14, 176, 176, 62, 287, 22, 287, 51, 51, 274, 85, 14, 363, 51, 115, 14, 363, 363, 371, 48, 14, 14, 82, 85, 311, 100, 169, 86, 89, 14, 372, 28, 184, 238, 14, 310, 28, 320, 312, 347, 14, 310, 14, 290, 280, 179, 12, 344, 179, 280, 51, 320, 48, 14, 14, 372, 213, 14, 320, 31, 176, 176, 100, 340, 280, 14, 311, 311, 298, 298, 14, 48, 14, 342, 342, 9, 9, 300, 300, 14, 325, 93, 93, 325, 202, 14, 139, 139, 14, 83, 83, 226, 226, 14, 248, 248, 14, 290, 290, 48, 290, 290, 290, 48, 107, 89, 28, 12, 9, 378, 378, 116, 116, 164, 9, 9, 331, 331, 123, 123, 123, 342, 14, 9, 9, 14, 145, 241, 342, 342, 241, 355, 320, 28, 9, 9, 14, 90, 377, 213, 215, 215, 14, 320, 320, 14, 14, 12, 312, 197, 3, 162, 179, 3, 162, 162, 3, 179, 14, 48, 235, 235, 235, 362, 362, 79, 79, 9, 9, 9, 203, 250, 344, 344, 9, 9, 332, 332, 201, 201, 91, 91, 14, 14, 201, 91, 93, 342, 342, 342, 342, 200, 14, 28, 28, 203, 93, 93, 93, 93, 14, 14, 93, 93, 332, 93, 226, 226, 28, 12, 20, 20, 230, 230, 14, 14, 14, 14, 14, 179, 176, 176, 342, 12, 342, 226, 226, 62, 62, 62, 62, 96, 96, 83, 83, 83, 83, 14, 243, 243, 62, 62, 62, 62, 62, 176, 106, 106, 176, 14, 340, 357, 14, 274, 70, 70, 70, 70, 70, 70, 70, 70, 70, 70, 9, 70, 70, 70, 146, 70, 70, 70, 70, 363, 70, 163, 70, 70, 86, 372, 372, 14, 83, 100, 100, 85, 85, 290, 290, 332, 4, 290, 290, 208, 312, 14, 14, 107, 14, 48, 372, 86, 48, 14, 312, 14, 100, 372, 14, 9, 85, 295, 295, 14, 295, 295, 14, 340, 378, 7, 12, 234, 132, 164, 164, 123, 42, 123, 123, 123, 372, 123, 100, 14, 123, 123, 9, 123, 14, 100, 360, 123, 193, 126, 94, 360, 94, 14, 9, 123, 123, 42, 12, 9, 9, 112, 14, 123, 14, 14, 14, 213, 28, 10, 325, 344, 213, 14, 325, 213, 213, 325, 235, 325, 213, 325, 235, 9, 325, 325, 14, 362, 4, 325, 325, 362, 213, 22, 325, 325, 4, 325, 246, 250, 14, 342, 201, 201, 201, 14, 93, 325, 325, 325, 201, 201, 201, 201, 201, 325, 22, 201, 201, 325, 129, 325, 129, 1, 78, 129, 135, 325, 219, 325, 1, 1, 81, 0, 81, 81, 81, 81, 93, 93, 0, 325, 325, 325, 325, 136, 136, 325, 292, 226, 14, 226, 226, 310, 226, 226, 22, 226, 102, 102, 374, 374, 226, 14, 124, 93, 14, 179, 226, 14, 14, 22, 226, 226, 310, 226, 226, 14, 14, 176, 176, 176, 226, 62, 176, 176, 62, 86, 183, 83, 85, 83, 96, 183, 73, 96, 96, 14, 83, 310, 310, 310, 243, 176, 243, 310, 14, 201, 176, 62, 226, 149, 22, 22, 22, 176, 298, 22, 290, 14, 161, 27, 298, 290, 14, 317, 14, 14, 14, 12, 363, 14, 42, 14, 42, 14, 289, 85, 14, 64, 344, 325, 235, 325, 312, 226, 85, 85, 85, 120, 14, 48, 14, 207, 85, 332, 252, 136, 363, 14, 4, 325, 176, 4, 325, 288, 14, 212, 9, 212, 242, 14, 127, 242, 372, 242, 242, 212, 212, 176, 120, 212, 95, 274, 120, 212, 120, 120, 19, 120, 120, 130, 120, 242, 274, 120, 242, 120, 120, 101, 127, 12, 120, 212, 242, 120, 120, 120, 120, 242, 120, 12, 12, 120, 242, 242, 120, 120, 71, 127, 14, 120, 127, 120, 212, 212, 288, 179, 242, 120, 120, 14, 115, 14, 212, 188, 120, 312, 115, 242, 120, 242, 308, 115, 127, 120, 14, 120, 120, 120, 120, 121, 14, 120, 120, 127, 212, 311, 298, 169, 120, 120, 120, 120, 120, 242, 120, 127, 127, 323, 127, 120, 120, 120, 120, 120, 212, 179, 61, 127, 120, 120, 11, 274, 206, 41, 14, 212, 120, 212, 100, 242, 120, 14, 242, 127, 120, 120, 120, 136, 212, 89, 120, 242, 242, 242, 286, 242, 120, 274, 120, 120, 212, 120, 14, 100, 242, 242, 127, 283, 120, 120, 212, 212, 308, 363, 14, 120, 127, 242, 120, 120, 41, 14, 120, 120, 89, 212, 242, 127, 120, 120, 120, 120, 212, 212, 120, 242, 120, 254, 14, 120, 127, 120, 127, 242, 127, 120, 120, 169, 120, 167, 212, 212, 14, 214, 242, 242, 120, 120, 212, 242, 242, 242, 120, 340, 242, 38, 212, 251, 212, 270, 242, 120, 120, 363, 120, 212, 9, 120, 14, 364, 120, 212, 212, 12, 242, 127, 242, 127, 226, 212, 242, 127, 120, 120, 120, 274, 42, 242, 78, 212, 61, 242, 120, 127, 120, 223, 212, 289, 19, 120, 120, 120, 212, 120, 14, 120, 242, 14, 212, 212, 120, 120, 242, 242, 120, 340, 340, 120, 242, 212, 120, 212, 159, 213, 242, 283, 242, 120, 239, 120, 350, 214, 127, 242, 212, 120, 242, 66, 242, 85, 120, 212, 212, 120, 6, 120, 242, 120, 242, 196, 370, 17, 161, 120, 120, 242, 120, 237, 242, 242, 372, 242, 71, 242, 212, 312, 127, 212, 252, 42, 120, 262, 212, 242, 120, 274, 242, 242, 71, 242, 212, 274, 127, 242, 120, 218, 127, 120, 212, 242, 127, 120, 298, 212, 242, 93, 298, 298, 120, 127, 120, 242, 242, 242, 30, 212, 242, 127, 242, 120, 242, 161, 212, 242, 242, 14, 127, 212, 127, 6, 242, 120, 52, 273, 212, 127, 76, 242, 212, 120, 212, 83, 242, 176, 242, 127, 350, 242, 127, 120, 120, 120, 310, 212, 243, 212, 127, 120, 212, 14, 127, 127, 120, 212, 363, 310, 120, 212, 120, 127, 212, 52, 95, 127, 212, 120, 298, 67, 363, 332, 232, 363, 179, 363, 363, 363, 363, 179, 274, 363, 14, 48, 179, 363, 14, 203, 363, 312, 198, 48, 363, 363, 83, 169, 199, 199, 199, 14, 310, 174, 312, 176, 12, 176, 174, 259, 226, 176, 83, 62, 83, 93, 372, 179, 9, 14, 124, 81, 226, 228, 93, 20, 274, 14, 289, 179, 48, 14, 4, 14, 351, 14, 12, 226, 123, 22, 9, 14, 213, 186, 14, 306, 48, 9, 226, 310, 344, 22, 89, 312, 340, 276, 68, 352, 361, 213, 9, 14, 14, 325, 136, 325, 295, 9, 14, 14, 37, 48, 372, 14, 42, 325, 378, 14, 213, 312, 14, 320, 298, 104, 266, 14, 186, 203, 312, 62, 89, 249, 100, 14, 325, 14, 14, 118, 14, 93, 22, 309, 14, 11, 86, 14, 89, 93, 198, 14, 123, 340, 372, 257, 320, 14, 62, 14, 192, 14, 326, 290, 14, 179, 62, 12, 4, 235, 312, 14, 45, 179, 14, 48, 341, 340, 233, 301, 179, 28, 14, 342, 4, 31, 14, 42, 14, 179, 28, 14, 93, 29, 12, 63, 12, 332, 274, 11, 14, 14, 43, 89, 311, 312, 312, 12, 274, 22, 14, 62, 325, 259, 29, 22, 176, 14, 62, 274, 176, 93, 312, 226, 93, 14, 63, 20, 14, 124, 342, 14, 4, 14, 81, 12, 4, 332, 78, 372, 201, 372, 91, 311, 372, 93, 289, 12, 274, 325, 325, 14, 310, 14, 274, 274, 311, 93, 306, 14, 9, 310, 274, 14, 274, 274, 235, 213, 213, 344, 351, 14, 326, 312, 228, 274, 372, 72, 9, 14, 332, 86, 9, 312, 274, 312, 316, 266, 312, 274, 289, 226, 274, 310, 320, 274, 257, 363, 179, 203, 37, 14, 14, 113, 136, 14, 41, 42, 213, 57, 312, 372, 104, 93, 68, 9, 226, 9, 276, 310, 42, 225, 9, 14, 12, 352, 123, 298, 136, 14, 123, 14, 340, 45, 14, 342, 312, 14, 274, 253, 78, 136, 14, 190, 14, 14, 14, 123, 378, 301, 160, 14, 14, 14, 14, 14, 14, 295, 186, 186, 14, 104, 14, 14, 190, 14, 104, 236, 190, 274, 252, 14, 363, 136, 312, 11, 12, 14, 86, 340, 136, 312, 