{"Run": 1, "K": 392, "WCSSD": 2237.0275477192745, "Purity": 0.38670982933205433, "Time": 20.9220609664917, "Kmeans_Labels": [187, 330, 3, 166, 3, 3, 330, 77, 330, 324, 3, 332, 3, 3, 3, 3, 3, 54, 167, 3, 167, 3, 202, 3, 296, 54, 3, 54, 22, 162, 89, 167, 22, 54, 167, 3, 3, 340, 89, 1, 167, 309, 140, 262, 58, 3, 340, 3, 3, 64, 89, 159, 159, 123, 187, 273, 3, 330, 166, 166, 3, 54, 3, 140, 273, 130, 330, 330, 1, 273, 54, 89, 162, 89, 167, 3, 187, 271, 79, 26, 3, 3, 162, 54, 77, 3, 391, 45, 3, 3, 3, 380, 302, 64, 3, 309, 3, 3, 77, 3, 77, 167, 3, 100, 100, 309, 356, 100, 162, 167, 58, 162, 58, 340, 187, 167, 2, 3, 123, 42, 3, 164, 42, 166, 166, 42, 208, 82, 32, 167, 42, 42, 202, 83, 123, 22, 123, 123, 123, 123, 129, 166, 166, 22, 42, 42, 3, 123, 3, 166, 42, 107, 391, 22, 123, 42, 3, 337, 166, 3, 110, 42, 42, 3, 309, 42, 123, 113, 30, 391, 3, 202, 3, 159, 42, 3, 56, 13, 42, 3, 89, 123, 3, 3, 42, 390, 42, 167, 3, 3, 296, 129, 296, 42, 166, 166, 3, 288, 3, 173, 77, 202, 202, 56, 42, 77, 42, 77, 3, 123, 202, 123, 77, 77, 77, 42, 42, 324, 371, 187, 188, 167, 3, 318, 340, 42, 123, 3, 159, 202, 3, 3, 77, 3, 77, 64, 324, 22, 180, 123, 42, 3, 129, 77, 159, 230, 159, 3, 288, 42, 309, 173, 3, 319, 83, 202, 42, 123, 42, 173, 123, 3, 318, 166, 100, 3, 288, 100, 3, 173, 202, 309, 296, 357, 309, 202, 93, 202, 42, 100, 42, 187, 187, 3, 309, 309, 56, 100, 309, 32, 42, 309, 3, 58, 3, 309, 3, 309, 58, 329, 3, 309, 3, 340, 235, 309, 309, 186, 309, 58, 129, 187, 3, 2, 173, 187, 117, 58, 58, 2, 58, 58, 159, 58, 56, 123, 3, 187, 129, 187, 22, 42, 42, 187, 159, 119, 42, 187, 202, 0, 123, 384, 129, 288, 42, 123, 123, 42, 123, 123, 129, 123, 159, 3, 3, 340, 3, 30, 365, 375, 362, 123, 123, 375, 19, 129, 196, 375, 20, 123, 375, 375, 196, 20, 196, 20, 42, 42, 202, 3, 123, 332, 42, 3, 3, 159, 159, 54, 166, 3, 3, 123, 202, 296, 140, 296, 56, 106, 3, 262, 129, 167, 166, 202, 123, 129, 3, 166, 166, 3, 307, 3, 163, 391, 330, 3, 309, 288, 391, 122, 113, 3, 3, 64, 262, 100, 3, 187, 365, 375, 375, 140, 123, 391, 3, 2, 2, 22, 22, 3, 166, 3, 107, 107, 324, 324, 58, 58, 58, 58, 3, 3, 58, 262, 3, 340, 340, 3, 375, 375, 340, 340, 3, 273, 273, 22, 140, 140, 166, 273, 273, 273, 166, 273, 3, 129, 3, 162, 296, 296, 77, 77, 64, 389, 389, 3, 3, 64, 64, 64, 107, 3, 267, 267, 312, 9, 200, 282, 282, 200, 77, 319, 129, 173, 173, 3, 64, 64, 162, 166, 166, 340, 3, 3, 3, 3, 3, 284, 357, 351, 261, 3, 351, 261, 261, 351, 3, 162, 166, 58, 58, 309, 162, 162, 3, 3, 69, 69, 303, 235, 58, 309, 309, 173, 173, 3, 3, 298, 298, 265, 265, 100, 100, 58, 58, 340, 41, 41, 41, 41, 340, 3, 129, 129, 97, 340, 340, 3, 3, 3, 3, 133, 133, 3, 370, 3, 3, 129, 3, 3, 3, 3, 3, 22, 3, 3, 194, 194, 3, 376, 376, 107, 336, 107, 229, 229, 196, 196, 61, 61, 3, 3, 221, 221, 249, 249, 3, 375, 375, 196, 196, 196, 196, 196, 196, 375, 375, 375, 296, 3, 89, 3, 89, 4, 4, 4, 4, 4, 4, 4, 4, 338, 4, 3, 4, 4, 4, 2, 4, 4, 4, 4, 123, 4, 4, 4, 223, 56, 262, 262, 3, 375, 140, 140, 132, 132, 273, 273, 3, 187, 273, 273, 227, 3, 3, 3, 273, 3, 374, 40, 70, 166, 3, 167, 3, 140, 262, 3, 173, 330, 64, 64, 3, 162, 162, 162, 3, 273, 3, 328, 273, 340, 3, 3, 64, 170, 64, 64, 64, 262, 64, 140, 89, 64, 64, 324, 64, 64, 140, 64, 64, 64, 89, 148, 64, 148, 3, 173, 64, 64, 45, 3, 173, 173, 64, 162, 64, 162, 3, 3, 100, 129, 100, 58, 100, 100, 3, 58, 100, 172, 172, 298, 58, 100, 58, 309, 58, 58, 162, 162, 162, 187, 58, 58, 162, 162, 49, 58, 162, 187, 58, 59, 58, 3, 107, 58, 58, 58, 2, 3, 58, 58, 58, 265, 265, 265, 58, 298, 58, 298, 298, 298, 58, 58, 58, 298, 220, 128, 58, 99, 58, 3, 99, 220, 220, 73, 107, 73, 73, 73, 73, 340, 340, 107, 133, 133, 58, 58, 54, 54, 58, 133, 3, 123, 3, 27, 340, 3, 27, 296, 48, 3, 3, 73, 73, 194, 3, 340, 187, 340, 3, 340, 3, 3, 366, 3, 3, 340, 154, 154, 3, 3, 375, 375, 375, 340, 61, 375, 375, 196, 56, 375, 221, 3, 278, 3, 375, 3, 3, 3, 3, 278, 3, 3, 167, 375, 153, 375, 340, 3, 340, 375, 196, 340, 167, 340, 340, 340, 375, 22, 340, 273, 3, 2, 273, 22, 273, 3, 3, 76, 3, 43, 336, 332, 7, 247, 3, 45, 3, 359, 3, 3, 58, 272, 58, 159, 58, 3, 340, 3, 3, 3, 75, 123, 166, 22, 3, 3, 3, 30, 54, 159, 296, 187, 58, 375, 187, 58, 3, 89, 157, 3, 157, 315, 3, 100, 344, 262, 192, 55, 157, 71, 375, 378, 157, 75, 180, 23, 75, 75, 75, 15, 75, 75, 44, 75, 315, 159, 75, 315, 388, 233, 75, 55, 55, 75, 157, 315, 75, 75, 75, 342, 315, 75, 55, 55, 75, 315, 191, 75, 75, 361, 44, 123, 75, 205, 75, 157, 157, 3, 32, 315, 75, 285, 89, 3, 3, 157, 75, 75, 2, 248, 178, 75, 315, 75, 3, 72, 75, 3, 29, 75, 75, 379, 3, 3, 75, 75, 29, 157, 2, 22, 75, 75, 75, 75, 120, 75, 315, 75, 75, 75, 75, 11, 75, 75, 75, 75, 75, 157, 330, 123, 326, 75, 75, 130, 296, 3, 355, 3, 157, 75, 75, 140, 315, 75, 361, 315, 75, 75, 75, 75, 54, 157, 2, 94, 315, 315, 315, 75, 315, 75, 3, 75, 75, 157, 75, 3, 252, 118, 315, 75, 75, 75, 75, 75, 157, 45, 123, 3, 131, 75, 315, 75, 75, 13, 89, 75, 75, 332, 157, 334, 75, 75, 75, 75, 75, 157, 157, 75, 63, 75, 85, 3, 209, 3, 75, 107, 315, 326, 75, 75, 8, 75, 3, 71, 157, 332, 3, 315, 315, 75, 233, 157, 315, 315, 315, 75, 3, 315, 90, 157, 75, 157, 262, 149, 75, 75, 390, 75, 157, 3, 75, 3, 75, 75, 157, 157, 340, 161, 75, 315, 11, 159, 157, 315, 55, 75, 75, 75, 296, 45, 150, 128, 157, 3, 315, 75, 75, 75, 157, 157, 359, 15, 75, 75, 75, 293, 75, 3, 75, 315, 3, 157, 157, 75, 75, 315, 315, 75, 3, 3, 75, 315, 157, 75, 157, 3, 100, 315, 75, 315, 75, 190, 75, 2, 100, 75, 315, 157, 75, 315, 187, 323, 87, 75, 157, 157, 75, 323, 75, 281, 75, 315, 3, 75, 204, 2, 75, 75, 315, 75, 315, 344, 315, 262, 315, 361, 315, 157, 167, 323, 157, 30, 45, 44, 75, 157, 192, 75, 159, 315, 315, 361, 315, 157, 296, 75, 315, 75, 75, 75, 39, 157, 315, 75, 75, 22, 157, 315, 3, 22, 22, 75, 75, 75, 315, 315, 315, 301, 157, 315, 157, 315, 213, 315, 2, 157, 55, 315, 3, 75, 157, 75, 323, 315, 75, 157, 130, 71, 75, 157, 315, 157, 75, 157, 375, 315, 375, 315, 375, 2, 315, 75, 75, 75, 378, 3, 157, 375, 157, 75, 75, 157, 3, 323, 75, 75, 157, 159, 11, 75, 157, 8, 105, 157, 157, 75, 75, 157, 75, 22, 34, 159, 185, 332, 159, 3, 159, 159, 159, 159, 2, 2, 159, 3, 166, 32, 159, 22, 371, 159, 3, 142, 166, 159, 159, 375, 296, 296, 296, 296, 296, 3, 382, 123, 375, 3, 375, 171, 375, 123, 196, 375, 196, 375, 159, 201, 330, 324, 3, 340, 73, 3, 2, 2, 3, 3, 196, 91, 96, 109, 3, 187, 3, 309, 3, 3, 340, 64, 182, 173, 3, 100, 173, 340, 58, 166, 238, 225, 167, 100, 296, 3, 284, 383, 289, 318, 3, 129, 100, 309, 3, 3, 265, 54, 58, 162, 108, 3, 273, 319, 166, 262, 340, 247, 58, 273, 3, 210, 167, 162, 364, 331, 124, 123, 3, 173, 97, 3, 196, 106, 273, 140, 3, 62, 3, 138, 184, 167, 340, 167, 3, 3, 130, 56, 3, 129, 340, 242, 3, 64, 3, 262, 340, 309, 3, 196, 3, 3, 3, 3, 177, 3, 296, 61, 3, 187, 58, 3, 219, 54, 98, 3, 166, 3, 3, 5, 129, 159, 129, 3, 107, 187, 365, 3, 45, 3, 330, 129, 340, 112, 167, 3, 368, 346, 123, 2, 130, 3, 3, 3, 106, 2, 3, 3, 3, 339, 167, 340, 196, 58, 375, 167, 182, 196, 196, 61, 3, 375, 340, 167, 225, 159, 3, 368, 3, 3, 340, 107, 3, 187, 340, 73, 3, 187, 123, 128, 262, 58, 262, 298, 329, 201, 296, 359, 3, 339, 265, 58, 3, 167, 89, 296, 240, 34, 2, 58, 3, 238, 151, 240, 340, 339, 2, 58, 210, 100, 100, 309, 291, 3, 284, 2, 339, 262, 36, 309, 296, 60, 56, 309, 3, 79, 2, 46, 123, 167, 89, 91, 34, 3, 3, 309, 296, 340, 159, 98, 97, 319, 3, 3, 97, 54, 3, 13, 45, 100, 123, 3, 262, 124, 340, 318, 173, 3, 324, 289, 2, 247, 340, 108, 3, 3, 3, 64, 331, 54, 340, 64, 3, 3, 54, 3, 107, 167, 3, 339, 322, 128, 54, 3, 9, 3, 3, 3, 64, 273, 129, 54, 273, 3, 3, 3, 212, 162, 162, 173, 173, 167, 9, 3, 219, 9, 219, 9, 3, 9, 2, 3, 3, 159, 54, 262, 130, 346, 3, 274, 383, 54, 130, 54, 129, 202, 3, 166, 3, 165, 313, 226, 3, 130, 3, 54, 364, 106, 54, 159, 3, 3, 129, 330, 3, 296, 166, 106, 3, 332, 89, 129, 207, 167, 54, 3, 166, 364, 159, 3, 96, 138, 3, 129, 3, 296, 2, 177, 109, 166, 3, 22, 296, 3, 3, 3, 296, 5, 129, 3, 54, 3, 3, 166, 3, 140, 187, 3, 129, 54, 56, 3, 322, 291, 128, 123, 296, 9, 89, 54, 58, 15, 35, 339, 56, 2, 3, 207, 3, 128, 107, 165, 3, 130, 151, 9, 340, 140, 262, 89, 159, 273, 3, 359, 167, 123, 296, 3, 128, 3, 46, 167, 166, 140, 167, 