{"Run": 8, "K": 392, "WCSSD": 2213.6506647714373, "Purity": 0.3923020285960275, "Time": 21.87051296234131, "Kmeans_Labels": [3, 377, 139, 91, 3, 3, 377, 183, 377, 140, 3, 63, 69, 21, 332, 3, 3, 146, 25, 3, 3, 3, 158, 21, 234, 146, 364, 146, 51, 3, 21, 218, 51, 146, 364, 313, 21, 21, 63, 21, 364, 21, 136, 243, 52, 376, 21, 364, 3, 3, 3, 391, 391, 3, 280, 101, 3, 146, 91, 91, 3, 146, 3, 249, 150, 366, 21, 279, 21, 101, 75, 364, 3, 25, 124, 3, 3, 3, 381, 3, 3, 39, 140, 146, 183, 3, 54, 74, 3, 3, 313, 331, 101, 228, 3, 3, 25, 304, 183, 3, 183, 124, 3, 24, 24, 185, 185, 24, 3, 124, 307, 173, 173, 21, 173, 214, 278, 3, 391, 17, 3, 25, 17, 91, 3, 17, 25, 275, 248, 3, 17, 17, 141, 3, 25, 51, 350, 3, 3, 3, 320, 336, 91, 51, 17, 17, 313, 158, 3, 91, 17, 250, 257, 51, 3, 254, 3, 3, 91, 3, 25, 17, 17, 25, 3, 17, 257, 248, 98, 257, 3, 158, 3, 391, 17, 341, 378, 119, 349, 3, 25, 25, 3, 3, 17, 3, 10, 3, 3, 3, 253, 324, 383, 17, 91, 116, 3, 78, 3, 205, 183, 60, 158, 378, 17, 183, 17, 183, 248, 3, 60, 3, 183, 183, 183, 17, 17, 140, 63, 324, 183, 124, 3, 63, 313, 17, 217, 63, 391, 158, 3, 3, 183, 3, 183, 3, 140, 51, 3, 3, 17, 248, 324, 183, 391, 183, 391, 3, 78, 17, 185, 185, 3, 5, 364, 158, 134, 116, 17, 3, 25, 3, 63, 357, 24, 3, 78, 24, 3, 205, 158, 185, 248, 116, 185, 158, 391, 158, 348, 24, 17, 3, 280, 158, 158, 185, 378, 24, 185, 168, 17, 185, 3, 173, 113, 185, 3, 185, 132, 90, 3, 185, 3, 248, 3, 185, 185, 185, 3, 173, 324, 280, 3, 391, 205, 280, 3, 173, 173, 251, 173, 173, 391, 173, 378, 63, 3, 16, 324, 173, 51, 17, 17, 3, 391, 3, 17, 3, 158, 171, 121, 39, 376, 78, 376, 391, 3, 376, 3, 376, 376, 25, 391, 376, 63, 3, 3, 98, 13, 42, 97, 3, 353, 42, 173, 324, 126, 338, 17, 3, 338, 338, 338, 17, 165, 17, 17, 17, 158, 3, 116, 39, 127, 3, 194, 391, 391, 65, 91, 3, 3, 3, 158, 248, 136, 3, 378, 16, 3, 243, 64, 3, 91, 158, 3, 324, 3, 258, 91, 3, 248, 39, 256, 257, 377, 313, 185, 78, 257, 17, 25, 3, 3, 3, 243, 24, 3, 173, 13, 338, 338, 136, 359, 257, 3, 39, 39, 51, 51, 248, 91, 3, 250, 250, 140, 140, 173, 173, 248, 173, 196, 196, 173, 243, 248, 338, 338, 3, 42, 42, 3, 3, 3, 101, 101, 51, 34, 34, 91, 101, 101, 101, 91, 101, 16, 324, 3, 140, 87, 87, 183, 183, 3, 140, 140, 3, 3, 120, 120, 120, 250, 3, 5, 5, 25, 37, 3, 250, 250, 3, 183, 5, 324, 140, 140, 3, 228, 228, 24, 139, 139, 3, 230, 230, 3, 3, 3, 24, 3, 91, 24, 3, 24, 24, 24, 24, 3, 228, 91, 45, 45, 185, 173, 173, 241, 241, 112, 112, 352, 63, 173, 185, 185, 140, 140, 3, 3, 292, 292, 173, 173, 319, 319, 173, 173, 39, 250, 250, 250, 250, 16, 3, 324, 324, 63, 364, 364, 63, 63, 3, 3, 3, 3, 313, 3, 356, 356, 324, 376, 376, 376, 376, 376, 3, 25, 376, 3, 3, 168, 246, 246, 250, 364, 250, 301, 301, 321, 321, 321, 321, 283, 283, 328, 328, 42, 42, 3, 255, 255, 321, 321, 342, 342, 338, 338, 42, 42, 321, 39, 3, 215, 146, 257, 4, 4, 4, 4, 107, 4, 4, 4, 62, 63, 63, 4, 295, 4, 21, 4, 4, 4, 4, 364, 4, 4, 4, 4, 378, 3, 29, 3, 42, 137, 137, 3, 3, 101, 101, 25, 280, 101, 101, 25, 86, 313, 86, 101, 3, 91, 243, 378, 91, 3, 364, 3, 136, 243, 3, 91, 377, 228, 228, 3, 228, 228, 3, 3, 87, 238, 313, 101, 3, 3, 3, 228, 300, 228, 228, 228, 243, 228, 117, 3, 120, 228, 140, 228, 3, 117, 347, 228, 228, 3, 228, 347, 228, 3, 140, 228, 228, 74, 83, 140, 140, 228, 3, 228, 3, 3, 3, 24, 24, 388, 3, 24, 227, 3, 173, 24, 24, 3, 45, 66, 24, 45, 45, 173, 45, 173, 3, 173, 340, 173, 173, 173, 24, 3, 173, 173, 173, 173, 173, 173, 3, 250, 173, 173, 173, 364, 3, 173, 173, 173, 173, 307, 173, 307, 173, 173, 292, 173, 173, 173, 173, 173, 173, 343, 63, 173, 3, 173, 147, 173, 221, 221, 80, 250, 80, 80, 80, 80, 364, 364, 250, 173, 173, 173, 173, 146, 146, 173, 3, 3, 39, 3, 356, 3, 3, 356, 226, 206, 263, 263, 173, 173, 356, 3, 3, 315, 379, 168, 3, 3, 3, 3, 3, 3, 165, 3, 3, 170, 170, 198, 338, 338, 3, 77, 42, 42, 321, 378, 223, 36, 3, 42, 283, 223, 233, 283, 283, 3, 42, 3, 3, 3, 255, 338, 338, 3, 3, 173, 338, 342, 165, 124, 23, 23, 23, 338, 26, 3, 101, 7, 3, 101, 51, 101, 25, 48, 3, 3, 3, 313, 391, 313, 74, 3, 74, 3, 139, 3, 3, 173, 24, 173, 45, 284, 248, 3, 238, 238, 238, 6, 3, 91, 51, 3, 16, 3, 98, 146, 391, 3, 173, 173, 338, 173, 173, 3, 3, 166, 140, 166, 354, 84, 24, 354, 243, 354, 354, 178, 166, 42, 6, 166, 6, 39, 115, 216, 6, 115, 39, 144, 144, 144, 115, 354, 313, 115, 354, 6, 6, 115, 6, 364, 6, 166, 354, 6, 6, 6, 144, 354, 6, 364, 364, 204, 354, 354, 204, 6, 354, 6, 3, 6, 115, 6, 166, 166, 3, 248, 354, 115, 6, 313, 391, 3, 166, 166, 6, 391, 378, 354, 115, 354, 115, 3, 6, 144, 3, 6, 6, 6, 6, 3, 3, 6, 6, 6, 166, 391, 51, 234, 6, 115, 273, 6, 115, 354, 6, 6, 6, 6, 367, 6, 6, 115, 128, 6, 166, 377, 391, 202, 115, 6, 384, 32, 3, 235, 3, 166, 6, 166, 136, 354, 115, 84, 354, 6, 6, 6, 115, 146, 166, 16, 115, 354, 175, 354, 115, 354, 6, 383, 6, 6, 166, 144, 3, 136, 354, 354, 166, 115, 6, 6, 166, 166, 115, 39, 3, 6, 6, 354, 297, 6, 119, 3, 6, 6, 16, 358, 354, 6, 6, 115, 204, 6, 166, 166, 6, 156, 6, 324, 313, 72, 3, 6, 250, 156, 202, 6, 6, 234, 6, 93, 114, 166, 3, 3, 354, 156, 115, 6, 166, 354, 156, 354, 6, 3, 354, 151, 166, 6, 166, 3, 354, 6, 144, 391, 6, 166, 140, 6, 3, 6, 72, 166, 166, 3, 156, 6, 58, 111, 313, 166, 354, 202, 6, 115, 6, 383, 74, 156, 39, 166, 3, 354, 6, 354, 6, 166, 166, 8, 25, 144, 40, 144, 166, 204, 84, 6, 354, 3, 166, 166, 231, 6, 354, 354, 6, 3, 3, 6, 354, 166, 115, 166, 3, 24, 354, 115, 354, 144, 3, 6, 39, 24, 6, 354, 166, 6, 354, 173, 303, 165, 6, 166, 166, 166, 303, 6, 354, 6, 354, 3, 166, 165, 391, 6, 6, 354, 115, 354, 354, 323, 243, 354, 354, 354, 166, 364, 310, 166, 98, 74, 144, 6, 166, 354, 6, 25, 354, 354, 115, 354, 166, 39, 166, 354, 6, 6, 176, 6, 166, 354, 166, 6, 51, 166, 354, 39, 51, 51, 115, 115, 6, 354, 354, 354, 166, 166, 354, 339, 333, 14, 354, 391, 166, 354, 354, 3, 166, 166, 166, 303, 354, 6, 166, 366, 166, 166, 338, 354, 178, 6, 166, 42, 354, 42, 354, 338, 39, 354, 166, 6, 6, 6, 391, 166, 42, 166, 6, 204, 166, 88, 303, 57, 115, 178, 313, 111, 144, 166, 115, 166, 166, 210, 6, 6, 166, 6, 51, 39, 391, 39, 248, 391, 3, 391, 391, 391, 391, 391, 383, 391, 3, 91, 248, 391, 3, 63, 391, 364, 165, 374, 391, 391, 42, 3, 313, 313, 313, 3, 3, 3, 364, 338, 274, 338, 13, 42, 3, 42, 42, 342, 42, 3, 90, 377, 140, 3, 3, 80, 3, 131, 313, 376, 314, 169, 3, 55, 91, 3, 3, 3, 3, 3, 0, 3, 120, 165, 63, 3, 24, 140, 3, 173, 91, 112, 89, 165, 24, 313, 16, 3, 364, 364, 63, 122, 324, 108, 63, 313, 3, 173, 146, 284, 228, 63, 3, 3, 369, 91, 298, 3, 74, 173, 87, 3, 24, 364, 3, 155, 51, 37, 25, 376, 140, 63, 3, 342, 16, 129, 137, 3, 173, 3, 5, 302, 25, 3, 23, 3, 3, 366, 378, 3, 16, 63, 43, 3, 228, 47, 211, 3, 185, 182, 165, 276, 3, 44, 3, 53, 3, 370, 77, 102, 280, 45, 364, 3, 146, 3, 380, 195, 3, 105, 146, 324, 391, 324, 25, 250, 3, 13, 313, 74, 154, 377, 324, 3, 3, 364, 364, 100, 313, 364, 19, 366, 3, 3, 3, 16, 3, 3, 3, 274, 39, 23, 3, 342, 173, 42, 364, 165, 42, 169, 77, 314, 338, 3, 364, 89, 3, 3, 100, 376, 3, 3, 250, 3, 3, 3, 80, 0, 3, 364, 39, 243, 277, 298, 173, 3, 90, 39, 8, 102, 39, 173, 284, 146, 165, 0, 25, 39, 39, 313, 173, 3, 112, 25, 39, 3, 39, 39, 45, 24, 108, 24, 3, 39, 3, 3, 131, 39, 298, 378, 63, 3, 391, 378, 185, 39, 39, 3, 165, 25, 364, 39, 3, 39, 39, 25, 185, 39, 3, 391, 3, 63, 369, 3, 165, 63, 32, 3, 119, 74, 24, 213, 3, 99, 37, 63, 63, 63, 31, 140, 364, 237, 74, 3, 63, 313, 364, 122, 120, 51, 146, 165, 228, 3, 3, 146, 3, 250, 25, 3, 39, 140, 39, 146, 3, 37, 3, 3, 25, 228, 87, 324, 146, 3, 313, 3, 3, 3, 3, 228, 140, 140, 25, 37, 154, 3, 37, 3, 239, 341, 37, 19, 98, 3, 391, 146, 243, 345, 313, 182, 51, 364, 146, 3, 146, 324, 158, 3, 91, 16, 16, 248, 248, 16, 366, 3, 146, 155, 16, 16, 391, 364, 3, 16, 377, 105, 364, 91, 16, 3, 248, 248, 324, 136, 364, 146, 3, 195, 155, 391, 313, 55, 5, 3, 324, 3, 39, 3, 53, 91, 91, 3, 51, 25, 3, 3, 276, 224, 146, 248, 3, 146, 3, 184, 91, 380, 137, 280, 3, 324, 146, 378, 313, 140, 39, 39, 213, 364, 37, 39, 16, 173, 39, 12, 39, 378, 39, 3, 136, 382, 39, 250, 16, 313, 345, 25, 239, 3, 136, 243, 0, 391, 101, 341, 39, 364, 3, 370, 151, 262, 39, 165, 364, 91, 136, 3, 101, 248, 13, 3, 364, 39, 3, 338, 3, 165, 129, 338, 