{"Run": 14, "K": 206, "WCSSD": 2469.8124196385456, "Purity": 0.4480389350128829, "Time": 8.35739803314209, "Kmeans_Labels": [8, 172, 120, 8, 8, 8, 5, 43, 8, 8, 8, 8, 113, 113, 8, 8, 69, 82, 186, 186, 186, 8, 186, 113, 90, 82, 186, 82, 177, 8, 186, 186, 36, 82, 186, 8, 8, 113, 186, 8, 186, 145, 188, 42, 188, 8, 186, 186, 81, 8, 8, 102, 102, 83, 8, 8, 8, 82, 8, 8, 8, 82, 82, 144, 8, 156, 8, 172, 113, 82, 82, 186, 8, 8, 14, 8, 8, 8, 69, 8, 8, 90, 116, 82, 43, 8, 102, 197, 8, 8, 8, 121, 8, 62, 8, 5, 8, 186, 43, 8, 43, 14, 8, 203, 203, 5, 5, 203, 8, 14, 128, 188, 2, 8, 116, 14, 102, 8, 91, 37, 8, 19, 37, 8, 8, 37, 102, 8, 90, 8, 37, 37, 8, 8, 8, 36, 47, 8, 8, 8, 20, 8, 8, 36, 37, 37, 8, 8, 8, 8, 37, 23, 8, 36, 8, 37, 8, 8, 8, 81, 8, 37, 37, 8, 5, 37, 102, 90, 90, 33, 69, 8, 164, 102, 37, 8, 144, 186, 37, 8, 8, 8, 8, 8, 37, 46, 37, 8, 8, 71, 8, 20, 90, 37, 8, 8, 8, 90, 8, 116, 43, 186, 69, 144, 106, 43, 37, 43, 8, 8, 186, 8, 43, 43, 43, 37, 37, 116, 66, 20, 98, 8, 8, 66, 83, 37, 8, 116, 102, 37, 8, 8, 43, 8, 43, 8, 116, 36, 8, 8, 37, 8, 20, 43, 102, 43, 8, 135, 90, 37, 116, 116, 8, 37, 83, 186, 37, 8, 37, 116, 8, 8, 66, 8, 203, 8, 90, 203, 186, 116, 90, 5, 8, 142, 5, 205, 102, 8, 37, 203, 37, 5, 8, 8, 5, 5, 144, 203, 163, 90, 37, 205, 8, 188, 142, 5, 142, 5, 188, 102, 186, 5, 8, 142, 142, 5, 5, 5, 5, 57, 20, 8, 142, 142, 116, 8, 69, 188, 188, 83, 188, 188, 102, 24, 165, 8, 8, 31, 20, 188, 36, 37, 182, 8, 102, 8, 37, 8, 82, 37, 8, 67, 20, 90, 37, 102, 8, 37, 8, 8, 159, 90, 102, 8, 8, 8, 8, 90, 127, 51, 51, 8, 67, 110, 188, 20, 51, 110, 37, 186, 110, 22, 51, 37, 67, 37, 37, 37, 102, 69, 102, 102, 37, 69, 8, 102, 102, 82, 8, 8, 8, 81, 69, 8, 8, 8, 144, 31, 8, 42, 20, 8, 8, 8, 8, 20, 37, 8, 8, 8, 90, 90, 8, 8, 172, 8, 142, 90, 102, 37, 90, 8, 8, 8, 42, 203, 8, 188, 127, 51, 110, 12, 8, 33, 8, 90, 90, 36, 36, 90, 186, 8, 23, 23, 116, 116, 181, 181, 90, 188, 8, 8, 188, 42, 8, 67, 67, 90, 157, 157, 67, 67, 8, 8, 8, 36, 60, 60, 161, 161, 161, 8, 8, 8, 31, 20, 8, 116, 8, 8, 43, 43, 62, 151, 151, 8, 8, 62, 62, 62, 23, 8, 116, 116, 8, 29, 8, 23, 23, 8, 43, 8, 20, 95, 95, 8, 62, 62, 203, 120, 120, 67, 8, 8, 8, 8, 8, 83, 8, 8, 203, 102, 203, 203, 203, 203, 102, 203, 8, 188, 188, 5, 116, 116, 142, 142, 155, 155, 116, 142, 188, 142, 142, 116, 116, 8, 8, 171, 171, 171, 171, 203, 203, 188, 188, 8, 23, 23, 23, 23, 31, 83, 20, 20, 66, 74, 74, 8, 8, 8, 8, 8, 8, 54, 8, 67, 67, 20, 8, 8, 8, 159, 159, 89, 8, 8, 67, 67, 90, 51, 51, 23, 178, 23, 67, 67, 67, 67, 51, 51, 51, 51, 51, 51, 51, 51, 8, 110, 110, 51, 51, 51, 51, 67, 110, 51, 51, 51, 90, 125, 31, 82, 33, 17, 17, 17, 17, 17, 17, 17, 17, 17, 17, 116, 17, 17, 17, 113, 17, 17, 17, 17, 83, 17, 17, 17, 17, 144, 42, 42, 8, 191, 60, 60, 109, 109, 8, 8, 8, 8, 132, 132, 102, 83, 8, 8, 8, 8, 8, 42, 144, 8, 8, 186, 8, 12, 42, 8, 116, 69, 126, 126, 8, 126, 126, 8, 8, 8, 69, 8, 62, 8, 8, 8, 62, 197, 62, 62, 62, 42, 62, 186, 8, 62, 62, 116, 62, 8, 186, 62, 62, 62, 8, 62, 62, 62, 8, 95, 62, 62, 197, 8, 95, 95, 62, 203, 42, 8, 167, 167, 203, 20, 203, 188, 142, 203, 8, 188, 203, 203, 188, 171, 188, 203, 188, 188, 188, 188, 188, 203, 188, 203, 188, 188, 188, 203, 8, 188, 188, 188, 188, 107, 188, 8, 23, 188, 188, 188, 83, 8, 188, 188, 188, 171, 171, 171, 128, 171, 188, 171, 171, 171, 188, 188, 188, 171, 3, 8, 188, 8, 188, 8, 188, 3, 3, 149, 23, 149, 149, 149, 149, 74, 74, 23, 188, 188, 188, 188, 25, 25, 188, 67, 67, 90, 67, 67, 67, 20, 67, 8, 67, 190, 190, 188, 188, 67, 8, 67, 114, 67, 67, 67, 8, 8, 102, 67, 67, 67, 67, 67, 8, 8, 110, 110, 110, 67, 51, 110, 51, 51, 144, 51, 51, 64, 21, 51, 51, 83, 51, 51, 83, 21, 186, 186, 67, 110, 110, 110, 67, 8, 67, 110, 51, 67, 14, 51, 51, 51, 110, 36, 7, 8, 8, 83, 8, 36, 8, 8, 8, 8, 8, 8, 8, 67, 8, 197, 8, 131, 8, 8, 69, 8, 188, 142, 188, 73, 188, 83, 67, 69, 69, 69, 1, 8, 8, 36, 83, 69, 8, 90, 82, 102, 8, 188, 188, 110, 188, 188, 8, 201, 18, 116, 68, 179, 8, 203, 179, 42, 88, 88, 68, 68, 110, 1, 68, 1, 90, 185, 185, 141, 87, 90, 185, 185, 1, 1, 179, 90, 1, 179, 1, 1, 1, 88, 88, 185, 18, 179, 1, 185, 1, 185, 179, 53, 88, 88, 185, 179, 179, 185, 1, 179, 1, 8, 1, 1, 1, 68, 68, 8, 90, 179, 1, 1, 48, 8, 8, 18, 68, 94, 83, 144, 179, 1, 179, 105, 8, 1, 185, 8, 1, 1, 1, 1, 8, 8, 38, 1, 1, 68, 102, 36, 1, 1, 1, 185, 1, 1, 179, 153, 1, 1, 1, 90, 1, 1, 40, 1, 1, 68, 8, 90, 68, 1, 1, 156, 8, 8, 12, 8, 68, 1, 68, 12, 179, 1, 8, 88, 1, 1, 1, 1, 82, 68, 31, 1, 88, 179, 179, 1, 179, 119, 8, 1, 185, 68, 185, 8, 8, 179, 179, 166, 1, 189, 58, 68, 18, 197, 83, 8, 1, 1, 179, 68, 1, 186, 201, 1, 1, 31, 68, 179, 1, 189, 1, 1, 1, 68, 68, 1, 179, 1, 20, 8, 185, 8, 32, 23, 179, 1, 1, 1, 1, 1, 63, 68, 86, 8, 90, 179, 180, 1, 1, 68, 179, 180, 179, 1, 8, 179, 186, 18, 1, 68, 42, 179, 1, 1, 71, 1, 68, 116, 84, 8, 1, 185, 68, 32, 173, 179, 1, 179, 90, 102, 68, 179, 88, 1, 1, 1, 90, 197, 180, 160, 68, 90, 179, 18, 68, 44, 68, 68, 8, 90, 185, 1, 185, 68, 185, 8, 1, 179, 8, 68, 68, 185, 185, 179, 179, 1, 8, 8, 1, 179, 68, 1, 68, 8, 203, 179, 1, 179, 185, 8, 1, 90, 203, 1, 179, 68, 1, 179, 116, 179, 69, 1, 68, 68, 68, 174, 1, 179, 185, 179, 8, 68, 102, 83, 1, 1, 179, 1, 179, 179, 183, 42, 179, 179, 179, 68, 186, 174, 68, 189, 197, 1, 1, 68, 88, 68, 83, 179, 179, 1, 179, 68, 90, 68, 179, 1, 1, 68, 1, 133, 179, 68, 27, 36, 68, 179, 8, 36, 36, 1, 1, 1, 179, 179, 179, 68, 68, 179, 68, 179, 185, 28, 83, 68, 88, 179, 83, 68, 68, 68, 174, 179, 1, 108, 156, 68, 68, 68, 179, 170, 1, 68, 51, 179, 110, 179, 77, 90, 193, 68, 1, 1, 1, 102, 68, 110, 68, 174, 185, 68, 67, 174, 124, 1, 68, 90, 90, 185, 68, 1, 68, 68, 130, 1, 1, 68, 1, 36, 41, 102, 90, 90, 102, 8, 102, 102, 102, 102, 83, 90, 102, 122, 8, 90, 102, 36, 102, 102, 186, 69, 203, 102, 102, 51, 8, 83, 83, 83, 8, 8, 127, 8, 110, 198, 110, 127, 110, 8, 51, 51, 51, 51, 8, 42, 172, 116, 8, 67, 149, 67, 142, 8, 8, 90, 45, 8, 83, 8, 8, 8, 8, 8, 8, 8, 67, 62, 67, 116, 8, 203, 116, 8, 188, 11, 155, 67, 67, 142, 8, 31, 83, 8, 186, 66, 8, 20, 203, 116, 176, 6, 171, 82, 188, 126, 116, 8, 8, 8, 8, 42, 8, 197, 188, 8, 8, 0, 186, 8, 90, 36, 29, 90, 67, 116, 66, 8, 67, 31, 146, 60, 8, 188, 8, 186, 8, 83, 67, 51, 8, 8, 156, 144, 8, 31, 8, 50, 8, 62, 8, 42, 8, 5, 8, 51, 8, 31, 8, 8, 8, 8, 102, 51, 83, 8, 188, 186, 116, 82, 8, 8, 8, 8, 8, 82, 20, 102, 20, 8, 78, 8, 127, 8, 197, 8, 172, 20, 67, 69, 91, 186, 186, 8, 83, 90, 156, 8, 8, 8, 31, 102, 83, 79, 198, 102, 51, 67, 51, 188, 110, 91, 67, 51, 45, 51, 90, 110, 67, 186, 67, 8, 8, 186, 8, 8, 67, 23, 8, 8, 8, 149, 8, 8, 83, 59, 42, 188, 42, 171, 186, 42, 90, 90, 83, 195, 171, 188, 82, 67, 8, 90, 195, 102, 8, 188, 8, 155, 90, 195, 8, 13, 99, 188, 0, 203, 142, 8, 8, 8, 83, 142, 195, 42, 144, 116, 8, 102, 144, 5, 83, 195, 83, 169, 90, 186, 90, 8, 102, 90, 8, 5, 90, 8, 102, 8, 66, 8, 8, 8, 8, 82, 8, 186, 197, 203, 8, 79, 42, 29, 8, 66, 116, 115, 116, 186, 67, 197, 8, 116, 8, 186, 8, 62, 36, 82, 8, 62, 6, 8, 82, 8, 78, 186, 8, 195, 116, 8, 82, 8, 29, 8, 8, 8, 62, 8, 20, 97, 8, 102, 8, 8, 8, 8, 126, 116, 116, 83, 29, 8, 8, 29, 116, 192, 8, 29, 90, 90, 8, 102, 82, 42, 156, 8, 8, 36, 8, 97, 156, 82, 20, 69, 8, 8, 31, 31, 90, 90, 31, 156, 8, 82, 90, 31, 31, 90, 186, 31, 31, 172, 8, 186, 8, 31, 8, 90, 8, 20, 12, 186, 82, 8, 8, 90, 102, 176, 83, 186, 8, 158, 8, 8, 102, 8, 8, 11, 122, 36, 90, 8, 8, 8, 8, 82, 90, 8, 82, 8, 8, 8, 8, 60, 8, 8, 20, 82, 144, 8, 116, 8, 8, 8, 186, 29, 90, 31, 188, 90, 55, 123, 69, 99, 8, 12, 90, 59, 23, 31, 8, 156, 90, 192, 8, 144, 42, 8, 102, 8, 8, 8, 186, 8, 102, 186, 90, 8, 169, 186, 8, 12, 8, 8, 8, 127, 8, 8, 90, 67, 110, 67, 51, 146, 110, 110, 187, 127, 77, 187, 147, 43, 187, 51, 187, 110, 8, 187, 187, 14, 14, 5, 120, 110, 8, 187, 26, 187, 8, 83, 110, 69, 116, 188, 83, 144, 147, 187, 8, 8, 187, 102, 8, 116, 110, 62, 110, 110, 187, 187, 188, 62, 8, 187, 8, 188, 187, 102, 23, 187, 8, 187, 187, 187, 31, 67, 51, 186, 36, 187, 110, 8, 8, 150, 187, 8, 187, 110, 8, 187, 203, 187, 110, 187, 102, 187, 187, 187, 187, 116, 8, 187, 188, 187, 187, 187, 127, 62, 51, 51, 31, 187, 188, 187, 156, 102, 156, 187, 110, 102, 187, 110, 148, 187, 187, 187, 51, 