{"Run": 6, "K": 173, "WCSSD": 2535.6470209797594, "Purity": 0.3230278927833428, "Time": 6.650994062423706, "Kmeans_Labels": [12, 12, 80, 12, 12, 12, 60, 116, 12, 12, 12, 12, 12, 27, 12, 12, 12, 78, 123, 56, 12, 12, 123, 12, 27, 78, 12, 78, 56, 12, 12, 12, 56, 78, 12, 144, 12, 27, 12, 27, 12, 60, 131, 58, 96, 116, 12, 12, 63, 12, 72, 123, 123, 12, 147, 102, 123, 78, 12, 12, 12, 78, 12, 52, 102, 66, 12, 66, 27, 102, 78, 12, 12, 12, 9, 12, 12, 12, 12, 12, 12, 12, 12, 78, 116, 12, 142, 12, 12, 12, 12, 12, 102, 12, 12, 60, 12, 12, 116, 12, 116, 9, 12, 137, 137, 60, 60, 31, 12, 9, 96, 96, 96, 12, 12, 9, 123, 12, 12, 135, 12, 12, 135, 12, 102, 135, 12, 12, 123, 12, 135, 135, 12, 12, 12, 56, 12, 12, 12, 12, 148, 93, 93, 56, 135, 135, 12, 12, 12, 12, 135, 82, 142, 56, 12, 135, 12, 12, 12, 63, 12, 135, 135, 12, 60, 135, 142, 123, 123, 142, 135, 12, 12, 123, 135, 157, 52, 149, 135, 12, 72, 27, 12, 12, 135, 12, 135, 12, 12, 3, 123, 156, 27, 135, 12, 12, 12, 123, 12, 12, 116, 12, 12, 52, 135, 116, 135, 12, 12, 12, 12, 12, 135, 116, 116, 135, 135, 12, 103, 156, 135, 12, 12, 103, 12, 135, 12, 12, 123, 135, 12, 12, 116, 12, 12, 12, 12, 56, 12, 27, 135, 12, 156, 116, 123, 12, 12, 12, 123, 135, 60, 60, 12, 51, 27, 12, 135, 12, 135, 12, 12, 12, 103, 80, 137, 12, 123, 137, 123, 52, 12, 60, 123, 12, 60, 80, 123, 12, 135, 137, 135, 60, 75, 12, 60, 60, 52, 137, 60, 123, 135, 60, 12, 96, 12, 60, 12, 120, 96, 27, 12, 60, 12, 12, 12, 60, 60, 60, 60, 96, 33, 83, 12, 12, 12, 75, 12, 96, 96, 12, 96, 96, 123, 96, 52, 12, 12, 7, 156, 96, 56, 135, 135, 12, 123, 12, 135, 12, 78, 135, 12, 12, 116, 123, 135, 123, 27, 135, 12, 123, 50, 123, 123, 116, 116, 12, 80, 123, 8, 34, 122, 12, 12, 122, 96, 156, 34, 122, 135, 12, 122, 122, 34, 135, 12, 135, 135, 135, 123, 12, 12, 123, 135, 12, 12, 123, 123, 78, 12, 27, 12, 63, 80, 123, 131, 12, 52, 7, 12, 58, 50, 12, 12, 12, 12, 18, 135, 12, 12, 12, 80, 12, 102, 142, 66, 12, 60, 123, 142, 135, 123, 12, 12, 12, 58, 137, 12, 96, 8, 122, 122, 131, 12, 142, 12, 123, 123, 125, 125, 12, 12, 12, 82, 82, 12, 12, 96, 96, 12, 96, 12, 12, 96, 58, 27, 122, 122, 27, 34, 34, 12, 12, 12, 102, 102, 56, 102, 102, 102, 102, 102, 102, 12, 102, 7, 50, 12, 12, 12, 12, 116, 116, 12, 12, 12, 12, 12, 6, 6, 6, 82, 12, 12, 12, 12, 45, 12, 82, 82, 12, 116, 51, 156, 12, 12, 12, 12, 12, 137, 80, 80, 12, 80, 80, 12, 12, 12, 130, 12, 12, 137, 12, 137, 137, 137, 137, 12, 12, 12, 96, 96, 60, 96, 96, 137, 137, 96, 96, 96, 12, 96, 26, 26, 96, 96, 12, 12, 96, 96, 96, 96, 137, 137, 96, 96, 12, 82, 82, 82, 82, 7, 12, 156, 156, 103, 12, 12, 12, 12, 12, 12, 12, 12, 12, 12, 12, 12, 50, 12, 12, 12, 12, 12, 27, 12, 12, 12, 12, 123, 122, 122, 82, 12, 82, 12, 12, 95, 95, 95, 95, 131, 131, 34, 34, 34, 34, 12, 122, 122, 34, 34, 34, 34, 152, 34, 41, 41, 122, 27, 12, 7, 78, 142, 55, 55, 55, 55, 55, 55, 55, 55, 55, 55, 12, 55, 55, 55, 27, 55, 55, 55, 55, 123, 55, 55, 55, 55, 52, 58, 58, 12, 34, 132, 132, 102, 102, 102, 102, 129, 12, 102, 102, 12, 50, 12, 12, 102, 12, 12, 58, 52, 118, 12, 12, 12, 131, 58, 12, 12, 12, 126, 126, 12, 126, 126, 12, 12, 102, 12, 12, 102, 12, 12, 12, 12, 12, 12, 12, 12, 58, 12, 131, 12, 6, 12, 12, 12, 12, 131, 12, 12, 12, 72, 12, 12, 12, 12, 12, 12, 12, 12, 12, 12, 12, 12, 12, 58, 12, 12, 12, 137, 137, 137, 80, 137, 137, 12, 96, 137, 137, 96, 96, 96, 101, 96, 96, 96, 96, 96, 137, 96, 46, 96, 96, 96, 137, 12, 155, 96, 96, 96, 96, 96, 12, 82, 96, 96, 96, 12, 12, 96, 96, 96, 111, 96, 96, 96, 111, 96, 111, 111, 111, 96, 138, 96, 111, 96, 12, 138, 12, 96, 12, 96, 96, 96, 143, 82, 143, 143, 143, 143, 12, 12, 82, 96, 96, 138, 96, 78, 78, 96, 12, 80, 27, 80, 12, 12, 12, 12, 22, 12, 12, 12, 96, 96, 12, 12, 12, 12, 12, 12, 12, 12, 12, 12, 12, 12, 123, 12, 12, 12, 12, 122, 122, 122, 12, 95, 122, 34, 95, 47, 122, 34, 12, 34, 34, 122, 12, 34, 34, 12, 34, 12, 12, 12, 122, 122, 122, 12, 12, 12, 122, 34, 12, 9, 34, 34, 34, 122, 56, 12, 102, 12, 12, 102, 56, 102, 12, 12, 12, 12, 12, 36, 12, 12, 12, 12, 12, 80, 42, 12, 12, 96, 137, 96, 96, 96, 123, 12, 12, 12, 12, 54, 94, 12, 56, 12, 12, 12, 123, 78, 123, 12, 96, 96, 122, 96, 96, 12, 12, 32, 12, 32, 164, 12, 115, 164, 58, 164, 117, 32, 32, 112, 54, 32, 54, 123, 54, 32, 54, 92, 27, 54, 54, 54, 54, 164, 27, 54, 164, 54, 54, 54, 117, 117, 54, 32, 164, 54, 54, 54, 54, 164, 54, 117, 117, 54, 164, 164, 54, 54, 164, 54, 12, 54, 54, 54, 32, 32, 12, 123, 164, 54, 54, 12, 12, 12, 32, 54, 54, 27, 52, 164, 54, 164, 54, 12, 54, 54, 12, 54, 54, 54, 54, 12, 43, 54, 54, 54, 32, 123, 56, 54, 54, 54, 54, 54, 54, 164, 54, 54, 54, 54, 123, 54, 54, 54, 54, 54, 32, 12, 12, 32, 54, 54, 66, 12, 12, 149, 12, 32, 54, 32, 131, 164, 54, 12, 164, 79, 54, 54, 54, 78, 32, 7, 54, 164, 164, 164, 54, 164, 54, 12, 54, 54, 163, 54, 12, 131, 164, 164, 54, 54, 97, 54, 32, 32, 32, 123, 12, 54, 54, 164, 54, 54, 149, 12, 54, 54, 7, 32, 164, 54, 97, 54, 54, 54, 32, 32, 54, 164, 54, 156, 12, 54, 12, 54, 69, 164, 54, 54, 54, 54, 54, 12, 32, 32, 12, 12, 164, 164, 54, 54, 32, 164, 164, 164, 54, 53, 164, 149, 32, 54, 32, 58, 164, 54, 54, 3, 54, 32, 12, 54, 16, 54, 54, 32, 32, 12, 164, 54, 164, 123, 27, 32, 164, 117, 54, 54, 54, 12, 12, 164, 27, 32, 27, 164, 54, 164, 54, 32, 32, 80, 27, 54, 54, 54, 32, 114, 12, 54, 164, 80, 32, 32, 54, 54, 164, 164, 54, 12, 12, 54, 115, 32, 54, 32, 12, 137, 164, 54, 71, 54, 12, 20, 27, 137, 54, 164, 32, 54, 164, 96, 164, 123, 54, 32, 32, 139, 27, 54, 164, 54, 164, 104, 54, 123, 27, 54, 54, 164, 54, 164, 164, 164, 58, 164, 164, 164, 32, 12, 54, 32, 97, 12, 54, 54, 32, 164, 54, 123, 164, 164, 54, 164, 32, 123, 32, 164, 54, 54, 32, 54, 32, 164, 32, 54, 56, 32, 164, 12, 56, 56, 54, 54, 54, 164, 164, 164, 32, 32, 164, 32, 164, 54, 164, 27, 32, 117, 164, 12, 44, 106, 32, 27, 164, 54, 32, 66, 32, 32, 122, 164, 32, 54, 106, 34, 71, 112, 71, 34, 27, 71, 32, 54, 128, 54, 123, 32, 122, 32, 54, 114, 32, 12, 32, 54, 54, 32, 27, 123, 54, 32, 54, 32, 32, 32, 54, 54, 32, 54, 56, 27, 123, 27, 123, 123, 12, 123, 123, 123, 123, 27, 123, 123, 12, 12, 123, 123, 56, 62, 123, 12, 123, 137, 123, 123, 34, 12, 123, 123, 123, 12, 12, 8, 12, 76, 14, 122, 8, 122, 12, 34, 34, 34, 34, 134, 58, 12, 12, 12, 12, 143, 12, 12, 12, 12, 12, 12, 89, 27, 12, 12, 12, 12, 60, 12, 12, 34, 6, 136, 12, 12, 137, 12, 12, 96, 80, 96, 12, 12, 171, 12, 74, 130, 12, 12, 103, 12, 50, 145, 60, 12, 12, 96, 78, 96, 126, 12, 12, 102, 51, 12, 58, 12, 12, 96, 102, 12, 137, 12, 12, 123, 56, 45, 154, 133, 12, 103, 91, 34, 7, 14, 132, 12, 96, 12, 158, 12, 12, 12, 34, 12, 12, 66, 52, 12, 7, 12, 27, 12, 12, 30, 58, 12, 60, 12, 34, 12, 7, 12, 12, 102, 12, 12, 95, 80, 75, 96, 12, 12, 78, 12, 12, 12, 12, 12, 78, 99, 27, 156, 12, 82, 27, 8, 12, 12, 52, 12, 50, 12, 12, 12, 12, 12, 12, 27, 165, 66, 12, 12, 40, 7, 123, 12, 27, 14, 123, 34, 12, 34, 96, 122, 12, 136, 34, 12, 95, 12, 122, 12, 12, 12, 134, 12, 12, 12, 12, 12, 82, 12, 12, 12, 143, 12, 27, 27, 27, 58, 96, 58, 96, 27, 58, 123, 80, 80, 123, 96, 96, 78, 12, 12, 27, 123, 123, 12, 96, 12, 96, 12, 123, 12, 123, 123, 96, 137, 145, 171, 60, 80, 12, 130, 12, 123, 58, 52, 60, 123, 123, 52, 60, 27, 123, 123, 27, 154, 12, 27, 89, 27, 80, 12, 60, 27, 12, 123, 12, 103, 51, 27, 12, 12, 78, 12, 149, 12, 137, 29, 27, 58, 45, 12, 103, 12, 159, 12, 12, 27, 12, 27, 12, 12, 12, 12, 6, 56, 78, 12, 12, 12, 12, 78, 12, 82, 12, 12, 123, 12, 12, 78, 12, 45, 12, 12, 12, 12, 102, 99, 78, 102, 12, 12, 12, 12, 12, 126, 12, 12, 12, 45, 52, 12, 45, 12, 45, 157, 45, 165, 123, 12, 123, 78, 58, 66, 12, 12, 56, 12, 78, 66, 52, 50, 12, 12, 80, 7, 7, 123, 127, 74, 66, 12, 78, 123, 7, 7, 123, 12, 7, 7, 12, 12, 12, 12, 7, 12, 123, 123, 156, 57, 12, 78, 12, 12, 123, 123, 12, 27, 158, 91, 156, 12, 123, 123, 102, 12, 80, 12, 56, 27, 40, 12, 12, 27, 78, 127, 12, 78, 80, 12, 12, 12, 132, 75, 12, 50, 78, 52, 12, 12, 80, 12, 29, 12, 45, 27, 7, 96, 27, 27, 123, 52, 123, 12, 57, 123, 27, 82, 7, 12, 66, 12, 45, 27, 131, 58, 12, 123, 102, 157, 80, 12, 123, 27, 149, 27, 80, 27, 12, 12, 131, 12, 102, 12, 8, 27, 12, 27, 34, 76, 12, 34, 14, 122, 122, 170, 8, 122, 170, 170, 170, 170, 34, 170, 122, 12, 170, 10, 