{"Run": 1, "K": 74, "WCSSD": 2702.229715620709, "Purity": 0.40166046378471226, "Time": 2.0966222286224365, "Kmeans_Labels": [15, 20, 20, 20, 20, 20, 20, 38, 20, 20, 20, 21, 57, 57, 20, 20, 20, 20, 20, 20, 20, 20, 62, 57, 57, 20, 57, 71, 20, 22, 57, 20, 20, 20, 20, 20, 57, 56, 21, 57, 20, 57, 19, 62, 57, 20, 57, 20, 20, 20, 68, 35, 35, 20, 15, 20, 20, 20, 20, 20, 20, 20, 20, 19, 20, 62, 57, 20, 57, 20, 57, 20, 22, 20, 20, 20, 15, 20, 20, 20, 20, 20, 22, 20, 38, 20, 35, 28, 20, 20, 20, 20, 20, 22, 20, 20, 20, 20, 38, 20, 38, 62, 20, 16, 16, 16, 16, 16, 22, 62, 29, 22, 29, 57, 15, 62, 35, 20, 62, 37, 20, 20, 37, 20, 20, 37, 20, 20, 62, 20, 37, 37, 20, 20, 20, 20, 20, 20, 20, 20, 71, 20, 20, 71, 37, 37, 20, 20, 20, 20, 37, 34, 20, 20, 20, 37, 20, 20, 20, 20, 20, 37, 37, 20, 20, 37, 62, 62, 62, 20, 37, 20, 20, 35, 37, 20, 20, 50, 37, 20, 68, 35, 20, 20, 37, 20, 37, 20, 20, 62, 20, 71, 35, 37, 20, 20, 20, 35, 20, 22, 38, 20, 20, 20, 37, 38, 37, 38, 20, 20, 20, 20, 38, 38, 38, 37, 37, 22, 21, 71, 38, 20, 20, 21, 35, 37, 62, 21, 35, 37, 20, 20, 38, 20, 38, 20, 20, 20, 20, 62, 37, 20, 71, 38, 35, 38, 20, 20, 35, 37, 16, 21, 20, 37, 35, 20, 37, 20, 37, 20, 62, 15, 21, 20, 16, 20, 35, 16, 20, 20, 20, 71, 62, 20, 20, 20, 62, 20, 37, 37, 37, 15, 15, 65, 20, 16, 20, 16, 20, 62, 37, 16, 62, 16, 20, 16, 20, 16, 16, 62, 20, 16, 20, 35, 21, 16, 16, 15, 20, 29, 71, 15, 21, 35, 20, 15, 20, 29, 29, 20, 29, 29, 35, 20, 20, 21, 20, 15, 71, 15, 20, 37, 37, 15, 35, 20, 37, 15, 20, 37, 20, 62, 71, 35, 37, 62, 20, 37, 20, 62, 71, 62, 35, 20, 21, 15, 20, 62, 30, 32, 32, 20, 62, 32, 32, 71, 52, 32, 37, 20, 32, 32, 52, 37, 52, 37, 37, 37, 35, 20, 62, 35, 37, 20, 20, 35, 35, 20, 20, 62, 20, 20, 20, 20, 19, 20, 20, 27, 20, 37, 71, 20, 20, 62, 62, 71, 37, 20, 20, 20, 20, 20, 20, 35, 20, 20, 35, 35, 35, 37, 35, 20, 20, 20, 20, 16, 20, 15, 30, 32, 32, 19, 62, 35, 62, 62, 62, 62, 62, 20, 20, 20, 34, 34, 20, 20, 29, 29, 20, 29, 21, 21, 20, 62, 20, 20, 20, 35, 32, 32, 20, 20, 20, 20, 20, 20, 19, 19, 20, 20, 20, 20, 20, 20, 27, 71, 20, 22, 20, 20, 38, 38, 20, 20, 20, 20, 20, 22, 22, 20, 34, 20, 20, 20, 68, 35, 20, 34, 34, 20, 38, 62, 71, 22, 22, 20, 22, 22, 22, 20, 20, 20, 20, 20, 20, 20, 20, 16, 20, 20, 16, 20, 16, 16, 16, 16, 20, 22, 20, 29, 29, 16, 22, 22, 22, 22, 22, 22, 29, 21, 29, 21, 21, 29, 29, 20, 20, 29, 29, 29, 29, 16, 16, 29, 4, 20, 34, 34, 34, 34, 27, 20, 71, 71, 21, 20, 20, 21, 21, 20, 20, 20, 20, 20, 20, 20, 20, 71, 20, 20, 20, 20, 20, 20, 20, 20, 20, 20, 20, 32, 32, 34, 20, 34, 20, 20, 52, 52, 52, 52, 20, 20, 32, 32, 52, 52, 20, 32, 32, 52, 52, 52, 52, 52, 52, 17, 17, 13, 62, 20, 27, 20, 57, 12, 12, 12, 12, 12, 12, 12, 12, 12, 21, 21, 12, 12, 12, 56, 12, 12, 12, 55, 62, 12, 12, 12, 12, 20, 20, 62, 20, 32, 19, 19, 20, 20, 20, 20, 62, 15, 71, 71, 62, 20, 20, 20, 20, 20, 20, 62, 20, 20, 20, 20, 20, 19, 20, 20, 22, 20, 22, 22, 20, 22, 22, 22, 20, 20, 20, 20, 20, 20, 20, 20, 20, 28, 22, 22, 22, 28, 22, 19, 20, 20, 22, 22, 22, 22, 19, 22, 22, 68, 68, 22, 22, 22, 20, 22, 22, 22, 28, 20, 22, 22, 20, 22, 20, 22, 20, 20, 16, 71, 16, 20, 16, 16, 20, 29, 16, 16, 22, 29, 29, 16, 29, 29, 29, 29, 22, 22, 22, 15, 29, 29, 22, 22, 53, 29, 22, 29, 29, 22, 29, 20, 34, 29, 29, 29, 20, 20, 29, 20, 20, 7, 29, 29, 29, 29, 29, 29, 29, 29, 29, 29, 29, 29, 20, 21, 29, 20, 29, 20, 15, 29, 29, 71, 34, 29, 29, 29, 20, 20, 20, 34, 29, 29, 29, 29, 20, 20, 29, 20, 20, 62, 20, 20, 20, 71, 20, 20, 20, 20, 20, 15, 15, 20, 20, 20, 15, 23, 20, 20, 20, 20, 35, 20, 20, 20, 20, 20, 20, 20, 32, 32, 32, 47, 52, 32, 32, 52, 20, 32, 52, 20, 32, 32, 32, 20, 32, 32, 20, 32, 20, 20, 20, 32, 32, 32, 20, 20, 29, 32, 52, 20, 62, 20, 20, 20, 32, 20, 20, 20, 20, 20, 20, 20, 20, 20, 20, 20, 20, 20, 20, 35, 20, 28, 20, 28, 20, 20, 59, 20, 20, 16, 29, 29, 20, 62, 20, 20, 20, 20, 44, 62, 20, 20, 20, 20, 35, 62, 20, 35, 20, 15, 29, 32, 15, 29, 20, 20, 25, 20, 25, 26, 35, 16, 26, 62, 26, 26, 25, 25, 32, 44, 25, 44, 62, 44, 25, 44, 44, 62, 44, 44, 61, 44, 26, 35, 44, 26, 44, 44, 44, 44, 62, 44, 25, 26, 44, 44, 44, 44, 26, 44, 62, 62, 44, 26, 26, 44, 44, 26, 61, 20, 44, 44, 44, 25, 60, 20, 62, 26, 44, 44, 20, 20, 20, 25, 44, 44, 62, 20, 26, 44, 26, 44, 20, 44, 44, 20, 44, 44, 44, 44, 20, 20, 44, 44, 44, 25, 62, 20, 57, 44, 44, 44, 44, 44, 26, 44, 44, 44, 44, 62, 44, 44, 44, 44, 44, 25, 20, 62, 25, 44, 44, 20, 20, 20, 50, 20, 25, 44, 25, 19, 26, 44, 20, 26, 44, 41, 44, 44, 62, 25, 27, 44, 26, 26, 26, 44, 26, 44, 35, 44, 44, 25, 44, 20, 19, 26, 26, 44, 44, 44, 44, 25, 25, 25, 62, 20, 44, 44, 26, 44, 44, 50, 20, 44, 44, 27, 25, 26, 44, 44, 44, 44, 44, 25, 25, 44, 26, 44, 71, 20, 44, 20, 44, 34, 26, 44, 44, 44, 57, 44, 20, 25, 25, 20, 20, 26, 26, 44, 44, 25, 26, 26, 26, 44, 20, 26, 50, 25, 44, 25, 62, 26, 44, 44, 62, 44, 25, 20, 44, 20, 44, 44, 25, 25, 20, 54, 44, 26, 44, 35, 25, 26, 44, 44, 44, 44, 35, 28, 54, 62, 25, 62, 26, 44, 26, 44, 25, 25, 20, 62, 44, 44, 44, 25, 44, 35, 44, 26, 20, 25, 25, 44, 44, 26, 26, 44, 62, 20, 44, 26, 25, 44, 25, 20, 16, 26, 44, 26, 44, 20, 44, 62, 16, 44, 26, 25, 44, 26, 15, 26, 35, 44, 0, 25, 44, 35, 44, 26, 44, 26, 20, 44, 35, 62, 33, 44, 26, 44, 26, 26, 26, 62, 26, 26, 26, 25, 20, 44, 25, 44, 28, 61, 44, 25, 26, 44, 35, 26, 26, 44, 26, 25, 62, 25, 26, 44, 44, 25, 44, 25, 26, 25, 44, 44, 25, 26, 20, 20, 62, 44, 44, 44, 26, 26, 26, 25, 25, 26, 25, 26, 44, 26, 62, 25, 26, 26, 62, 25, 25, 25, 20, 26, 44, 25, 62, 25, 25, 25, 26, 39, 44, 25, 32, 26, 32, 26, 32, 62, 26, 25, 44, 44, 44, 62, 25, 32, 25, 44, 44, 25, 20, 25, 67, 44, 25, 35, 62, 44, 25, 44, 25, 25, 25, 44, 44, 25, 44, 20, 62, 35, 62, 62, 35, 20, 35, 35, 35, 35, 62, 35, 35, 20, 20, 62, 35, 20, 21, 35, 20, 20, 16, 35, 35, 32, 57, 35, 35, 35, 20, 20, 30, 20, 32, 20, 32, 30, 32, 62, 32, 32, 52, 32, 21, 62, 20, 22, 20, 20, 29, 20, 35, 20, 20, 20, 52, 20, 62, 20, 20, 15, 20, 20, 20, 20, 20, 22, 52, 21, 20, 16, 20, 20, 20, 20, 22, 20, 20, 16, 20, 27, 20, 20, 20, 21, 20, 71, 16, 21, 20, 20, 29, 66, 20, 22, 21, 20, 20, 20, 20, 62, 20, 28, 29, 20, 20, 16, 20, 22, 62, 20, 35, 62, 20, 22, 21, 20, 52, 27, 20, 19, 20, 20, 20, 20, 20, 20, 20, 32, 20, 20, 20, 20, 20, 27, 21, 35, 20, 22, 20, 62, 20, 16, 20, 52, 20, 5, 20, 20, 20, 20, 35, 52, 20, 73, 29, 20, 20, 20, 20, 20, 20, 20, 20, 20, 71, 62, 10, 20, 34, 15, 30, 20, 28, 20, 20, 71, 20, 20, 20, 20, 20, 20, 35, 62, 62, 20, 20, 20, 27, 35, 20, 20, 20, 35, 32, 20, 52, 29, 32, 20, 52, 32, 52, 52, 20, 32, 20, 20, 20, 21, 35, 20, 20, 20, 20, 34, 20, 15, 20, 29, 20, 15, 35, 35, 62, 29, 62, 29, 20, 62, 62, 62, 20, 62, 29, 20, 20, 20, 20, 62, 62, 35, 20, 20, 20, 22, 62, 62, 20, 62, 62, 29, 16, 16, 16, 20, 20, 20, 20, 35, 62, 62, 20, 21, 62, 35, 20, 21, 62, 62, 35, 62, 62, 20, 62, 20, 35, 62, 20, 16, 62, 20, 35, 20, 21, 20, 20, 20, 21, 20, 20, 50, 28, 16, 62, 20, 62, 35, 21, 21, 21, 20, 22, 20, 62, 28, 20, 21, 20, 20, 20, 22, 20, 66, 20, 20, 20, 20, 20, 20, 34, 20, 20, 62, 20, 20, 20, 20, 35, 43, 20, 20, 22, 20, 71, 66, 20, 20, 20, 20, 20, 22, 22, 22, 20, 20, 35, 20, 20, 35, 20, 35, 62, 35, 62, 62, 20, 35, 20, 20, 62, 20, 20, 20, 20, 20, 20, 20, 71, 62, 20, 20, 27, 27, 62, 35, 27, 20, 20, 20, 62, 27, 24, 62, 20, 5, 27, 20, 20, 20, 20, 27, 20, 62, 20, 10, 19, 20, 20, 20, 20, 62, 35, 20, 62, 20, 20, 71, 20, 35, 35, 20, 20, 20, 20, 20, 35, 20, 20, 20, 20, 20, 71, 20, 20, 20, 20, 20, 20, 19, 73, 20, 71, 20, 20, 20, 20, 20, 20, 62, 20, 35, 62, 24, 29, 62, 18, 62, 20, 62, 20, 19, 62, 35, 34, 27, 20, 62, 62, 35, 35, 19, 20, 20, 35, 20, 62, 20, 20, 62, 62, 62, 62, 20, 62, 20, 20, 19, 20, 20, 20, 30, 35, 20, 35, 20, 32, 20, 52, 20, 32, 32, 9, 30, 32, 52, 9, 38, 9, 32, 9, 32, 20, 9, 15, 62, 9, 16, 20, 32, 20, 15, 49, 9, 64, 71, 52, 9, 22, 29, 20, 20, 9, 9, 20, 20, 9, 35, 20, 22, 32, 20, 52, 32, 9, 9, 22, 20, 21, 9, 20, 15, 9, 62, 34, 9, 15, 9, 45, 9, 27, 20, 32, 50, 9, 9, 32, 20, 20, 9, 9, 15, 9, 32, 20, 9, 16, 9, 52, 9, 35, 9, 9, 9, 9, 9, 20, 9, 29, 9, 9, 9, 30, 22, 32, 32, 27, 9, 29, 9, 9, 35, 9, 9, 32, 20, 9, 32, 71, 9, 9, 9, 52, 9, 9, 9, 9, 9, 9, 9, 21, 9, 20, 9, 9, 9, 9, 9, 9, 9, 38, 9, 9, 9, 30, 9, 9, 9, 9, 9, 9, 9, 9, 