{"Run": 14, "K": 217, "WCSSD": 2443.2802079668763, "Purity": 0.4451760664185514, "Time": 9.872663974761963, "Kmeans_Labels": [166, 178, 2, 2, 2, 2, 178, 43, 178, 2, 2, 164, 108, 108, 178, 178, 94, 178, 178, 16, 2, 2, 80, 108, 102, 44, 2, 186, 157, 2, 102, 76, 157, 94, 16, 178, 102, 102, 164, 102, 76, 102, 169, 45, 175, 122, 102, 2, 75, 2, 2, 76, 76, 2, 166, 2, 178, 178, 2, 2, 178, 102, 178, 169, 2, 90, 102, 178, 102, 216, 102, 2, 2, 178, 59, 2, 166, 2, 94, 2, 2, 2, 2, 2, 43, 2, 32, 114, 2, 2, 2, 2, 2, 2, 2, 2, 2, 2, 43, 2, 43, 59, 2, 100, 100, 198, 198, 100, 2, 59, 175, 175, 175, 102, 166, 59, 76, 2, 76, 81, 2, 2, 81, 2, 2, 81, 76, 2, 178, 76, 81, 81, 80, 2, 2, 157, 2, 2, 2, 2, 186, 2, 2, 157, 81, 81, 2, 2, 178, 2, 81, 172, 169, 157, 2, 81, 2, 2, 2, 75, 63, 81, 81, 2, 192, 81, 32, 178, 32, 32, 94, 2, 2, 76, 81, 178, 67, 25, 81, 2, 2, 2, 2, 2, 81, 2, 81, 76, 56, 76, 2, 115, 32, 70, 2, 71, 2, 32, 2, 2, 43, 80, 94, 112, 81, 43, 183, 43, 2, 2, 80, 2, 43, 43, 43, 81, 81, 2, 164, 186, 6, 2, 2, 164, 32, 81, 117, 164, 76, 81, 2, 2, 43, 2, 43, 2, 2, 157, 2, 178, 81, 32, 186, 43, 76, 43, 2, 2, 32, 81, 2, 198, 10, 81, 32, 80, 81, 71, 81, 2, 2, 2, 164, 2, 100, 2, 32, 100, 2, 112, 74, 198, 148, 71, 198, 2, 76, 80, 81, 100, 81, 166, 166, 2, 133, 198, 112, 100, 2, 178, 81, 198, 190, 175, 198, 39, 198, 198, 175, 76, 2, 39, 198, 198, 198, 198, 39, 198, 2, 175, 186, 166, 198, 198, 175, 166, 94, 175, 109, 76, 175, 175, 76, 31, 112, 164, 2, 118, 186, 175, 157, 81, 81, 166, 76, 2, 81, 166, 80, 81, 2, 2, 122, 32, 81, 76, 2, 122, 2, 122, 122, 76, 76, 122, 131, 2, 2, 57, 203, 91, 141, 180, 76, 141, 175, 186, 91, 141, 81, 2, 141, 141, 91, 81, 32, 81, 81, 81, 135, 94, 135, 76, 199, 169, 2, 76, 76, 2, 2, 1, 2, 2, 94, 148, 2, 102, 112, 118, 2, 45, 186, 2, 2, 76, 76, 186, 178, 2, 2, 2, 32, 2, 216, 32, 178, 116, 198, 32, 32, 81, 178, 2, 2, 2, 45, 100, 2, 175, 203, 141, 141, 25, 2, 32, 2, 204, 204, 157, 157, 2, 2, 2, 172, 172, 2, 2, 175, 175, 32, 175, 164, 164, 175, 45, 178, 141, 141, 2, 91, 91, 2, 2, 2, 143, 143, 157, 169, 169, 2, 2, 2, 2, 2, 216, 118, 186, 2, 2, 2, 2, 43, 43, 2, 85, 85, 2, 2, 2, 2, 2, 172, 2, 178, 178, 2, 78, 178, 37, 37, 178, 138, 178, 186, 2, 2, 2, 2, 2, 100, 2, 2, 2, 2, 2, 2, 2, 2, 2, 2, 162, 100, 76, 120, 100, 100, 120, 76, 2, 2, 175, 175, 198, 175, 175, 198, 198, 175, 175, 175, 164, 175, 198, 198, 175, 175, 2, 2, 15, 15, 15, 15, 41, 41, 175, 15, 204, 172, 172, 172, 172, 118, 126, 186, 186, 164, 2, 2, 164, 164, 2, 2, 2, 2, 2, 2, 2, 2, 186, 122, 46, 46, 122, 122, 76, 2, 122, 2, 2, 32, 141, 141, 172, 174, 172, 2, 2, 32, 32, 91, 91, 91, 91, 91, 91, 91, 91, 2, 141, 141, 91, 91, 91, 91, 97, 97, 91, 91, 141, 204, 2, 8, 2, 32, 19, 19, 201, 19, 19, 19, 19, 19, 19, 164, 164, 19, 19, 19, 102, 19, 19, 19, 19, 32, 19, 19, 19, 19, 112, 45, 45, 2, 91, 169, 169, 94, 94, 143, 143, 2, 33, 186, 186, 32, 2, 178, 2, 216, 2, 2, 45, 112, 2, 2, 76, 2, 25, 45, 2, 2, 94, 2, 2, 2, 2, 2, 2, 2, 2, 94, 2, 82, 2, 2, 2, 82, 114, 2, 2, 2, 45, 2, 2, 2, 2, 2, 2, 2, 2, 2, 2, 2, 2, 2, 2, 2, 2, 2, 2, 2, 2, 114, 2, 2, 2, 2, 2, 99, 187, 2, 2, 100, 186, 100, 175, 198, 100, 178, 175, 100, 100, 175, 15, 175, 100, 15, 15, 175, 15, 15, 2, 175, 100, 175, 175, 175, 100, 2, 175, 175, 175, 175, 175, 175, 125, 172, 175, 175, 175, 32, 24, 175, 175, 175, 15, 15, 15, 175, 15, 64, 68, 15, 15, 158, 206, 175, 206, 3, 164, 206, 2, 175, 2, 175, 146, 146, 186, 172, 175, 175, 175, 2, 2, 2, 172, 175, 175, 15, 175, 157, 157, 175, 2, 2, 32, 2, 2, 26, 186, 2, 178, 2, 196, 196, 175, 175, 2, 2, 195, 186, 2, 32, 2, 2, 2, 109, 2, 2, 32, 2, 2, 2, 2, 141, 141, 141, 2, 91, 141, 91, 91, 112, 141, 91, 94, 91, 91, 141, 2, 91, 91, 178, 91, 94, 94, 32, 141, 141, 141, 2, 2, 175, 141, 91, 32, 59, 2, 2, 2, 141, 157, 178, 216, 94, 32, 216, 157, 216, 178, 2, 2, 2, 2, 2, 2, 2, 114, 178, 114, 2, 2, 94, 178, 175, 198, 175, 15, 182, 76, 76, 202, 94, 202, 18, 32, 2, 157, 2, 13, 2, 32, 44, 76, 2, 166, 175, 141, 166, 175, 2, 2, 213, 2, 213, 29, 2, 100, 29, 50, 29, 29, 213, 213, 141, 18, 213, 18, 204, 18, 213, 18, 18, 54, 18, 18, 40, 18, 0, 204, 18, 29, 18, 18, 18, 18, 32, 18, 213, 29, 18, 18, 18, 18, 29, 18, 32, 32, 18, 29, 29, 18, 18, 29, 18, 2, 18, 144, 18, 213, 213, 2, 178, 29, 18, 18, 2, 169, 2, 213, 18, 18, 32, 112, 29, 18, 29, 20, 197, 18, 18, 2, 18, 18, 18, 18, 2, 2, 18, 18, 18, 213, 76, 157, 102, 18, 18, 18, 18, 18, 29, 18, 18, 18, 18, 204, 18, 18, 18, 18, 18, 213, 178, 32, 213, 18, 18, 214, 2, 2, 25, 2, 213, 18, 213, 169, 29, 18, 2, 29, 18, 18, 18, 18, 2, 213, 118, 18, 29, 29, 29, 18, 29, 18, 2, 18, 18, 213, 18, 2, 2, 29, 29, 30, 18, 18, 18, 213, 213, 144, 32, 2, 18, 18, 29, 18, 18, 25, 2, 18, 18, 118, 213, 29, 18, 18, 18, 18, 18, 213, 213, 18, 29, 18, 186, 2, 4, 2, 18, 172, 29, 18, 18, 18, 102, 18, 2, 213, 213, 2, 187, 29, 29, 18, 18, 213, 29, 29, 29, 18, 69, 29, 25, 213, 18, 213, 45, 29, 18, 40, 76, 18, 200, 2, 18, 2, 18, 4, 213, 213, 2, 29, 18, 29, 18, 76, 213, 29, 18, 18, 18, 18, 32, 114, 29, 204, 58, 32, 29, 18, 29, 65, 213, 213, 2, 51, 18, 18, 18, 213, 18, 2, 18, 29, 2, 213, 213, 18, 18, 29, 191, 18, 2, 2, 18, 29, 213, 18, 213, 2, 100, 29, 18, 29, 18, 76, 18, 204, 100, 18, 29, 213, 18, 29, 166, 29, 94, 18, 213, 213, 18, 76, 18, 29, 18, 29, 2, 18, 32, 32, 18, 18, 29, 18, 29, 29, 29, 50, 29, 29, 29, 213, 76, 18, 213, 18, 114, 18, 18, 213, 29, 18, 111, 29, 29, 18, 29, 213, 204, 213, 154, 18, 134, 213, 18, 213, 29, 213, 18, 157, 213, 29, 204, 157, 157, 18, 18, 18, 29, 29, 29, 213, 213, 29, 213, 29, 147, 29, 32, 213, 29, 29, 32, 77, 213, 213, 76, 29, 18, 213, 214, 213, 213, 141, 29, 213, 18, 213, 91, 29, 141, 29, 141, 204, 29, 213, 18, 132, 18, 76, 213, 141, 213, 18, 18, 213, 2, 213, 18, 18, 213, 76, 204, 18, 213, 18, 213, 213, 213, 18, 18, 213, 18, 157, 101, 76, 32, 178, 76, 2, 76, 76, 76, 76, 178, 32, 76, 2, 2, 178, 76, 157, 164, 76, 76, 177, 100, 76, 76, 91, 102, 32, 32, 32, 2, 2, 2, 2, 141, 7, 141, 60, 151, 2, 91, 91, 91, 91, 164, 45, 178, 2, 178, 26, 175, 2, 198, 2, 61, 204, 2, 2, 76, 2, 2, 166, 2, 2, 2, 79, 2, 2, 32, 164, 2, 100, 2, 2, 175, 2, 175, 84, 32, 100, 204, 21, 2, 2, 2, 164, 2, 186, 100, 164, 2, 2, 15, 2, 182, 2, 164, 2, 2, 178, 2, 45, 15, 114, 175, 2, 2, 100, 76, 2, 178, 157, 78, 2, 122, 2, 164, 2, 97, 118, 7, 169, 2, 175, 2, 178, 2, 2, 2, 91, 2, 2, 214, 93, 2, 118, 164, 177, 2, 2, 2, 45, 2, 2, 2, 91, 2, 145, 2, 204, 216, 178, 2, 91, 2, 168, 15, 76, 2, 44, 204, 2, 2, 119, 2, 44, 186, 76, 186, 2, 172, 166, 203, 2, 114, 2, 178, 186, 2, 94, 76, 2, 2, 2, 32, 204, 214, 2, 2, 2, 113, 32, 2, 32, 7, 204, 91, 2, 91, 175, 151, 76, 32, 91, 2, 91, 204, 141, 2, 76, 84, 164, 2, 2, 61, 178, 26, 172, 2, 166, 2, 175, 79, 166, 32, 204, 45, 175, 45, 15, 32, 45, 204, 32, 2, 204, 15, 182, 2, 32, 79, 204, 204, 101, 2, 175, 2, 175, 204, 204, 15, 204, 156, 15, 100, 100, 100, 2, 2, 204, 2, 198, 204, 45, 112, 164, 16, 76, 93, 198, 32, 204, 129, 204, 2, 76, 204, 2, 101, 204, 178, 2, 204, 2, 76, 204, 164, 178, 193, 2, 164, 76, 2, 25, 114, 100, 179, 32, 45, 78, 164, 164, 164, 2, 2, 2, 204, 114, 2, 164, 2, 2, 2, 2, 157, 2, 2, 82, 2, 2, 44, 2, 172, 76, 2, 204, 87, 204, 2, 2, 78, 2, 2, 2, 2, 2, 186, 44, 2, 2, 2, 2, 178, 2, 2, 2, 2, 2, 78, 2, 2, 78, 2, 78, 178, 78, 204, 178, 2, 76, 2, 210, 214, 2, 2, 42, 2, 44, 214, 112, 186, 94, 2, 112, 118, 118, 32, 32, 21, 214, 2, 2, 178, 118, 188, 76, 76, 145, 118, 178, 2, 35, 2, 118, 2, 178, 2, 186, 152, 76, 2, 119, 2, 178, 76, 2, 76, 178, 2, 186, 2, 2, 32, 216, 2, 2, 2, 157, 204, 2, 14, 2, 2, 44, 32, 2, 102, 2, 2, 2, 2, 169, 168, 178, 186, 44, 112, 2, 87, 2, 204, 179, 35, 78, 204, 188, 175, 51, 12, 156, 94, 156, 14, 152, 32, 204, 172, 118, 2, 214, 204, 78, 2, 112, 210, 79, 76, 216, 178, 204, 76, 178, 204, 32, 204, 204, 204, 76, 2, 169, 2, 169, 2, 60, 2, 2, 204, 2, 141, 2, 91, 7, 141, 141, 48, 60, 141, 128, 94, 43, 128, 91, 48, 141, 2, 48, 166, 59, 59, 198, 2, 91, 2, 166, 122, 128, 164, 128, 91, 94, 48, 175, 137, 112, 94, 185, 2, 178, 48, 76, 2, 175, 141, 2, 91, 141, 128, 128, 175, 2, 164, 48, 2, 175, 48, 76, 172, 128, 122, 128, 23, 128, 118, 76, 91, 25, 157, 48, 141, 2, 47, 48, 128, 176, 48, 141, 2, 48, 100, 