{"Run": 7, "K": 570, "WCSSD": 2047.4251339527782, "Purity": 0.5336387059833954, "Time": 32.46377086639404, "Kmeans_Labels": [52, 86, 317, 468, 3, 492, 86, 111, 86, 3, 369, 534, 3, 202, 3, 3, 3, 23, 3, 449, 3, 399, 204, 3, 202, 23, 3, 343, 449, 22, 202, 3, 449, 23, 3, 3, 3, 61, 42, 202, 107, 202, 56, 211, 529, 204, 202, 3, 414, 3, 3, 534, 534, 3, 52, 450, 501, 23, 499, 499, 3, 23, 472, 196, 245, 260, 202, 86, 202, 245, 202, 3, 3, 53, 227, 3, 3, 3, 264, 3, 3, 306, 51, 122, 270, 196, 53, 3, 3, 84, 3, 204, 118, 3, 3, 3, 122, 3, 111, 3, 111, 227, 3, 355, 355, 57, 57, 355, 22, 227, 529, 85, 529, 202, 52, 227, 107, 365, 3, 62, 3, 492, 62, 219, 126, 62, 3, 499, 244, 3, 62, 62, 107, 3, 133, 449, 492, 3, 3, 3, 92, 499, 499, 449, 62, 62, 492, 3, 3, 499, 62, 58, 53, 330, 296, 62, 3, 3, 499, 414, 492, 62, 62, 492, 3, 62, 175, 112, 454, 53, 62, 3, 3, 534, 62, 501, 352, 17, 62, 3, 3, 3, 308, 308, 62, 3, 62, 3, 222, 492, 107, 92, 534, 62, 499, 499, 3, 107, 3, 288, 111, 559, 317, 352, 165, 111, 331, 111, 53, 78, 559, 3, 111, 274, 111, 62, 62, 279, 42, 92, 111, 82, 3, 42, 306, 124, 306, 3, 534, 62, 492, 3, 216, 3, 111, 306, 3, 449, 204, 383, 557, 3, 92, 111, 534, 111, 3, 3, 107, 62, 57, 57, 3, 62, 534, 559, 62, 3, 62, 3, 492, 554, 42, 499, 355, 3, 107, 355, 107, 288, 3, 57, 107, 3, 57, 559, 107, 559, 62, 355, 62, 52, 75, 3, 555, 517, 352, 355, 57, 241, 62, 57, 3, 529, 548, 57, 3, 57, 529, 449, 3, 57, 3, 548, 301, 57, 57, 57, 3, 529, 298, 52, 3, 107, 3, 52, 496, 529, 147, 449, 514, 529, 534, 529, 352, 3, 3, 52, 92, 52, 449, 62, 62, 52, 534, 549, 62, 52, 23, 62, 3, 310, 91, 107, 62, 3, 204, 62, 204, 204, 91, 3, 534, 204, 3, 3, 317, 454, 73, 206, 12, 487, 496, 206, 529, 92, 136, 12, 62, 3, 12, 12, 136, 62, 136, 62, 62, 370, 534, 3, 3, 538, 62, 489, 3, 534, 534, 23, 215, 3, 3, 414, 317, 107, 375, 202, 45, 14, 3, 211, 92, 144, 499, 3, 3, 92, 3, 466, 499, 492, 317, 307, 245, 53, 86, 492, 548, 107, 53, 62, 53, 3, 401, 95, 211, 355, 3, 529, 73, 148, 12, 431, 496, 53, 449, 492, 492, 449, 449, 176, 212, 496, 58, 58, 3, 3, 529, 529, 3, 529, 3, 3, 529, 211, 536, 107, 107, 492, 206, 206, 3, 3, 569, 41, 41, 156, 245, 245, 499, 245, 245, 245, 499, 7, 14, 92, 3, 22, 118, 118, 111, 111, 339, 433, 433, 275, 275, 276, 276, 276, 58, 3, 323, 323, 204, 259, 3, 255, 255, 3, 111, 391, 92, 561, 561, 3, 335, 170, 355, 317, 317, 3, 546, 546, 3, 3, 565, 3, 565, 473, 355, 534, 473, 355, 355, 473, 534, 22, 499, 529, 529, 57, 63, 63, 3, 3, 529, 529, 529, 301, 262, 158, 158, 529, 529, 15, 15, 529, 529, 291, 291, 355, 355, 529, 529, 3, 58, 58, 58, 58, 14, 256, 92, 92, 42, 152, 152, 3, 3, 3, 3, 509, 509, 3, 3, 3, 3, 92, 204, 204, 204, 76, 76, 204, 204, 204, 182, 182, 241, 421, 421, 457, 426, 457, 193, 193, 106, 106, 521, 521, 345, 345, 206, 206, 376, 376, 449, 12, 12, 521, 521, 290, 290, 136, 136, 12, 12, 12, 3, 3, 258, 3, 53, 328, 328, 328, 328, 328, 328, 328, 328, 328, 134, 204, 328, 328, 103, 492, 328, 328, 328, 328, 492, 328, 328, 328, 328, 352, 3, 211, 377, 206, 56, 56, 245, 245, 41, 41, 492, 52, 245, 245, 492, 3, 3, 3, 7, 3, 499, 211, 352, 476, 393, 195, 3, 97, 211, 3, 476, 86, 22, 22, 3, 22, 22, 253, 3, 515, 56, 492, 245, 3, 339, 339, 220, 361, 210, 335, 335, 568, 22, 56, 3, 276, 335, 3, 335, 3, 56, 214, 22, 3, 3, 67, 297, 67, 3, 561, 507, 335, 3, 3, 561, 561, 3, 3, 471, 63, 263, 359, 355, 92, 389, 3, 355, 355, 3, 529, 389, 355, 3, 529, 529, 355, 529, 535, 535, 529, 22, 3, 63, 52, 529, 529, 85, 363, 444, 529, 363, 529, 529, 529, 262, 356, 482, 529, 529, 529, 3, 3, 529, 529, 529, 172, 291, 291, 529, 291, 529, 534, 149, 172, 529, 529, 529, 172, 479, 155, 529, 3, 529, 247, 529, 135, 135, 374, 58, 374, 374, 374, 374, 152, 152, 58, 2, 2, 529, 303, 228, 228, 303, 2, 317, 496, 317, 192, 430, 92, 192, 204, 204, 204, 204, 140, 140, 182, 3, 204, 92, 3, 3, 107, 420, 420, 341, 239, 239, 490, 306, 306, 344, 344, 12, 12, 12, 373, 136, 12, 12, 106, 352, 12, 290, 3, 206, 345, 12, 3, 345, 345, 527, 206, 234, 234, 3, 12, 12, 12, 3, 3, 149, 12, 290, 107, 227, 437, 437, 437, 12, 283, 3, 560, 3, 332, 245, 449, 245, 501, 3, 197, 3, 3, 204, 534, 3, 3, 3, 3, 317, 317, 3, 3, 529, 355, 529, 295, 93, 306, 223, 505, 3, 505, 9, 53, 499, 3, 3, 3, 3, 454, 23, 534, 3, 52, 529, 12, 52, 529, 492, 109, 252, 455, 252, 467, 319, 355, 467, 211, 467, 31, 252, 128, 160, 9, 539, 9, 496, 9, 252, 9, 9, 410, 9, 9, 531, 9, 467, 107, 9, 467, 9, 9, 9, 31, 31, 9, 252, 467, 9, 9, 9, 102, 467, 9, 31, 31, 9, 467, 467, 9, 9, 467, 367, 496, 9, 361, 9, 252, 252, 492, 244, 467, 281, 398, 19, 196, 169, 252, 252, 9, 332, 287, 188, 9, 467, 9, 196, 9, 9, 3, 9, 9, 9, 9, 492, 36, 9, 9, 9, 252, 370, 449, 202, 9, 9, 9, 334, 418, 467, 9, 9, 9, 9, 534, 240, 9, 9, 9, 9, 157, 86, 304, 539, 9, 9, 260, 189, 481, 110, 3, 252, 9, 200, 56, 467, 9, 319, 467, 9, 321, 9, 9, 23, 252, 14, 121, 168, 467, 467, 9, 1, 9, 534, 9, 117, 252, 9, 3, 56, 467, 467, 9, 9, 9, 9, 252, 252, 46, 306, 3, 44, 9, 467, 9, 9, 17, 109, 9, 9, 14, 252, 467, 9, 9, 9, 9, 9, 252, 252, 9, 467, 9, 92, 492, 9, 3, 9, 9, 467, 9, 9, 9, 202, 9, 38, 542, 252, 278, 40, 552, 467, 9, 9, 252, 467, 467, 446, 9, 3, 467, 29, 252, 9, 252, 189, 325, 9, 273, 107, 9, 252, 455, 9, 3, 9, 9, 252, 252, 306, 467, 9, 467, 534, 107, 81, 467, 31, 9, 9, 9, 534, 361, 467, 155, 252, 304, 467, 9, 463, 9, 510, 252, 3, 107, 9, 9, 9, 252, 518, 319, 9, 467, 317, 252, 252, 9, 9, 467, 467, 9, 3, 3, 9, 467, 252, 9, 252, 3, 355, 467, 491, 467, 9, 534, 9, 306, 355, 9, 467, 252, 9, 467, 52, 467, 534, 9, 252, 252, 9, 534, 60, 467, 9, 467, 3, 326, 534, 100, 9, 9, 467, 9, 191, 467, 467, 211, 467, 467, 467, 252, 547, 9, 252, 454, 361, 9, 9, 252, 467, 9, 54, 467, 89, 9, 467, 252, 3, 252, 467, 9, 9, 252, 9, 252, 467, 252, 9, 9, 252, 467, 3, 449, 413, 9, 9, 9, 467, 467, 467, 252, 252, 467, 252, 467, 9, 467, 332, 252, 31, 467, 3, 252, 252, 252, 534, 467, 9, 252, 260, 128, 252, 252, 467, 252, 9, 252, 206, 467, 160, 467, 12, 306, 467, 252, 9, 9, 9, 107, 252, 12, 64, 9, 518, 252, 3, 252, 9, 9, 252, 107, 534, 9, 252, 9, 252, 539, 381, 9, 9, 252, 9, 449, 107, 534, 306, 43, 534, 3, 534, 534, 534, 534, 534, 534, 534, 3, 499, 244, 534, 449, 42, 534, 3, 395, 499, 534, 534, 206, 53, 306, 306, 306, 3, 3, 3, 496, 12, 20, 12, 73, 12, 496, 12, 206, 290, 206, 204, 211, 86, 451, 204, 430, 374, 519, 417, 306, 47, 146, 136, 3, 224, 499, 3, 52, 3, 3, 3, 357, 161, 276, 136, 306, 475, 355, 51, 77, 529, 317, 529, 3, 53, 355, 427, 14, 3, 3, 3, 42, 3, 92, 368, 57, 115, 3, 291, 23, 93, 282, 306, 496, 118, 492, 409, 211, 470, 3, 529, 515, 492, 355, 107, 22, 492, 25, 13, 496, 204, 51, 397, 492, 136, 14, 20, 56, 3, 529, 569, 492, 162, 306, 183, 437, 3, 3, 142, 352, 569, 14, 204, 395, 3, 3, 48, 211, 204, 171, 3, 294, 3, 317, 3, 3, 245, 30, 107, 136, 317, 52, 529, 151, 3, 23, 3, 492, 90, 492, 312, 474, 92, 534, 92, 3, 58, 52, 73, 3, 361, 447, 86, 92, 3, 442, 3, 3, 65, 3, 306, 306, 260, 3, 3, 3, 14, 3, 248, 3, 20, 204, 437, 3, 290, 529, 12, 3, 136, 12, 136, 136, 146, 12, 183, 107, 3, 204, 460, 65, 47, 204, 430, 416, 3, 52, 77, 374, 357, 52, 306, 129, 211, 529, 342, 149, 534, 211, 534, 534, 317, 386, 291, 93, 3, 53, 213, 306, 386, 107, 306, 529, 3, 529, 496, 386, 470, 386, 107, 529, 355, 368, 355, 3, 317, 3, 3, 417, 386, 211, 352, 57, 204, 534, 352, 57, 306, 386, 3, 496, 496, 107, 512, 3, 107, 317, 3, 171, 306, 204, 534, 3, 397, 492, 3, 88, 397, 189, 3, 17, 361, 355, 496, 3, 211, 13, 204, 42, 306, 3, 451, 3, 204, 3, 3, 306, 3, 3, 3, 276, 25, 23, 412, 220, 3, 551, 23, 3, 58, 3, 3, 386, 3, 435, 23, 3, 13, 3, 3, 3, 3, 515, 92, 23, 118, 3, 3, 475, 3, 22, 282, 51, 51, 306, 127, 447, 3, 13, 3, 13, 501, 13, 306, 3, 496, 534, 23, 3, 340, 3, 3, 352, 3, 23, 3, 338, 92, 107, 495, 499, 104, 198, 286, 86, 14, 142, 3, 23, 198, 440, 14, 534, 151, 317, 14, 86, 312, 3, 499, 14, 492, 112, 3, 92, 56, 107, 23, 492, 90, 492, 534, 115, 224, 492, 492, 92, 3, 496, 3, 245, 499, 317, 3, 449, 306, 3, 469, 3, 500, 474, 92, 3, 202, 317, 3, 409, 492, 56, 52, 30, 92, 315, 448, 3, 3, 317, 155, 496, 3, 127, 512, 14, 529, 107, 299, 386, 119, 107, 469, 56, 224, 129, 416, 198, 516, 340, 496, 13, 534, 56, 3, 