{"Run": 7, "K": 317, "WCSSD": 2324.326892958706, "Purity": 0.4749498997995992, "Time": 17.21267795562744, "Kmeans_Labels": [31, 154, 2, 173, 2, 2, 154, 211, 154, 178, 2, 133, 2, 37, 2, 2, 2, 82, 2, 2, 243, 2, 196, 2, 294, 82, 2, 82, 161, 168, 189, 2, 175, 82, 2, 2, 2, 37, 133, 37, 2, 149, 2, 210, 73, 2, 294, 134, 230, 2, 254, 227, 227, 4, 255, 276, 183, 154, 173, 173, 2, 82, 82, 286, 276, 270, 154, 154, 235, 276, 82, 2, 168, 2, 219, 2, 2, 2, 134, 2, 2, 2, 168, 82, 211, 2, 128, 56, 233, 144, 2, 255, 276, 144, 2, 149, 243, 2, 211, 2, 211, 272, 2, 168, 2, 149, 149, 2, 168, 272, 73, 168, 73, 2, 144, 272, 305, 2, 227, 45, 2, 2, 45, 173, 173, 45, 65, 173, 164, 243, 45, 45, 243, 2, 2, 175, 115, 2, 2, 227, 157, 173, 173, 175, 45, 45, 2, 2, 2, 173, 45, 43, 224, 175, 2, 45, 2, 134, 173, 230, 2, 45, 45, 2, 260, 45, 227, 269, 111, 224, 45, 2, 2, 227, 45, 2, 286, 125, 45, 2, 2, 2, 2, 2, 45, 227, 45, 2, 67, 227, 255, 157, 247, 45, 173, 173, 2, 171, 2, 144, 211, 196, 196, 286, 45, 211, 252, 211, 2, 227, 196, 81, 211, 211, 211, 45, 45, 144, 133, 157, 211, 272, 2, 133, 2, 45, 2, 133, 227, 45, 2, 2, 211, 2, 211, 255, 144, 175, 48, 227, 45, 2, 157, 211, 227, 144, 255, 216, 171, 239, 144, 144, 86, 59, 65, 226, 45, 227, 45, 216, 120, 2, 133, 173, 45, 2, 171, 149, 2, 312, 2, 149, 255, 134, 149, 149, 227, 196, 45, 45, 45, 149, 255, 2, 149, 149, 149, 173, 316, 164, 292, 149, 2, 149, 2, 149, 2, 149, 2, 255, 2, 149, 2, 2, 133, 149, 149, 149, 149, 73, 157, 255, 2, 2, 144, 255, 65, 73, 72, 115, 23, 73, 227, 73, 286, 133, 2, 30, 157, 73, 175, 45, 45, 31, 227, 2, 45, 2, 226, 45, 2, 4, 96, 171, 45, 227, 2, 45, 2, 134, 157, 65, 227, 2, 133, 2, 134, 111, 148, 87, 87, 137, 4, 87, 4, 157, 87, 249, 45, 66, 87, 87, 87, 45, 134, 45, 45, 45, 227, 134, 120, 4, 45, 115, 2, 227, 227, 241, 173, 227, 2, 230, 2, 255, 2, 2, 286, 30, 2, 300, 157, 243, 172, 48, 65, 199, 45, 2, 305, 2, 134, 2, 276, 224, 154, 115, 149, 171, 131, 45, 65, 2, 2, 2, 210, 2, 2, 73, 148, 87, 87, 44, 65, 224, 2, 38, 38, 175, 175, 48, 173, 2, 43, 43, 144, 144, 124, 124, 2, 73, 133, 133, 73, 210, 255, 4, 4, 227, 190, 190, 2, 2, 2, 276, 276, 175, 276, 276, 173, 276, 276, 276, 173, 276, 30, 157, 2, 168, 2, 2, 211, 211, 12, 144, 144, 2, 2, 144, 144, 289, 43, 2, 144, 144, 2, 48, 4, 43, 43, 4, 211, 80, 157, 299, 299, 2, 144, 144, 168, 173, 173, 2, 0, 0, 2, 2, 2, 2, 134, 173, 149, 255, 173, 149, 149, 173, 255, 234, 173, 73, 73, 149, 168, 168, 143, 143, 168, 168, 73, 133, 73, 149, 149, 144, 144, 134, 134, 35, 35, 73, 73, 2, 2, 73, 73, 2, 43, 43, 43, 43, 30, 2, 157, 157, 133, 2, 2, 133, 133, 2, 2, 2, 2, 127, 2, 2, 2, 157, 255, 255, 255, 255, 255, 115, 65, 2, 2, 2, 2, 87, 87, 43, 2, 43, 4, 4, 3, 3, 315, 315, 194, 194, 10, 10, 315, 315, 2, 87, 87, 315, 315, 76, 76, 87, 87, 42, 42, 87, 65, 2, 30, 82, 255, 6, 6, 6, 6, 6, 6, 6, 6, 119, 133, 133, 63, 6, 6, 37, 6, 6, 6, 6, 227, 6, 6, 6, 6, 286, 210, 210, 2, 87, 44, 44, 276, 276, 276, 276, 2, 2, 276, 276, 109, 2, 106, 2, 276, 81, 173, 210, 286, 173, 2, 243, 2, 125, 210, 2, 170, 154, 176, 176, 2, 168, 168, 168, 2, 276, 2, 2, 276, 2, 12, 12, 2, 56, 144, 2, 2, 210, 144, 2, 2, 289, 144, 144, 144, 2, 2, 144, 144, 254, 254, 206, 144, 206, 144, 299, 144, 144, 56, 229, 299, 299, 144, 168, 210, 188, 2, 2, 2, 157, 2, 2, 2, 27, 2, 73, 2, 168, 2, 73, 73, 2, 73, 73, 73, 73, 168, 168, 168, 2, 73, 73, 168, 168, 2, 73, 168, 73, 73, 168, 73, 2, 43, 73, 73, 73, 2, 2, 73, 73, 73, 73, 73, 73, 73, 73, 73, 35, 73, 73, 73, 73, 73, 73, 73, 133, 73, 2, 73, 2, 73, 73, 73, 73, 43, 73, 73, 73, 73, 2, 2, 43, 309, 309, 73, 73, 280, 280, 73, 309, 2, 65, 2, 4, 134, 157, 4, 2, 2, 2, 2, 73, 73, 2, 2, 243, 2, 2, 2, 2, 2, 2, 72, 2, 2, 134, 2, 2, 2, 2, 87, 87, 87, 134, 87, 87, 87, 3, 286, 87, 10, 25, 222, 194, 87, 2, 194, 194, 198, 222, 134, 134, 134, 87, 87, 87, 134, 227, 73, 258, 76, 2, 272, 243, 243, 243, 87, 218, 243, 276, 2, 115, 276, 175, 276, 2, 236, 2, 2, 2, 243, 115, 2, 56, 2, 56, 2, 32, 2, 232, 73, 149, 73, 227, 136, 115, 4, 247, 2, 247, 20, 65, 173, 175, 94, 2, 2, 111, 82, 227, 2, 31, 91, 87, 31, 91, 2, 2, 174, 144, 174, 102, 115, 2, 102, 210, 102, 102, 174, 174, 87, 20, 174, 20, 107, 140, 140, 20, 20, 4, 140, 140, 20, 20, 102, 115, 140, 302, 20, 20, 20, 20, 65, 140, 174, 102, 20, 140, 20, 140, 102, 20, 65, 65, 140, 102, 102, 140, 20, 102, 20, 2, 20, 162, 20, 174, 174, 2, 293, 102, 20, 20, 65, 115, 2, 174, 20, 140, 115, 286, 102, 20, 102, 20, 115, 20, 140, 2, 20, 20, 20, 140, 2, 2, 20, 20, 20, 265, 171, 175, 20, 20, 20, 100, 20, 20, 102, 20, 20, 20, 140, 115, 20, 20, 20, 140, 20, 174, 154, 65, 174, 20, 20, 33, 48, 2, 141, 203, 174, 20, 20, 2, 102, 20, 162, 102, 20, 20, 20, 20, 82, 174, 30, 20, 102, 102, 102, 69, 102, 20, 115, 20, 140, 174, 140, 48, 2, 102, 102, 20, 140, 20, 20, 20, 245, 56, 274, 2, 20, 20, 102, 20, 20, 125, 2, 20, 20, 30, 174, 102, 20, 245, 20, 20, 20, 174, 174, 177, 177, 20, 157, 2, 140, 20, 20, 177, 102, 20, 20, 20, 46, 20, 2, 174, 174, 115, 188, 102, 266, 20, 20, 174, 102, 102, 102, 20, 2, 102, 29, 174, 20, 174, 210, 102, 20, 140, 227, 20, 174, 144, 20, 2, 20, 140, 174, 70, 2, 102, 20, 102, 20, 65, 174, 102, 20, 20, 20, 20, 115, 56, 177, 65, 174, 255, 102, 20, 20, 20, 174, 174, 2, 57, 140, 20, 140, 174, 140, 115, 20, 102, 2, 70, 174, 140, 140, 102, 102, 20, 2, 2, 20, 102, 174, 20, 84, 2, 2, 102, 20, 102, 140, 228, 20, 47, 20, 20, 102, 220, 20, 102, 73, 102, 255, 20, 174, 174, 20, 64, 20, 102, 140, 102, 2, 20, 255, 115, 140, 182, 102, 20, 102, 102, 102, 210, 102, 102, 102, 174, 2, 64, 174, 111, 56, 20, 20, 195, 102, 20, 65, 102, 102, 162, 102, 174, 134, 20, 102, 20, 20, 20, 20, 174, 102, 20, 58, 175, 174, 102, 2, 175, 175, 20, 20, 20, 102, 102, 102, 174, 304, 102, 174, 121, 150, 208, 115, 70, 102, 102, 2, 20, 174, 20, 64, 181, 140, 174, 95, 174, 20, 87, 202, 174, 20, 174, 87, 102, 87, 102, 87, 47, 146, 20, 20, 20, 20, 2, 174, 87, 174, 64, 140, 174, 134, 64, 20, 20, 174, 65, 227, 140, 174, 46, 20, 174, 174, 20, 20, 195, 20, 175, 113, 227, 65, 269, 227, 2, 227, 227, 227, 227, 115, 247, 227, 2, 173, 164, 227, 175, 133, 227, 2, 243, 173, 227, 227, 87, 2, 130, 130, 130, 2, 160, 134, 2, 87, 135, 87, 52, 87, 4, 87, 87, 76, 190, 255, 210, 132, 144, 155, 2, 73, 4, 2, 48, 2, 4, 34, 134, 65, 173, 2, 2, 2, 149, 2, 261, 2, 289, 134, 133, 255, 2, 144, 2, 73, 173, 168, 79, 82, 200, 2, 30, 2, 243, 2, 275, 40, 157, 2, 133, 2, 268, 73, 77, 136, 176, 133, 2, 276, 278, 173, 210, 2, 56, 73, 276, 2, 2, 171, 168, 38, 175, 48, 65, 2, 144, 185, 215, 3, 30, 117, 44, 26, 73, 2, 2, 2, 243, 2, 243, 2, 2, 33, 286, 2, 238, 21, 65, 2, 108, 2, 277, 243, 149, 2, 315, 2, 2, 2, 2, 276, 2, 65, 87, 2, 255, 73, 65, 2, 82, 2, 2, 173, 2, 2, 82, 157, 115, 123, 2, 43, 2, 148, 2, 56, 193, 256, 157, 197, 2, 2, 2, 243, 2, 65, 65, 33, 2, 2, 255, 30, 65, 243, 65, 135, 107, 243, 197, 76, 73, 87, 2, 134, 87, 34, 87, 4, 87, 2, 226, 79, 255, 115, 243, 2, 155, 2, 43, 26, 2, 2, 73, 261, 2, 65, 4, 262, 73, 210, 73, 65, 210, 65, 65, 2, 107, 73, 136, 82, 82, 261, 4, 107, 113, 48, 73, 2, 168, 65, 107, 2, 107, 48, 73, 2, 2, 200, 149, 2, 2, 2, 2, 107, 210, 286, 133, 255, 65, 286, 149, 65, 107, 171, 48, 65, 226, 65, 134, 113, 65, 2, 149, 48, 243, 227, 2, 185, 278, 2, 284, 133, 82, 2, 125, 56, 2, 65, 65, 210, 48, 21, 275, 133, 4, 144, 2, 227, 56, 90, 133, 2, 2, 40, 289, 175, 77, 2, 2, 268, 2, 82, 2, 43, 2, 2, 107, 144, 2, 82, 2, 156, 2, 2, 2, 108, 276, 157, 82, 276, 2, 2, 255, 2, 168, 176, 144, 144, 243, 156, 193, 2, 156, 2, 156, 65, 156, 65, 118, 2, 227, 82, 210, 33, 2, 2, 175, 243, 82, 33, 82, 157, 212, 2, 173, 30, 38, 255, 154, 30, 33, 2, 221, 38, 30, 30, 134, 65, 2, 238, 256, 2, 163, 173, 30, 2, 269, 255, 123, 44, 171, 82, 2, 173, 38, 227, 2, 65, 2, 215, 83, 2, 48, 65, 276, 173, 173, 2, 175, 227, 255, 255, 2, 227, 82, 157, 2, 82, 2, 2, 173, 2, 44, 255, 2, 157, 82, 286, 2, 144, 2, 4, 65, 163, 156, 65, 30, 73, 4, 5, 107, 286, 48, 255, 44, 65, 4, 43, 38, 2, 33, 65, 156, 243, 286, 210, 261, 227, 276, 65, 2, 226, 16, 65, 29, 251, 227, 48, 226, 279, 44, 243, 276, 255, 52, 243, 2, 65, 2, 87, 4, 315, 117, 87, 87, 105, 52, 87, 105, 105, 211, 105, 87, 105, 87, 