{"Run": 10, "K": 20, "WCSSD": 2939.3484479022827, "Purity": 0.33152018322359006, "Time": 0.9585511684417725, "Kmeans_Labels": [11, 11, 11, 11, 11, 11, 11, 19, 11, 19, 11, 12, 11, 11, 11, 11, 11, 11, 11, 11, 11, 11, 7, 11, 7, 11, 11, 10, 11, 11, 11, 11, 11, 11, 11, 11, 11, 11, 12, 11, 7, 13, 13, 11, 13, 11, 11, 11, 7, 11, 11, 7, 7, 11, 11, 11, 11, 11, 11, 11, 11, 11, 11, 11, 11, 11, 11, 11, 11, 11, 11, 11, 11, 11, 7, 11, 11, 11, 11, 11, 11, 11, 19, 11, 11, 11, 7, 11, 11, 19, 11, 11, 19, 19, 11, 11, 11, 11, 11, 11, 7, 7, 11, 11, 19, 11, 19, 11, 19, 7, 13, 13, 13, 11, 19, 7, 7, 11, 7, 11, 11, 11, 11, 11, 11, 11, 7, 11, 12, 11, 11, 11, 11, 11, 11, 11, 7, 11, 11, 7, 10, 11, 11, 10, 11, 11, 11, 11, 11, 11, 11, 12, 11, 11, 7, 11, 11, 11, 11, 11, 11, 11, 11, 11, 11, 11, 7, 7, 11, 11, 11, 11, 11, 7, 11, 11, 11, 11, 11, 11, 7, 7, 11, 11, 11, 11, 11, 11, 11, 7, 7, 10, 12, 11, 11, 11, 11, 12, 11, 19, 19, 11, 11, 11, 19, 11, 11, 19, 19, 7, 11, 18, 19, 11, 11, 11, 19, 19, 12, 10, 19, 11, 11, 12, 11, 11, 7, 19, 7, 11, 11, 11, 7, 11, 19, 11, 19, 11, 11, 12, 11, 11, 10, 19, 7, 19, 7, 11, 12, 11, 19, 19, 11, 11, 7, 11, 11, 7, 19, 19, 7, 19, 12, 11, 11, 11, 12, 11, 11, 19, 11, 10, 7, 11, 11, 11, 7, 11, 11, 11, 11, 11, 11, 11, 11, 11, 11, 11, 11, 12, 11, 11, 11, 13, 11, 11, 11, 10, 13, 7, 11, 11, 11, 11, 11, 13, 11, 11, 13, 13, 10, 11, 11, 11, 19, 13, 11, 13, 13, 7, 13, 13, 7, 13, 11, 11, 11, 11, 10, 13, 11, 11, 11, 11, 7, 11, 11, 11, 11, 13, 11, 7, 10, 12, 11, 7, 12, 11, 7, 7, 10, 7, 7, 12, 12, 11, 0, 7, 11, 15, 15, 11, 7, 15, 13, 10, 15, 15, 7, 11, 15, 15, 15, 7, 11, 7, 12, 7, 7, 11, 7, 12, 7, 11, 11, 7, 7, 11, 11, 7, 11, 7, 11, 7, 11, 11, 11, 11, 11, 11, 10, 7, 11, 7, 7, 10, 11, 11, 11, 11, 11, 11, 11, 11, 11, 11, 11, 12, 11, 7, 7, 11, 11, 11, 14, 11, 11, 13, 11, 15, 15, 11, 11, 7, 11, 7, 7, 7, 7, 11, 11, 19, 12, 12, 19, 19, 13, 13, 11, 13, 12, 12, 13, 11, 12, 11, 11, 7, 15, 15, 11, 11, 11, 11, 11, 11, 11, 11, 11, 11, 11, 11, 11, 11, 11, 10, 11, 19, 19, 19, 19, 19, 19, 19, 19, 19, 19, 19, 19, 19, 12, 19, 19, 19, 11, 7, 11, 12, 12, 11, 12, 11, 10, 19, 19, 11, 19, 19, 11, 11, 11, 11, 11, 11, 11, 11, 11, 11, 11, 11, 11, 11, 11, 11, 11, 11, 11, 19, 11, 13, 13, 13, 13, 13, 19, 19, 13, 13, 13, 11, 13, 19, 19, 19, 19, 11, 11, 13, 13, 13, 13, 11, 11, 13, 13, 11, 12, 12, 12, 12, 11, 11, 10, 10, 12, 11, 11, 11, 11, 11, 11, 11, 11, 11, 11, 11, 11, 10, 11, 11, 11, 10, 10, 12, 11, 11, 11, 11, 11, 15, 15, 12, 11, 12, 11, 11, 15, 15, 15, 15, 15, 15, 15, 15, 15, 15, 11, 15, 15, 15, 15, 15, 15, 15, 15, 15, 15, 15, 11, 11, 11, 11, 11, 12, 12, 12, 12, 12, 12, 12, 12, 12, 12, 19, 12, 12, 12, 7, 12, 12, 12, 12, 7, 12, 12, 12, 12, 11, 11, 11, 11, 15, 11, 11, 11, 11, 11, 11, 7, 11, 10, 10, 7, 10, 11, 11, 11, 18, 11, 11, 11, 11, 11, 11, 11, 11, 11, 11, 19, 11, 19, 19, 11, 19, 19, 19, 19, 19, 11, 11, 19, 11, 19, 19, 19, 11, 19, 19, 19, 11, 19, 11, 11, 19, 19, 19, 19, 12, 11, 19, 19, 11, 11, 19, 19, 19, 19, 19, 19, 19, 11, 11, 19, 19, 19, 19, 19, 19, 11, 11, 11, 10, 11, 13, 11, 11, 11, 13, 11, 11, 13, 13, 13, 11, 13, 13, 13, 13, 13, 19, 13, 19, 13, 13, 13, 13, 11, 13, 13, 13, 13, 13, 13, 19, 13, 13, 13, 13, 7, 11, 13, 13, 13, 13, 13, 13, 13, 13, 13, 13, 13, 13, 13, 13, 13, 13, 13, 11, 13, 13, 13, 11, 13, 13, 13, 10, 13, 13, 13, 13, 13, 11, 11, 13, 13, 13, 13, 13, 11, 11, 13, 13, 11, 12, 11, 11, 11, 10, 11, 12, 11, 11, 11, 13, 13, 11, 13, 13, 10, 11, 11, 11, 11, 11, 7, 11, 11, 11, 11, 11, 11, 11, 15, 15, 15, 11, 15, 15, 15, 15, 11, 15, 15, 11, 15, 15, 15, 11, 15, 15, 11, 15, 11, 11, 11, 15, 15, 15, 11, 11, 11, 15, 15, 12, 7, 15, 15, 15, 15, 11, 11, 11, 11, 11, 11, 11, 11, 11, 11, 11, 11, 11, 11, 7, 11, 11, 11, 11, 11, 6, 11, 11, 13, 11, 13, 7, 13, 7, 11, 11, 11, 11, 1, 11, 11, 11, 11, 11, 11, 7, 11, 7, 11, 13, 13, 15, 13, 13, 11, 11, 17, 19, 1, 17, 11, 11, 17, 11, 17, 17, 1, 1, 15, 1, 1, 1, 7, 1, 1, 1, 1, 7, 1, 1, 1, 1, 17, 7, 1, 17, 1, 1, 1, 1, 7, 1, 1, 17, 1, 1, 1, 1, 17, 1, 7, 7, 1, 17, 17, 1, 1, 17, 1, 11, 1, 17, 1, 1, 1, 11, 12, 17, 1, 1, 11, 11, 11, 1, 17, 1, 7, 11, 17, 1, 17, 1, 11, 17, 1, 11, 1, 1, 1, 1, 11, 11, 1, 1, 1, 1, 7, 11, 1, 1, 1, 1, 1, 1, 17, 1, 1, 1, 1, 17, 1, 1, 1, 1, 1, 1, 11, 7, 17, 1, 1, 11, 11, 11, 11, 11, 1, 1, 1, 11, 17, 1, 11, 17, 17, 1, 1, 1, 11, 1, 7, 1, 17, 17, 17, 1, 17, 1, 11, 1, 1, 1, 1, 11, 11, 17, 17, 1, 1, 1, 1, 1, 1, 17, 7, 11, 1, 1, 17, 1, 1, 11, 11, 1, 1, 11, 1, 17, 1, 1, 1, 1, 1, 1, 1, 1, 17, 1, 10, 11, 1, 17, 1, 1, 17, 17, 1, 1, 1, 1, 11, 1, 1, 11, 11, 17, 17, 1, 1, 17, 17, 17, 17, 1, 11, 17, 11, 17, 1, 1, 11, 17, 1, 1, 7, 1, 1, 19, 1, 11, 1, 1, 1, 1, 11, 17, 1, 17, 17, 7, 1, 17, 17, 1, 1, 1, 11, 11, 17, 7, 1, 12, 17, 1, 17, 1, 1, 1, 6, 7, 1, 1, 1, 1, 1, 11, 1, 17, 11, 1, 1, 1, 1, 17, 17, 1, 11, 11, 1, 17, 17, 1, 1, 11, 11, 17, 1, 17, 1, 11, 1, 7, 1, 1, 17, 1, 1, 17, 13, 17, 7, 1, 1, 1, 1, 7, 1, 17, 1, 17, 11, 17, 7, 7, 1, 1, 17, 1, 17, 17, 17, 11, 17, 17, 17, 1, 11, 1, 1, 1, 11, 1, 1, 1, 17, 1, 7, 17, 17, 1, 17, 1, 7, 1, 17, 1, 1, 17, 2, 1, 17, 1, 1, 1, 1, 17, 11, 11, 11, 1, 1, 1, 17, 17, 17, 1, 1, 17, 17, 17, 1, 17, 7, 1, 17, 17, 11, 17, 1, 17, 12, 17, 1, 1, 11, 1, 17, 17, 17, 1, 1, 1, 15, 17, 15, 17, 15, 7, 17, 1, 1, 1, 1, 7, 1, 15, 1, 1, 1, 1, 11, 17, 17, 1, 1, 7, 7, 1, 1, 1, 17, 1, 1, 1, 1, 1, 1, 11, 7, 7, 7, 7, 7, 11, 7, 7, 7, 7, 7, 12, 7, 11, 11, 12, 7, 11, 12, 7, 11, 7, 11, 7, 7, 15, 11, 7, 7, 7, 11, 11, 11, 11, 15, 11, 15, 11, 15, 11, 15, 15, 15, 15, 12, 11, 11, 19, 11, 11, 13, 11, 11, 11, 11, 11, 11, 11, 7, 11, 11, 13, 11, 11, 19, 11, 15, 19, 15, 19, 11, 11, 19, 11, 13, 11, 13, 11, 11, 11, 11, 11, 11, 11, 11, 12, 11, 10, 11, 19, 11, 11, 13, 11, 13, 19, 19, 11, 19, 11, 11, 7, 11, 11, 13, 19, 11, 11, 11, 19, 11, 11, 7, 11, 11, 19, 19, 11, 15, 11, 11, 11, 11, 13, 11, 11, 11, 11, 11, 15, 11, 19, 11, 11, 11, 10, 12, 7, 11, 19, 11, 11, 11, 11, 11, 15, 11, 11, 11, 11, 11, 11, 11, 15, 11, 11, 13, 11, 11, 11, 11, 11, 11, 11, 11, 11, 10, 7, 10, 11, 12, 12, 11, 11, 11, 11, 11, 10, 11, 11, 11, 11, 11, 11, 7, 7, 11, 11, 11, 11, 7, 7, 11, 11, 11, 7, 15, 11, 15, 13, 15, 11, 15, 15, 11, 15, 11, 15, 11, 11, 11, 12, 7, 11, 11, 11, 11, 12, 11, 13, 11, 13, 11, 12, 7, 12, 7, 13, 7, 13, 11, 11, 7, 6, 11, 7, 13, 13, 11, 11, 11, 7, 7, 7, 11, 13, 11, 13, 7, 7, 11, 7, 7, 13, 11, 11, 11, 11, 11, 11, 11, 11, 7, 7, 11, 19, 11, 7, 11, 19, 7, 7, 7, 7, 11, 11, 11, 11, 7, 11, 11, 11, 7, 11, 7, 11, 19, 11, 12, 11, 12, 11, 11, 11, 11, 11, 11, 11, 11, 7, 12, 12, 19, 12, 19, 11, 12, 11, 12, 19, 11, 11, 11, 19, 11, 11, 11, 19, 11, 11, 11, 11, 12, 11, 19, 7, 19, 11, 19, 11, 7, 11, 11, 11, 19, 19, 10, 11, 19, 11, 19, 11, 11, 19, 19, 19, 19, 11, 7, 11, 11, 7, 11, 7, 11, 7, 7, 11, 11, 7, 19, 11, 11, 11, 11, 11, 11, 11, 11, 11, 10, 11, 11, 11, 11, 11, 7, 11, 11, 11, 11, 11, 7, 11, 11, 7, 11, 11, 10, 11, 11, 11, 11, 11, 11, 7, 11, 10, 11, 11, 11, 11, 11, 11, 7, 11, 7, 11, 11, 10, 11, 7, 7, 11, 11, 11, 11, 11, 12, 11, 11, 11, 11, 11, 10, 11, 11, 11, 11, 11, 11, 11, 11, 11, 10, 11, 11, 11, 19, 11, 11, 11, 11, 7, 11, 11, 13, 7, 12, 7, 11, 7, 11, 11, 7, 12, 12, 11, 11, 11, 7, 7, 12, 11, 11, 11, 7, 11, 11, 11, 11, 7, 11, 11, 11, 11, 7, 11, 11, 11, 11, 11, 11, 11, 12, 11, 7, 15, 15, 11, 15, 11, 15, 15, 11, 15, 15, 15, 11, 11, 11, 15, 11, 15, 11, 11, 11, 7, 11, 11, 11, 15, 11, 13, 11, 11, 11, 11, 15, 11, 19, 13, 11, 11, 11, 19, 11, 12, 11, 7, 11, 13, 15, 11, 15, 15, 11, 11, 13, 19, 19, 11, 11, 13, 11, 12, 11, 11, 11, 11, 11, 11, 11, 11, 15, 11, 11, 11, 15, 11, 11, 11, 11, 13, 19, 15, 11, 11, 11, 19, 15, 13, 7, 11, 11, 11, 11, 19, 11, 7, 13, 11, 11, 19, 11, 19, 15, 15, 7, 11, 13, 11, 11, 7, 11, 15, 15, 7, 11, 15, 10, 11, 11, 11, 15, 11, 11, 19, 11, 11, 11, 11, 19, 11, 11, 11, 11, 11, 19, 11, 11, 11, 12, 11, 7, 11, 11, 7, 11, 11, 11, 11, 19, 11, 11, 11, 11, 11, 11, 19, 11, 11, 7, 11, 11, 11, 11, 11, 11, 11, 7, 11, 7, 11, 11, 11, 11, 11, 10, 11, 11, 11, 11, 11, 11, 7, 11, 11, 19, 7, 11, 11, 11, 11, 11, 11, 11, 11, 7, 11, 11, 11, 12, 11, 11, 11, 11, 11, 11, 11, 11, 11, 11, 11, 11, 11, 11, 11, 11, 11, 11, 11, 11, 11, 7, 11, 10, 11, 11, 11, 11, 11, 11, 11, 11, 11, 11, 8, 11, 15, 11, 11, 11, 11, 