{"Run": 2, "K": 599, "WCSSD": 2053.5388543123786, "Purity": 0.42895376289874043, "Time": 33.03725290298462, "Kmeans_Labels": [558, 2, 48, 267, 2, 2, 182, 72, 2, 2, 9, 193, 2, 342, 2, 2, 265, 105, 84, 46, 84, 2, 422, 342, 274, 105, 2, 572, 46, 2, 342, 84, 46, 105, 84, 577, 342, 342, 193, 596, 340, 332, 110, 178, 342, 2, 342, 526, 2, 2, 542, 546, 546, 231, 239, 86, 490, 105, 267, 267, 2, 105, 170, 460, 464, 366, 441, 2, 342, 86, 105, 2, 2, 231, 121, 2, 166, 2, 240, 2, 135, 2, 347, 56, 72, 2, 231, 2, 2, 345, 2, 253, 86, 497, 2, 2, 56, 158, 72, 2, 72, 54, 62, 211, 211, 182, 182, 266, 266, 157, 110, 110, 110, 342, 558, 121, 577, 2, 429, 442, 2, 240, 442, 267, 267, 78, 266, 267, 135, 84, 442, 442, 84, 479, 2, 368, 2, 268, 2, 2, 335, 267, 267, 46, 442, 442, 2, 320, 2, 267, 442, 139, 2, 46, 2, 442, 2, 2, 267, 135, 2, 442, 442, 2, 2, 442, 240, 231, 22, 231, 457, 2, 578, 546, 442, 2, 235, 59, 442, 2, 542, 472, 2, 2, 442, 356, 442, 2, 312, 356, 2, 335, 175, 71, 267, 135, 2, 354, 2, 377, 72, 132, 132, 460, 435, 221, 442, 171, 199, 423, 132, 284, 297, 72, 221, 442, 442, 561, 193, 558, 72, 121, 2, 193, 209, 442, 422, 193, 546, 442, 2, 2, 72, 2, 72, 2, 301, 178, 248, 2, 442, 311, 335, 196, 546, 392, 196, 512, 354, 442, 1, 377, 2, 442, 479, 132, 442, 422, 442, 512, 422, 558, 193, 48, 211, 2, 354, 211, 577, 377, 135, 182, 148, 135, 182, 135, 422, 135, 442, 211, 442, 167, 468, 82, 182, 182, 460, 211, 236, 135, 442, 182, 2, 110, 234, 182, 2, 182, 110, 46, 2, 182, 2, 512, 346, 182, 182, 182, 182, 110, 335, 558, 512, 266, 377, 558, 2, 110, 110, 46, 110, 110, 546, 110, 460, 193, 512, 558, 335, 196, 46, 177, 442, 558, 546, 354, 220, 558, 105, 442, 2, 594, 335, 354, 442, 422, 2, 442, 2, 5, 282, 240, 546, 110, 193, 319, 48, 22, 27, 448, 256, 2, 577, 256, 477, 335, 302, 256, 442, 110, 256, 256, 302, 442, 302, 442, 442, 442, 422, 6, 422, 422, 442, 6, 2, 546, 546, 128, 267, 354, 2, 275, 241, 2, 2, 2, 460, 64, 2, 178, 335, 84, 267, 422, 422, 335, 2, 267, 267, 2, 135, 2, 86, 231, 2, 2, 182, 354, 231, 23, 231, 595, 2, 2, 178, 211, 2, 110, 27, 256, 357, 59, 240, 231, 2, 231, 231, 46, 46, 231, 267, 95, 139, 139, 183, 183, 110, 110, 394, 110, 193, 193, 110, 178, 46, 577, 577, 231, 448, 448, 512, 512, 2, 86, 86, 2, 160, 160, 267, 86, 86, 86, 517, 218, 64, 335, 2, 2, 2, 2, 134, 134, 2, 377, 377, 2, 2, 377, 377, 354, 139, 2, 2, 2, 127, 34, 2, 139, 139, 2, 72, 264, 335, 153, 153, 2, 2, 377, 211, 48, 48, 2, 2, 2, 2, 2, 135, 2, 135, 267, 211, 2, 267, 211, 211, 267, 2, 266, 267, 182, 182, 182, 110, 110, 189, 189, 438, 438, 593, 346, 525, 182, 182, 377, 377, 2, 2, 279, 279, 110, 110, 155, 155, 110, 110, 393, 139, 139, 139, 139, 64, 2, 335, 335, 193, 200, 200, 254, 254, 254, 254, 2, 2, 412, 2, 530, 530, 335, 2, 2, 2, 282, 282, 2, 2, 2, 2, 2, 135, 256, 256, 365, 84, 365, 577, 577, 302, 302, 302, 302, 2, 2, 141, 141, 8, 8, 46, 79, 79, 302, 302, 195, 195, 26, 302, 405, 405, 256, 2, 528, 64, 390, 231, 260, 233, 260, 260, 260, 260, 109, 260, 106, 451, 193, 260, 260, 260, 342, 326, 260, 260, 260, 2, 260, 260, 260, 260, 140, 178, 178, 2, 256, 21, 21, 6, 6, 86, 86, 240, 558, 86, 86, 240, 424, 2, 424, 218, 284, 267, 178, 460, 560, 2, 84, 2, 59, 178, 2, 377, 172, 518, 518, 2, 518, 518, 2, 2, 86, 6, 2, 86, 512, 2, 2, 2, 125, 377, 2, 2, 178, 377, 354, 70, 354, 410, 377, 410, 2, 354, 545, 377, 127, 127, 410, 545, 410, 2, 153, 410, 410, 125, 2, 153, 153, 354, 196, 178, 2, 176, 286, 68, 389, 211, 378, 211, 364, 2, 110, 211, 266, 266, 279, 110, 211, 279, 182, 110, 110, 454, 266, 110, 558, 110, 110, 110, 266, 2, 110, 266, 558, 110, 237, 323, 266, 139, 110, 110, 110, 110, 2, 110, 292, 292, 279, 279, 110, 110, 279, 110, 279, 279, 279, 152, 152, 110, 279, 110, 215, 152, 196, 196, 2, 110, 110, 110, 186, 139, 455, 455, 455, 186, 361, 361, 139, 110, 110, 152, 110, 105, 105, 110, 110, 2, 2, 2, 530, 512, 2, 577, 577, 2, 198, 198, 558, 558, 2, 196, 110, 558, 512, 135, 217, 295, 295, 577, 2, 2, 512, 266, 266, 2, 2, 256, 256, 256, 512, 302, 256, 256, 302, 219, 256, 141, 480, 184, 256, 256, 2, 256, 256, 2, 184, 2, 2, 84, 79, 256, 79, 512, 2, 512, 256, 195, 512, 121, 25, 25, 25, 256, 46, 2, 86, 584, 422, 86, 46, 86, 2, 2, 2, 2, 508, 577, 145, 2, 263, 2, 191, 534, 48, 307, 2, 110, 211, 229, 422, 110, 546, 577, 567, 6, 567, 113, 2, 267, 2, 2, 149, 2, 22, 105, 546, 2, 558, 110, 256, 558, 110, 66, 2, 226, 108, 226, 355, 231, 211, 324, 276, 324, 325, 226, 226, 36, 113, 13, 336, 204, 533, 533, 113, 113, 466, 533, 533, 113, 113, 324, 231, 533, 324, 113, 113, 113, 325, 99, 533, 226, 324, 113, 503, 113, 407, 324, 113, 325, 325, 533, 324, 324, 533, 113, 324, 113, 2, 113, 168, 113, 449, 226, 66, 135, 324, 18, 113, 2, 2, 2, 226, 59, 533, 422, 460, 324, 586, 324, 113, 2, 113, 533, 146, 591, 113, 113, 113, 66, 2, 113, 113, 598, 226, 546, 46, 113, 113, 113, 258, 113, 113, 324, 113, 113, 113, 113, 565, 113, 113, 113, 113, 113, 226, 2, 264, 565, 113, 113, 366, 494, 2, 59, 2, 96, 113, 226, 21, 324, 113, 231, 324, 113, 76, 113, 113, 105, 226, 64, 418, 324, 324, 324, 113, 324, 113, 174, 113, 533, 358, 533, 363, 2, 324, 324, 113, 533, 113, 113, 226, 502, 168, 546, 231, 113, 113, 324, 113, 344, 59, 2, 113, 113, 64, 226, 324, 113, 502, 113, 531, 113, 226, 592, 113, 228, 113, 338, 538, 67, 2, 113, 113, 324, 550, 367, 113, 342, 113, 2, 226, 568, 252, 2, 324, 324, 113, 113, 226, 324, 324, 324, 113, 240, 123, 19, 226, 113, 226, 178, 324, 113, 533, 356, 216, 226, 108, 113, 512, 113, 533, 226, 226, 2, 228, 113, 324, 565, 240, 415, 355, 325, 113, 113, 113, 255, 125, 228, 215, 226, 264, 324, 113, 324, 113, 226, 226, 515, 278, 533, 113, 533, 226, 533, 231, 113, 324, 2, 226, 226, 533, 533, 324, 575, 113, 2, 2, 113, 324, 226, 113, 226, 2, 211, 324, 113, 324, 533, 266, 257, 222, 211, 113, 154, 223, 554, 324, 98, 324, 6, 495, 226, 226, 113, 512, 113, 324, 533, 324, 512, 113, 306, 422, 113, 113, 324, 113, 324, 324, 316, 276, 324, 324, 446, 226, 84, 113, 226, 22, 125, 113, 113, 226, 324, 113, 546, 324, 324, 113, 324, 3, 2, 226, 324, 113, 113, 226, 113, 226, 324, 226, 533, 113, 226, 324, 2, 46, 46, 113, 519, 113, 324, 324, 324, 226, 226, 514, 87, 324, 533, 212, 422, 226, 325, 324, 126, 226, 226, 226, 512, 324, 533, 226, 366, 226, 226, 87, 324, 230, 113, 226, 256, 324, 36, 324, 343, 222, 271, 107, 113, 113, 113, 422, 226, 79, 226, 113, 533, 226, 512, 226, 156, 113, 226, 546, 565, 533, 226, 113, 226, 13, 226, 336, 113, 226, 113, 46, 20, 546, 240, 231, 546, 135, 546, 546, 546, 546, 422, 174, 546, 2, 267, 135, 546, 46, 193, 546, 2, 385, 267, 546, 546, 256, 2, 209, 209, 209, 2, 352, 210, 110, 256, 261, 256, 552, 256, 579, 84, 256, 195, 256, 280, 178, 2, 2, 251, 84, 186, 2, 266, 2, 2, 2, 302, 207, 450, 267, 2, 558, 2, 314, 289, 2, 2, 354, 527, 193, 2, 159, 347, 231, 110, 267, 438, 512, 231, 224, 540, 143, 2, 84, 2, 193, 231, 335, 211, 193, 165, 2, 110, 105, 110, 474, 193, 2, 86, 2, 267, 178, 2, 263, 196, 86, 513, 211, 340, 240, 231, 46, 34, 240, 2, 347, 37, 32, 302, 64, 11, 432, 2, 110, 2, 2, 2, 84, 395, 25, 2, 161, 366, 460, 2, 64, 193, 385, 2, 2, 2, 178, 359, 182, 231, 302, 2, 444, 2, 205, 86, 313, 240, 302, 2, 558, 279, 46, 487, 105, 440, 2, 318, 2, 240, 105, 335, 422, 335, 2, 139, 417, 27, 2, 51, 2, 83, 335, 2, 6, 81, 208, 427, 93, 577, 547, 366, 437, 2, 536, 64, 422, 84, 569, 261, 577, 25, 2, 195, 110, 256, 81, 527, 84, 302, 302, 2, 256, 395, 84, 512, 280, 2, 427, 2, 251, 84, 139, 2, 558, 231, 186, 2, 417, 577, 147, 478, 110, 178, 279, 422, 178, 231, 48, 2, 403, 110, 110, 2, 231, 2, 546, 403, 20, 2, 110, 2, 438, 240, 403, 2, 403, 231, 279, 211, 211, 224, 314, 2, 205, 2, 266, 403, 178, 460, 193, 2, 546, 460, 182, 231, 130, 546, 231, 240, 84, 422, 207, 20, 48, 422, 182, 204, 359, 546, 440, 37, 2, 2, 196, 193, 40, 2, 59, 51, 159, 337, 569, 489, 34, 193, 193, 193, 577, 2, 2, 498, 263, 2, 193, 2, 208, 231, 354, 46, 105, 2, 354, 2, 2, 105, 2, 139, 84, 289, 403, 377, 215, 105, 437, 34, 2, 2, 2, 2, 86, 335, 249, 86, 194, 161, 2, 483, 240, 474, 347, 347, 84, 34, 2, 487, 34, 487, 34, 2, 34, 547, 308, 2, 546, 33, 178, 366, 93, 231, 460, 84, 249, 2, 555, 335, 116, 240, 