{"Run": 0, "K": 37, "WCSSD": 2823.522206973464, "Purity": 0.3736043515602634, "Time": 2.2676498889923096, "Kmeans_Labels": [18, 18, 18, 18, 18, 18, 12, 6, 18, 6, 18, 18, 18, 21, 18, 18, 18, 18, 18, 18, 18, 18, 18, 18, 21, 18, 18, 7, 18, 6, 18, 18, 18, 18, 18, 18, 18, 18, 18, 21, 18, 12, 15, 18, 18, 18, 18, 18, 21, 18, 18, 21, 21, 18, 18, 18, 18, 18, 18, 18, 18, 18, 18, 15, 18, 18, 18, 18, 18, 18, 18, 18, 18, 18, 18, 18, 18, 18, 18, 18, 18, 18, 6, 18, 18, 18, 18, 18, 18, 6, 18, 18, 6, 6, 18, 12, 18, 18, 18, 18, 18, 18, 18, 5, 5, 12, 12, 5, 6, 21, 18, 6, 18, 18, 6, 18, 21, 18, 21, 18, 18, 18, 18, 18, 18, 18, 18, 18, 21, 18, 29, 24, 18, 18, 18, 18, 18, 18, 18, 18, 7, 18, 18, 7, 18, 18, 18, 18, 18, 18, 18, 29, 18, 18, 18, 18, 18, 18, 18, 18, 18, 18, 25, 18, 12, 18, 18, 21, 18, 18, 18, 18, 18, 21, 18, 18, 33, 10, 18, 18, 18, 18, 18, 18, 18, 18, 24, 18, 18, 21, 18, 7, 21, 18, 18, 18, 18, 21, 18, 6, 6, 18, 18, 33, 18, 18, 18, 6, 6, 18, 18, 18, 18, 18, 18, 18, 18, 6, 18, 7, 6, 18, 18, 18, 18, 18, 18, 6, 21, 24, 18, 18, 21, 18, 6, 18, 6, 18, 18, 21, 18, 18, 7, 18, 21, 6, 18, 18, 21, 18, 12, 12, 18, 18, 21, 18, 18, 18, 18, 6, 21, 18, 5, 18, 5, 18, 21, 5, 18, 6, 18, 12, 21, 18, 12, 18, 21, 18, 18, 5, 18, 12, 18, 18, 12, 12, 33, 5, 12, 21, 5, 12, 18, 12, 18, 12, 18, 12, 5, 21, 18, 12, 12, 18, 18, 12, 12, 12, 12, 18, 7, 18, 18, 18, 6, 18, 18, 12, 12, 18, 18, 18, 21, 18, 33, 18, 18, 25, 7, 18, 18, 18, 18, 18, 21, 18, 5, 18, 18, 18, 18, 18, 7, 21, 18, 21, 21, 18, 18, 21, 7, 21, 21, 18, 18, 18, 18, 18, 13, 22, 22, 18, 18, 22, 18, 7, 4, 22, 18, 18, 22, 22, 4, 24, 4, 24, 21, 21, 21, 18, 21, 21, 21, 18, 18, 21, 21, 18, 18, 18, 18, 18, 18, 18, 15, 18, 33, 25, 18, 18, 7, 18, 18, 18, 21, 7, 18, 33, 18, 18, 18, 18, 18, 18, 18, 18, 12, 21, 18, 21, 21, 18, 18, 18, 18, 5, 18, 18, 13, 22, 22, 15, 18, 18, 18, 21, 21, 21, 21, 18, 18, 18, 29, 29, 6, 6, 0, 0, 18, 18, 18, 18, 18, 21, 18, 18, 18, 21, 22, 22, 18, 18, 18, 18, 18, 18, 15, 15, 18, 18, 18, 18, 18, 18, 25, 7, 18, 6, 6, 6, 6, 6, 6, 6, 6, 6, 6, 6, 6, 6, 29, 18, 6, 6, 18, 21, 18, 29, 29, 18, 21, 18, 7, 6, 6, 18, 6, 6, 5, 18, 18, 18, 18, 18, 18, 18, 18, 5, 18, 18, 5, 18, 5, 5, 5, 5, 18, 6, 18, 12, 12, 12, 6, 6, 5, 5, 6, 6, 18, 18, 18, 12, 12, 6, 6, 18, 18, 18, 18, 18, 18, 5, 5, 18, 21, 18, 29, 29, 29, 29, 25, 18, 7, 7, 18, 18, 18, 27, 27, 27, 27, 18, 18, 18, 18, 18, 18, 7, 18, 18, 18, 18, 18, 21, 21, 20, 18, 18, 18, 22, 22, 29, 18, 29, 18, 18, 4, 4, 4, 4, 4, 4, 4, 4, 4, 4, 18, 22, 22, 4, 4, 4, 4, 4, 4, 22, 22, 22, 18, 18, 25, 18, 18, 17, 17, 17, 17, 17, 17, 17, 17, 17, 17, 6, 17, 17, 17, 21, 17, 17, 17, 17, 21, 17, 17, 17, 17, 33, 18, 18, 18, 22, 15, 15, 18, 18, 18, 18, 21, 19, 7, 7, 21, 18, 18, 18, 18, 18, 18, 18, 33, 18, 18, 18, 18, 15, 18, 18, 6, 18, 6, 6, 18, 6, 6, 6, 18, 6, 18, 18, 6, 18, 6, 6, 6, 18, 6, 6, 6, 18, 6, 15, 18, 6, 6, 6, 6, 6, 15, 6, 6, 18, 18, 6, 6, 6, 6, 6, 6, 6, 18, 18, 6, 6, 6, 6, 6, 6, 18, 18, 5, 5, 5, 18, 5, 5, 18, 18, 5, 5, 18, 12, 12, 5, 18, 12, 6, 18, 6, 6, 6, 5, 18, 18, 6, 5, 18, 18, 6, 18, 18, 6, 18, 18, 29, 18, 18, 18, 18, 18, 18, 18, 18, 18, 18, 18, 18, 18, 18, 18, 18, 18, 18, 18, 18, 18, 18, 18, 18, 18, 18, 18, 18, 18, 18, 7, 29, 18, 18, 18, 18, 18, 18, 29, 18, 18, 18, 18, 18, 18, 18, 18, 18, 21, 18, 18, 18, 7, 18, 18, 18, 18, 18, 18, 18, 18, 18, 18, 7, 18, 18, 18, 18, 18, 18, 18, 18, 21, 18, 18, 18, 18, 22, 22, 22, 18, 4, 22, 22, 4, 33, 22, 4, 18, 22, 4, 22, 18, 4, 4, 18, 22, 18, 18, 18, 22, 22, 22, 18, 18, 18, 22, 4, 18, 18, 18, 18, 18, 22, 18, 18, 18, 18, 18, 18, 18, 18, 18, 18, 18, 18, 18, 18, 18, 18, 18, 18, 18, 18, 18, 18, 18, 12, 5, 18, 18, 18, 21, 18, 18, 18, 18, 3, 18, 18, 18, 18, 18, 18, 21, 18, 21, 18, 18, 18, 22, 18, 18, 18, 18, 3, 18, 3, 28, 18, 5, 26, 18, 28, 28, 3, 3, 22, 3, 3, 35, 21, 3, 3, 3, 3, 21, 3, 3, 35, 3, 28, 21, 3, 28, 3, 3, 3, 35, 21, 3, 3, 28, 3, 3, 3, 3, 28, 35, 21, 21, 3, 28, 28, 3, 3, 28, 35, 18, 35, 35, 3, 3, 3, 18, 21, 28, 35, 3, 18, 18, 18, 3, 35, 3, 21, 33, 28, 35, 28, 35, 18, 35, 3, 18, 35, 3, 3, 3, 18, 18, 3, 3, 35, 3, 21, 18, 35, 3, 35, 3, 35, 3, 28, 35, 35, 35, 3, 35, 35, 3, 35, 3, 35, 3, 18, 18, 35, 3, 3, 18, 18, 18, 10, 18, 3, 35, 3, 15, 28, 35, 18, 28, 35, 3, 3, 35, 18, 3, 25, 3, 28, 28, 28, 35, 28, 3, 18, 3, 3, 3, 3, 18, 15, 28, 28, 3, 3, 35, 3, 3, 3, 35, 21, 18, 35, 35, 28, 3, 3, 10, 18, 3, 3, 25, 3, 28, 35, 3, 3, 3, 3, 3, 3, 3, 28, 3, 7, 18, 3, 35, 3, 35, 28, 35, 35, 3, 35, 3, 18, 3, 3, 18, 35, 28, 28, 3, 3, 3, 28, 28, 28, 3, 18, 28, 10, 3, 3, 3, 21, 28, 3, 3, 21, 3, 3, 18, 3, 18, 3, 3, 3, 3, 18, 28, 35, 28, 35, 21, 3, 28, 35, 35, 3, 35, 21, 35, 28, 21, 3, 18, 28, 3, 35, 35, 3, 3, 18, 21, 3, 3, 3, 3, 3, 18, 35, 28, 18, 3, 3, 3, 3, 28, 28, 35, 18, 18, 3, 28, 3, 3, 3, 18, 5, 28, 35, 28, 3, 18, 3, 21, 35, 35, 28, 3, 3, 28, 18, 28, 21, 3, 3, 3, 3, 21, 3, 28, 3, 28, 18, 35, 21, 21, 3, 3, 28, 3, 28, 26, 28, 18, 28, 28, 28, 3, 18, 35, 3, 35, 18, 3, 3, 3, 28, 3, 21, 28, 28, 3, 28, 3, 21, 3, 28, 3, 3, 35, 3, 3, 28, 3, 3, 3, 3, 28, 18, 18, 18, 35, 35, 3, 28, 28, 28, 3, 3, 28, 3, 28, 3, 28, 21, 3, 28, 28, 18, 35, 3, 35, 35, 28, 3, 3, 18, 3, 35, 35, 28, 3, 3, 3, 22, 28, 22, 28, 22, 21, 28, 3, 3, 3, 3, 21, 3, 22, 3, 35, 3, 3, 18, 35, 35, 3, 3, 21, 21, 3, 3, 3, 35, 3, 3, 35, 35, 3, 35, 18, 21, 21, 21, 21, 21, 18, 21, 21, 21, 21, 21, 21, 21, 18, 18, 21, 21, 18, 18, 21, 18, 21, 5, 21, 21, 22, 18, 21, 21, 21, 18, 18, 13, 18, 22, 18, 22, 13, 22, 18, 22, 22, 4, 22, 18, 18, 18, 6, 18, 18, 18, 18, 18, 18, 18, 18, 4, 18, 21, 18, 18, 18, 18, 18, 6, 18, 18, 6, 4, 6, 18, 5, 6, 18, 12, 18, 6, 18, 18, 5, 21, 25, 18, 18, 18, 21, 18, 7, 5, 12, 18, 18, 18, 18, 18, 6, 18, 18, 6, 18, 18, 21, 18, 18, 18, 6, 18, 5, 18, 6, 1, 18, 21, 18, 18, 6, 18, 18, 4, 25, 18, 15, 18, 18, 18, 18, 18, 21, 18, 22, 18, 18, 18, 33, 18, 25, 18, 21, 18, 6, 18, 18, 18, 12, 18, 4, 18, 25, 18, 18, 18, 18, 21, 4, 18, 18, 12, 18, 18, 18, 18, 18, 18, 18, 18, 18, 7, 21, 7, 18, 29, 18, 13, 18, 18, 33, 18, 7, 18, 18, 18, 18, 18, 18, 21, 21, 18, 18, 18, 18, 25, 21, 18, 18, 18, 21, 22, 18, 4, 18, 22, 18, 4, 22, 4, 4, 18, 22, 18, 18, 18, 18, 21, 18, 18, 18, 18, 29, 18, 18, 18, 18, 18, 18, 21, 21, 21, 18, 21, 18, 18, 18, 21, 21, 18, 21, 18, 18, 18, 18, 18, 21, 21, 21, 18, 12, 18, 6, 21, 18, 18, 21, 34, 12, 5, 5, 5, 18, 18, 18, 18, 18, 21, 21, 33, 12, 21, 21, 33, 12, 18, 21, 21, 21, 18, 18, 18, 18, 21, 18, 18, 12, 21, 18, 21, 18, 18, 18, 21, 18, 18, 21, 18, 10, 18, 5, 18, 18, 18, 21, 18, 21, 6, 18, 6, 18, 21, 18, 21, 18, 18, 18, 18, 6, 18, 18, 18, 6, 18, 18, 18, 18, 29, 18, 6, 21, 6, 18, 6, 18, 21, 18, 18, 18, 6, 6, 7, 18, 6, 18, 18, 18, 18, 6, 6, 6, 6, 21, 21, 33, 18, 21, 18, 21, 18, 21, 21, 21, 18, 21, 18, 18, 18, 18, 18, 33, 18, 18, 18, 33, 7, 18, 18, 33, 25, 25, 21, 18, 25, 18, 18, 18, 1, 25, 25, 21, 18, 25, 25, 18, 18, 18, 18, 25, 18, 21, 18, 7, 15, 18, 18, 18, 18, 1, 21, 18, 21, 18, 18, 7, 18, 21, 21, 18, 18, 18, 18, 18, 21, 18, 18, 18, 21, 18, 7, 18, 18, 18, 18, 18, 18, 15, 18, 18, 7, 18, 33, 18, 6, 18, 18, 18, 18, 21, 18, 25, 18, 21, 21, 34, 33, 34, 18, 15, 18, 21, 29, 25, 18, 18, 21, 21, 21, 15, 18, 18, 21, 18, 18, 18, 18, 21, 21, 10, 21, 18, 21, 18, 18, 15, 18, 18, 18, 13, 21, 18, 21, 18, 22, 18, 4, 18, 22, 22, 11, 13, 22, 4, 11, 11, 14, 22, 11, 22, 18, 11, 11, 11, 11, 12, 18, 22, 18, 11, 18, 11, 32, 11, 4, 11, 6, 11, 11, 33, 11, 11, 18, 18, 11, 21, 18, 6, 22, 18, 4, 22, 11, 11, 11, 6, 6, 11, 18, 18, 11, 21, 29, 11, 18, 11, 11, 13, 25, 18, 22, 10, 11, 11, 22, 18, 18, 11, 11, 18, 11, 22, 18, 11, 5, 11, 4, 11, 21, 11, 31, 11, 11, 11, 11, 11, 12, 11, 25, 11, 13, 6, 22, 4, 25, 11, 11, 11, 11, 21, 11, 11, 22, 18, 11, 22, 7, 11, 11, 11, 4, 11, 11, 11, 11, 11, 11, 11, 6, 11, 11, 11, 11, 11, 11, 11, 11, 11, 18, 11, 11, 11, 13, 11, 11, 11, 11, 11, 11, 11, 11, 11, 5, 11, 11, 11, 11, 11, 21, 11, 11, 11, 11, 33, 11, 18, 21, 18, 21, 11, 11, 13, 11, 11, 11, 11, 11, 11, 11, 11, 11, 11, 11, 11, 11, 21, 11, 11, 18, 15, 11, 21, 11, 11, 21, 11, 11, 15, 11, 11, 11, 11, 30, 11, 11, 11, 11, 11, 11, 11, 11, 11, 11, 11, 11, 11, 11, 11, 11, 11, 21, 11, 11, 11, 18, 11, 11, 11, 11, 10, 18, 18, 18, 8, 18, 22, 18, 18, 18, 18, 7, 18, 