{"Run": 3, "K": 422, "WCSSD": 2158.019508391007, "Purity": 0.4012135864205381, "Time": 23.786055088043213, "Kmeans_Labels": [100, 205, 378, 192, 6, 17, 252, 83, 205, 133, 34, 272, 175, 175, 6, 6, 6, 41, 15, 196, 6, 6, 3, 175, 175, 1, 6, 143, 247, 6, 175, 179, 247, 143, 196, 186, 175, 175, 65, 131, 179, 16, 246, 217, 175, 15, 175, 6, 6, 279, 303, 398, 398, 34, 413, 163, 15, 143, 192, 192, 15, 335, 241, 137, 163, 123, 175, 205, 175, 163, 143, 6, 6, 352, 59, 6, 6, 6, 399, 6, 381, 130, 361, 143, 83, 6, 343, 76, 6, 6, 63, 6, 323, 6, 6, 6, 6, 6, 83, 6, 83, 59, 6, 336, 336, 296, 296, 336, 362, 209, 277, 34, 277, 175, 413, 59, 182, 6, 6, 29, 6, 6, 29, 192, 6, 29, 6, 192, 349, 273, 211, 29, 303, 6, 251, 247, 6, 6, 6, 6, 278, 192, 192, 247, 29, 29, 6, 6, 6, 192, 29, 50, 95, 247, 403, 29, 6, 6, 192, 6, 6, 29, 94, 6, 6, 29, 95, 57, 91, 95, 29, 6, 6, 398, 354, 15, 137, 22, 29, 6, 303, 383, 6, 6, 29, 6, 86, 6, 6, 146, 6, 278, 68, 29, 251, 185, 6, 283, 6, 361, 83, 3, 3, 137, 29, 83, 36, 356, 95, 6, 3, 6, 83, 83, 83, 29, 29, 361, 289, 278, 83, 59, 251, 65, 263, 29, 6, 65, 398, 29, 6, 6, 83, 6, 83, 6, 405, 247, 6, 15, 29, 251, 278, 371, 398, 78, 371, 6, 283, 29, 361, 361, 349, 409, 15, 3, 29, 185, 29, 361, 14, 6, 65, 70, 336, 6, 283, 336, 6, 361, 6, 296, 15, 90, 296, 6, 6, 3, 29, 29, 29, 413, 413, 6, 296, 296, 137, 336, 250, 349, 29, 296, 6, 34, 296, 293, 6, 296, 34, 344, 183, 296, 6, 6, 296, 296, 296, 296, 179, 277, 278, 413, 6, 6, 361, 413, 6, 277, 265, 158, 34, 111, 398, 34, 137, 65, 6, 307, 229, 309, 247, 29, 29, 100, 398, 100, 29, 413, 3, 29, 6, 174, 44, 283, 29, 394, 15, 29, 6, 15, 92, 303, 398, 108, 65, 6, 70, 91, 285, 178, 178, 6, 174, 32, 34, 278, 178, 32, 372, 34, 32, 32, 32, 372, 174, 372, 29, 29, 14, 6, 14, 179, 372, 6, 6, 398, 398, 143, 192, 6, 6, 6, 6, 186, 246, 313, 137, 195, 6, 144, 278, 6, 400, 6, 303, 278, 29, 6, 182, 6, 349, 201, 163, 95, 205, 6, 296, 283, 95, 372, 95, 6, 95, 6, 217, 336, 6, 34, 285, 178, 178, 246, 251, 95, 247, 349, 349, 247, 247, 6, 192, 6, 110, 110, 361, 361, 34, 34, 34, 34, 65, 65, 34, 328, 247, 174, 174, 375, 178, 178, 174, 174, 6, 120, 120, 247, 236, 236, 192, 163, 163, 163, 192, 163, 195, 278, 6, 361, 113, 113, 83, 83, 6, 361, 361, 6, 6, 361, 361, 112, 50, 6, 361, 361, 349, 33, 205, 50, 50, 15, 38, 128, 278, 361, 361, 6, 361, 361, 336, 373, 373, 74, 6, 6, 6, 6, 6, 28, 90, 192, 336, 184, 336, 336, 336, 336, 184, 287, 34, 277, 277, 296, 308, 308, 296, 296, 34, 34, 277, 65, 277, 296, 296, 361, 361, 174, 174, 277, 277, 125, 125, 371, 371, 277, 277, 349, 50, 50, 50, 50, 410, 303, 278, 278, 65, 349, 349, 259, 259, 259, 259, 349, 349, 6, 349, 6, 6, 278, 332, 126, 126, 92, 92, 103, 15, 15, 368, 368, 349, 419, 419, 50, 6, 50, 174, 174, 240, 240, 178, 178, 202, 202, 178, 178, 178, 178, 247, 32, 32, 178, 178, 26, 26, 178, 178, 178, 178, 178, 6, 407, 391, 143, 95, 10, 10, 10, 10, 10, 380, 10, 10, 10, 124, 65, 10, 10, 10, 175, 10, 10, 10, 10, 303, 10, 10, 10, 10, 137, 6, 217, 6, 178, 236, 236, 6, 6, 120, 120, 186, 413, 163, 163, 186, 406, 6, 406, 163, 6, 192, 217, 137, 192, 6, 6, 6, 246, 217, 6, 361, 205, 206, 206, 6, 206, 206, 345, 251, 134, 260, 58, 163, 349, 6, 6, 6, 153, 361, 6, 6, 217, 361, 246, 303, 112, 340, 361, 340, 349, 246, 361, 361, 349, 349, 155, 361, 155, 6, 361, 340, 340, 76, 6, 361, 361, 349, 371, 217, 176, 49, 49, 336, 278, 233, 70, 336, 336, 6, 367, 336, 336, 34, 277, 417, 336, 277, 277, 361, 277, 34, 268, 308, 413, 35, 277, 308, 268, 34, 277, 268, 413, 277, 413, 277, 200, 245, 277, 277, 145, 34, 34, 34, 34, 34, 277, 277, 125, 277, 125, 277, 34, 277, 277, 277, 277, 277, 277, 34, 353, 404, 371, 277, 6, 413, 34, 34, 239, 50, 371, 371, 371, 239, 349, 349, 50, 102, 102, 404, 73, 143, 143, 73, 102, 329, 6, 329, 368, 349, 395, 174, 15, 15, 299, 299, 385, 385, 368, 371, 349, 278, 77, 349, 174, 6, 6, 34, 140, 140, 320, 174, 174, 186, 186, 32, 140, 140, 349, 178, 32, 32, 240, 137, 32, 178, 270, 178, 202, 32, 202, 202, 202, 6, 178, 34, 34, 303, 32, 32, 32, 277, 6, 277, 32, 26, 174, 59, 34, 34, 34, 32, 247, 15, 163, 6, 244, 163, 247, 163, 15, 6, 6, 6, 6, 349, 174, 179, 76, 6, 76, 6, 40, 6, 34, 34, 336, 34, 97, 34, 398, 174, 6, 6, 6, 171, 95, 192, 6, 6, 6, 6, 91, 143, 398, 6, 100, 277, 32, 100, 277, 251, 6, 288, 281, 288, 152, 6, 207, 8, 217, 312, 312, 288, 288, 32, 171, 243, 230, 349, 171, 171, 171, 171, 71, 171, 171, 96, 171, 312, 398, 171, 312, 190, 96, 171, 96, 398, 171, 288, 312, 171, 42, 171, 171, 312, 171, 398, 398, 171, 312, 312, 171, 171, 312, 2, 6, 171, 96, 171, 288, 288, 251, 349, 312, 96, 171, 6, 6, 6, 288, 204, 171, 11, 137, 312, 171, 312, 96, 6, 96, 171, 6, 171, 171, 389, 171, 6, 6, 106, 171, 96, 288, 398, 247, 230, 171, 31, 171, 0, 280, 312, 96, 96, 96, 171, 96, 96, 171, 96, 171, 171, 288, 205, 317, 243, 171, 171, 123, 6, 6, 22, 6, 288, 96, 288, 246, 312, 171, 6, 312, 96, 171, 171, 96, 115, 288, 195, 171, 312, 312, 37, 171, 312, 171, 68, 171, 171, 288, 171, 6, 246, 312, 312, 96, 171, 96, 171, 288, 288, 96, 170, 6, 171, 96, 312, 171, 171, 22, 6, 218, 171, 195, 288, 60, 96, 68, 171, 171, 358, 288, 288, 171, 45, 171, 278, 6, 171, 96, 171, 96, 45, 96, 171, 171, 175, 171, 251, 288, 401, 6, 176, 312, 312, 96, 171, 288, 312, 45, 312, 418, 251, 312, 25, 288, 171, 274, 217, 312, 171, 171, 146, 171, 288, 281, 171, 6, 171, 171, 288, 288, 349, 45, 96, 312, 96, 295, 101, 152, 159, 171, 171, 230, 249, 76, 45, 353, 117, 317, 312, 171, 69, 96, 288, 288, 70, 71, 171, 96, 171, 288, 171, 6, 85, 312, 6, 288, 288, 171, 171, 312, 312, 96, 251, 251, 171, 312, 288, 171, 357, 6, 39, 312, 96, 312, 171, 6, 171, 327, 96, 96, 312, 288, 171, 312, 413, 55, 98, 171, 288, 288, 171, 55, 171, 312, 171, 312, 6, 96, 398, 244, 171, 171, 312, 171, 312, 8, 312, 217, 312, 312, 312, 288, 174, 55, 288, 91, 43, 171, 171, 288, 312, 96, 398, 312, 312, 96, 312, 288, 186, 96, 121, 171, 171, 210, 171, 288, 312, 288, 171, 96, 288, 312, 6, 247, 247, 96, 96, 171, 312, 312, 312, 288, 288, 312, 288, 312, 171, 312, 11, 288, 312, 312, 6, 96, 288, 288, 55, 212, 171, 199, 123, 288, 96, 96, 312, 288, 171, 288, 178, 312, 32, 312, 5, 327, 312, 288, 171, 171, 171, 6, 288, 32, 288, 96, 171, 288, 6, 55, 96, 171, 159, 398, 398, 171, 288, 171, 288, 243, 288, 230, 96, 288, 171, 247, 53, 398, 201, 57, 398, 6, 398, 398, 398, 398, 398, 68, 398, 6, 192, 349, 398, 247, 65, 398, 6, 174, 192, 398, 398, 178, 95, 263, 263, 263, 6, 6, 186, 34, 213, 24, 32, 186, 32, 174, 32, 178, 26, 178, 421, 217, 359, 361, 15, 349, 239, 6, 6, 6, 15, 398, 6, 122, 186, 6, 379, 413, 179, 349, 6, 6, 178, 112, 165, 65, 15, 336, 361, 349, 277, 192, 268, 174, 95, 336, 398, 195, 28, 331, 6, 65, 6, 150, 336, 65, 6, 6, 125, 143, 34, 206, 65, 6, 189, 409, 370, 217, 6, 76, 371, 134, 6, 336, 303, 6, 205, 247, 33, 251, 15, 361, 65, 6, 26, 195, 24, 236, 369, 34, 6, 215, 6, 303, 174, 178, 6, 6, 123, 137, 6, 195, 139, 303, 321, 6, 251, 217, 255, 296, 6, 178, 6, 6, 6, 330, 163, 6, 303, 178, 257, 413, 277, 132, 420, 143, 6, 6, 192, 6, 251, 143, 187, 303, 278, 6, 262, 413, 285, 6, 180, 6, 138, 278, 6, 349, 6, 157, 303, 6, 15, 398, 123, 6, 6, 6, 195, 234, 6, 6, 24, 349, 178, 6, 26, 34, 32, 6, 165, 32, 6, 178, 398, 32, 174, 303, 174, 421, 15, 303, 15, 15, 349, 50, 369, 413, 349, 239, 6, 413, 15, 353, 217, 277, 217, 116, 344, 217, 186, 70, 257, 349, 125, 34, 143, 95, 349, 398, 349, 53, 6, 277, 179, 268, 303, 349, 6, 349, 398, 277, 336, 336, 336, 349, 349, 330, 28, 6, 349, 217, 137, 65, 196, 398, 137, 296, 6, 349, 398, 349, 251, 303, 349, 122, 53, 349, 303, 296, 186, 255, 398, 6, 65, 409, 15, 402, 65, 143, 6, 22, 180, 336, 156, 6, 217, 33, 139, 65, 65, 174, 361, 6, 174, 76, 349, 65, 6, 157, 6, 112, 247, 143, 6, 6, 6, 251, 143, 6, 262, 6, 6, 349, 361, 353, 143, 6, 33, 6, 6, 6, 6, 134, 187, 386, 189, 6, 6, 15, 6, 6, 206, 361, 361, 303, 33, 6, 420, 33, 420, 33, 15, 33, 398, 91, 6, 398, 143, 6, 123, 6, 6, 137, 331, 386, 143, 143, 150, 6, 251, 275, 195, 195, 186, 205, 195, 123, 321, 143, 303, 195, 195, 160, 132, 6, 195, 138, 251, 6, 251, 195, 6, 57, 6, 278, 9, 303, 231, 6, 192, 205, 398, 6, 186, 215, 6, 278, 148, 6, 234, 163, 6, 192, 