{"Run": 14, "K": 413, "WCSSD": 2225.771954584498, "Purity": 0.49670770111651874, "Time": 22.902235984802246, "Kmeans_Labels": [63, 370, 285, 36, 7, 212, 215, 127, 215, 7, 7, 115, 32, 32, 7, 7, 7, 325, 134, 71, 7, 7, 68, 32, 32, 325, 7, 325, 71, 7, 198, 197, 71, 325, 7, 197, 32, 32, 115, 32, 197, 199, 280, 139, 32, 7, 32, 134, 7, 41, 226, 226, 226, 150, 63, 216, 73, 215, 36, 36, 235, 325, 7, 43, 158, 37, 32, 215, 32, 161, 325, 7, 7, 250, 120, 7, 63, 7, 7, 7, 41, 134, 7, 295, 127, 7, 134, 7, 7, 7, 7, 154, 252, 113, 41, 199, 295, 292, 127, 266, 127, 120, 7, 12, 12, 199, 199, 12, 357, 120, 340, 340, 340, 32, 63, 120, 212, 7, 7, 186, 162, 7, 186, 36, 36, 186, 212, 36, 116, 150, 186, 186, 68, 297, 7, 71, 7, 7, 7, 7, 239, 36, 36, 71, 186, 186, 7, 7, 7, 36, 186, 206, 150, 71, 213, 186, 7, 134, 36, 7, 7, 186, 186, 7, 199, 186, 150, 266, 25, 150, 7, 68, 407, 226, 284, 129, 78, 177, 186, 7, 73, 167, 41, 41, 232, 182, 10, 7, 7, 355, 7, 239, 150, 186, 36, 36, 7, 150, 7, 240, 127, 403, 68, 383, 186, 127, 186, 127, 7, 7, 403, 7, 127, 127, 127, 186, 186, 7, 115, 63, 127, 103, 7, 115, 397, 186, 7, 115, 226, 68, 7, 7, 127, 7, 127, 266, 7, 139, 7, 7, 186, 7, 239, 127, 226, 75, 7, 301, 150, 186, 385, 340, 7, 225, 297, 68, 186, 7, 186, 301, 7, 7, 83, 36, 12, 7, 150, 12, 73, 78, 68, 199, 197, 68, 199, 68, 323, 68, 186, 12, 315, 63, 63, 7, 68, 199, 78, 298, 386, 116, 186, 199, 7, 199, 266, 199, 7, 199, 340, 71, 7, 199, 7, 266, 266, 199, 143, 199, 340, 340, 239, 63, 340, 212, 340, 63, 150, 340, 340, 71, 340, 340, 226, 340, 78, 115, 340, 188, 239, 63, 71, 186, 186, 63, 226, 7, 186, 63, 68, 186, 7, 31, 239, 150, 186, 197, 7, 186, 7, 7, 95, 73, 226, 7, 115, 7, 337, 25, 33, 6, 19, 7, 150, 6, 187, 239, 6, 19, 186, 7, 19, 19, 6, 186, 7, 186, 186, 186, 68, 134, 7, 226, 186, 36, 7, 226, 226, 325, 36, 107, 7, 7, 128, 197, 43, 7, 71, 404, 134, 139, 239, 324, 36, 68, 250, 239, 7, 36, 36, 7, 410, 134, 161, 150, 215, 7, 199, 150, 150, 186, 73, 36, 7, 7, 139, 12, 7, 340, 33, 19, 19, 43, 7, 150, 7, 134, 134, 71, 71, 7, 36, 7, 206, 206, 7, 7, 384, 384, 318, 340, 115, 115, 340, 139, 71, 19, 19, 7, 6, 6, 7, 7, 7, 208, 208, 7, 161, 161, 36, 161, 161, 161, 36, 161, 404, 239, 7, 3, 7, 7, 127, 127, 41, 265, 265, 281, 281, 41, 41, 176, 206, 7, 310, 310, 312, 49, 215, 206, 206, 215, 127, 225, 239, 7, 7, 7, 209, 7, 274, 278, 278, 7, 7, 7, 7, 7, 350, 7, 350, 36, 12, 150, 12, 12, 12, 12, 150, 212, 36, 353, 353, 199, 3, 3, 212, 212, 94, 94, 340, 115, 340, 339, 339, 240, 240, 7, 7, 340, 340, 340, 340, 12, 12, 340, 340, 134, 194, 194, 276, 276, 404, 7, 239, 239, 115, 7, 7, 115, 115, 7, 7, 7, 7, 7, 7, 7, 7, 88, 7, 7, 7, 95, 95, 197, 134, 7, 200, 200, 116, 19, 19, 206, 7, 206, 7, 7, 180, 180, 180, 180, 190, 190, 210, 210, 82, 82, 71, 6, 6, 82, 82, 82, 82, 174, 114, 19, 19, 374, 77, 7, 404, 7, 150, 80, 408, 408, 408, 408, 408, 408, 178, 408, 307, 115, 408, 191, 408, 32, 408, 408, 408, 408, 197, 408, 408, 408, 408, 122, 139, 139, 7, 6, 390, 390, 161, 161, 208, 208, 295, 63, 161, 161, 212, 7, 7, 134, 161, 7, 36, 139, 78, 142, 7, 7, 7, 43, 139, 167, 142, 215, 41, 41, 7, 41, 41, 7, 7, 252, 7, 391, 161, 7, 7, 7, 273, 39, 41, 138, 138, 139, 7, 43, 7, 359, 382, 7, 41, 41, 43, 41, 144, 41, 7, 41, 7, 41, 7, 7, 41, 41, 39, 41, 7, 7, 41, 274, 249, 3, 7, 7, 12, 12, 12, 7, 12, 12, 7, 340, 12, 12, 212, 353, 199, 12, 340, 353, 340, 340, 366, 212, 3, 23, 340, 340, 340, 348, 224, 340, 348, 63, 340, 340, 340, 7, 206, 340, 340, 170, 266, 266, 340, 340, 340, 96, 340, 340, 340, 340, 340, 266, 340, 340, 340, 340, 340, 96, 340, 41, 340, 175, 340, 7, 63, 340, 340, 406, 206, 406, 406, 406, 406, 7, 7, 206, 340, 340, 340, 406, 71, 71, 406, 7, 7, 150, 7, 200, 7, 7, 7, 266, 7, 7, 7, 165, 165, 200, 7, 7, 63, 7, 7, 174, 7, 7, 121, 204, 204, 134, 7, 7, 251, 251, 19, 19, 19, 7, 180, 6, 6, 180, 78, 19, 210, 7, 141, 190, 19, 38, 190, 190, 7, 141, 7, 7, 134, 6, 19, 19, 134, 134, 53, 19, 82, 150, 120, 7, 7, 7, 19, 71, 7, 161, 41, 7, 161, 71, 306, 335, 7, 7, 7, 41, 7, 7, 7, 39, 7, 39, 41, 337, 41, 7, 340, 12, 340, 266, 394, 266, 7, 7, 253, 7, 5, 150, 36, 7, 7, 7, 7, 25, 45, 226, 378, 63, 340, 19, 63, 340, 7, 7, 90, 7, 90, 396, 304, 12, 396, 139, 396, 396, 90, 90, 6, 5, 90, 5, 134, 290, 290, 5, 227, 363, 290, 290, 5, 201, 396, 345, 5, 396, 5, 5, 5, 5, 38, 290, 90, 396, 5, 223, 5, 290, 396, 5, 38, 38, 112, 396, 396, 290, 5, 396, 5, 7, 5, 346, 5, 90, 90, 7, 116, 396, 5, 5, 73, 7, 41, 90, 5, 290, 38, 78, 396, 5, 396, 5, 7, 5, 283, 7, 5, 5, 5, 290, 7, 7, 60, 5, 5, 90, 250, 71, 5, 309, 5, 290, 5, 5, 396, 5, 5, 5, 290, 151, 5, 5, 5, 5, 5, 90, 215, 118, 151, 290, 5, 197, 20, 400, 177, 7, 0, 195, 90, 58, 396, 5, 345, 396, 5, 184, 243, 5, 325, 90, 404, 5, 396, 396, 396, 5, 314, 5, 7, 5, 290, 90, 290, 197, 58, 396, 396, 5, 5, 5, 5, 90, 90, 90, 38, 7, 5, 5, 396, 5, 5, 367, 7, 5, 5, 404, 90, 396, 5, 5, 5, 290, 5, 90, 90, 5, 396, 5, 239, 7, 290, 7, 5, 5, 396, 151, 5, 5, 32, 5, 7, 90, 172, 7, 195, 396, 396, 18, 5, 90, 362, 396, 396, 5, 84, 396, 288, 90, 5, 90, 139, 396, 5, 290, 182, 332, 90, 7, 5, 259, 5, 290, 90, 90, 197, 396, 5, 396, 151, 73, 90, 396, 151, 5, 5, 5, 38, 39, 115, 150, 90, 118, 396, 5, 396, 330, 90, 90, 337, 73, 290, 5, 290, 90, 290, 304, 5, 396, 7, 90, 90, 290, 290, 396, 396, 5, 7, 7, 5, 396, 90, 5, 90, 7, 2, 47, 5, 396, 223, 197, 5, 197, 12, 46, 396, 319, 74, 396, 63, 396, 150, 5, 90, 90, 5, 38, 5, 396, 290, 396, 7, 5, 197, 355, 290, 5, 396, 5, 396, 396, 396, 139, 389, 396, 396, 90, 7, 5, 90, 364, 39, 5, 5, 90, 396, 5, 266, 396, 396, 346, 396, 90, 296, 90, 396, 5, 5, 90, 5, 90, 396, 90, 290, 5, 90, 396, 7, 100, 71, 5, 5, 5, 396, 396, 396, 90, 90, 396, 90, 396, 290, 396, 355, 90, 396, 396, 73, 90, 90, 90, 38, 396, 156, 157, 197, 90, 90, 19, 1, 90, 5, 90, 6, 396, 6, 396, 19, 197, 396, 214, 105, 5, 5, 250, 90, 6, 90, 5, 290, 90, 7, 90, 5, 5, 90, 226, 151, 290, 90, 5, 90, 90, 90, 5, 5, 90, 5, 50, 134, 226, 73, 266, 226, 7, 226, 226, 226, 226, 355, 150, 226, 7, 131, 116, 226, 7, 115, 226, 7, 150, 67, 226, 226, 6, 150, 395, 395, 395, 378, 134, 38, 341, 19, 28, 19, 33, 6, 150, 6, 6, 82, 6, 115, 139, 215, 7, 7, 7, 406, 7, 212, 340, 7, 7, 7, 126, 197, 36, 7, 63, 369, 7, 7, 7, 7, 245, 351, 115, 197, 12, 7, 7, 340, 36, 94, 150, 150, 12, 266, 14, 7, 7, 7, 115, 73, 102, 12, 115, 7, 7, 340, 30, 394, 41, 115, 203, 161, 225, 147, 286, 381, 39, 340, 252, 7, 12, 226, 93, 299, 392, 49, 150, 7, 7, 115, 7, 82, 404, 202, 43, 7, 340, 7, 7, 412, 159, 7, 6, 41, 41, 325, 78, 7, 404, 115, 104, 7, 81, 7, 139, 7, 199, 70, 82, 7, 7, 108, 73, 306, 7, 185, 180, 7, 63, 353, 71, 7, 325, 7, 7, 279, 7, 7, 325, 239, 236, 239, 73, 206, 63, 33, 238, 39, 388, 215, 239, 7, 7, 7, 7, 7, 40, 266, 197, 197, 260, 76, 7, 125, 52, 7, 38, 28, 134, 6, 7, 82, 270, 6, 7, 351, 6, 7, 180, 7, 19, 7, 7, 150, 115, 7, 7, 7, 7, 7, 206, 7, 63, 7, 406, 7, 63, 266, 134, 139, 340, 286, 340, 197, 139, 134, 337, 7, 134, 340, 394, 27, 150, 7, 197, 134, 150, 340, 340, 369, 94, 334, 134, 381, 134, 250, 353, 12, 12, 12, 7, 7, 73, 7, 212, 134, 286, 78, 115, 197, 226, 78, 199, 303, 134, 38, 51, 150, 7, 197, 126, 150, 361, 250, 199, 197, 7, 226, 7, 115, 225, 7, 7, 115, 325, 76, 177, 39, 12, 150, 38, 139, 49, 115, 115, 115, 150, 7, 7, 150, 39, 7, 115, 238, 7, 73, 245, 392, 30, 7, 273, 7, 179, 325, 41, 206, 73, 7, 134, 7, 7, 325, 260, 49, 7, 7, 73, 81, 252, 239, 325, 161, 212, 41, 197, 7, 93, 41, 7, 7, 159, 258, 388, 7, 248, 7, 49, 356, 49, 197, 25, 203, 226, 325, 139, 167, 40, 70, 78, 7, 325, 7, 325, 102, 68, 7, 36, 404, 230, 38, 215, 14, 325, 7, 325, 299, 368, 368, 150, 71, 7, 404, 215, 7, 7, 36, 404, 268, 266, 266, 239, 43, 226, 325, 7, 279, 299, 197, 7, 197, 7, 7, 239, 7, 150, 52, 306, 36, 36, 7, 71, 355, 7, 197, 7, 355, 325, 411, 41, 137, 371, 41, 147, 7, 43, 63, 7, 239, 325, 78, 7, 7, 7, 150, 150, 7, 258, 197, 368, 270, 150, 29, 134, 78, 250, 197, 43, 48, 134, 206, 230, 7, 167, 334, 49, 7, 43, 139, 7, 226, 161, 356, 337, 7, 7, 73, 7, 150, 134, 51, 7, 36, 43, 7, 161, 7, 33, 7, 341, 150, 7, 19, 7, 82, 202, 19, 19, 183, 343, 19, 180, 183, 127, 183, 146, 183, 19, 36, 183, 63, 120, 305, 199, 285, 19, 7, 63, 