{"Run": 1, "K": 636, "WCSSD": 1973.9579965409087, "Purity": 0.553678786143716, "Time": 36.081971168518066, "Kmeans_Labels": [251, 295, 375, 353, 1, 1, 295, 137, 295, 1, 1, 238, 1, 634, 45, 265, 1, 9, 197, 75, 197, 284, 241, 1, 291, 9, 197, 9, 174, 1, 454, 109, 174, 476, 197, 215, 238, 634, 238, 291, 197, 291, 197, 121, 223, 1, 291, 197, 197, 123, 349, 359, 359, 418, 277, 463, 17, 9, 353, 353, 17, 9, 1, 55, 161, 131, 291, 295, 291, 491, 291, 197, 1, 199, 3, 1, 277, 1, 292, 1, 123, 1, 1, 540, 137, 348, 199, 556, 54, 428, 238, 1, 1, 296, 123, 318, 540, 412, 137, 73, 137, 330, 1, 460, 488, 626, 304, 334, 285, 3, 223, 223, 223, 291, 277, 3, 581, 1, 70, 582, 70, 70, 582, 449, 353, 582, 70, 353, 64, 1, 582, 582, 241, 70, 1, 174, 70, 70, 70, 70, 275, 353, 353, 174, 582, 582, 1, 70, 17, 353, 582, 235, 606, 174, 70, 102, 462, 357, 353, 70, 70, 582, 582, 70, 1, 582, 199, 73, 215, 606, 1, 241, 1, 359, 582, 17, 55, 408, 582, 1, 349, 70, 379, 379, 582, 194, 582, 1, 1, 194, 73, 275, 324, 582, 70, 70, 70, 170, 70, 238, 137, 241, 386, 55, 582, 137, 582, 137, 199, 520, 241, 70, 137, 149, 137, 319, 582, 238, 238, 275, 134, 3, 1, 238, 133, 23, 70, 238, 359, 241, 70, 70, 137, 1, 238, 238, 130, 312, 70, 362, 415, 1, 533, 537, 359, 228, 70, 70, 170, 582, 236, 334, 1, 439, 481, 241, 17, 70, 582, 238, 70, 238, 238, 239, 582, 1, 170, 236, 1, 70, 241, 236, 70, 70, 236, 257, 70, 257, 582, 582, 582, 443, 277, 70, 236, 389, 55, 315, 236, 64, 582, 236, 1, 236, 286, 66, 283, 236, 1, 174, 1, 236, 1, 334, 594, 236, 236, 236, 361, 545, 275, 277, 334, 334, 238, 277, 112, 223, 236, 1, 70, 223, 359, 70, 55, 70, 238, 100, 275, 277, 174, 582, 582, 251, 359, 251, 582, 277, 241, 582, 70, 70, 275, 170, 582, 70, 70, 582, 70, 112, 275, 70, 359, 238, 52, 238, 414, 166, 91, 33, 305, 450, 557, 305, 378, 275, 8, 272, 582, 70, 305, 305, 209, 582, 201, 582, 582, 582, 70, 112, 70, 359, 555, 1, 1, 359, 359, 9, 353, 194, 1, 70, 157, 73, 465, 479, 55, 588, 1, 121, 275, 70, 353, 241, 1, 275, 1, 1, 6, 1, 414, 115, 70, 188, 295, 367, 624, 170, 199, 582, 71, 1, 417, 278, 121, 1, 30, 277, 91, 571, 305, 298, 1, 199, 1, 248, 248, 174, 174, 1, 197, 418, 235, 235, 550, 550, 230, 230, 397, 223, 238, 238, 223, 121, 174, 305, 305, 418, 33, 33, 1, 1, 1, 242, 242, 174, 282, 282, 353, 469, 469, 1, 353, 597, 588, 275, 422, 285, 463, 463, 137, 137, 1, 296, 296, 1, 1, 296, 296, 296, 613, 1, 439, 439, 349, 233, 1, 235, 235, 1, 252, 184, 275, 427, 427, 30, 473, 296, 1, 81, 81, 1, 414, 414, 1, 1, 123, 308, 1, 502, 477, 1, 502, 477, 477, 502, 1, 1, 418, 105, 105, 236, 285, 285, 334, 334, 223, 223, 238, 310, 567, 334, 334, 223, 223, 1, 1, 119, 119, 450, 450, 1, 1, 223, 223, 238, 314, 314, 253, 253, 588, 1, 568, 568, 238, 475, 475, 238, 238, 1, 1, 213, 213, 1, 472, 1, 1, 275, 1, 1, 1, 1, 1, 542, 1, 1, 280, 280, 254, 305, 305, 147, 197, 147, 197, 197, 505, 505, 337, 337, 516, 516, 106, 106, 33, 33, 1, 323, 323, 209, 209, 209, 209, 352, 209, 33, 33, 337, 1, 1, 588, 215, 199, 503, 99, 31, 31, 31, 26, 31, 31, 31, 238, 238, 31, 31, 411, 634, 31, 31, 31, 31, 359, 544, 31, 31, 31, 55, 418, 121, 404, 33, 282, 282, 243, 243, 242, 242, 73, 363, 275, 275, 359, 418, 1, 418, 597, 1, 353, 121, 55, 353, 1, 355, 1, 408, 121, 1, 353, 295, 577, 577, 530, 260, 260, 452, 1, 463, 83, 1, 1, 1, 1, 1, 296, 556, 296, 296, 296, 121, 96, 1, 1, 296, 296, 296, 296, 123, 194, 296, 190, 27, 451, 296, 296, 296, 1, 427, 296, 296, 556, 341, 427, 427, 123, 1, 301, 208, 1, 1, 1, 275, 345, 1, 334, 398, 1, 223, 345, 1, 1, 105, 223, 334, 105, 105, 105, 105, 223, 334, 285, 277, 223, 223, 285, 1, 193, 223, 223, 140, 223, 277, 567, 1, 235, 180, 223, 223, 247, 1, 247, 1, 1, 119, 119, 223, 223, 119, 223, 119, 119, 119, 395, 395, 92, 119, 43, 123, 395, 1, 223, 450, 277, 43, 43, 275, 235, 1, 1, 223, 1, 475, 475, 235, 532, 532, 274, 223, 9, 9, 223, 532, 169, 467, 169, 623, 1, 275, 215, 426, 1, 1, 1, 578, 578, 623, 549, 238, 275, 1, 552, 382, 1, 1, 421, 1, 1, 215, 1, 1, 1, 1, 305, 305, 305, 433, 337, 33, 33, 209, 420, 305, 106, 1, 33, 429, 305, 1, 429, 429, 1, 33, 240, 240, 418, 323, 12, 323, 418, 1, 223, 305, 209, 238, 3, 406, 406, 402, 305, 174, 450, 491, 103, 1, 128, 174, 491, 17, 1, 1, 215, 123, 1, 359, 1, 556, 1, 556, 414, 414, 123, 528, 1, 334, 223, 181, 1, 294, 1, 1, 1, 1, 297, 199, 353, 566, 1, 508, 1, 197, 9, 359, 1, 159, 118, 338, 159, 118, 1, 1, 18, 2, 262, 49, 238, 290, 49, 121, 49, 49, 18, 430, 305, 297, 377, 599, 156, 297, 18, 176, 297, 95, 297, 297, 541, 297, 49, 194, 297, 49, 297, 297, 297, 297, 194, 297, 182, 49, 297, 297, 297, 297, 49, 322, 194, 194, 297, 49, 49, 297, 297, 49, 297, 1, 11, 216, 297, 18, 63, 1, 64, 49, 297, 297, 1, 1, 123, 18, 424, 297, 359, 55, 49, 297, 49, 217, 1, 297, 297, 1, 425, 297, 297, 297, 1, 215, 297, 297, 425, 18, 359, 227, 80, 297, 459, 297, 297, 297, 49, 297, 440, 297, 297, 194, 297, 297, 297, 297, 297, 18, 295, 61, 377, 297, 297, 62, 1, 273, 408, 1, 18, 297, 18, 298, 49, 343, 194, 49, 297, 203, 297, 297, 9, 18, 588, 297, 49, 49, 49, 297, 49, 328, 324, 297, 455, 18, 297, 1, 298, 49, 49, 297, 297, 297, 297, 129, 182, 217, 359, 418, 297, 53, 179, 57, 297, 408, 1, 297, 297, 588, 18, 49, 297, 324, 297, 68, 210, 18, 18, 559, 392, 297, 275, 1, 297, 1, 297, 559, 392, 297, 297, 297, 291, 297, 215, 521, 18, 534, 92, 49, 49, 297, 297, 18, 49, 392, 49, 321, 1, 49, 104, 18, 297, 18, 625, 49, 297, 541, 194, 297, 18, 2, 297, 238, 297, 297, 262, 18, 1, 392, 297, 49, 194, 418, 18, 49, 194, 165, 297, 599, 324, 556, 392, 73, 608, 61, 49, 297, 377, 297, 18, 18, 515, 95, 297, 297, 297, 18, 297, 238, 297, 49, 414, 18, 18, 244, 297, 49, 49, 297, 61, 418, 297, 561, 18, 297, 18, 1, 1, 49, 297, 399, 297, 1, 297, 384, 297, 297, 49, 18, 297, 589, 277, 617, 112, 297, 18, 18, 297, 617, 297, 49, 297, 139, 1, 297, 112, 359, 297, 297, 49, 297, 399, 49, 49, 121, 346, 49, 49, 18, 197, 442, 18, 297, 556, 297, 297, 18, 49, 297, 288, 509, 49, 297, 49, 18, 112, 37, 49, 297, 297, 18, 297, 18, 535, 18, 297, 302, 18, 49, 1, 101, 10, 340, 297, 297, 405, 49, 49, 18, 18, 49, 221, 49, 297, 49, 359, 18, 49, 49, 1, 18, 18, 18, 617, 399, 297, 18, 62, 430, 18, 221, 510, 490, 297, 18, 33, 399, 305, 399, 305, 384, 49, 18, 297, 297, 297, 194, 18, 323, 18, 297, 297, 18, 438, 617, 297, 297, 18, 194, 194, 297, 120, 297, 18, 377, 18, 599, 297, 18, 297, 302, 73, 359, 387, 73, 359, 1, 359, 359, 359, 359, 359, 324, 359, 1, 353, 64, 359, 174, 238, 359, 197, 50, 353, 359, 359, 33, 199, 133, 133, 133, 1, 1, 1, 197, 305, 13, 305, 22, 205, 1, 33, 33, 209, 33, 238, 121, 616, 418, 511, 238, 223, 135, 334, 612, 569, 224, 29, 1, 482, 353, 463, 277, 112, 368, 1, 117, 246, 296, 209, 238, 1, 1, 1, 418, 223, 414, 223, 70, 186, 388, 463, 512, 308, 197, 197, 238, 418, 275, 1, 238, 1, 1, 223, 9, 1, 260, 185, 418, 463, 439, 171, 121, 1, 556, 549, 463, 1, 1, 197, 333, 1, 174, 233, 418, 1, 1, 238, 1, 209, 364, 416, 282, 418, 223, 1, 197, 1, 197, 215, 402, 249, 14, 62, 620, 1, 90, 238, 50, 413, 38, 1, 121, 207, 418, 418, 209, 1, 113, 380, 1, 491, 204, 313, 337, 414, 277, 105, 197, 1, 478, 446, 1, 353, 1, 1, 9, 275, 73, 275, 487, 235, 277, 91, 1, 556, 441, 295, 275, 418, 1, 197, 112, 197, 529, 481, 98, 62, 1, 123, 97, 588, 215, 418, 1, 13, 116, 402, 418, 209, 371, 205, 197, 209, 33, 29, 337, 224, 305, 215, 197, 70, 238, 466, 197, 569, 511, 238, 235, 418, 277, 418, 223, 117, 277, 481, 238, 121, 223, 573, 593, 73, 121, 73, 515, 414, 156, 223, 1, 1, 186, 117, 112, 154, 450, 612, 223, 112, 223, 73, 154, 1, 17, 289, 105, 1, 1, 388, 368, 414, 1, 308, 334, 154, 121, 55, 238, 75, 463, 620, 236, 1, 359, 359, 605, 418, 197, 591, 1, 73, 414, 1, 418, 194, 207, 359, 446, 238, 439, 1, 1, 238, 9, 123, 408, 556, 1, 148, 1, 121, 233, 238, 238, 238, 1, 418, 197, 359, 556, 514, 185, 1, 112, 418, 296, 174, 9, 418, 296, 1, 1, 478, 123, 235, 458, 1, 156, 1, 1, 9, 1, 233, 1, 1, 487, 38, 463, 275, 9, 463, 418, 14, 1, 1, 333, 260, 1, 1, 197, 233, 441, 1, 233, 1, 233, 17, 233, 98, 1, 418, 359, 595, 1, 62, 529, 418, 174, 197, 9, 463, 604, 275, 241, 1, 414, 197, 1, 73, 112, 512, 62, 413, 9, 194, 588, 470, 46, 197, 113, 90, 295, 1, 