{"Run": 7, "K": 152, "WCSSD": 2529.2730756197393, "Purity": 0.3064691025713102, "Time": 5.085352182388306, "Kmeans_Labels": [27, 4, 4, 40, 15, 4, 80, 123, 4, 38, 4, 16, 4, 117, 4, 4, 50, 52, 117, 58, 117, 4, 4, 4, 96, 52, 117, 52, 58, 4, 117, 117, 58, 52, 117, 4, 4, 117, 117, 96, 132, 80, 116, 4, 116, 4, 117, 117, 4, 38, 83, 96, 96, 4, 27, 4, 50, 52, 40, 40, 4, 52, 4, 81, 4, 60, 4, 4, 96, 52, 52, 117, 4, 4, 107, 4, 27, 4, 50, 4, 4, 4, 16, 52, 123, 4, 145, 4, 4, 4, 4, 4, 38, 38, 4, 80, 4, 4, 123, 4, 123, 107, 57, 54, 54, 80, 80, 54, 4, 107, 1, 116, 116, 4, 27, 107, 96, 4, 96, 70, 4, 4, 70, 40, 4, 70, 4, 40, 96, 4, 70, 70, 145, 4, 4, 58, 4, 4, 4, 4, 113, 40, 40, 58, 70, 70, 4, 4, 4, 40, 70, 22, 4, 58, 4, 70, 4, 4, 40, 4, 4, 70, 70, 4, 80, 70, 50, 96, 148, 145, 50, 4, 4, 96, 70, 4, 81, 142, 70, 4, 83, 4, 4, 4, 70, 4, 70, 53, 4, 96, 55, 113, 96, 70, 4, 40, 4, 96, 4, 38, 123, 4, 50, 81, 70, 123, 70, 123, 4, 4, 4, 4, 123, 123, 123, 70, 70, 38, 4, 113, 123, 50, 4, 4, 117, 70, 4, 4, 96, 70, 4, 4, 123, 4, 123, 4, 4, 58, 4, 4, 70, 4, 113, 123, 96, 123, 117, 4, 96, 70, 80, 80, 4, 70, 4, 117, 70, 4, 70, 4, 96, 27, 54, 40, 54, 4, 96, 54, 50, 81, 4, 80, 96, 4, 80, 4, 96, 4, 70, 54, 70, 27, 27, 4, 80, 80, 81, 54, 80, 76, 70, 80, 4, 116, 4, 80, 4, 80, 116, 4, 117, 80, 4, 4, 4, 80, 80, 80, 80, 116, 113, 27, 4, 50, 4, 27, 50, 116, 116, 4, 116, 116, 96, 116, 81, 4, 4, 27, 113, 27, 58, 70, 70, 27, 96, 4, 70, 27, 52, 70, 4, 16, 123, 96, 70, 96, 68, 70, 4, 4, 113, 96, 96, 4, 123, 27, 117, 50, 39, 134, 134, 4, 4, 134, 116, 113, 122, 134, 70, 4, 134, 134, 122, 70, 122, 70, 70, 70, 96, 50, 96, 96, 59, 50, 4, 96, 96, 52, 40, 96, 50, 4, 50, 96, 4, 4, 81, 32, 4, 70, 113, 4, 40, 4, 96, 113, 70, 4, 40, 4, 4, 4, 4, 145, 4, 4, 80, 96, 145, 70, 145, 4, 4, 4, 4, 54, 4, 116, 39, 134, 134, 142, 4, 145, 4, 96, 96, 58, 58, 4, 40, 4, 22, 22, 38, 38, 116, 116, 104, 116, 4, 4, 116, 96, 4, 145, 145, 96, 134, 134, 145, 145, 4, 63, 63, 58, 4, 4, 40, 4, 4, 4, 40, 4, 32, 113, 4, 16, 38, 38, 123, 123, 38, 38, 38, 4, 4, 143, 143, 143, 22, 117, 4, 4, 117, 90, 4, 22, 22, 4, 123, 4, 113, 38, 38, 4, 38, 38, 112, 4, 4, 145, 4, 4, 98, 98, 4, 54, 4, 40, 54, 4, 54, 54, 54, 54, 4, 38, 40, 116, 116, 80, 116, 116, 54, 54, 116, 116, 116, 4, 116, 80, 80, 116, 116, 150, 150, 91, 91, 36, 36, 54, 54, 116, 116, 117, 22, 22, 22, 22, 78, 4, 113, 113, 4, 117, 117, 4, 4, 4, 4, 117, 117, 4, 117, 4, 4, 113, 4, 4, 4, 4, 4, 4, 4, 4, 4, 4, 96, 134, 134, 22, 74, 22, 145, 145, 122, 122, 6, 6, 122, 122, 64, 64, 47, 47, 4, 134, 134, 47, 47, 130, 130, 130, 130, 134, 134, 134, 96, 4, 32, 52, 145, 138, 138, 138, 138, 138, 138, 138, 138, 138, 138, 4, 138, 138, 138, 96, 138, 138, 138, 138, 96, 138, 48, 138, 138, 81, 4, 4, 4, 134, 50, 50, 50, 50, 63, 63, 16, 27, 113, 113, 16, 4, 4, 4, 4, 4, 40, 96, 81, 40, 4, 117, 4, 4, 50, 4, 40, 50, 38, 38, 4, 38, 38, 16, 4, 38, 50, 4, 38, 50, 4, 4, 38, 50, 38, 38, 38, 50, 38, 117, 145, 143, 38, 38, 38, 38, 117, 38, 38, 38, 117, 38, 38, 38, 4, 38, 38, 38, 50, 4, 38, 38, 38, 112, 38, 16, 4, 4, 54, 113, 54, 116, 54, 54, 4, 116, 54, 54, 116, 91, 116, 54, 116, 28, 28, 116, 116, 121, 116, 27, 116, 116, 116, 121, 4, 116, 121, 116, 116, 116, 116, 4, 22, 116, 116, 116, 105, 4, 105, 116, 116, 91, 91, 91, 1, 91, 116, 91, 91, 91, 116, 116, 116, 91, 116, 38, 116, 116, 116, 108, 116, 116, 116, 113, 22, 116, 116, 116, 117, 117, 117, 22, 116, 116, 116, 116, 52, 52, 116, 117, 145, 16, 145, 145, 117, 113, 145, 4, 92, 4, 4, 49, 49, 4, 117, 117, 113, 117, 145, 145, 4, 4, 4, 145, 145, 145, 145, 145, 4, 4, 134, 134, 134, 117, 6, 134, 134, 122, 81, 134, 64, 50, 64, 122, 134, 4, 122, 122, 4, 64, 50, 50, 145, 134, 134, 134, 117, 4, 117, 134, 130, 145, 107, 117, 117, 117, 134, 58, 4, 102, 50, 131, 102, 58, 102, 4, 4, 4, 4, 38, 117, 4, 4, 4, 4, 4, 4, 77, 50, 4, 116, 54, 116, 91, 116, 96, 4, 50, 50, 50, 88, 4, 40, 58, 50, 50, 4, 16, 52, 96, 4, 27, 116, 134, 27, 116, 4, 4, 37, 4, 37, 151, 4, 54, 151, 117, 151, 85, 37, 37, 137, 94, 37, 141, 96, 14, 14, 14, 94, 96, 14, 14, 94, 94, 151, 96, 14, 151, 14, 94, 94, 85, 85, 14, 37, 151, 14, 14, 14, 14, 151, 94, 85, 85, 14, 151, 151, 14, 94, 151, 94, 4, 94, 94, 14, 37, 37, 4, 96, 151, 94, 94, 4, 4, 4, 37, 37, 14, 4, 81, 151, 94, 151, 125, 4, 94, 14, 4, 94, 94, 94, 14, 4, 4, 94, 106, 94, 37, 96, 58, 141, 14, 94, 14, 94, 94, 151, 94, 94, 94, 14, 96, 94, 94, 94, 14, 94, 37, 4, 50, 37, 94, 14, 60, 4, 4, 142, 50, 37, 94, 37, 4, 151, 94, 4, 151, 94, 94, 94, 94, 52, 37, 32, 14, 151, 151, 151, 94, 151, 14, 4, 94, 14, 37, 14, 4, 4, 151, 151, 114, 14, 94, 14, 37, 37, 103, 96, 4, 94, 94, 151, 94, 94, 142, 4, 94, 94, 32, 37, 151, 94, 94, 94, 14, 14, 37, 37, 94, 151, 14, 113, 4, 14, 94, 94, 22, 151, 94, 94, 94, 141, 94, 4, 37, 37, 4, 16, 151, 151, 94, 94, 37, 151, 151, 151, 94, 4, 151, 142, 37, 14, 37, 96, 151, 94, 14, 96, 94, 37, 4, 14, 4, 94, 14, 37, 37, 117, 151, 94, 17, 94, 96, 37, 151, 85, 94, 94, 141, 50, 103, 151, 96, 37, 50, 151, 94, 151, 94, 37, 37, 4, 145, 14, 94, 14, 37, 14, 4, 94, 151, 4, 37, 37, 14, 14, 151, 151, 25, 4, 50, 10, 151, 37, 94, 37, 50, 54, 151, 94, 151, 14, 4, 14, 96, 54, 94, 151, 37, 94, 151, 27, 126, 50, 94, 37, 37, 37, 126, 94, 151, 14, 151, 4, 12, 96, 131, 14, 94, 151, 94, 151, 151, 151, 117, 151, 151, 151, 37, 117, 126, 37, 94, 50, 94, 94, 37, 151, 94, 96, 56, 151, 94, 151, 37, 96, 37, 151, 94, 94, 37, 94, 37, 151, 37, 14, 58, 37, 151, 4, 58, 58, 94, 94, 88, 151, 151, 151, 37, 37, 151, 37, 151, 14, 151, 131, 37, 85, 151, 50, 37, 37, 37, 126, 151, 14, 37, 60, 37, 37, 37, 151, 37, 14, 37, 134, 151, 137, 151, 134, 96, 151, 37, 14, 94, 94, 96, 37, 134, 37, 94, 14, 37, 4, 126, 94, 136, 37, 96, 96, 14, 37, 94, 37, 37, 37, 141, 94, 37, 94, 58, 96, 96, 96, 96, 96, 4, 96, 96, 96, 96, 4, 96, 96, 4, 40, 96, 96, 58, 16, 96, 117, 67, 40, 96, 96, 134, 4, 117, 117, 117, 4, 4, 39, 4, 110, 89, 134, 39, 134, 4, 130, 134, 130, 134, 4, 4, 4, 38, 4, 117, 116, 4, 4, 4, 4, 4, 122, 65, 96, 40, 4, 27, 4, 4, 38, 4, 145, 143, 122, 117, 4, 42, 16, 117, 116, 40, 116, 50, 145, 54, 4, 32, 4, 4, 117, 4, 4, 113, 54, 80, 4, 4, 147, 52, 116, 38, 117, 50, 4, 4, 40, 96, 16, 4, 116, 38, 4, 54, 132, 16, 4, 58, 90, 4, 4, 16, 4, 4, 130, 32, 89, 4, 4, 116, 4, 117, 4, 4, 145, 134, 4, 38, 60, 81, 4, 32, 117, 145, 4, 38, 4, 4, 84, 80, 4, 122, 4, 4, 4, 9, 102, 4, 4, 6, 4, 27, 91, 117, 4, 52, 82, 73, 40, 4, 4, 52, 113, 96, 113, 93, 22, 2, 39, 4, 50, 8, 4, 113, 4, 117, 30, 117, 4, 4, 16, 96, 60, 4, 139, 4, 32, 96, 4, 4, 89, 96, 134, 4, 130, 116, 134, 30, 122, 130, 122, 6, 4, 134, 145, 117, 50, 4, 4, 4, 4, 4, 117, 22, 4, 27, 117, 116, 4, 2, 16, 96, 96, 116, 96, 91, 4, 4, 128, 77, 4, 96, 147, 116, 52, 145, 4, 96, 96, 16, 4, 116, 4, 116, 96, 96, 16, 96, 16, 91, 54, 54, 54, 4, 117, 9, 4, 4, 96, 96, 81, 80, 96, 16, 81, 80, 50, 50, 4, 96, 4, 117, 96, 65, 96, 96, 96, 80, 16, 84, 96, 82, 4, 4, 4, 117, 4, 52, 139, 142, 50, 42, 13, 4, 4, 90, 117, 4, 117, 145, 38, 117, 145, 4, 117, 117, 4, 117, 4, 143, 58, 52, 4, 38, 4, 4, 52, 4, 22, 50, 38, 96, 4, 4, 52, 4, 90, 4, 4, 93, 38, 38, 113, 52, 4, 4, 38, 4, 4, 16, 38, 16, 16, 4, 90, 8, 4, 90, 4, 90, 4, 90, 96, 50, 50, 96, 52, 4, 60, 4, 4, 58, 4, 52, 60, 81, 113, 50, 4, 40, 32, 32, 96, 100, 32, 60, 4, 52, 96, 32, 32, 96, 117, 4, 32, 4, 4, 117, 40, 32, 4, 96, 45, 113, 142, 132, 52, 4, 40, 4, 96, 4, 96, 117, 4, 113, 4, 96, 96, 102, 40, 40, 4, 58, 96, 4, 4, 4, 4, 52, 100, 4, 52, 4, 50, 40, 73, 4, 27, 4, 72, 52, 81, 4, 4, 117, 96, 13, 117, 90, 96, 32, 116, 95, 62, 16, 81, 16, 4, 142, 96, 96, 22, 32, 4, 60, 96, 90, 16, 81, 4, 4, 96, 4, 4, 4, 117, 96, 146, 142, 96, 96, 96, 117, 40, 58, 4, 4, 4, 39, 16, 4, 96, 145, 110, 4, 122, 89, 134, 134, 46, 39, 134, 122, 46, 123, 46, 134, 46, 134, 40, 46, 27, 107, 107, 54, 4, 130, 4, 27, 123, 46, 27, 4, 130, 50, 46, 116, 4, 81, 46, 46, 40, 4, 46, 96, 4, 116, 134, 38, 130, 134, 46, 46, 116, 38, 4, 46, 20, 116, 18, 96, 22, 46, 27, 46, 46, 46, 32, 4, 134, 142, 58, 46, 134, 40, 4, 86, 46, 27, 46, 134, 4, 46, 54, 46, 130, 46, 96, 46, 46, 46, 46, 46, 4, 46, 116, 46, 46, 46, 39, 38, 134, 122, 32, 46, 116, 46, 60, 145, 60, 46, 134, 96, 46, 134, 113, 46, 