{"Run": 13, "K": 398, "WCSSD": 2141.8390377627775, "Purity": 0.40079568637996316, "Time": 22.194679021835327, "Kmeans_Labels": [91, 177, 334, 4, 6, 351, 177, 112, 177, 19, 17, 95, 6, 6, 74, 6, 304, 263, 6, 193, 6, 6, 63, 6, 310, 348, 17, 185, 254, 84, 310, 17, 254, 348, 193, 310, 95, 15, 95, 15, 50, 173, 12, 44, 262, 237, 310, 113, 373, 19, 394, 245, 245, 6, 70, 211, 6, 177, 4, 4, 6, 348, 348, 12, 211, 32, 177, 177, 15, 211, 177, 6, 84, 6, 79, 6, 6, 6, 88, 6, 6, 6, 370, 348, 341, 6, 113, 236, 6, 6, 273, 74, 211, 19, 6, 6, 6, 17, 14, 6, 112, 79, 6, 71, 71, 173, 173, 98, 84, 229, 262, 84, 262, 15, 70, 79, 264, 6, 6, 301, 6, 6, 301, 4, 4, 301, 6, 4, 52, 6, 301, 301, 63, 6, 273, 239, 6, 6, 6, 348, 185, 4, 4, 124, 301, 301, 74, 6, 6, 4, 301, 252, 6, 85, 6, 301, 271, 6, 158, 6, 179, 301, 301, 6, 277, 301, 335, 375, 28, 335, 304, 6, 6, 245, 301, 6, 340, 129, 301, 6, 394, 373, 6, 6, 301, 91, 301, 6, 6, 373, 310, 185, 17, 301, 273, 4, 6, 184, 6, 370, 112, 63, 304, 340, 301, 112, 301, 112, 6, 6, 63, 348, 112, 72, 112, 301, 301, 370, 95, 342, 112, 79, 89, 95, 80, 301, 74, 370, 245, 301, 6, 6, 112, 6, 112, 74, 370, 254, 6, 6, 256, 273, 185, 112, 245, 112, 6, 6, 184, 301, 370, 43, 372, 395, 245, 312, 301, 6, 301, 370, 348, 6, 95, 361, 71, 6, 184, 71, 264, 370, 6, 315, 348, 98, 173, 361, 6, 63, 301, 71, 301, 362, 70, 6, 173, 173, 340, 71, 173, 52, 301, 269, 6, 166, 98, 173, 145, 173, 6, 65, 6, 173, 6, 98, 349, 173, 173, 173, 17, 262, 185, 70, 98, 98, 370, 70, 201, 262, 166, 310, 166, 262, 245, 262, 340, 95, 6, 393, 185, 6, 254, 301, 301, 91, 245, 91, 301, 70, 312, 301, 6, 113, 237, 184, 301, 348, 113, 237, 260, 237, 237, 348, 245, 237, 95, 113, 361, 102, 33, 48, 11, 6, 91, 11, 166, 185, 136, 11, 301, 6, 11, 11, 136, 301, 136, 301, 301, 301, 348, 304, 348, 373, 301, 304, 6, 245, 245, 155, 4, 91, 6, 74, 304, 348, 200, 310, 340, 297, 6, 150, 185, 6, 4, 348, 114, 185, 301, 6, 4, 6, 361, 6, 211, 335, 177, 222, 98, 184, 74, 301, 310, 6, 6, 6, 44, 71, 6, 6, 33, 319, 11, 200, 273, 335, 91, 348, 348, 254, 254, 6, 4, 6, 252, 252, 350, 350, 262, 262, 6, 262, 95, 95, 262, 44, 6, 183, 183, 373, 377, 377, 113, 113, 270, 225, 225, 254, 12, 12, 4, 211, 211, 211, 4, 211, 25, 185, 6, 289, 343, 343, 134, 134, 19, 19, 19, 6, 6, 19, 19, 19, 64, 6, 370, 370, 113, 356, 6, 252, 252, 6, 112, 395, 185, 370, 370, 6, 19, 19, 71, 334, 334, 348, 361, 361, 351, 351, 6, 29, 6, 287, 71, 245, 135, 71, 71, 135, 245, 84, 4, 214, 214, 173, 84, 84, 98, 98, 207, 207, 67, 95, 262, 98, 98, 370, 370, 6, 6, 67, 67, 67, 67, 6, 6, 262, 67, 235, 160, 160, 160, 160, 25, 6, 185, 185, 95, 6, 6, 255, 255, 255, 255, 34, 34, 6, 6, 6, 6, 185, 368, 237, 237, 237, 237, 26, 6, 237, 113, 113, 6, 174, 174, 252, 74, 252, 386, 386, 136, 136, 57, 57, 324, 324, 48, 48, 48, 48, 6, 11, 11, 136, 136, 164, 164, 136, 136, 48, 48, 11, 6, 273, 25, 348, 6, 16, 130, 16, 16, 16, 16, 96, 16, 16, 95, 95, 16, 16, 16, 15, 16, 16, 16, 16, 74, 16, 16, 16, 56, 340, 44, 318, 6, 48, 12, 12, 304, 304, 225, 225, 6, 66, 211, 211, 46, 337, 6, 337, 211, 74, 4, 44, 340, 4, 6, 6, 6, 200, 44, 6, 370, 304, 278, 278, 6, 278, 278, 6, 273, 343, 304, 268, 108, 6, 6, 6, 19, 236, 19, 19, 19, 44, 19, 200, 348, 19, 19, 370, 19, 19, 6, 19, 19, 19, 394, 19, 19, 19, 6, 370, 19, 19, 168, 6, 370, 370, 19, 19, 19, 1, 351, 6, 71, 153, 71, 248, 98, 71, 6, 166, 71, 71, 6, 67, 166, 131, 67, 67, 67, 67, 67, 84, 84, 70, 90, 354, 84, 84, 6, 262, 84, 262, 262, 232, 262, 6, 252, 262, 262, 262, 230, 6, 166, 166, 166, 67, 67, 67, 262, 67, 262, 67, 67, 67, 166, 166, 166, 67, 222, 205, 166, 166, 166, 6, 204, 166, 166, 298, 252, 253, 253, 253, 298, 6, 6, 252, 166, 166, 166, 166, 348, 348, 166, 113, 361, 91, 361, 113, 113, 6, 113, 113, 113, 237, 237, 6, 6, 113, 6, 113, 6, 113, 113, 113, 6, 6, 91, 113, 113, 113, 113, 113, 91, 91, 300, 11, 11, 113, 57, 209, 48, 136, 68, 11, 48, 304, 48, 324, 11, 6, 324, 324, 6, 48, 222, 222, 113, 11, 303, 11, 113, 182, 74, 11, 164, 346, 79, 157, 157, 157, 11, 6, 6, 211, 304, 310, 118, 254, 211, 6, 264, 348, 6, 19, 74, 358, 6, 236, 348, 236, 189, 361, 304, 6, 166, 98, 166, 366, 262, 310, 6, 304, 125, 304, 336, 91, 4, 254, 310, 304, 0, 102, 304, 245, 6, 70, 262, 11, 70, 262, 273, 6, 344, 6, 169, 73, 6, 71, 73, 44, 73, 328, 280, 280, 11, 162, 280, 336, 165, 336, 191, 336, 336, 192, 336, 336, 336, 336, 73, 17, 336, 73, 336, 336, 336, 328, 328, 336, 344, 73, 336, 336, 336, 336, 73, 336, 328, 328, 336, 73, 73, 336, 336, 73, 336, 91, 336, 159, 336, 280, 280, 273, 52, 73, 159, 336, 91, 142, 6, 344, 336, 336, 310, 340, 73, 336, 73, 336, 6, 159, 336, 275, 241, 336, 336, 336, 6, 6, 336, 336, 241, 280, 245, 254, 336, 336, 336, 336, 336, 159, 73, 336, 336, 159, 336, 338, 159, 336, 159, 336, 336, 280, 177, 91, 338, 336, 336, 32, 39, 6, 129, 6, 280, 336, 280, 82, 73, 213, 6, 73, 336, 336, 336, 336, 348, 280, 25, 336, 73, 73, 73, 336, 73, 387, 17, 336, 336, 280, 336, 3, 200, 73, 73, 336, 336, 159, 336, 280, 344, 159, 264, 6, 336, 336, 73, 336, 336, 129, 6, 336, 336, 25, 280, 73, 336, 159, 336, 385, 336, 280, 280, 336, 282, 336, 185, 6, 336, 159, 258, 336, 73, 338, 336, 336, 336, 336, 273, 280, 280, 103, 1, 73, 73, 37, 336, 280, 73, 188, 73, 336, 273, 73, 332, 344, 336, 280, 44, 73, 336, 336, 91, 106, 280, 6, 336, 30, 336, 336, 169, 258, 310, 282, 336, 73, 338, 17, 280, 73, 328, 336, 336, 336, 17, 236, 282, 205, 280, 6, 73, 336, 159, 336, 280, 280, 361, 77, 336, 159, 336, 280, 259, 6, 336, 73, 361, 364, 280, 336, 336, 73, 73, 336, 273, 273, 336, 73, 280, 336, 280, 6, 71, 73, 159, 73, 336, 245, 336, 310, 1, 336, 73, 81, 336, 73, 70, 355, 304, 336, 280, 280, 336, 355, 336, 73, 336, 73, 6, 336, 245, 74, 336, 336, 73, 336, 73, 73, 73, 44, 73, 73, 73, 280, 348, 355, 280, 159, 236, 336, 336, 280, 73, 336, 74, 73, 73, 336, 73, 280, 74, 280, 73, 336, 336, 280, 336, 280, 73, 280, 336, 159, 280, 73, 6, 254, 139, 159, 336, 336, 73, 73, 311, 280, 280, 73, 280, 73, 336, 73, 74, 364, 328, 73, 310, 280, 280, 280, 355, 73, 9, 280, 32, 280, 280, 11, 73, 280, 336, 280, 48, 73, 11, 73, 11, 310, 73, 313, 336, 336, 162, 6, 280, 11, 280, 336, 259, 280, 6, 280, 159, 336, 280, 17, 338, 336, 280, 336, 280, 280, 280, 336, 336, 280, 336, 254, 348, 245, 17, 375, 245, 6, 245, 245, 245, 245, 345, 17, 245, 6, 4, 52, 245, 6, 95, 245, 6, 304, 4, 245, 245, 234, 6, 80, 80, 80, 6, 6, 6, 376, 11, 226, 11, 33, 11, 91, 136, 128, 164, 48, 95, 44, 177, 370, 396, 113, 298, 113, 98, 17, 237, 74, 136, 310, 146, 4, 6, 70, 17, 137, 6, 6, 113, 19, 136, 95, 6, 71, 370, 6, 262, 361, 207, 113, 346, 109, 74, 45, 29, 273, 6, 95, 6, 122, 71, 95, 69, 6, 67, 348, 262, 278, 95, 6, 211, 395, 4, 44, 67, 236, 166, 343, 6, 71, 50, 84, 348, 254, 356, 273, 237, 370, 95, 6, 136, 25, 59, 12, 6, 262, 244, 6, 6, 264, 365, 121, 6, 19, 32, 18, 244, 196, 95, 74, 246, 19, 273, 44, 6, 173, 6, 136, 6, 361, 6, 279, 211, 6, 42, 357, 361, 70, 67, 310, 216, 348, 6, 360, 4, 6, 273, 348, 317, 62, 185, 6, 252, 70, 33, 74, 236, 326, 194, 185, 93, 31, 17, 175, 6, 74, 348, 310, 32, 6, 19, 212, 25, 27, 6, 348, 226, 165, 121, 93, 164, 262, 11, 17, 136, 136, 136, 357, 74, 11, 365, 391, 113, 95, 310, 6, 237, 396, 113, 252, 6, 70, 6, 298, 6, 70, 348, 51, 44, 262, 44, 67, 65, 44, 348, 361, 361, 165, 67, 262, 348, 346, 6, 74, 41, 113, 17, 262, 17, 207, 91, 165, 67, 165, 74, 67, 71, 71, 109, 137, 361, 279, 29, 98, 165, 44, 340, 95, 193, 38, 18, 173, 264, 165, 310, 165, 273, 391, 348, 310, 348, 165, 348, 173, 310, 6, 245, 6, 95, 395, 6, 113, 95, 39, 19, 129, 236, 71, 91, 348, 44, 356, 95, 95, 95, 274, 370, 6, 286, 236, 74, 95, 74, 175, 6, 19, 254, 348, 6, 186, 6, 273, 348, 6, 252, 6, 6, 144, 370, 6, 370, 6, 356, 6, 266, 6, 19, 343, 317, 348, 211, 6, 19, 6, 154, 84, 278, 370, 370, 264, 356, 326, 216, 356, 216, 356, 6, 356, 310, 102, 6, 245, 348, 44, 32, 74, 6, 254, 273, 348, 32, 340, 122, 304, 273, 361, 133, 180, 36, 233, 45, 32, 246, 348, 180, 25, 25, 74, 310, 361, 196, 194, 273, 363, 291, 25, 310, 375, 373, 185, 293, 50, 348, 6, 4, 348, 245, 69, 146, 6, 6, 185, 105, 113, 27, 211, 4, 361, 6, 265, 373, 212, 6, 6, 351, 348, 233, 6, 348, 273, 304, 4, 360, 