{"Run": 7, "K": 398, "WCSSD": 2214.5353167720095, "Purity": 0.387992246076503, "Time": 21.53419589996338, "Kmeans_Labels": [304, 348, 7, 341, 3, 3, 348, 204, 348, 174, 3, 223, 231, 231, 3, 3, 359, 397, 3, 3, 3, 3, 160, 231, 339, 397, 3, 397, 46, 253, 3, 3, 46, 397, 3, 3, 3, 375, 223, 375, 97, 118, 5, 207, 221, 100, 339, 3, 217, 57, 232, 87, 87, 3, 158, 3, 371, 296, 341, 341, 3, 397, 3, 287, 3, 276, 76, 348, 375, 162, 397, 232, 253, 232, 0, 232, 3, 370, 359, 3, 3, 87, 253, 397, 204, 287, 3, 90, 3, 253, 208, 232, 253, 253, 3, 118, 232, 3, 204, 232, 204, 0, 3, 357, 357, 118, 118, 357, 320, 0, 266, 221, 293, 266, 253, 0, 87, 3, 232, 30, 232, 232, 30, 341, 341, 30, 232, 341, 80, 3, 30, 30, 232, 232, 92, 46, 232, 232, 232, 232, 137, 341, 341, 46, 119, 30, 3, 232, 3, 341, 30, 123, 3, 46, 232, 30, 3, 3, 341, 217, 3, 30, 30, 232, 118, 30, 232, 305, 75, 3, 359, 3, 3, 87, 127, 3, 283, 28, 30, 365, 232, 87, 3, 3, 30, 3, 30, 379, 3, 3, 3, 137, 87, 30, 341, 341, 3, 102, 3, 253, 204, 160, 359, 34, 83, 204, 30, 204, 253, 253, 160, 232, 204, 204, 204, 30, 30, 253, 223, 137, 45, 0, 3, 223, 97, 30, 232, 253, 87, 30, 3, 3, 204, 3, 204, 253, 253, 166, 3, 102, 30, 3, 137, 204, 87, 204, 273, 253, 102, 30, 253, 103, 3, 30, 87, 160, 30, 136, 30, 253, 136, 253, 223, 7, 357, 3, 102, 357, 3, 253, 3, 118, 232, 103, 118, 118, 232, 3, 30, 357, 30, 158, 158, 3, 118, 118, 118, 357, 118, 80, 30, 118, 3, 221, 61, 118, 103, 118, 221, 248, 3, 118, 3, 103, 250, 118, 144, 118, 118, 266, 137, 158, 103, 103, 253, 18, 107, 266, 221, 97, 221, 266, 87, 221, 34, 223, 3, 158, 137, 221, 46, 30, 30, 304, 87, 304, 30, 158, 160, 30, 232, 209, 282, 102, 30, 126, 3, 30, 3, 3, 137, 97, 87, 3, 170, 253, 7, 75, 14, 62, 133, 232, 323, 62, 221, 137, 62, 133, 392, 3, 133, 133, 133, 392, 209, 392, 30, 30, 136, 359, 136, 87, 30, 287, 3, 87, 87, 397, 341, 3, 3, 232, 359, 232, 5, 3, 34, 64, 102, 207, 137, 232, 341, 97, 3, 137, 3, 341, 341, 3, 3, 3, 162, 3, 348, 3, 103, 102, 232, 30, 102, 3, 3, 253, 85, 53, 3, 3, 14, 77, 133, 28, 3, 102, 3, 5, 5, 46, 46, 3, 341, 253, 123, 123, 253, 253, 221, 221, 3, 221, 223, 223, 221, 207, 102, 70, 70, 102, 62, 62, 385, 385, 3, 286, 286, 46, 5, 5, 341, 3, 3, 3, 341, 162, 64, 137, 3, 320, 253, 253, 204, 204, 253, 155, 155, 253, 253, 187, 187, 187, 343, 253, 253, 253, 349, 20, 3, 123, 123, 3, 204, 102, 65, 143, 143, 3, 253, 253, 357, 7, 7, 209, 3, 3, 3, 3, 3, 281, 3, 341, 357, 97, 357, 357, 357, 357, 97, 253, 341, 118, 118, 118, 320, 320, 103, 103, 322, 322, 253, 223, 301, 103, 103, 266, 266, 3, 3, 47, 47, 47, 47, 357, 357, 266, 266, 3, 123, 123, 123, 123, 64, 3, 137, 137, 223, 342, 342, 223, 223, 3, 3, 3, 3, 3, 3, 3, 3, 137, 3, 361, 361, 137, 137, 102, 3, 3, 333, 333, 3, 62, 62, 128, 87, 128, 209, 209, 309, 309, 62, 62, 5, 5, 95, 95, 62, 62, 3, 230, 230, 62, 62, 62, 62, 309, 309, 133, 133, 60, 3, 3, 73, 3, 232, 52, 52, 52, 52, 52, 52, 52, 52, 52, 223, 223, 245, 52, 52, 375, 52, 52, 52, 52, 97, 234, 52, 52, 52, 34, 207, 207, 3, 62, 106, 106, 186, 186, 286, 286, 232, 158, 137, 137, 232, 42, 3, 42, 162, 3, 341, 207, 34, 341, 3, 3, 232, 28, 207, 3, 253, 359, 253, 253, 336, 253, 253, 253, 253, 253, 359, 3, 253, 3, 253, 253, 253, 90, 253, 253, 253, 207, 167, 5, 232, 187, 253, 253, 253, 31, 5, 168, 253, 232, 232, 253, 168, 253, 3, 143, 253, 253, 25, 3, 143, 143, 237, 253, 207, 320, 125, 258, 357, 137, 215, 7, 103, 357, 3, 221, 215, 357, 97, 47, 134, 357, 221, 47, 253, 221, 253, 253, 320, 253, 221, 221, 221, 26, 3, 221, 26, 158, 221, 253, 301, 253, 123, 266, 266, 266, 3, 173, 221, 221, 221, 47, 47, 47, 266, 47, 221, 47, 47, 47, 221, 221, 221, 47, 221, 183, 221, 221, 221, 3, 221, 221, 221, 262, 123, 262, 262, 262, 262, 342, 342, 123, 358, 358, 221, 221, 397, 397, 221, 358, 209, 102, 209, 209, 124, 238, 209, 3, 209, 141, 141, 221, 221, 33, 221, 124, 137, 3, 209, 213, 3, 3, 3, 209, 209, 209, 209, 209, 3, 3, 133, 225, 225, 110, 62, 133, 62, 309, 34, 133, 307, 359, 62, 5, 133, 5, 5, 5, 3, 62, 359, 359, 97, 230, 133, 133, 384, 5, 266, 133, 62, 213, 0, 5, 5, 5, 133, 188, 138, 162, 295, 38, 162, 46, 162, 232, 3, 3, 3, 374, 3, 87, 3, 90, 3, 90, 7, 345, 359, 3, 221, 103, 221, 47, 274, 97, 3, 289, 359, 289, 259, 3, 341, 46, 3, 359, 87, 75, 397, 87, 267, 304, 130, 133, 304, 130, 3, 3, 251, 253, 44, 145, 3, 393, 145, 207, 192, 54, 44, 40, 133, 190, 300, 6, 102, 181, 181, 6, 6, 89, 368, 368, 368, 6, 145, 87, 6, 145, 6, 6, 6, 54, 111, 181, 44, 145, 6, 181, 324, 117, 145, 6, 54, 54, 181, 192, 145, 368, 6, 145, 6, 3, 6, 6, 6, 44, 44, 3, 80, 145, 50, 6, 232, 287, 3, 44, 44, 181, 182, 49, 270, 6, 145, 6, 287, 6, 181, 3, 59, 6, 6, 181, 3, 205, 6, 6, 59, 44, 87, 46, 339, 6, 6, 181, 121, 50, 145, 6, 6, 6, 6, 300, 6, 6, 50, 6, 6, 44, 348, 102, 300, 181, 6, 276, 3, 3, 28, 3, 44, 6, 44, 5, 145, 311, 3, 192, 6, 6, 6, 6, 397, 44, 354, 6, 145, 145, 145, 6, 145, 6, 87, 132, 181, 290, 368, 3, 5, 145, 145, 6, 6, 6, 6, 44, 44, 161, 87, 3, 6, 6, 145, 6, 6, 28, 3, 6, 6, 64, 44, 145, 6, 6, 6, 6, 6, 44, 44, 6, 145, 216, 137, 3, 181, 3, 6, 123, 145, 300, 6, 6, 339, 6, 3, 40, 44, 242, 87, 145, 93, 272, 6, 251, 145, 145, 145, 6, 3, 145, 8, 251, 6, 44, 207, 317, 6, 368, 87, 6, 44, 253, 6, 3, 6, 181, 44, 2, 3, 145, 6, 145, 300, 87, 44, 145, 54, 71, 6, 6, 87, 161, 93, 183, 44, 102, 145, 6, 300, 6, 44, 44, 203, 89, 181, 6, 181, 44, 181, 3, 6, 145, 3, 2, 44, 181, 181, 145, 145, 329, 102, 3, 199, 393, 251, 6, 235, 3, 357, 145, 50, 145, 181, 3, 6, 87, 357, 6, 145, 44, 6, 145, 350, 240, 359, 6, 44, 313, 6, 240, 6, 145, 6, 145, 3, 6, 87, 182, 355, 6, 145, 6, 145, 145, 145, 207, 145, 145, 145, 44, 209, 240, 44, 75, 90, 368, 6, 325, 192, 6, 87, 145, 145, 6, 145, 44, 102, 44, 63, 6, 6, 44, 6, 44, 145, 44, 181, 46, 44, 145, 3, 46, 46, 6, 193, 259, 145, 145, 145, 44, 332, 145, 44, 145, 181, 145, 182, 2, 54, 145, 285, 44, 44, 44, 240, 145, 6, 135, 287, 40, 284, 44, 51, 44, 6, 44, 62, 145, 133, 145, 133, 87, 11, 44, 6, 6, 190, 278, 44, 133, 44, 6, 181, 44, 3, 240, 6, 6, 44, 102, 87, 181, 44, 6, 300, 300, 44, 6, 6, 44, 6, 46, 209, 87, 87, 87, 87, 3, 87, 87, 87, 87, 373, 87, 87, 3, 341, 80, 87, 46, 223, 87, 3, 236, 341, 87, 87, 62, 3, 97, 97, 97, 267, 3, 3, 209, 133, 41, 133, 222, 133, 3, 366, 62, 266, 62, 3, 207, 348, 340, 3, 124, 262, 209, 103, 266, 3, 3, 3, 7, 102, 202, 3, 306, 3, 118, 253, 338, 164, 187, 97, 223, 253, 357, 253, 3, 3, 341, 381, 209, 209, 55, 3, 64, 281, 3, 3, 67, 253, 137, 357, 223, 194, 3, 47, 397, 274, 253, 223, 3, 253, 3, 341, 207, 3, 90, 221, 253, 3, 326, 86, 197, 348, 46, 20, 3, 3, 253, 223, 3, 309, 64, 41, 106, 3, 243, 3, 3, 3, 232, 209, 62, 3, 253, 151, 78, 3, 64, 352, 236, 114, 253, 208, 207, 3, 118, 3, 62, 232, 48, 318, 97, 162, 376, 122, 62, 3, 158, 47, 97, 139, 397, 232, 3, 261, 232, 232, 294, 137, 87, 137, 3, 123, 158, 14, 81, 90, 178, 37, 137, 3, 359, 109, 27, 232, 3, 87, 15, 276, 315, 3, 3, 64, 209, 232, 233, 41, 102, 62, 3, 266, 221, 133, 109, 97, 366, 3, 62, 3, 133, 209, 160, 209, 3, 3, 232, 3, 3, 124, 123, 3, 306, 3, 262, 338, 158, 87, 183, 207, 266, 207, 13, 248, 207, 209, 7, 3, 102, 47, 274, 397, 209, 338, 3, 102, 209, 266, 3, 3, 381, 3, 102, 3, 102, 87, 47, 326, 357, 55, 118, 3, 97, 281, 103, 102, 207, 34, 223, 232, 87, 78, 118, 3, 102, 97, 102, 3, 160, 232, 7, 209, 7, 3, 118, 87, 3, 87, 232, 223, 3, 3, 3, 223, 196, 3, 28, 90, 357, 390, 233, 207, 20, 352, 67, 223, 209, 340, 3, 209, 90, 102, 223, 81, 27, 253, 187, 46, 397, 3, 168, 3, 253, 397, 3, 123, 3, 253, 102, 253, 183, 397, 315, 312, 3, 253, 3, 253, 253, 137, 397, 253, 3, 253, 253, 3, 197, 253, 253, 253, 232, 84, 178, 139, 20, 139, 20, 3, 20, 15, 200, 3, 87, 397, 207, 394, 3, 3, 46, 3, 397, 3, 34, 137, 359, 3, 341, 64, 64, 210, 348, 64, 151, 114, 397, 97, 64, 64, 246, 97, 48, 64, 37, 232, 3, 341, 64, 3, 305, 232, 137, 28, 86, 397, 232, 261, 348, 87, 194, 102, 3, 3, 137, 3, 3, 209, 162, 202, 341, 3, 46, 3, 3, 3, 232, 3, 294, 137, 3, 397, 3, 295, 341, 3, 106, 158, 376, 137, 91, 34, 232, 253, 3, 183, 390, 3, 84, 232, 64, 221, 89, 102, 297, 359, 87, 3, 28, 102, 183, 123, 64, 3, 394, 3, 20, 102, 5, 207, 338, 87, 177, 3, 388, 160, 297, 122, 3, 183, 7, 