{"Run": 7, "K": 207, "WCSSD": 2402.003968871621, "Purity": 0.45261952476381334, "Time": 8.545146942138672, "Kmeans_Labels": [9, 9, 120, 43, 9, 9, 177, 195, 9, 9, 9, 37, 123, 123, 9, 9, 9, 16, 9, 41, 9, 9, 20, 123, 123, 16, 9, 16, 41, 42, 123, 9, 41, 16, 9, 9, 123, 123, 37, 123, 9, 123, 26, 168, 123, 113, 123, 9, 9, 7, 9, 206, 206, 81, 169, 191, 186, 16, 43, 43, 9, 16, 9, 180, 191, 104, 123, 9, 123, 191, 16, 9, 42, 169, 206, 9, 9, 9, 118, 26, 9, 9, 42, 16, 195, 9, 169, 61, 9, 9, 9, 9, 191, 7, 198, 9, 9, 9, 195, 9, 195, 206, 9, 196, 153, 177, 177, 196, 42, 206, 4, 42, 4, 123, 9, 206, 63, 9, 9, 96, 9, 9, 96, 43, 9, 96, 9, 43, 186, 206, 96, 96, 136, 9, 163, 41, 9, 168, 9, 9, 3, 43, 43, 41, 96, 96, 9, 9, 9, 43, 96, 27, 169, 41, 9, 96, 9, 9, 43, 9, 9, 96, 96, 9, 177, 96, 169, 97, 80, 169, 118, 9, 9, 206, 96, 199, 115, 26, 96, 9, 9, 9, 9, 9, 96, 9, 96, 14, 9, 206, 9, 3, 186, 96, 9, 43, 9, 186, 9, 9, 195, 20, 20, 115, 96, 195, 96, 195, 169, 206, 20, 9, 195, 195, 195, 96, 96, 7, 37, 3, 195, 206, 9, 37, 186, 96, 9, 37, 206, 96, 9, 9, 195, 9, 195, 158, 9, 145, 9, 9, 96, 9, 3, 195, 206, 195, 176, 9, 186, 96, 177, 177, 9, 183, 9, 20, 96, 9, 96, 9, 9, 174, 37, 120, 196, 9, 186, 196, 186, 115, 9, 177, 9, 9, 177, 120, 186, 20, 96, 196, 96, 177, 9, 9, 94, 203, 115, 196, 177, 186, 96, 177, 9, 4, 9, 177, 9, 177, 4, 206, 9, 177, 9, 163, 37, 177, 177, 177, 177, 4, 3, 9, 9, 9, 9, 4, 9, 4, 4, 9, 4, 4, 206, 4, 115, 37, 68, 139, 3, 4, 41, 96, 96, 9, 206, 9, 96, 9, 20, 95, 9, 206, 113, 186, 96, 206, 9, 96, 9, 113, 159, 163, 206, 113, 37, 9, 120, 80, 34, 112, 47, 9, 81, 112, 81, 3, 58, 47, 96, 9, 47, 81, 58, 96, 58, 96, 96, 96, 186, 118, 9, 206, 96, 9, 9, 206, 206, 16, 43, 206, 206, 15, 118, 9, 26, 9, 115, 139, 9, 168, 3, 9, 43, 9, 55, 3, 9, 9, 63, 9, 120, 9, 191, 169, 9, 206, 163, 186, 169, 96, 169, 9, 169, 7, 141, 196, 9, 4, 34, 47, 47, 26, 9, 169, 9, 186, 186, 41, 41, 9, 43, 9, 25, 25, 9, 9, 4, 4, 9, 4, 37, 37, 4, 168, 9, 81, 81, 163, 112, 112, 9, 9, 9, 191, 191, 149, 114, 114, 43, 191, 191, 191, 43, 191, 139, 3, 9, 42, 7, 7, 195, 195, 7, 7, 7, 9, 9, 7, 7, 7, 25, 9, 9, 9, 9, 35, 9, 25, 25, 9, 195, 9, 3, 7, 7, 9, 7, 7, 196, 120, 120, 9, 120, 120, 9, 9, 9, 9, 9, 43, 196, 9, 196, 196, 196, 196, 9, 42, 9, 10, 10, 177, 42, 42, 42, 42, 42, 42, 4, 37, 4, 177, 177, 4, 4, 9, 9, 172, 172, 9, 9, 196, 196, 4, 4, 9, 25, 25, 25, 25, 139, 9, 3, 3, 37, 105, 105, 37, 37, 9, 9, 9, 9, 9, 9, 9, 9, 3, 113, 113, 113, 50, 50, 41, 9, 113, 9, 9, 186, 47, 47, 25, 9, 25, 9, 9, 58, 58, 58, 58, 26, 26, 112, 112, 58, 58, 181, 110, 110, 58, 58, 52, 52, 190, 58, 112, 112, 47, 186, 9, 139, 9, 169, 146, 19, 19, 19, 19, 19, 19, 19, 19, 37, 37, 19, 19, 19, 123, 19, 19, 19, 19, 9, 19, 19, 19, 19, 115, 168, 168, 9, 112, 114, 114, 118, 118, 191, 191, 9, 9, 191, 191, 9, 9, 9, 9, 191, 9, 43, 168, 115, 43, 9, 9, 9, 26, 168, 9, 43, 118, 7, 7, 9, 42, 42, 42, 9, 191, 118, 9, 191, 9, 9, 9, 7, 61, 7, 7, 7, 168, 7, 26, 9, 7, 7, 7, 7, 7, 26, 7, 7, 7, 9, 7, 7, 7, 9, 7, 7, 7, 61, 9, 7, 7, 7, 176, 7, 42, 9, 9, 196, 3, 196, 120, 196, 196, 9, 4, 196, 42, 42, 10, 4, 196, 4, 10, 4, 4, 42, 42, 42, 196, 4, 4, 42, 42, 9, 4, 42, 4, 4, 42, 4, 9, 25, 4, 4, 4, 9, 9, 4, 4, 4, 172, 172, 133, 4, 133, 124, 172, 172, 84, 176, 176, 4, 176, 4, 7, 176, 176, 4, 9, 4, 4, 4, 1, 25, 1, 1, 1, 1, 105, 105, 25, 4, 4, 4, 4, 44, 44, 4, 9, 120, 186, 120, 9, 9, 3, 9, 113, 9, 113, 113, 4, 4, 9, 176, 176, 3, 9, 186, 9, 9, 9, 206, 9, 9, 186, 9, 9, 9, 9, 47, 47, 47, 9, 58, 112, 112, 58, 115, 47, 58, 118, 112, 26, 47, 9, 26, 26, 9, 112, 9, 9, 9, 110, 47, 47, 9, 9, 9, 47, 52, 9, 206, 9, 9, 9, 47, 41, 108, 191, 9, 9, 191, 41, 191, 74, 9, 9, 9, 9, 9, 28, 9, 61, 9, 61, 120, 120, 118, 9, 4, 196, 4, 186, 4, 109, 81, 46, 118, 46, 155, 169, 33, 41, 9, 118, 9, 80, 16, 206, 9, 4, 4, 47, 4, 4, 9, 9, 82, 9, 82, 148, 76, 196, 67, 168, 148, 67, 82, 64, 112, 155, 49, 21, 186, 155, 155, 155, 155, 77, 155, 155, 21, 119, 67, 186, 155, 148, 155, 155, 155, 21, 206, 155, 82, 67, 155, 155, 155, 155, 148, 155, 206, 206, 155, 148, 67, 155, 155, 67, 21, 9, 155, 21, 155, 82, 82, 9, 186, 67, 21, 155, 9, 9, 9, 82, 21, 155, 206, 115, 67, 155, 148, 155, 9, 21, 155, 9, 155, 155, 155, 155, 9, 9, 155, 155, 21, 69, 206, 41, 21, 155, 155, 155, 155, 155, 67, 21, 21, 21, 155, 21, 155, 155, 21, 155, 155, 82, 9, 9, 49, 155, 155, 104, 9, 9, 54, 9, 82, 21, 91, 26, 67, 140, 76, 67, 21, 155, 155, 21, 16, 82, 139, 155, 67, 147, 67, 155, 148, 155, 186, 155, 155, 82, 155, 9, 26, 67, 67, 21, 155, 155, 155, 82, 82, 21, 206, 9, 155, 21, 148, 155, 12, 26, 9, 155, 155, 139, 82, 67, 21, 155, 155, 24, 155, 82, 82, 155, 127, 155, 3, 9, 155, 21, 155, 21, 127, 21, 155, 155, 123, 155, 9, 64, 82, 9, 21, 67, 67, 155, 155, 82, 148, 127, 148, 155, 9, 148, 54, 82, 155, 82, 168, 67, 155, 155, 206, 155, 82, 9, 155, 9, 155, 155, 82, 82, 163, 127, 21, 67, 21, 206, 82, 148, 21, 155, 155, 155, 186, 61, 127, 186, 82, 9, 67, 155, 21, 155, 82, 82, 120, 77, 155, 155, 155, 82, 155, 76, 21, 67, 120, 82, 82, 155, 155, 148, 67, 21, 9, 9, 155, 67, 156, 155, 2, 9, 196, 67, 155, 148, 155, 9, 155, 163, 21, 21, 148, 82, 155, 148, 4, 67, 118, 155, 82, 82, 155, 206, 155, 148, 155, 67, 9, 21, 206, 206, 23, 155, 67, 155, 148, 67, 148, 168, 148, 67, 148, 82, 9, 21, 82, 80, 61, 155, 155, 82, 148, 155, 163, 67, 67, 155, 67, 82, 53, 21, 67, 200, 155, 21, 155, 82, 67, 21, 155, 41, 82, 148, 9, 41, 41, 155, 21, 155, 148, 67, 148, 82, 82, 148, 21, 148, 155, 67, 206, 82, 67, 67, 9, 21, 82, 21, 21, 148, 155, 82, 104, 64, 21, 21, 148, 82, 155, 82, 137, 148, 112, 148, 21, 163, 148, 21, 155, 155, 155, 186, 82, 112, 82, 21, 155, 82, 9, 21, 21, 155, 82, 206, 206, 155, 82, 155, 21, 49, 82, 21, 21, 82, 155, 41, 186, 206, 186, 97, 206, 9, 206, 206, 206, 206, 206, 186, 206, 9, 43, 186, 206, 41, 37, 206, 9, 138, 43, 206, 206, 112, 169, 186, 186, 186, 9, 9, 121, 9, 47, 166, 47, 121, 112, 81, 58, 112, 52, 112, 163, 168, 9, 9, 9, 176, 1, 9, 186, 103, 113, 81, 58, 120, 163, 43, 9, 9, 9, 9, 7, 71, 9, 7, 58, 81, 78, 196, 9, 9, 4, 120, 42, 9, 169, 196, 206, 139, 9, 9, 9, 37, 122, 3, 45, 37, 90, 9, 4, 16, 4, 7, 37, 9, 191, 183, 43, 168, 9, 61, 176, 191, 9, 196, 9, 42, 186, 41, 35, 9, 51, 9, 37, 9, 58, 144, 8, 114, 9, 4, 9, 9, 9, 9, 9, 112, 160, 9, 104, 115, 9, 139, 37, 138, 9, 7, 9, 168, 9, 177, 9, 58, 9, 139, 9, 9, 191, 9, 163, 58, 120, 9, 10, 9, 9, 16, 9, 9, 43, 9, 9, 92, 3, 163, 3, 9, 25, 9, 34, 9, 61, 165, 9, 3, 9, 118, 9, 9, 9, 163, 186, 162, 104, 9, 6, 9, 139, 9, 9, 9, 166, 186, 112, 9, 52, 4, 112, 9, 58, 58, 58, 58, 81, 47, 9, 9, 9, 163, 9, 9, 113, 9, 176, 25, 9, 9, 9, 1, 71, 9, 186, 186, 168, 4, 168, 172, 9, 168, 62, 120, 120, 184, 4, 4, 9, 169, 71, 163, 184, 186, 103, 4, 9, 42, 163, 184, 9, 184, 206, 10, 196, 45, 196, 9, 120, 9, 9, 186, 184, 168, 40, 37, 9, 206, 115, 177, 206, 206, 206, 186, 9, 9, 163, 120, 186, 120, 163, 177, 186, 9, 206, 9, 37, 183, 9, 9, 37, 16, 6, 26, 61, 196, 73, 9, 168, 35, 37, 37, 81, 81, 9, 9, 134, 61, 9, 37, 9, 9, 122, 7, 41, 16, 9, 7, 9, 9, 16, 75, 25, 9, 7, 184, 9, 9, 16, 9, 35, 9, 9, 9, 7, 191, 3, 16, 191, 9, 9, 78, 9, 42, 7, 9, 9, 9, 35, 165, 9, 35, 9, 202, 199, 35, 162, 80, 9, 206, 16, 168, 104, 163, 9, 41, 9, 16, 104, 115, 3, 118, 9, 120, 139, 139, 154, 100, 139, 104, 9, 16, 186, 139, 139, 206, 9, 139, 139, 9, 9, 9, 43, 144, 9, 97, 9, 3, 26, 9, 16, 9, 43, 186, 206, 90, 163, 9, 9, 3, 9, 186, 9, 191, 43, 120, 9, 41, 163, 9, 9, 9, 206, 92, 111, 160, 16, 120, 9, 43, 9, 114, 9, 9, 3, 16, 115, 9, 9, 120, 186, 73, 9, 35, 163, 139, 4, 77, 11, 206, 118, 206, 9, 26, 186, 186, 25, 139, 9, 104, 163, 202, 186, 26, 168, 71, 206, 191, 199, 120, 9, 206, 163, 54, 186, 120, 186, 9, 43, 26, 9, 191, 9, 121, 186, 9, 186, 9, 47, 9, 58, 8, 47, 47, 30, 121, 47, 29, 118, 195, 30, 112, 30, 47, 43, 30, 30, 206, 30, 177, 120, 47, 9, 30, 113, 30, 37, 3, 58, 118, 42, 4, 9, 115, 118, 30, 43, 183, 30, 206, 9, 42, 178, 7, 190, 47, 30, 30, 42, 191, 9, 30, 9, 4, 30, 81, 25, 113, 113, 116, 30, 121, 139, 9, 112, 26, 41, 30, 47, 43, 9, 30, 30, 176, 30, 47, 120, 30, 196, 39, 58, 30, 206, 30, 30, 30, 30, 30, 9, 30, 4, 30, 30, 30, 183, 38, 112, 47, 139, 30, 4, 30, 