{"Run": 1, "K": 594, "WCSSD": 2028.853005189524, "Purity": 0.4462308565896025, "Time": 34.244853019714355, "Kmeans_Labels": [546, 293, 33, 167, 33, 405, 293, 148, 293, 531, 33, 512, 511, 511, 234, 364, 33, 285, 33, 225, 33, 33, 135, 511, 103, 513, 33, 183, 225, 33, 33, 230, 225, 33, 310, 33, 511, 511, 581, 511, 418, 408, 236, 248, 511, 483, 103, 33, 234, 33, 205, 437, 437, 187, 546, 304, 288, 293, 356, 167, 33, 513, 33, 236, 198, 293, 511, 293, 511, 198, 293, 234, 33, 327, 166, 208, 500, 33, 33, 33, 33, 234, 53, 234, 541, 33, 327, 90, 33, 33, 342, 33, 582, 33, 234, 82, 234, 566, 148, 205, 148, 166, 33, 105, 105, 202, 202, 209, 33, 166, 121, 121, 284, 162, 533, 166, 579, 33, 33, 590, 560, 6, 39, 492, 167, 39, 552, 167, 586, 33, 39, 39, 176, 33, 433, 225, 33, 33, 33, 487, 183, 167, 167, 225, 39, 39, 33, 33, 234, 167, 39, 51, 475, 552, 33, 39, 386, 33, 167, 234, 33, 39, 39, 33, 202, 39, 555, 199, 26, 475, 39, 135, 33, 437, 39, 45, 32, 134, 39, 33, 205, 420, 33, 33, 39, 386, 39, 187, 33, 386, 33, 183, 187, 413, 33, 167, 33, 137, 33, 531, 148, 135, 135, 32, 39, 148, 9, 161, 327, 33, 135, 33, 148, 148, 148, 39, 39, 531, 581, 183, 148, 166, 584, 581, 137, 39, 205, 581, 437, 135, 472, 33, 148, 33, 148, 33, 8, 225, 33, 310, 427, 420, 183, 102, 437, 531, 102, 452, 137, 39, 202, 202, 33, 329, 420, 93, 39, 33, 39, 299, 205, 149, 581, 207, 105, 234, 137, 105, 33, 33, 135, 202, 559, 418, 202, 558, 241, 135, 39, 39, 39, 546, 546, 234, 202, 202, 32, 105, 202, 422, 39, 202, 109, 202, 33, 202, 33, 202, 33, 567, 33, 115, 33, 457, 270, 202, 202, 202, 127, 21, 183, 514, 33, 33, 531, 546, 135, 121, 121, 187, 121, 121, 437, 121, 32, 581, 33, 436, 183, 102, 225, 39, 39, 546, 437, 33, 39, 546, 135, 39, 33, 205, 483, 137, 483, 296, 33, 483, 234, 483, 120, 205, 437, 152, 581, 33, 349, 26, 255, 204, 165, 33, 229, 204, 121, 183, 204, 165, 554, 33, 165, 165, 165, 554, 137, 554, 39, 39, 135, 33, 205, 205, 39, 236, 33, 437, 437, 33, 167, 145, 33, 234, 138, 187, 33, 33, 32, 43, 33, 39, 183, 457, 167, 3, 187, 183, 39, 187, 580, 71, 558, 234, 397, 327, 293, 469, 202, 137, 327, 39, 327, 477, 327, 33, 33, 105, 33, 121, 118, 165, 165, 236, 310, 327, 225, 234, 234, 225, 225, 33, 167, 33, 51, 51, 181, 181, 121, 121, 420, 121, 581, 581, 121, 248, 225, 165, 165, 33, 204, 204, 33, 33, 33, 198, 198, 33, 236, 236, 167, 402, 402, 198, 167, 198, 43, 183, 33, 101, 33, 33, 148, 148, 33, 0, 0, 33, 33, 531, 531, 33, 51, 33, 329, 329, 205, 400, 128, 51, 51, 128, 148, 329, 183, 531, 531, 33, 531, 531, 105, 33, 33, 33, 558, 558, 46, 46, 358, 33, 358, 172, 105, 457, 172, 105, 105, 172, 457, 209, 254, 121, 121, 202, 430, 430, 33, 33, 121, 121, 121, 581, 121, 202, 202, 121, 121, 310, 310, 542, 542, 4, 4, 102, 102, 121, 121, 33, 51, 51, 51, 51, 43, 33, 399, 399, 581, 188, 188, 292, 292, 292, 292, 496, 496, 420, 33, 476, 476, 183, 483, 523, 523, 120, 120, 33, 33, 483, 428, 428, 419, 165, 165, 51, 234, 51, 310, 310, 540, 540, 204, 204, 33, 33, 204, 204, 204, 204, 234, 165, 165, 204, 204, 524, 524, 108, 165, 573, 573, 165, 33, 33, 43, 234, 327, 449, 38, 38, 38, 38, 38, 38, 38, 38, 581, 581, 38, 38, 38, 396, 38, 323, 38, 38, 437, 38, 38, 389, 38, 32, 33, 248, 33, 491, 334, 334, 198, 198, 198, 198, 205, 331, 198, 198, 205, 33, 33, 33, 198, 33, 185, 257, 32, 167, 168, 437, 205, 134, 87, 33, 167, 293, 467, 467, 33, 467, 467, 33, 33, 198, 355, 33, 198, 200, 33, 33, 33, 361, 99, 56, 56, 90, 531, 213, 33, 33, 27, 531, 531, 33, 213, 531, 27, 244, 244, 531, 531, 33, 314, 531, 531, 531, 90, 33, 531, 531, 374, 102, 506, 101, 237, 237, 105, 183, 440, 271, 440, 105, 33, 121, 440, 209, 209, 121, 121, 105, 121, 381, 381, 121, 121, 377, 101, 33, 539, 121, 430, 377, 508, 121, 377, 121, 121, 121, 121, 33, 265, 121, 121, 121, 192, 386, 121, 121, 121, 121, 228, 228, 121, 228, 121, 535, 121, 121, 121, 121, 121, 121, 121, 501, 227, 102, 121, 73, 10, 121, 121, 548, 51, 548, 548, 548, 548, 116, 116, 51, 496, 496, 227, 121, 225, 225, 121, 496, 558, 370, 558, 476, 33, 33, 457, 420, 310, 429, 429, 121, 121, 428, 102, 33, 33, 234, 420, 457, 66, 66, 205, 33, 33, 310, 33, 33, 125, 125, 165, 165, 165, 457, 204, 424, 204, 540, 280, 165, 204, 33, 204, 165, 165, 336, 165, 165, 33, 204, 33, 33, 193, 165, 165, 165, 33, 33, 121, 165, 524, 333, 166, 33, 33, 33, 54, 393, 457, 198, 33, 33, 198, 225, 198, 205, 33, 33, 33, 187, 33, 33, 33, 104, 33, 90, 558, 279, 578, 238, 18, 209, 268, 420, 121, 544, 310, 247, 59, 247, 320, 388, 167, 33, 33, 205, 205, 259, 513, 437, 33, 546, 471, 165, 546, 471, 33, 33, 49, 33, 184, 359, 33, 105, 106, 248, 482, 453, 184, 184, 165, 42, 184, 290, 435, 114, 42, 42, 290, 416, 42, 42, 290, 42, 464, 437, 42, 106, 42, 123, 42, 92, 453, 57, 186, 106, 42, 42, 42, 42, 106, 42, 453, 453, 42, 106, 106, 42, 290, 154, 290, 301, 290, 1, 42, 184, 184, 33, 180, 106, 1, 42, 310, 146, 33, 184, 290, 76, 107, 163, 106, 42, 106, 1, 33, 290, 42, 33, 136, 42, 290, 42, 33, 33, 42, 42, 23, 184, 437, 225, 103, 42, 290, 42, 290, 1, 106, 290, 290, 290, 575, 318, 290, 42, 139, 42, 242, 184, 293, 24, 318, 42, 35, 363, 88, 33, 134, 33, 184, 290, 184, 236, 106, 290, 437, 426, 295, 42, 42, 1, 33, 184, 43, 42, 106, 106, 122, 42, 106, 42, 187, 290, 42, 184, 42, 33, 36, 106, 318, 290, 42, 290, 42, 184, 186, 1, 187, 33, 446, 290, 113, 290, 42, 30, 33, 258, 42, 43, 184, 106, 290, 290, 1, 42, 42, 184, 380, 290, 563, 585, 183, 33, 42, 290, 42, 290, 106, 318, 290, 42, 103, 42, 137, 184, 184, 386, 290, 106, 106, 410, 169, 184, 106, 106, 106, 42, 267, 106, 142, 49, 325, 184, 88, 106, 42, 42, 386, 42, 184, 33, 530, 33, 42, 42, 184, 184, 310, 106, 290, 106, 318, 415, 184, 359, 92, 25, 1, 42, 187, 90, 563, 310, 184, 24, 106, 42, 290, 290, 184, 462, 48, 141, 42, 1, 42, 324, 42, 33, 290, 583, 558, 184, 184, 42, 42, 551, 226, 290, 33, 33, 297, 106, 184, 42, 184, 234, 105, 106, 1, 106, 42, 234, 42, 310, 290, 290, 106, 184, 42, 106, 546, 276, 386, 42, 184, 184, 503, 276, 42, 106, 42, 106, 33, 290, 386, 457, 42, 42, 106, 42, 106, 106, 106, 248, 106, 154, 557, 184, 33, 276, 184, 26, 90, 290, 42, 184, 482, 290, 437, 106, 106, 154, 106, 184, 423, 290, 106, 42, 42, 290, 42, 184, 322, 553, 42, 1, 184, 106, 33, 225, 225, 290, 290, 320, 106, 322, 106, 184, 184, 106, 184, 373, 42, 106, 107, 184, 453, 106, 137, 290, 184, 290, 489, 106, 42, 184, 33, 184, 189, 290, 106, 184, 42, 184, 204, 106, 165, 106, 290, 310, 517, 290, 42, 42, 42, 137, 184, 165, 184, 290, 572, 184, 33, 276, 290, 42, 184, 437, 318, 42, 184, 42, 184, 184, 538, 290, 518, 184, 42, 225, 441, 437, 234, 199, 437, 337, 437, 437, 437, 437, 252, 247, 437, 33, 167, 586, 437, 33, 581, 437, 33, 250, 167, 437, 437, 204, 327, 137, 137, 137, 33, 33, 187, 310, 165, 133, 332, 488, 165, 310, 409, 366, 524, 190, 581, 457, 293, 531, 33, 457, 548, 234, 552, 478, 291, 240, 283, 33, 420, 167, 33, 286, 418, 205, 33, 234, 457, 531, 158, 581, 298, 85, 53, 33, 121, 558, 121, 310, 333, 528, 205, 43, 33, 502, 33, 581, 33, 183, 216, 581, 33, 33, 228, 513, 121, 343, 581, 33, 198, 178, 167, 248, 33, 104, 102, 198, 33, 261, 418, 33, 437, 260, 532, 310, 483, 53, 581, 220, 524, 43, 497, 334, 33, 121, 33, 33, 33, 150, 251, 204, 33, 33, 363, 32, 33, 43, 581, 250, 390, 33, 33, 248, 33, 202, 481, 219, 33, 577, 174, 221, 198, 33, 205, 204, 558, 546, 121, 5, 33, 513, 205, 33, 330, 352, 205, 513, 183, 187, 183, 310, 51, 156, 118, 33, 90, 33, 293, 183, 33, 33, 33, 33, 346, 33, 420, 310, 347, 91, 33, 234, 43, 335, 33, 81, 133, 41, 204, 33, 524, 215, 165, 33, 158, 409, 283, 204, 240, 332, 251, 93, 310, 581, 33, 346, 291, 33, 457, 51, 33, 286, 33, 548, 234, 156, 420, 80, 248, 121, 248, 121, 567, 457, 205, 217, 558, 435, 228, 121, 77, 333, 33, 310, 435, 420, 478, 121, 418, 121, 205, 153, 33, 435, 205, 121, 261, 216, 528, 205, 558, 221, 33, 552, 435, 248, 32, 581, 310, 159, 32, 202, 187, 310, 437, 485, 310, 93, 234, 33, 420, 558, 437, 202, 310, 33, 437, 205, 581, 178, 33, 102, 581, 88, 33, 134, 90, 85, 310, 81, 33, 532, 581, 581, 581, 310, 531, 33, 310, 104, 33, 581, 33, 33, 33, 531, 260, 513, 33, 33, 33, 33, 513, 33, 51, 235, 33, 435, 369, 520, 531, 91, 