{"Run": 0, "K": 199, "WCSSD": 2454.736319462069, "Purity": 0.446321213856284, "Time": 7.473696947097778, "Kmeans_Labels": [166, 113, 10, 48, 10, 10, 113, 141, 113, 138, 10, 53, 159, 159, 10, 10, 10, 161, 10, 74, 10, 10, 31, 159, 159, 161, 10, 161, 188, 10, 159, 10, 188, 161, 10, 10, 159, 159, 53, 155, 31, 159, 22, 47, 159, 119, 159, 10, 10, 173, 10, 122, 122, 10, 166, 168, 10, 161, 48, 48, 10, 161, 10, 22, 168, 15, 159, 113, 159, 168, 161, 10, 10, 10, 10, 10, 10, 10, 117, 10, 173, 10, 10, 161, 141, 10, 90, 63, 10, 10, 10, 143, 168, 10, 173, 10, 10, 10, 141, 193, 141, 31, 10, 87, 87, 1, 1, 43, 10, 31, 115, 115, 115, 159, 166, 31, 31, 10, 114, 81, 10, 10, 170, 10, 10, 81, 10, 48, 10, 114, 81, 81, 114, 10, 10, 188, 10, 10, 10, 10, 16, 48, 59, 188, 81, 170, 10, 10, 10, 48, 75, 9, 90, 188, 10, 81, 10, 10, 48, 10, 10, 81, 81, 10, 10, 81, 90, 31, 10, 90, 117, 10, 10, 122, 81, 10, 156, 20, 81, 10, 10, 10, 173, 173, 81, 10, 81, 10, 10, 193, 10, 16, 31, 81, 10, 10, 10, 31, 10, 10, 141, 31, 117, 156, 81, 141, 81, 141, 10, 150, 31, 10, 141, 141, 141, 81, 81, 10, 53, 16, 141, 10, 10, 53, 10, 81, 10, 10, 122, 81, 10, 10, 141, 10, 141, 10, 10, 188, 10, 10, 81, 10, 16, 141, 122, 10, 10, 10, 31, 81, 1, 1, 10, 81, 122, 31, 81, 10, 81, 10, 114, 10, 53, 10, 81, 10, 31, 87, 10, 10, 10, 1, 193, 10, 1, 10, 193, 10, 81, 81, 81, 166, 166, 10, 1, 1, 156, 87, 1, 102, 81, 1, 10, 115, 87, 1, 10, 1, 87, 114, 10, 1, 10, 10, 10, 1, 1, 1, 1, 115, 16, 166, 87, 10, 10, 166, 10, 115, 115, 10, 115, 115, 122, 115, 156, 53, 10, 166, 16, 10, 188, 81, 81, 166, 122, 193, 81, 166, 161, 81, 10, 10, 119, 193, 81, 114, 10, 119, 143, 195, 119, 193, 122, 119, 53, 10, 10, 10, 190, 83, 83, 10, 10, 83, 115, 16, 182, 83, 81, 10, 83, 83, 182, 81, 182, 81, 81, 116, 114, 117, 114, 137, 81, 22, 10, 122, 122, 161, 10, 193, 10, 10, 117, 193, 58, 10, 156, 14, 10, 47, 16, 114, 48, 10, 114, 16, 10, 10, 48, 10, 10, 10, 168, 90, 88, 10, 1, 31, 90, 81, 10, 10, 10, 10, 47, 87, 10, 115, 190, 83, 83, 58, 10, 90, 10, 114, 114, 163, 163, 10, 48, 10, 9, 9, 10, 10, 62, 62, 10, 115, 53, 53, 115, 47, 10, 83, 83, 137, 91, 91, 10, 10, 10, 168, 168, 188, 22, 22, 48, 168, 168, 168, 48, 168, 14, 16, 10, 10, 10, 10, 141, 141, 10, 10, 10, 10, 10, 66, 66, 66, 9, 65, 10, 10, 10, 27, 133, 9, 9, 133, 141, 143, 16, 10, 10, 10, 173, 10, 87, 10, 10, 10, 10, 10, 10, 10, 132, 10, 132, 48, 87, 114, 87, 87, 87, 87, 114, 10, 10, 115, 115, 1, 115, 115, 87, 87, 115, 115, 115, 53, 115, 129, 129, 115, 115, 10, 10, 93, 93, 93, 93, 10, 10, 115, 115, 10, 110, 110, 110, 110, 14, 10, 16, 16, 53, 10, 10, 53, 53, 10, 10, 10, 10, 77, 10, 10, 10, 16, 119, 119, 119, 119, 119, 137, 10, 64, 10, 10, 10, 83, 83, 9, 143, 9, 10, 10, 182, 182, 182, 182, 10, 10, 83, 83, 83, 83, 10, 105, 105, 182, 182, 182, 182, 182, 182, 83, 83, 83, 10, 56, 14, 161, 90, 187, 187, 187, 187, 187, 187, 187, 187, 187, 53, 53, 187, 187, 187, 159, 187, 187, 187, 187, 114, 187, 187, 187, 178, 156, 47, 47, 10, 83, 22, 22, 117, 117, 168, 168, 10, 166, 168, 168, 122, 10, 10, 10, 168, 10, 48, 47, 156, 48, 10, 10, 10, 58, 47, 173, 173, 117, 173, 173, 10, 173, 173, 10, 10, 168, 0, 10, 168, 10, 10, 10, 173, 63, 173, 173, 173, 47, 10, 58, 126, 66, 173, 10, 173, 173, 58, 173, 173, 173, 10, 173, 10, 173, 10, 10, 173, 173, 63, 173, 10, 10, 173, 173, 47, 10, 136, 136, 87, 87, 87, 10, 87, 87, 10, 55, 87, 87, 10, 93, 115, 87, 115, 1, 115, 115, 115, 87, 115, 87, 115, 115, 115, 87, 10, 115, 115, 115, 115, 115, 115, 10, 9, 146, 115, 115, 143, 10, 54, 54, 54, 93, 93, 93, 115, 93, 115, 93, 93, 93, 54, 54, 115, 54, 115, 173, 54, 54, 54, 10, 50, 115, 115, 10, 9, 54, 54, 54, 10, 10, 10, 9, 177, 177, 54, 115, 161, 161, 115, 177, 10, 10, 10, 10, 10, 10, 10, 10, 143, 119, 119, 115, 115, 10, 54, 54, 10, 10, 10, 10, 10, 10, 114, 10, 10, 10, 10, 10, 10, 10, 83, 83, 83, 10, 182, 83, 83, 182, 156, 197, 83, 117, 83, 83, 197, 10, 83, 83, 192, 83, 139, 139, 10, 19, 83, 19, 10, 180, 115, 83, 182, 10, 31, 10, 114, 114, 83, 188, 10, 168, 173, 10, 168, 188, 168, 10, 10, 10, 10, 173, 143, 10, 10, 63, 10, 63, 173, 123, 173, 10, 6, 87, 115, 93, 115, 31, 10, 117, 117, 117, 40, 10, 48, 188, 10, 117, 10, 31, 161, 122, 10, 166, 115, 83, 166, 115, 10, 10, 108, 10, 108, 37, 10, 87, 37, 47, 37, 37, 108, 108, 83, 40, 108, 40, 31, 40, 40, 40, 40, 31, 40, 40, 40, 40, 37, 31, 40, 37, 40, 40, 40, 40, 193, 40, 108, 37, 40, 40, 40, 40, 37, 40, 31, 31, 40, 37, 37, 40, 184, 37, 40, 10, 40, 2, 40, 108, 108, 10, 122, 37, 40, 40, 10, 10, 173, 108, 108, 40, 31, 156, 37, 40, 37, 40, 10, 40, 40, 10, 131, 40, 40, 40, 10, 10, 40, 40, 40, 108, 116, 188, 40, 40, 40, 40, 40, 40, 37, 40, 40, 40, 40, 31, 40, 40, 40, 40, 40, 108, 113, 143, 108, 40, 40, 118, 31, 10, 20, 10, 108, 40, 108, 22, 37, 40, 10, 37, 40, 40, 40, 40, 161, 108, 92, 40, 37, 37, 37, 40, 37, 40, 10, 40, 40, 108, 40, 10, 58, 37, 37, 40, 40, 40, 40, 108, 108, 63, 114, 10, 40, 40, 37, 29, 40, 20, 10, 40, 40, 14, 108, 37, 40, 40, 40, 40, 40, 108, 108, 40, 37, 40, 16, 10, 40, 10, 40, 9, 37, 40, 40, 40, 159, 40, 10, 108, 108, 10, 10, 167, 37, 40, 40, 108, 37, 37, 37, 40, 10, 37, 41, 108, 40, 108, 47, 37, 40, 40, 193, 40, 108, 10, 40, 10, 40, 40, 108, 108, 10, 37, 40, 196, 31, 31, 108, 37, 40, 40, 40, 40, 10, 63, 37, 10, 108, 143, 37, 40, 37, 8, 108, 108, 10, 31, 40, 40, 40, 108, 40, 10, 40, 37, 10, 108, 108, 40, 40, 37, 191, 40, 10, 10, 40, 37, 108, 40, 108, 10, 87, 37, 40, 37, 40, 10, 40, 31, 87, 40, 37, 108, 40, 37, 166, 37, 117, 40, 108, 108, 40, 122, 40, 37, 40, 37, 10, 40, 122, 31, 40, 40, 124, 40, 37, 37, 37, 47, 37, 37, 37, 108, 10, 40, 108, 40, 125, 40, 40, 108, 37, 40, 137, 37, 37, 40, 37, 108, 31, 108, 37, 40, 40, 108, 40, 108, 107, 108, 40, 188, 108, 37, 193, 188, 188, 40, 40, 40, 33, 37, 37, 108, 108, 3, 108, 37, 40, 37, 31, 108, 37, 37, 10, 108, 194, 108, 107, 37, 40, 108, 15, 108, 108, 108, 37, 108, 40, 108, 83, 37, 83, 37, 83, 31, 37, 108, 40, 40, 40, 193, 108, 19, 108, 40, 40, 108, 10, 108, 40, 40, 108, 31, 31, 40, 108, 40, 108, 108, 108, 40, 40, 108, 40, 188, 31, 122, 31, 193, 122, 10, 122, 122, 122, 122, 31, 114, 122, 10, 4, 10, 122, 188, 53, 122, 10, 117, 4, 122, 122, 83, 159, 79, 79, 79, 10, 10, 10, 18, 94, 44, 83, 190, 83, 10, 83, 83, 182, 83, 137, 47, 113, 183, 10, 10, 54, 10, 10, 10, 119, 38, 182, 123, 31, 10, 10, 151, 10, 10, 96, 73, 10, 66, 182, 45, 10, 87, 10, 149, 186, 48, 115, 10, 10, 87, 114, 14, 10, 10, 10, 53, 10, 16, 87, 53, 10, 10, 93, 161, 115, 173, 53, 10, 168, 10, 48, 47, 10, 63, 54, 168, 10, 87, 10, 10, 113, 188, 27, 10, 119, 10, 53, 10, 182, 145, 44, 22, 10, 115, 10, 10, 10, 114, 10, 83, 173, 173, 15, 156, 10, 14, 26, 114, 10, 173, 10, 47, 112, 1, 31, 182, 36, 10, 10, 10, 168, 10, 69, 182, 10, 166, 115, 85, 10, 161, 10, 10, 48, 10, 10, 161, 46, 114, 16, 10, 121, 166, 134, 10, 63, 10, 113, 16, 10, 117, 10, 89, 10, 10, 10, 31, 15, 10, 173, 10, 14, 31, 10, 10, 44, 31, 83, 10, 182, 115, 83, 10, 182, 83, 182, 182, 38, 83, 10, 10, 10, 137, 10, 10, 119, 10, 10, 9, 10, 151, 149, 54, 73, 166, 10, 10, 47, 115, 47, 98, 10, 47, 193, 122, 10, 31, 93, 115, 10, 10, 73, 137, 10, 31, 10, 186, 10, 115, 193, 10, 10, 10, 122, 115, 87, 87, 87, 10, 10, 10, 10, 10, 31, 47, 156, 53, 74, 114, 156, 1, 10, 10, 31, 31, 10, 10, 10, 123, 31, 10, 10, 1, 31, 112, 122, 10, 53, 10, 10, 28, 154, 161, 173, 20, 63, 87, 10, 10, 47, 27, 26, 53, 45, 10, 183, 10, 137, 63, 10, 53, 10, 89, 10, 66, 188, 161, 10, 173, 10, 10, 161, 173, 121, 10, 96, 31, 10, 10, 161, 10, 165, 10, 10, 10, 173, 168, 46, 161, 168, 137, 173, 10, 10, 10, 173, 10, 10, 114, 27, 10, 10, 27, 10, 27, 10, 27, 31, 10, 10, 122, 161, 47, 15, 10, 31, 188, 10, 161, 15, 161, 16, 117, 10, 48, 14, 14, 143, 164, 14, 15, 10, 161, 122, 14, 14, 31, 85, 10, 14, 113, 10, 80, 10, 145, 10, 31, 10, 16, 58, 10, 161, 10, 48, 113, 122, 10, 31, 10, 10, 16, 10, 175, 31, 168, 10, 48, 10, 188, 137, 10, 10, 36, 114, 161, 164, 173, 161, 10, 173, 48, 10, 22, 166, 10, 16, 161, 156, 10, 10, 10, 10, 10, 80, 27, 10, 14, 115, 31, 72, 10, 117, 122, 10, 58, 143, 10, 9, 14, 127, 15, 193, 27, 162, 58, 47, 73, 122, 168, 10, 10, 10, 114, 69, 10, 10, 10, 31, 10, 