{"Run": 14, "K": 304, "WCSSD": 2335.5540749801844, "Purity": 0.4683653020326367, "Time": 16.34206509590149, "Kmeans_Labels": [85, 168, 30, 30, 2, 59, 287, 248, 287, 294, 119, 4, 72, 72, 238, 2, 2, 82, 55, 230, 2, 2, 14, 72, 72, 82, 59, 82, 230, 2, 72, 2, 230, 82, 2, 14, 72, 72, 4, 72, 24, 72, 50, 250, 72, 2, 72, 2, 2, 2, 130, 59, 59, 2, 85, 20, 55, 82, 30, 30, 2, 82, 2, 118, 20, 51, 72, 287, 72, 206, 82, 2, 2, 2, 147, 2, 220, 2, 2, 2, 2, 55, 2, 82, 248, 144, 2, 2, 2, 2, 2, 117, 20, 2, 2, 2, 2, 119, 248, 2, 248, 147, 2, 80, 2, 80, 80, 255, 2, 147, 50, 50, 50, 72, 85, 147, 14, 2, 59, 46, 2, 2, 46, 30, 30, 46, 2, 30, 14, 2, 46, 46, 115, 2, 49, 230, 2, 2, 2, 2, 103, 30, 30, 230, 46, 46, 2, 284, 2, 30, 46, 126, 2, 230, 2, 46, 2, 2, 30, 2, 55, 208, 46, 2, 80, 46, 132, 259, 31, 132, 159, 2, 2, 59, 46, 54, 118, 87, 46, 170, 130, 2, 302, 302, 46, 2, 46, 59, 2, 2, 119, 103, 59, 46, 30, 172, 170, 119, 2, 261, 248, 2, 2, 118, 46, 248, 46, 248, 2, 59, 2, 269, 248, 248, 248, 46, 46, 2, 4, 85, 248, 275, 2, 4, 119, 277, 2, 125, 59, 46, 2, 2, 248, 2, 248, 14, 2, 230, 2, 203, 46, 14, 103, 294, 59, 248, 186, 2, 119, 46, 80, 80, 2, 195, 59, 2, 46, 172, 46, 2, 55, 85, 4, 30, 46, 2, 119, 80, 2, 261, 14, 80, 283, 172, 80, 80, 237, 2, 46, 46, 46, 85, 88, 2, 80, 80, 118, 80, 80, 14, 46, 80, 2, 50, 80, 80, 2, 80, 50, 230, 2, 80, 2, 211, 4, 282, 80, 80, 119, 50, 103, 85, 4, 14, 261, 85, 2, 50, 50, 230, 50, 50, 59, 50, 118, 4, 2, 85, 103, 294, 230, 46, 46, 85, 59, 119, 46, 26, 82, 46, 2, 211, 248, 119, 46, 59, 2, 46, 2, 14, 103, 55, 59, 2, 107, 85, 2, 77, 21, 288, 299, 211, 245, 288, 91, 103, 288, 12, 223, 119, 12, 12, 211, 223, 211, 223, 46, 46, 59, 2, 59, 59, 46, 2, 179, 59, 59, 82, 30, 119, 2, 2, 2, 283, 2, 2, 118, 295, 2, 250, 103, 2, 30, 2, 2, 103, 48, 30, 30, 2, 14, 55, 243, 132, 287, 106, 80, 119, 2, 46, 55, 30, 2, 2, 250, 2, 2, 50, 21, 12, 12, 242, 2, 132, 230, 55, 55, 230, 230, 55, 30, 136, 11, 11, 2, 2, 50, 50, 14, 50, 4, 4, 50, 250, 230, 211, 211, 55, 288, 288, 211, 211, 2, 20, 20, 2, 20, 20, 30, 20, 20, 20, 30, 20, 252, 103, 2, 2, 37, 37, 248, 248, 2, 2, 2, 57, 57, 225, 225, 2, 126, 2, 2, 2, 2, 49, 2, 126, 126, 2, 248, 215, 103, 2, 2, 2, 201, 225, 120, 30, 30, 211, 2, 2, 301, 301, 2, 98, 2, 30, 80, 2, 30, 80, 80, 30, 2, 100, 229, 89, 89, 71, 50, 50, 80, 80, 50, 50, 50, 4, 189, 80, 80, 52, 52, 2, 2, 50, 50, 50, 50, 294, 294, 50, 50, 2, 126, 126, 126, 126, 295, 2, 103, 103, 4, 2, 2, 4, 4, 2, 2, 176, 176, 2, 2, 2, 2, 103, 2, 2, 2, 2, 2, 300, 55, 73, 56, 56, 14, 12, 12, 194, 2, 194, 122, 122, 192, 192, 79, 79, 29, 29, 288, 288, 79, 79, 230, 12, 12, 79, 79, 192, 192, 211, 75, 12, 12, 12, 55, 2, 295, 82, 14, 62, 33, 33, 33, 33, 33, 33, 33, 33, 4, 4, 41, 33, 33, 72, 33, 33, 33, 33, 55, 28, 33, 33, 33, 118, 119, 250, 2, 288, 222, 222, 20, 20, 20, 20, 59, 85, 20, 20, 59, 2, 2, 2, 20, 269, 30, 250, 118, 30, 2, 2, 2, 87, 250, 2, 30, 287, 112, 112, 2, 112, 112, 2, 2, 37, 2, 2, 20, 2, 2, 2, 225, 2, 225, 154, 154, 250, 225, 2, 2, 2, 225, 241, 225, 2, 2, 225, 2, 2, 130, 225, 2, 225, 2, 2, 264, 225, 2, 2, 2, 2, 2, 120, 250, 16, 2, 2, 2, 103, 149, 50, 2, 49, 2, 50, 149, 80, 50, 71, 50, 80, 71, 71, 71, 71, 71, 2, 50, 85, 50, 50, 50, 50, 2, 123, 50, 85, 50, 85, 189, 2, 126, 50, 50, 50, 119, 119, 50, 50, 50, 231, 50, 50, 50, 71, 50, 71, 71, 231, 50, 231, 50, 231, 76, 276, 50, 294, 294, 2, 294, 76, 76, 294, 61, 187, 187, 142, 294, 211, 211, 61, 50, 50, 50, 50, 82, 82, 50, 211, 211, 2, 211, 211, 211, 103, 211, 2, 211, 271, 271, 85, 85, 171, 294, 211, 85, 211, 14, 211, 2, 2, 2, 211, 211, 211, 211, 211, 2, 2, 12, 12, 12, 211, 79, 12, 288, 79, 118, 12, 211, 2, 288, 90, 12, 211, 90, 90, 55, 288, 106, 106, 211, 12, 12, 12, 211, 2, 50, 12, 192, 211, 147, 185, 185, 185, 12, 230, 2, 20, 3, 2, 20, 230, 20, 2, 2, 2, 2, 59, 2, 2, 2, 47, 2, 2, 2, 281, 2, 2, 50, 71, 50, 71, 50, 119, 211, 53, 2, 53, 111, 174, 30, 2, 2, 2, 59, 31, 82, 59, 119, 85, 50, 12, 85, 50, 2, 119, 111, 2, 111, 169, 105, 2, 169, 250, 169, 169, 111, 111, 12, 111, 111, 111, 55, 111, 111, 111, 111, 18, 111, 111, 111, 111, 169, 105, 111, 169, 111, 111, 111, 111, 49, 111, 111, 169, 111, 111, 111, 111, 169, 111, 49, 49, 111, 169, 169, 111, 111, 169, 111, 2, 111, 111, 111, 111, 111, 2, 14, 169, 111, 111, 2, 196, 2, 111, 111, 111, 59, 118, 169, 111, 169, 111, 2, 111, 111, 2, 272, 111, 111, 111, 2, 2, 111, 111, 272, 111, 59, 230, 72, 111, 111, 111, 280, 111, 169, 111, 111, 42, 111, 152, 111, 111, 111, 111, 111, 111, 287, 14, 152, 111, 111, 51, 2, 2, 104, 2, 111, 111, 111, 2, 169, 111, 105, 169, 111, 111, 111, 129, 82, 111, 295, 111, 169, 169, 169, 111, 169, 111, 59, 15, 111, 111, 111, 2, 2, 169, 152, 111, 111, 111, 111, 111, 111, 111, 55, 2, 111, 111, 169, 111, 111, 87, 119, 111, 111, 295, 111, 169, 111, 111, 111, 111, 111, 111, 111, 111, 188, 111, 103, 2, 111, 2, 111, 126, 169, 152, 111, 164, 72, 111, 119, 111, 111, 2, 16, 169, 169, 111, 111, 111, 169, 19, 169, 111, 2, 169, 119, 111, 111, 111, 250, 169, 111, 111, 59, 111, 111, 2, 111, 2, 111, 111, 111, 111, 14, 188, 111, 93, 152, 44, 111, 169, 152, 111, 111, 111, 59, 129, 188, 276, 111, 14, 169, 111, 152, 111, 111, 111, 66, 18, 111, 111, 111, 111, 111, 105, 177, 152, 2, 111, 111, 111, 111, 169, 169, 74, 14, 2, 111, 169, 111, 111, 92, 119, 2, 169, 111, 25, 111, 2, 111, 14, 16, 111, 169, 111, 111, 169, 85, 165, 59, 111, 111, 111, 111, 165, 111, 169, 111, 169, 2, 111, 55, 59, 111, 111, 169, 111, 169, 169, 169, 250, 169, 169, 169, 111, 2, 165, 298, 31, 119, 111, 111, 111, 169, 111, 49, 169, 169, 111, 169, 111, 14, 111, 169, 111, 111, 111, 111, 111, 34, 111, 111, 111, 111, 169, 2, 230, 230, 111, 111, 111, 169, 169, 169, 111, 111, 169, 111, 169, 111, 169, 59, 111, 169, 169, 59, 111, 111, 111, 165, 169, 111, 27, 51, 111, 111, 12, 169, 111, 111, 111, 288, 169, 12, 25, 12, 14, 25, 111, 111, 111, 111, 2, 247, 12, 111, 111, 111, 111, 211, 111, 111, 111, 111, 59, 152, 111, 111, 111, 111, 111, 111, 111, 111, 111, 111, 230, 205, 59, 55, 14, 59, 2, 59, 59, 59, 59, 59, 59, 59, 2, 30, 14, 59, 230, 4, 59, 2, 211, 30, 59, 59, 288, 72, 119, 119, 119, 119, 2, 2, 2, 12, 58, 12, 21, 12, 245, 211, 288, 192, 288, 4, 250, 287, 2, 2, 211, 294, 211, 2, 119, 2, 49, 211, 281, 14, 30, 119, 85, 2, 2, 2, 101, 211, 2, 211, 4, 2, 2, 2, 2, 50, 30, 50, 211, 211, 80, 216, 295, 98, 2, 2, 4, 141, 103, 80, 4, 2, 278, 50, 82, 50, 112, 4, 2, 37, 195, 30, 102, 71, 47, 294, 37, 2, 2, 24, 2, 55, 230, 49, 2, 2, 2, 4, 2, 192, 295, 58, 222, 2, 50, 2, 2, 2, 55, 211, 185, 119, 2, 22, 118, 2, 295, 4, 14, 2, 225, 2, 250, 2, 80, 2, 79, 5, 2, 2, 55, 167, 2, 134, 79, 2, 85, 71, 230, 2, 131, 2, 2, 30, 2, 2, 202, 103, 59, 103, 119, 126, 85, 21, 263, 2, 118, 287, 103, 211, 2, 2, 2, 2, 2, 119, 49, 51, 2, 2, 124, 295, 119, 2, 2, 58, 55, 185, 211, 192, 50, 12, 2, 211, 211, 211, 79, 49, 12, 211, 24, 211, 4, 2, 2, 2, 2, 211, 126, 2, 85, 2, 294, 101, 85, 119, 276, 250, 50, 102, 50, 59, 250, 55, 66, 2, 55, 50, 50, 2, 211, 101, 49, 55, 205, 119, 50, 2, 50, 55, 55, 71, 55, 59, 71, 2, 80, 80, 2, 2, 55, 98, 2, 55, 102, 118, 4, 2, 119, 118, 80, 55, 55, 119, 55, 2, 24, 49, 281, 205, 55, 55, 80, 14, 2, 59, 2, 4, 195, 2, 294, 256, 270, 2, 87, 2, 2, 174, 2, 250, 49, 4, 4, 4, 211, 2, 2, 173, 47, 14, 4, 263, 2, 141, 2, 230, 82, 2, 2, 278, 2, 131, 2, 126, 2, 2, 55, 2, 276, 82, 2, 49, 153, 2, 119, 225, 37, 103, 82, 37, 59, 2, 2, 2, 2, 112, 2, 2, 55, 49, 118, 2, 49, 2, 49, 54, 49, 49, 31, 2, 59, 82, 250, 96, 2, 2, 118, 2, 82, 51, 118, 103, 6, 2, 30, 249, 295, 14, 14, 295, 22, 2, 82, 55, 295, 191, 14, 230, 2, 295, 287, 2, 2, 30, 295, 2, 259, 2, 103, 87, 24, 199, 2, 30, 55, 59, 2, 14, 2, 2, 103, 2, 2, 119, 167, 30, 30, 2, 230, 49, 124, 55, 5, 59, 202, 14, 119, 82, 2, 3, 30, 2, 222, 85, 2, 103, 82, 118, 2, 2, 2, 276, 174, 2, 49, 49, 191, 50, 18, 17, 55, 118, 59, 55, 87, 14, 276, 126, 295, 2, 96, 55, 49, 59, 118, 250, 101, 59, 20, 54, 2, 24, 55, 134, 2, 276, 55, 55, 24, 36, 222, 2, 20, 2, 21, 59, 2, 276, 211, 12, 211, 79, 58, 12, 12, 205, 21, 12, 192, 83, 248, 83, 288, 83, 251, 30, 83, 85, 147, 147, 80, 30, 12, 166, 85, 248, 83, 1, 55, 65, 83, 83, 50, 83, 118, 83, 83,