{"Run": 0, "K": 60, "WCSSD": 2693.620620367902, "Purity": 0.2534708003227992, "Time": 1.622135877609253, "Kmeans_Labels": [38, 38, 33, 33, 38, 38, 38, 32, 38, 32, 38, 38, 38, 38, 38, 38, 6, 46, 38, 38, 38, 38, 38, 38, 38, 46, 38, 46, 38, 32, 25, 38, 38, 46, 38, 38, 38, 38, 25, 38, 38, 13, 20, 49, 20, 38, 38, 38, 38, 38, 25, 38, 38, 38, 38, 38, 43, 46, 33, 33, 38, 46, 46, 19, 38, 47, 38, 47, 38, 46, 46, 25, 38, 25, 38, 38, 38, 38, 6, 38, 38, 38, 32, 46, 38, 38, 38, 38, 38, 32, 38, 38, 32, 32, 38, 38, 38, 38, 38, 38, 38, 38, 38, 13, 13, 13, 13, 13, 32, 38, 20, 20, 20, 51, 32, 38, 38, 38, 38, 31, 38, 38, 31, 33, 33, 31, 38, 33, 38, 38, 31, 31, 38, 38, 38, 38, 38, 49, 38, 38, 16, 33, 33, 16, 31, 31, 38, 38, 38, 33, 31, 11, 38, 38, 38, 31, 38, 38, 33, 38, 38, 31, 31, 38, 13, 31, 38, 38, 38, 38, 6, 38, 38, 38, 31, 38, 19, 23, 31, 38, 25, 38, 38, 38, 31, 38, 31, 38, 38, 38, 38, 16, 38, 31, 33, 33, 38, 38, 38, 32, 19, 38, 6, 19, 31, 38, 31, 32, 32, 59, 38, 38, 31, 38, 38, 31, 31, 32, 38, 16, 31, 38, 38, 38, 38, 31, 38, 32, 38, 31, 38, 38, 38, 38, 32, 38, 32, 49, 38, 38, 31, 38, 16, 52, 38, 32, 52, 38, 38, 31, 13, 13, 38, 31, 38, 38, 31, 38, 31, 38, 38, 38, 38, 33, 31, 38, 38, 13, 38, 19, 38, 13, 38, 38, 13, 38, 38, 38, 31, 31, 31, 13, 38, 38, 38, 13, 19, 13, 38, 38, 31, 13, 38, 20, 13, 13, 38, 13, 20, 38, 23, 13, 13, 13, 13, 13, 13, 13, 13, 20, 16, 38, 13, 38, 32, 52, 6, 20, 20, 38, 20, 20, 38, 20, 19, 38, 38, 38, 16, 52, 38, 31, 31, 38, 38, 38, 31, 38, 46, 31, 38, 38, 16, 38, 31, 38, 38, 31, 38, 38, 16, 38, 38, 38, 38, 38, 38, 38, 17, 0, 58, 38, 38, 58, 20, 16, 50, 58, 31, 38, 58, 58, 50, 31, 50, 31, 31, 31, 38, 6, 38, 38, 31, 6, 38, 38, 38, 46, 33, 38, 38, 38, 6, 38, 38, 38, 19, 38, 38, 49, 16, 38, 33, 38, 38, 16, 31, 19, 33, 38, 38, 38, 38, 38, 38, 38, 13, 38, 38, 31, 38, 33, 38, 38, 49, 13, 38, 20, 17, 58, 39, 23, 38, 38, 38, 38, 38, 38, 38, 38, 33, 38, 11, 11, 32, 32, 20, 20, 20, 20, 38, 38, 20, 49, 38, 58, 58, 14, 58, 58, 38, 38, 38, 38, 38, 38, 38, 38, 33, 38, 38, 38, 33, 38, 19, 16, 38, 32, 32, 32, 32, 32, 32, 32, 32, 38, 38, 32, 32, 32, 11, 38, 32, 32, 25, 38, 38, 11, 11, 38, 38, 38, 16, 32, 32, 38, 32, 32, 32, 33, 33, 38, 38, 38, 38, 38, 38, 13, 38, 33, 13, 38, 33, 13, 13, 33, 38, 32, 33, 27, 27, 13, 32, 32, 13, 13, 32, 32, 27, 38, 20, 13, 13, 32, 32, 38, 38, 27, 27, 27, 27, 38, 38, 27, 27, 38, 11, 11, 11, 11, 38, 38, 16, 16, 38, 21, 21, 38, 38, 38, 38, 20, 20, 38, 38, 38, 38, 16, 38, 38, 38, 16, 16, 38, 38, 38, 38, 38, 38, 58, 58, 11, 38, 11, 38, 38, 50, 50, 50, 50, 57, 57, 39, 39, 15, 15, 38, 39, 39, 15, 15, 50, 50, 50, 50, 58, 58, 58, 38, 38, 25, 46, 25, 22, 22, 22, 22, 22, 22, 22, 22, 22, 22, 32, 22, 22, 22, 38, 22, 22, 22, 22, 38, 22, 22, 22, 22, 19, 49, 49, 38, 58, 6, 6, 6, 6, 38, 38, 38, 38, 56, 56, 38, 38, 38, 38, 38, 38, 33, 49, 19, 33, 38, 38, 38, 23, 49, 38, 32, 6, 32, 32, 38, 32, 32, 32, 38, 32, 6, 38, 32, 6, 32, 32, 32, 38, 32, 32, 32, 49, 32, 23, 25, 32, 32, 32, 32, 32, 32, 32, 32, 25, 25, 32, 32, 32, 32, 32, 32, 32, 38, 38, 32, 32, 32, 32, 49, 32, 38, 38, 13, 16, 13, 20, 13, 13, 38, 20, 13, 13, 13, 27, 20, 13, 27, 27, 27, 27, 27, 13, 20, 13, 20, 20, 20, 13, 38, 20, 13, 20, 20, 32, 20, 38, 11, 20, 20, 20, 38, 38, 20, 20, 20, 27, 27, 27, 27, 27, 20, 27, 27, 27, 20, 27, 20, 27, 20, 38, 20, 52, 52, 38, 52, 20, 20, 52, 11, 52, 52, 52, 52, 21, 21, 11, 20, 20, 20, 20, 46, 46, 20, 20, 38, 38, 38, 38, 38, 16, 38, 38, 38, 38, 38, 20, 20, 38, 52, 52, 16, 38, 38, 38, 38, 38, 38, 38, 38, 38, 38, 38, 38, 38, 58, 58, 58, 38, 50, 58, 39, 50, 19, 58, 39, 6, 58, 57, 58, 38, 57, 57, 38, 58, 6, 6, 38, 39, 39, 39, 38, 38, 38, 58, 50, 38, 38, 38, 38, 38, 58, 38, 38, 38, 6, 38, 38, 38, 38, 38, 38, 38, 38, 38, 38, 38, 38, 25, 38, 38, 38, 38, 6, 38, 20, 13, 20, 27, 20, 38, 38, 6, 6, 6, 4, 38, 33, 38, 38, 6, 25, 38, 46, 38, 38, 52, 7, 58, 52, 7, 38, 25, 34, 32, 4, 30, 38, 13, 30, 49, 30, 30, 4, 4, 39, 4, 4, 4, 38, 4, 4, 4, 4, 38, 4, 4, 4, 4, 30, 38, 4, 30, 4, 4, 4, 4, 38, 4, 4, 30, 4, 4, 4, 4, 30, 4, 38, 38, 4, 30, 30, 4, 4, 30, 4, 38, 4, 4, 4, 4, 4, 38, 38, 30, 4, 4, 25, 38, 38, 4, 4, 4, 38, 19, 30, 4, 30, 4, 38, 4, 4, 38, 4, 4, 4, 4, 38, 38, 4, 4, 4, 4, 38, 38, 47, 4, 4, 4, 4, 4, 30, 4, 4, 4, 4, 38, 4, 4, 9, 4, 4, 4, 38, 38, 4, 4, 4, 47, 38, 38, 41, 38, 4, 4, 4, 23, 30, 4, 38, 30, 4, 4, 4, 4, 46, 4, 38, 4, 30, 30, 30, 4, 30, 4, 38, 4, 4, 4, 4, 38, 23, 30, 30, 4, 4, 4, 4, 4, 4, 4, 38, 38, 4, 4, 30, 4, 4, 23, 25, 4, 4, 38, 4, 30, 4, 4, 4, 4, 4, 4, 4, 4, 30, 4, 16, 38, 4, 38, 4, 11, 30, 4, 4, 4, 4, 4, 38, 4, 4, 25, 38, 30, 30, 4, 4, 4, 30, 30, 30, 4, 38, 30, 23, 34, 4, 4, 49, 30, 4, 4, 38, 4, 4, 32, 4, 38, 4, 4, 4, 4, 38, 30, 4, 30, 4, 38, 4, 30, 4, 4, 4, 4, 38, 38, 30, 38, 4, 38, 30, 4, 4, 4, 4, 4, 38, 38, 4, 4, 4, 4, 4, 38, 4, 30, 38, 4, 4, 4, 4, 30, 30, 4, 38, 38, 4, 30, 4, 4, 24, 38, 13, 30, 4, 30, 4, 38, 4, 38, 4, 4, 30, 4, 4, 30, 20, 30, 6, 4, 4, 4, 4, 38, 4, 30, 4, 30, 38, 4, 38, 38, 4, 4, 30, 4, 30, 30, 30, 49, 30, 30, 30, 4, 38, 4, 4, 4, 38, 4, 4, 4, 30, 4, 38, 30, 30, 4, 30, 4, 38, 4, 30, 4, 4, 4, 4, 4, 30, 4, 4, 9, 4, 30, 38, 38, 38, 4, 4, 4, 30, 30, 36, 4, 4, 30, 4, 30, 4, 30, 38, 4, 30, 30, 38, 4, 4, 4, 38, 30, 4, 4, 47, 4, 4, 4, 30, 4, 4, 4, 58, 30, 39, 30, 58, 38, 30, 4, 4, 4, 4, 38, 4, 39, 4, 4, 4, 4, 38, 4, 4, 4, 4, 38, 38, 4, 4, 4, 4, 4, 4, 4, 4, 4, 4, 38, 38, 38, 38, 38, 38, 38, 38, 38, 38, 38, 38, 38, 38, 38, 33, 38, 38, 38, 38, 38, 38, 6, 33, 38, 38, 39, 38, 38, 38, 38, 38, 38, 12, 38, 39, 38, 58, 12, 39, 38, 39, 58, 50, 58, 38, 49, 38, 32, 38, 38, 52, 38, 2, 38, 38, 38, 50, 38, 38, 33, 38, 20, 38, 38, 32, 38, 38, 32, 50, 32, 38, 13, 32, 38, 20, 33, 32, 6, 46, 13, 38, 25, 38, 38, 38, 38, 38, 16, 13, 13, 38, 38, 27, 46, 20, 32, 32, 38, 32, 38, 33, 49, 27, 25, 52, 32, 38, 13, 38, 32, 38, 46, 38, 38, 38, 32, 38, 38, 50, 38, 38, 23, 38, 20, 38, 38, 38, 38, 38, 58, 38, 38, 47, 19, 38, 16, 38, 38, 38, 32, 38, 49, 38, 13, 38, 50, 38, 38, 38, 38, 38, 38, 54, 50, 38, 38, 27, 38, 1, 46, 38, 38, 33, 38, 38, 46, 16, 38, 16, 6, 11, 38, 17, 38, 38, 19, 38, 16, 38, 6, 38, 38, 25, 38, 38, 38, 47, 38, 38, 38, 38, 38, 38, 38, 38, 38, 58, 38, 50, 20, 39, 38, 50, 39, 50, 50, 38, 58, 38, 38, 6, 38, 38, 25, 38, 38, 38, 11, 38, 20, 38, 52, 38, 38, 38, 38, 49, 20, 49, 27, 38, 49, 38, 38, 38, 38, 27, 20, 46, 46, 25, 38, 38, 38, 38, 20, 38, 32, 38, 38, 27, 38, 38, 27, 13, 13, 13, 38, 38, 38, 38, 2, 38, 49, 19, 13, 38, 38, 19, 13, 38, 38, 38, 38, 38, 38, 25, 38, 38, 38, 38, 13, 38, 38, 38, 38, 38, 38, 38, 38, 38, 46, 38, 23, 38, 13, 38, 38, 49, 38, 38, 38, 32, 38, 32, 38, 38, 25, 38, 32, 38, 38, 38, 32, 46, 46, 38, 32, 38, 38, 46, 38, 11, 38, 32, 38, 32, 38, 46, 38, 38, 38, 38, 6, 32, 32, 16, 46, 32, 38, 38, 38, 38, 32, 32, 32, 32, 38, 38, 19, 1, 38, 1, 38, 38, 38, 38, 38, 38, 38, 46, 49, 47, 38, 38, 19, 38, 46, 47, 19, 16, 6, 38, 33, 38, 38, 38, 38, 25, 47, 38, 46, 38, 46, 46, 38, 38, 38, 16, 38, 38, 38, 33, 38, 38, 38, 25, 16, 55, 38, 40, 38, 33, 38, 38, 38, 38, 38, 38, 16, 38, 38, 38, 38, 33, 33, 38, 38, 38, 38, 38, 38, 38, 46, 16, 38, 46, 38, 6, 33, 38, 23, 38, 38, 16, 46, 19, 38, 32, 38, 38, 38, 38, 38, 25, 46, 20, 38, 44, 38, 6, 38, 38, 55, 38, 38, 11, 38, 38, 47, 38, 38, 38, 19, 49, 25, 38, 38, 38, 38, 38, 38, 38, 38, 38, 38, 38, 38, 33, 23, 38, 38, 38, 12, 38, 38, 38, 38, 39, 38, 50, 38, 58, 58, 5, 12, 58, 50, 6, 5, 5, 39, 5, 58, 33, 5, 5, 38, 5, 13, 33, 53, 52, 5, 38, 5, 38, 38, 50, 6, 32, 20, 5, 19, 6, 5, 33, 38, 5, 38, 38, 32, 58, 32, 50, 58, 5, 5, 20, 32, 32, 5, 37, 52, 5, 38, 11, 5, 8, 5, 5, 5, 5, 38, 58, 23, 5, 5, 58, 33, 38, 5, 5, 52, 5, 58, 38, 5, 5, 5, 50, 45, 38, 5, 5, 5, 5, 5, 38, 5, 20, 5, 5, 5, 12, 32, 58, 57, 38, 5, 27, 5, 47, 38, 47, 5, 58, 38, 5, 58, 16, 5, 19, 5, 50, 5, 5, 5, 5, 5, 5, 5, 32, 5, 38, 5, 5, 5, 5, 5, 5, 5, 38, 5, 5, 5, 12, 5, 5, 5, 5, 5, 5, 5, 5, 38, 38, 33, 5, 5, 5, 5, 38, 5, 5, 5, 5, 19, 5, 38, 38, 38, 38, 5, 5, 17, 5, 5, 5, 5, 5, 5, 5, 5, 5, 5, 5, 5, 5, 38, 5, 5, 38, 23, 5, 38, 5, 5, 38, 5, 5, 38, 5, 5, 5, 5, 5, 5, 5, 5, 5, 5, 5, 33, 5, 5, 5, 49, 5, 5, 5, 38, 5, 5, 38, 47, 5, 5, 38, 5, 5, 5, 5, 38, 38, 38, 38, 3, 38, 58, 