{"Run": 10, "K": 69, "WCSSD": 2738.0619999777314, "Purity": 0.39536215287718296, "Time": 1.9695470333099365, "Kmeans_Labels": [0, 5, 5, 5, 5, 5, 5, 45, 5, 5, 5, 5, 57, 57, 5, 5, 5, 5, 5, 5, 5, 5, 29, 57, 57, 5, 57, 60, 2, 18, 57, 5, 2, 5, 57, 5, 57, 57, 57, 57, 5, 57, 6, 5, 57, 5, 57, 5, 5, 5, 5, 29, 29, 5, 0, 5, 29, 5, 5, 5, 5, 5, 5, 48, 5, 5, 57, 5, 57, 5, 57, 5, 18, 5, 33, 5, 0, 5, 5, 5, 5, 5, 18, 5, 45, 5, 29, 5, 5, 5, 5, 5, 5, 18, 5, 5, 5, 5, 45, 5, 45, 33, 5, 61, 61, 61, 61, 61, 18, 33, 6, 18, 6, 57, 0, 33, 29, 5, 5, 5, 5, 5, 5, 5, 5, 5, 5, 5, 29, 5, 62, 5, 5, 5, 5, 5, 68, 5, 5, 5, 60, 5, 5, 60, 5, 5, 5, 5, 5, 5, 5, 62, 5, 5, 5, 5, 5, 5, 5, 5, 5, 5, 5, 5, 5, 5, 29, 29, 5, 5, 5, 5, 5, 29, 5, 5, 5, 5, 5, 5, 5, 5, 5, 5, 5, 5, 5, 5, 5, 29, 5, 60, 29, 5, 5, 5, 5, 29, 5, 18, 45, 5, 5, 5, 5, 45, 5, 45, 18, 5, 5, 5, 45, 45, 45, 5, 32, 18, 5, 60, 45, 5, 5, 5, 5, 5, 5, 18, 29, 5, 5, 5, 45, 5, 45, 5, 18, 5, 5, 29, 5, 5, 60, 45, 29, 18, 5, 5, 29, 5, 61, 61, 5, 21, 29, 5, 5, 5, 5, 5, 5, 0, 61, 5, 61, 5, 29, 61, 5, 5, 5, 60, 29, 5, 5, 5, 5, 5, 61, 61, 5, 0, 0, 5, 5, 5, 5, 61, 5, 29, 61, 61, 5, 6, 61, 61, 5, 61, 61, 10, 5, 61, 61, 29, 5, 61, 61, 0, 5, 6, 60, 0, 61, 5, 18, 0, 5, 6, 6, 5, 6, 6, 29, 6, 5, 5, 5, 0, 60, 6, 5, 0, 5, 0, 29, 5, 61, 0, 5, 6, 5, 29, 60, 29, 5, 29, 29, 5, 5, 29, 60, 29, 29, 5, 5, 0, 5, 29, 29, 49, 20, 5, 5, 49, 6, 60, 9, 20, 29, 5, 20, 20, 9, 29, 9, 29, 29, 29, 5, 5, 5, 29, 29, 5, 5, 29, 29, 5, 5, 5, 5, 5, 5, 5, 5, 5, 5, 47, 5, 5, 60, 5, 5, 5, 29, 60, 5, 5, 5, 5, 29, 5, 5, 5, 5, 5, 61, 29, 5, 29, 29, 5, 5, 5, 5, 61, 5, 6, 29, 49, 20, 5, 5, 5, 10, 29, 29, 5, 5, 5, 5, 5, 62, 62, 18, 18, 6, 6, 5, 6, 5, 5, 6, 29, 5, 5, 5, 29, 49, 49, 5, 5, 5, 5, 5, 5, 5, 5, 5, 5, 5, 5, 5, 35, 47, 60, 5, 18, 5, 5, 45, 45, 5, 18, 18, 5, 5, 18, 18, 18, 62, 5, 5, 5, 5, 29, 5, 62, 62, 5, 45, 5, 60, 18, 18, 5, 18, 18, 18, 5, 5, 5, 5, 5, 5, 5, 5, 61, 5, 5, 61, 5, 61, 61, 61, 61, 5, 18, 5, 6, 6, 61, 18, 18, 61, 61, 18, 18, 6, 5, 6, 61, 61, 18, 18, 5, 5, 6, 6, 6, 6, 61, 61, 6, 6, 5, 62, 62, 62, 62, 47, 5, 60, 60, 5, 5, 5, 5, 5, 5, 5, 5, 5, 5, 5, 5, 5, 60, 5, 5, 5, 5, 5, 29, 29, 5, 5, 5, 29, 49, 49, 62, 5, 62, 5, 5, 9, 9, 9, 9, 9, 9, 9, 9, 9, 9, 5, 20, 20, 9, 9, 9, 9, 9, 15, 49, 49, 11, 29, 5, 47, 5, 57, 34, 34, 34, 34, 34, 34, 34, 34, 34, 34, 5, 34, 34, 34, 57, 34, 34, 34, 34, 29, 34, 34, 34, 34, 5, 5, 5, 5, 49, 5, 5, 5, 5, 5, 5, 5, 0, 60, 60, 5, 5, 5, 5, 35, 5, 5, 5, 5, 5, 5, 5, 5, 5, 5, 5, 18, 5, 18, 18, 5, 18, 18, 18, 5, 5, 5, 5, 5, 5, 5, 5, 18, 5, 18, 18, 18, 5, 18, 5, 5, 18, 18, 18, 18, 18, 5, 18, 18, 5, 5, 18, 18, 18, 5, 18, 18, 18, 5, 5, 18, 18, 5, 18, 18, 18, 5, 5, 61, 60, 61, 6, 61, 61, 29, 6, 61, 61, 61, 6, 6, 61, 6, 6, 6, 6, 18, 18, 18, 61, 6, 6, 18, 18, 5, 6, 18, 6, 6, 18, 6, 5, 27, 6, 6, 6, 5, 5, 6, 6, 6, 6, 6, 6, 6, 6, 6, 6, 6, 6, 6, 6, 6, 6, 6, 5, 6, 6, 6, 5, 6, 6, 6, 6, 62, 6, 6, 6, 6, 5, 5, 62, 6, 6, 6, 6, 5, 5, 6, 6, 5, 29, 5, 5, 5, 60, 5, 29, 29, 5, 5, 6, 6, 5, 51, 6, 0, 5, 29, 5, 5, 5, 29, 5, 5, 29, 5, 5, 29, 29, 20, 20, 20, 5, 9, 49, 49, 9, 5, 20, 9, 5, 49, 9, 20, 5, 9, 9, 29, 49, 5, 5, 29, 20, 20, 20, 5, 5, 5, 20, 9, 29, 33, 5, 5, 5, 20, 5, 5, 5, 5, 5, 5, 2, 35, 5, 5, 5, 5, 5, 5, 5, 5, 5, 5, 5, 37, 5, 5, 5, 6, 61, 6, 5, 6, 29, 5, 5, 5, 5, 4, 5, 5, 5, 46, 47, 5, 29, 5, 29, 5, 0, 6, 20, 0, 6, 5, 5, 1, 5, 1, 16, 5, 61, 16, 5, 16, 16, 1, 1, 20, 12, 1, 12, 29, 12, 1, 12, 12, 29, 12, 12, 12, 12, 16, 29, 12, 16, 12, 12, 12, 12, 29, 12, 1, 16, 12, 12, 12, 12, 16, 12, 29, 29, 12, 16, 16, 12, 12, 16, 12, 5, 12, 12, 12, 1, 1, 5, 29, 16, 12, 12, 5, 48, 5, 1, 12, 12, 29, 5, 16, 12, 16, 12, 5, 12, 12, 5, 12, 12, 12, 12, 5, 5, 12, 12, 12, 1, 29, 5, 57, 12, 12, 12, 12, 12, 16, 12, 12, 12, 12, 29, 12, 12, 12, 12, 12, 1, 5, 5, 12, 59, 12, 5, 5, 5, 67, 5, 1, 12, 12, 5, 16, 12, 5, 16, 12, 12, 12, 12, 5, 1, 47, 12, 16, 16, 16, 12, 16, 12, 5, 12, 12, 1, 12, 5, 5, 16, 16, 12, 12, 12, 12, 12, 1, 12, 29, 5, 12, 12, 16, 12, 12, 5, 5, 12, 12, 47, 1, 16, 12, 12, 12, 12, 12, 1, 1, 12, 16, 12, 60, 5, 12, 5, 56, 62, 16, 12, 12, 12, 57, 12, 5, 1, 1, 5, 5, 16, 16, 12, 12, 1, 16, 16, 16, 12, 5, 16, 67, 1, 12, 1, 5, 16, 12, 12, 29, 12, 1, 5, 12, 5, 12, 12, 1, 56, 5, 16, 12, 16, 12, 29, 1, 16, 12, 12, 12, 12, 29, 29, 16, 29, 1, 5, 16, 12, 12, 12, 1, 1, 5, 29, 12, 12, 12, 1, 12, 5, 12, 16, 5, 1, 1, 12, 12, 16, 16, 12, 5, 5, 12, 16, 1, 12, 1, 5, 61, 16, 12, 24, 12, 5, 12, 29, 61, 12, 16, 1, 12, 16, 0, 16, 5, 12, 1, 1, 12, 29, 12, 16, 12, 16, 5, 12, 29, 29, 12, 12, 16, 12, 16, 16, 24, 5, 16, 16, 16, 1, 5, 12, 1, 12, 29, 12, 12, 1, 16, 12, 29, 16, 16, 12, 16, 1, 29, 12, 16, 12, 12, 12, 12, 1, 16, 12, 12, 12, 1, 16, 5, 5, 2, 12, 12, 4, 16, 16, 16, 1, 1, 16, 1, 16, 12, 16, 29, 1, 16, 16, 5, 12, 1, 12, 5, 16, 12, 1, 5, 1, 12, 12, 16, 1, 12, 1, 49, 24, 20, 24, 20, 29, 16, 12, 12, 12, 12, 5, 1, 20, 1, 12, 12, 1, 5, 12, 12, 12, 1, 29, 29, 12, 1, 12, 12, 1, 1, 12, 12, 1, 12, 5, 29, 29, 29, 29, 29, 5, 29, 29, 29, 29, 29, 29, 29, 5, 5, 29, 29, 5, 5, 29, 5, 29, 61, 29, 29, 49, 57, 29, 29, 29, 5, 5, 29, 5, 50, 42, 49, 29, 20, 5, 20, 49, 9, 49, 5, 5, 5, 18, 57, 5, 6, 5, 29, 40, 5, 5, 25, 5, 29, 5, 5, 0, 5, 5, 18, 5, 5, 18, 9, 5, 5, 61, 18, 5, 6, 5, 18, 5, 5, 61, 5, 47, 61, 5, 5, 5, 5, 60, 61, 61, 5, 5, 6, 5, 6, 18, 5, 5, 5, 21, 5, 29, 5, 5, 51, 5, 5, 61, 5, 18, 5, 5, 29, 5, 5, 18, 5, 5, 9, 47, 42, 5, 5, 6, 5, 5, 5, 5, 5, 49, 5, 5, 5, 5, 5, 47, 5, 29, 5, 18, 5, 5, 5, 61, 5, 9, 5, 5, 5, 5, 5, 5, 5, 9, 5, 0, 6, 5, 5, 5, 5, 5, 5, 5, 5, 5, 60, 29, 60, 5, 62, 0, 29, 5, 5, 5, 5, 60, 52, 5, 5, 5, 5, 5, 29, 29, 5, 5, 5, 28, 47, 29, 5, 5, 42, 29, 49, 52, 9, 6, 20, 5, 9, 20, 25, 9, 5, 49, 5, 5, 5, 5, 29, 5, 5, 57, 5, 62, 5, 0, 5, 6, 5, 0, 29, 29, 29, 6, 29, 6, 5, 5, 29, 29, 5, 29, 6, 6, 5, 5, 5, 29, 29, 29, 40, 6, 5, 18, 29, 29, 5, 5, 29, 6, 61, 61, 61, 5, 5, 5, 61, 29, 29, 29, 5, 61, 29, 29, 5, 5, 29, 29, 29, 29, 5, 5, 5, 5, 29, 5, 5, 61, 29, 5, 29, 5, 5, 21, 29, 5, 5, 5, 5, 5, 5, 61, 5, 5, 5, 29, 5, 5, 5, 5, 18, 5, 29, 5, 29, 5, 5, 5, 5, 18, 5, 5, 5, 18, 5, 5, 5, 5, 62, 5, 18, 29, 18, 5, 5, 5, 29, 5, 5, 5, 18, 5, 60, 5, 5, 5, 5, 5, 5, 18, 18, 18, 18, 5, 29, 5, 5, 29, 5, 29, 5, 29, 29, 29, 5, 29, 5, 5, 5, 5, 5, 5, 5, 5, 5, 5, 60, 5, 5, 5, 47, 47, 29, 29, 47, 5, 5, 5, 29, 47, 47, 29, 5, 5, 47, 5, 5, 5, 5, 47, 5, 29, 5, 60, 5, 5, 5, 5, 5, 5, 29, 5, 29, 5, 5, 60, 5, 29, 29, 5, 5, 5, 5, 2, 29, 28, 5, 5, 5, 5, 60, 5, 5, 5, 5, 5, 5, 5, 0, 5, 60, 5, 5, 5, 18, 5, 5, 5, 5, 29, 5, 47, 6, 29, 29, 29, 5, 29, 5, 5, 29, 29, 62, 47, 5, 5, 29, 29, 29, 5, 5, 5, 29, 5, 5, 5, 5, 29, 29, 5, 5, 5, 29, 5, 5, 5, 5, 5, 5, 29, 29, 5, 29, 5, 50, 5, 9, 42, 20, 20, 36, 20, 20, 9, 36, 45, 36, 20, 36, 30, 5, 36, 0, 33, 33, 61, 5, 20, 5, 0, 45, 36, 0, 5, 9, 36, 18, 6, 5, 5, 36, 36, 5, 21, 36, 29, 5, 18, 20, 5, 9, 20, 36, 36, 6, 18, 5, 36, 5, 6, 36, 29, 62, 36, 0, 36, 36, 36, 47, 5, 49, 5, 36, 36, 20, 5, 5, 36, 36, 0, 36, 30, 5, 36, 61, 36, 15, 36, 29, 36, 36, 36, 36, 36, 5, 36, 6, 36, 36, 36, 21, 18, 49, 9, 47, 36, 6, 36, 36, 29, 36, 20, 20, 5, 36, 20, 60, 36, 36, 36, 9, 36, 36, 36, 36, 36, 36, 36, 18, 36, 5, 36, 33, 36, 36, 36, 36, 36, 45, 36, 36, 36, 29, 36, 36, 36, 36, 36, 36, 36, 36, 5, 61, 36, 36, 36, 36, 36, 29, 36, 36, 36, 36, 36, 36, 5, 29, 5, 29, 0, 36, 29, 36, 36, 36, 36, 36, 36, 36, 36, 36, 36, 36, 36, 5, 29, 36, 36, 5, 5, 36, 29, 36, 36, 29, 36, 36, 5, 36, 36, 36, 36, 36, 36, 36, 36, 36, 36, 36, 36, 36, 36, 36, 36, 36, 36, 36, 5, 36, 45, 29, 36, 60, 0, 5, 36, 36, 36, 36, 18, 5, 5, 57, 8, 5, 49, 5, 5, 5, 5, 60, 5, 20, 5, 29, 5, 5, 29, 5, 0, 5, 29, 5, 8, 5, 5, 5, 5, 29, 29, 5, 29, 29, 5, 29, 2, 5, 29, 29, 5, 5, 5, 5, 29, 5, 5, 5, 5, 5, 29, 60, 5, 29, 67, 5, 5, 29, 5, 5, 5, 8, 31, 29, 29, 5, 5, 8, 8, 0, 8, 67, 8, 8, 8, 54, 18, 18, 60, 8, 8, 8, 8, 5, 67, 67, 8, 8, 8, 8, 29, 8, 5, 67, 67, 8, 5, 8, 67, 8, 5, 29, 66, 29, 66, 29, 29, 5, 29, 29, 29, 29, 29, 60, 29, 18, 29, 6, 60, 29, 66, 29, 47, 5, 5, 29, 3, 29, 5, 5, 18, 29, 29, 29, 29, 5, 29, 60, 5, 62, 43, 29, 29, 60, 60, 44, 8, 18, 18, 5, 8, 8, 8, 29, 8, 8, 8, 5, 66, 5, 5, 67, 8, 8, 5, 5, 29, 29, 5, 60, 5, 5, 5, 5, 47, 29, 8, 60, 61, 29, 5, 8, 8, 5, 47, 5, 67, 5, 5, 9, 8, 5, 