{"Run": 12, "K": 578, "WCSSD": 2031.7600356404287, "Purity": 0.533066132264529, "Time": 32.08561706542969, "Kmeans_Labels": [118, 330, 468, 400, 5, 259, 330, 190, 446, 5, 5, 125, 32, 32, 115, 5, 5, 54, 513, 125, 5, 5, 125, 32, 248, 54, 5, 54, 76, 5, 32, 513, 76, 54, 293, 5, 32, 228, 150, 32, 293, 32, 77, 164, 32, 387, 32, 5, 115, 242, 446, 212, 212, 296, 118, 5, 304, 330, 400, 400, 5, 54, 5, 463, 5, 8, 32, 330, 32, 5, 54, 494, 157, 36, 93, 115, 118, 5, 304, 5, 5, 331, 447, 54, 190, 5, 36, 278, 5, 261, 446, 115, 14, 371, 115, 5, 446, 5, 190, 446, 190, 93, 5, 321, 321, 561, 561, 321, 5, 93, 100, 201, 100, 32, 118, 93, 3, 5, 212, 17, 5, 446, 17, 400, 400, 17, 446, 400, 212, 212, 450, 17, 125, 5, 188, 76, 5, 5, 5, 192, 123, 422, 400, 76, 17, 17, 115, 446, 246, 400, 17, 110, 36, 76, 143, 17, 5, 5, 400, 115, 5, 17, 303, 5, 5, 17, 36, 304, 83, 36, 5, 200, 5, 212, 17, 5, 438, 312, 17, 5, 446, 5, 5, 5, 210, 5, 17, 513, 5, 212, 5, 265, 181, 17, 186, 400, 5, 59, 5, 519, 440, 125, 125, 438, 17, 190, 17, 519, 275, 513, 125, 513, 5, 190, 190, 5, 17, 464, 150, 118, 190, 93, 5, 150, 71, 17, 60, 519, 212, 125, 5, 115, 190, 5, 118, 5, 519, 76, 5, 60, 17, 161, 123, 191, 212, 5, 191, 446, 59, 467, 519, 145, 5, 12, 212, 125, 17, 292, 17, 125, 292, 118, 150, 102, 321, 5, 337, 509, 304, 519, 125, 561, 521, 125, 561, 194, 212, 125, 17, 17, 17, 118, 118, 115, 209, 561, 169, 43, 561, 269, 17, 561, 5, 201, 5, 561, 5, 561, 5, 112, 484, 561, 5, 212, 5, 561, 561, 561, 322, 533, 256, 118, 125, 324, 519, 118, 125, 100, 201, 172, 87, 100, 212, 84, 438, 150, 322, 118, 177, 201, 76, 498, 17, 118, 212, 5, 392, 118, 54, 17, 281, 5, 123, 59, 17, 423, 248, 17, 115, 248, 123, 5, 212, 248, 322, 322, 460, 83, 329, 189, 189, 147, 294, 189, 248, 123, 219, 189, 326, 5, 189, 199, 390, 326, 79, 326, 17, 17, 292, 5, 530, 60, 17, 463, 5, 212, 212, 54, 327, 5, 304, 115, 194, 521, 77, 5, 438, 325, 70, 466, 123, 5, 400, 125, 5, 45, 5, 400, 3, 142, 194, 86, 5, 36, 330, 115, 504, 59, 36, 17, 36, 5, 5, 60, 466, 321, 60, 5, 329, 189, 189, 94, 5, 36, 5, 461, 461, 20, 20, 304, 400, 60, 110, 110, 519, 519, 201, 201, 5, 201, 150, 150, 490, 466, 5, 322, 322, 60, 189, 189, 522, 522, 5, 319, 319, 76, 77, 77, 400, 194, 194, 5, 400, 359, 44, 123, 128, 42, 371, 371, 364, 364, 5, 519, 519, 5, 5, 139, 139, 139, 110, 5, 519, 519, 5, 75, 5, 110, 110, 5, 190, 34, 123, 519, 519, 60, 371, 371, 321, 531, 531, 5, 194, 194, 527, 527, 520, 310, 520, 400, 321, 322, 400, 321, 321, 400, 322, 371, 5, 153, 153, 561, 519, 519, 388, 388, 336, 336, 444, 150, 341, 561, 561, 519, 519, 5, 5, 436, 436, 385, 385, 191, 191, 100, 444, 322, 162, 162, 465, 465, 44, 248, 123, 123, 150, 384, 384, 452, 452, 452, 452, 201, 201, 5, 67, 323, 323, 123, 248, 248, 248, 248, 248, 293, 248, 248, 187, 187, 259, 252, 252, 110, 115, 110, 322, 322, 79, 79, 107, 107, 199, 199, 199, 199, 199, 199, 86, 499, 499, 199, 199, 199, 199, 82, 199, 189, 189, 107, 5, 446, 44, 115, 36, 357, 105, 430, 105, 105, 105, 105, 105, 105, 150, 150, 226, 105, 105, 32, 105, 403, 105, 105, 446, 105, 470, 105, 105, 438, 466, 466, 5, 443, 77, 77, 316, 316, 208, 208, 446, 118, 123, 123, 446, 282, 5, 282, 359, 60, 400, 466, 438, 565, 5, 513, 446, 77, 405, 101, 519, 330, 371, 371, 5, 371, 371, 5, 526, 14, 77, 115, 5, 125, 5, 5, 371, 278, 6, 371, 371, 466, 510, 77, 5, 139, 371, 519, 371, 5, 77, 371, 371, 371, 446, 457, 371, 457, 5, 519, 371, 371, 383, 5, 519, 519, 74, 191, 103, 5, 293, 293, 321, 123, 404, 5, 321, 321, 5, 546, 321, 28, 28, 153, 201, 173, 201, 153, 519, 201, 201, 19, 42, 118, 201, 201, 201, 19, 144, 182, 19, 118, 100, 118, 474, 5, 110, 100, 100, 100, 5, 5, 201, 201, 201, 444, 444, 385, 100, 444, 160, 444, 133, 444, 382, 201, 201, 444, 16, 322, 201, 413, 201, 5, 201, 66, 66, 548, 502, 91, 91, 91, 548, 384, 384, 502, 201, 201, 152, 475, 253, 253, 475, 322, 194, 259, 194, 187, 322, 123, 205, 248, 248, 248, 248, 118, 118, 187, 191, 322, 118, 167, 259, 322, 5, 5, 5, 248, 248, 141, 248, 248, 398, 398, 189, 189, 189, 322, 196, 156, 189, 79, 481, 189, 199, 5, 446, 199, 189, 446, 199, 199, 5, 446, 5, 5, 199, 499, 189, 189, 5, 5, 100, 189, 199, 125, 406, 148, 148, 148, 189, 158, 535, 290, 5, 116, 290, 76, 290, 446, 5, 5, 227, 5, 115, 125, 60, 407, 431, 278, 194, 194, 5, 5, 201, 170, 480, 259, 483, 324, 248, 304, 115, 304, 119, 36, 400, 5, 5, 5, 5, 83, 54, 212, 5, 118, 322, 189, 118, 322, 5, 5, 57, 5, 57, 184, 52, 321, 566, 466, 286, 286, 427, 57, 189, 119, 57, 135, 56, 119, 119, 358, 119, 38, 317, 317, 317, 119, 184, 324, 119, 184, 119, 119, 119, 286, 286, 119, 57, 184, 10, 119, 119, 317, 184, 119, 286, 286, 317, 184, 184, 317, 119, 184, 119, 5, 119, 119, 119, 57, 57, 5, 212, 184, 472, 516, 220, 463, 5, 57, 57, 119, 324, 438, 184, 119, 184, 119, 463, 119, 317, 5, 119, 119, 127, 137, 5, 5, 119, 119, 119, 57, 212, 76, 368, 119, 119, 119, 119, 472, 184, 119, 119, 119, 119, 324, 119, 119, 472, 135, 135, 517, 330, 34, 57, 119, 119, 8, 9, 5, 312, 304, 57, 119, 57, 77, 184, 119, 245, 136, 119, 119, 204, 119, 54, 57, 44, 119, 184, 184, 184, 119, 184, 119, 181, 497, 119, 57, 317, 5, 77, 184, 184, 119, 119, 119, 175, 57, 57, 57, 446, 224, 18, 119, 184, 119, 119, 312, 5, 119, 119, 349, 57, 184, 119, 119, 119, 559, 119, 57, 57, 119, 184, 119, 123, 115, 99, 5, 119, 110, 184, 119, 119, 119, 368, 119, 5, 57, 57, 125, 5, 184, 184, 109, 119, 57, 184, 184, 515, 119, 5, 178, 262, 57, 119, 171, 466, 184, 119, 317, 212, 119, 57, 5, 119, 121, 119, 119, 57, 57, 115, 361, 119, 184, 324, 324, 57, 184, 286, 119, 119, 135, 181, 278, 361, 339, 57, 34, 361, 356, 184, 119, 57, 57, 5, 485, 317, 119, 317, 117, 317, 52, 375, 184, 512, 57, 57, 119, 119, 184, 555, 119, 34, 304, 119, 184, 57, 119, 57, 304, 318, 184, 119, 184, 317, 115, 119, 324, 321, 119, 372, 57, 119, 184, 118, 508, 446, 119, 57, 57, 119, 508, 119, 184, 119, 184, 271, 564, 402, 116, 482, 119, 184, 119, 184, 566, 184, 466, 184, 184, 184, 57, 513, 508, 57, 83, 278, 317, 119, 57, 286, 119, 458, 114, 361, 119, 295, 57, 324, 57, 184, 119, 119, 57, 397, 57, 420, 237, 317, 76, 57, 184, 5, 76, 76, 119, 119, 119, 184, 184, 184, 57, 57, 184, 57, 184, 119, 184, 116, 57, 286, 184, 575, 57, 57, 57, 508, 495, 119, 57, 8, 57, 57, 4, 184, 35, 119, 57, 189, 184, 189, 184, 189, 324, 184, 57, 119, 119, 119, 5, 57, 189, 57, 536, 317, 57, 5, 536, 119, 119, 427, 324, 324, 317, 57, 368, 57, 57, 57, 135, 119, 57, 119, 244, 304, 212, 86, 573, 212, 558, 212, 212, 212, 212, 212, 181, 212, 400, 400, 212, 212, 76, 150, 212, 374, 411, 400, 212, 212, 199, 36, 71, 71, 71, 5, 48, 5, 248, 199, 492, 451, 51, 189, 248, 491, 189, 199, 189, 322, 112, 330, 519, 248, 322, 548, 248, 293, 456, 248, 299, 199, 236, 513, 126, 5, 118, 151, 525, 5, 115, 322, 139, 199, 150, 122, 321, 301, 60, 5, 421, 49, 125, 36, 321, 60, 44, 310, 513, 5, 150, 60, 165, 239, 150, 5, 5, 385, 54, 483, 371, 563, 68, 5, 12, 400, 466, 537, 407, 191, 14, 5, 424, 513, 5, 304, 76, 39, 446, 248, 447, 150, 5, 199, 90, 80, 77, 277, 201, 5, 5, 5, 212, 322, 148, 5, 5, 8, 438, 5, 44, 249, 31, 5, 371, 446, 466, 366, 561, 60, 199, 446, 194, 5, 60, 290, 5, 324, 196, 194, 118, 153, 125, 5, 54, 446, 435, 400, 85, 350, 241, 123, 513, 123, 280, 110, 118, 329, 60, 576, 438, 365, 30, 89, 322, 513, 308, 446, 129, 5, 324, 569, 5, 5, 154, 44, 5, 60, 569, 492, 56, 148, 89, 199, 201, 189, 513, 199, 491, 199, 196, 299, 451, 322, 513, 125, 322, 248, 446, 248, 248, 322, 110, 277, 118, 60, 548, 115, 118, 5, 322, 251, 100, 466, 444, 125, 112, 259, 194, 194, 351, 385, 483, 54, 36, 5, 293, 56, 212, 456, 5, 151, 49, 5, 56, 537, 56, 367, 153, 424, 239, 321, 525, 194, 60, 310, 293, 56, 466, 438, 150, 293, 455, 438, 561, 304, 56, 324, 259, 446, 513, 259, 236, 304, 56, 259, 561, 324, 366, 212, 446, 150, 12, 293, 191, 150, 9, 5, 312, 576, 321, 511, 569, 97, 39, 249, 150, 150, 293, 519, 5, 293, 407, 259, 563, 60, 308, 60, 139, 76, 54, 60, 371, 5, 5, 54, 5, 110, 513, 5, 56, 519, 176, 54, 5, 13, 5, 125, 280, 371, 14, 123, 54, 5, 5, 5, 122, 5, 5, 371, 447, 301, 212, 477, 438, 5, 13, 5, 39, 5, 39, 324, 83, 68, 212, 54, 466, 8, 129, 60, 438, 513, 54, 8, 438, 