{"Run": 2, "K": 578, "WCSSD": 2055.002849276689, "Purity": 0.5198969367306041, "Time": 33.05625009536743, "Kmeans_Labels": [209, 569, 431, 273, 5, 562, 379, 108, 336, 452, 5, 365, 55, 55, 479, 5, 5, 5, 494, 436, 556, 223, 298, 55, 275, 5, 5, 180, 436, 450, 55, 494, 436, 494, 299, 298, 55, 55, 365, 55, 494, 55, 303, 475, 55, 5, 275, 336, 336, 5, 389, 569, 569, 5, 209, 81, 157, 5, 19, 19, 5, 5, 5, 384, 81, 56, 55, 305, 55, 81, 454, 336, 553, 336, 191, 336, 209, 421, 157, 5, 5, 507, 399, 336, 108, 468, 236, 5, 5, 5, 5, 5, 81, 234, 484, 5, 336, 5, 108, 5, 105, 191, 5, 212, 185, 508, 508, 212, 5, 191, 303, 123, 303, 55, 209, 191, 569, 5, 5, 545, 5, 336, 12, 19, 5, 12, 462, 19, 495, 5, 563, 12, 334, 5, 5, 436, 109, 336, 336, 336, 180, 19, 19, 436, 12, 12, 5, 5, 156, 19, 12, 77, 73, 326, 5, 12, 5, 5, 19, 336, 5, 551, 12, 5, 483, 540, 157, 447, 92, 73, 494, 5, 5, 569, 492, 292, 106, 151, 12, 64, 336, 305, 540, 540, 289, 5, 12, 5, 5, 5, 75, 180, 130, 12, 19, 19, 302, 494, 5, 75, 108, 5, 356, 106, 12, 544, 12, 108, 75, 5, 5, 5, 90, 108, 108, 12, 12, 75, 365, 180, 108, 191, 5, 365, 90, 12, 5, 365, 569, 12, 5, 90, 108, 5, 209, 75, 75, 475, 17, 518, 12, 157, 180, 394, 569, 75, 90, 406, 494, 175, 5, 508, 90, 529, 305, 494, 12, 5, 12, 406, 305, 209, 365, 356, 212, 5, 494, 212, 5, 5, 305, 180, 75, 305, 118, 356, 305, 305, 12, 212, 12, 209, 209, 5, 5, 45, 227, 212, 5, 96, 12, 356, 113, 303, 508, 225, 508, 508, 13, 436, 336, 225, 5, 508, 508, 508, 225, 508, 5, 303, 323, 209, 508, 508, 497, 209, 494, 303, 303, 436, 303, 306, 569, 303, 5, 365, 5, 209, 180, 209, 436, 376, 12, 209, 569, 290, 12, 209, 494, 439, 5, 298, 57, 494, 12, 305, 5, 12, 189, 364, 57, 305, 569, 5, 365, 209, 356, 92, 39, 501, 501, 336, 305, 501, 501, 180, 98, 501, 12, 144, 501, 501, 262, 12, 262, 12, 49, 12, 305, 494, 305, 569, 12, 5, 5, 569, 569, 293, 19, 569, 157, 336, 356, 75, 5, 298, 436, 79, 5, 475, 180, 272, 19, 5, 507, 180, 12, 342, 19, 5, 356, 507, 81, 73, 569, 5, 136, 494, 507, 12, 5, 5, 5, 5, 475, 212, 5, 209, 178, 501, 501, 84, 5, 73, 436, 507, 507, 436, 436, 5, 19, 75, 330, 330, 75, 75, 303, 303, 5, 303, 365, 365, 303, 475, 436, 501, 501, 14, 501, 501, 159, 159, 157, 81, 81, 305, 415, 415, 19, 81, 81, 81, 19, 81, 79, 180, 5, 75, 512, 512, 108, 108, 5, 75, 75, 5, 5, 420, 420, 420, 77, 5, 5, 5, 90, 41, 31, 77, 77, 31, 108, 416, 180, 114, 114, 5, 90, 75, 212, 431, 431, 507, 240, 240, 464, 464, 5, 5, 305, 19, 212, 569, 19, 212, 212, 19, 569, 123, 90, 158, 158, 158, 123, 123, 448, 448, 123, 123, 285, 121, 241, 508, 508, 303, 303, 5, 5, 9, 9, 265, 265, 212, 212, 303, 303, 90, 428, 428, 476, 476, 79, 5, 180, 180, 365, 3, 3, 365, 365, 5, 5, 506, 506, 5, 90, 5, 5, 398, 5, 5, 5, 57, 57, 333, 390, 5, 316, 316, 336, 501, 501, 77, 25, 77, 507, 507, 262, 262, 262, 262, 550, 550, 501, 501, 386, 386, 485, 392, 392, 98, 98, 266, 266, 262, 262, 501, 501, 501, 157, 256, 327, 5, 73, 78, 78, 201, 78, 78, 78, 78, 78, 78, 365, 365, 78, 78, 317, 55, 78, 78, 78, 78, 569, 469, 78, 78, 78, 106, 475, 475, 5, 501, 415, 415, 5, 5, 81, 81, 435, 209, 161, 161, 336, 5, 5, 5, 81, 5, 19, 475, 106, 250, 95, 494, 5, 84, 475, 5, 19, 494, 5, 5, 5, 5, 5, 5, 5, 512, 494, 298, 437, 509, 5, 5, 5, 139, 5, 141, 141, 154, 75, 90, 5, 541, 75, 75, 402, 90, 90, 402, 5, 90, 90, 93, 402, 93, 233, 114, 93, 90, 139, 5, 114, 114, 90, 212, 475, 424, 5, 5, 212, 180, 344, 5, 508, 335, 5, 303, 344, 212, 5, 243, 530, 212, 303, 192, 192, 303, 303, 5, 123, 209, 514, 123, 123, 212, 5, 303, 123, 209, 486, 209, 134, 5, 77, 303, 303, 303, 127, 336, 90, 90, 90, 303, 94, 94, 303, 94, 548, 99, 243, 303, 521, 414, 303, 90, 516, 459, 414, 90, 303, 5, 209, 90, 90, 90, 77, 90, 90, 90, 90, 425, 425, 77, 255, 255, 414, 90, 565, 565, 90, 539, 356, 336, 356, 40, 90, 180, 507, 208, 5, 5, 5, 571, 571, 40, 90, 90, 90, 296, 336, 91, 5, 5, 298, 102, 102, 236, 507, 507, 298, 298, 501, 501, 501, 90, 262, 148, 501, 262, 106, 501, 186, 494, 385, 550, 501, 336, 550, 550, 5, 385, 244, 244, 5, 392, 501, 501, 5, 5, 303, 501, 266, 91, 191, 249, 249, 249, 501, 267, 5, 81, 5, 61, 391, 277, 81, 336, 111, 115, 298, 166, 25, 5, 5, 139, 5, 5, 356, 268, 5, 5, 303, 508, 303, 569, 303, 569, 5, 494, 417, 494, 332, 5, 124, 5, 5, 298, 298, 92, 494, 569, 5, 209, 303, 501, 209, 303, 558, 5, 451, 170, 160, 366, 5, 212, 245, 195, 472, 200, 451, 567, 561, 332, 451, 332, 112, 332, 536, 332, 332, 357, 332, 332, 1, 332, 138, 43, 332, 472, 332, 1, 332, 200, 573, 271, 451, 472, 332, 332, 332, 405, 472, 1, 200, 573, 332, 472, 472, 332, 332, 472, 1, 5, 332, 1, 332, 451, 451, 558, 96, 472, 264, 332, 5, 5, 5, 451, 451, 332, 61, 106, 472, 1, 472, 23, 5, 1, 412, 5, 332, 332, 1, 332, 558, 5, 332, 332, 511, 83, 569, 436, 275, 332, 332, 332, 332, 1, 472, 332, 332, 1, 332, 226, 332, 332, 1, 332, 332, 451, 569, 198, 226, 133, 332, 305, 500, 444, 84, 157, 451, 332, 451, 5, 472, 332, 43, 472, 451, 332, 332, 1, 298, 451, 79, 332, 472, 472, 472, 332, 472, 382, 130, 332, 80, 451, 332, 5, 5, 472, 472, 47, 481, 67, 332, 47, 451, 1, 507, 409, 332, 473, 472, 332, 82, 84, 5, 332, 332, 79, 451, 472, 35, 237, 332, 332, 332, 451, 451, 332, 315, 332, 213, 5, 332, 432, 332, 77, 315, 226, 332, 146, 275, 332, 5, 567, 451, 5, 424, 472, 315, 1, 332, 451, 472, 315, 472, 332, 5, 472, 8, 451, 332, 451, 475, 472, 332, 332, 569, 332, 451, 170, 413, 5, 332, 332, 160, 451, 336, 315, 150, 472, 226, 507, 451, 366, 573, 332, 1, 332, 130, 139, 315, 459, 451, 198, 472, 332, 451, 332, 291, 349, 268, 357, 332, 1, 332, 451, 332, 5, 131, 472, 356, 451, 451, 332, 332, 555, 472, 68, 5, 157, 332, 472, 451, 332, 451, 157, 212, 472, 163, 547, 332, 336, 7, 336, 424, 332, 472, 451, 332, 472, 142, 110, 494, 510, 451, 54, 332, 110, 308, 472, 493, 472, 5, 451, 507, 61, 332, 140, 472, 288, 372, 245, 472, 195, 472, 472, 472, 451, 76, 110, 451, 92, 281, 1, 332, 451, 472, 451, 46, 472, 472, 1, 472, 451, 157, 451, 472, 332, 332, 451, 332, 451, 472, 451, 332, 352, 451, 472, 5, 436, 436, 1, 332, 332, 472, 472, 472, 451, 451, 472, 451, 472, 332, 472, 61, 451, 200, 472, 5, 451, 451, 451, 110, 472, 339, 451, 305, 567, 451, 451, 472, 451, 332, 451, 331, 472, 561, 547, 501, 336, 547, 451, 301, 332, 332, 132, 451, 501, 451, 332, 332, 451, 5, 110, 1, 332, 451, 507, 226, 332, 451, 332, 451, 451, 451, 332, 1, 451, 332, 286, 176, 569, 507, 367, 569, 5, 569, 569, 569, 569, 305, 130, 569, 5, 19, 254, 569, 5, 365, 569, 5, 494, 19, 569, 569, 501, 5, 507, 507, 507, 5, 5, 305, 270, 501, 348, 501, 39, 501, 336, 501, 501, 266, 501, 549, 475, 569, 5, 5, 90, 90, 5, 328, 5, 559, 5, 5, 268, 305, 19, 157, 209, 5, 174, 5, 5, 90, 541, 355, 274, 229, 358, 399, 90, 70, 356, 123, 347, 507, 212, 5, 2, 5, 5, 336, 365, 5, 180, 212, 365, 5, 403, 94, 5, 303, 75, 365, 491, 104, 20, 19, 360, 90, 139, 303, 512, 5, 309, 304, 523, 337, 436, 41, 157, 5, 399, 365, 5, 262, 248, 34, 415, 5, 303, 157, 532, 5, 5, 507, 249, 5, 5, 87, 117, 157, 79, 365, 289, 5, 75, 5, 475, 354, 5, 456, 381, 5, 167, 5, 5, 81, 5, 305, 262, 356, 209, 243, 397, 531, 494, 336, 5, 19, 42, 5, 197, 155, 305, 180, 259, 77, 209, 39, 157, 139, 338, 408, 180, 311, 90, 494, 336, 5, 336, 305, 336, 305, 5, 214, 5, 79, 5, 294, 231, 348, 75, 249, 311, 266, 303, 501, 494, 355, 501, 5, 262, 5, 501, 507, 494, 347, 549, 5, 5, 559, 5, 90, 77, 5, 209, 90, 90, 5, 209, 305, 459, 475, 303, 162, 303, 436, 475, 305, 268, 356, 112, 94, 303, 5, 507, 5, 336, 112, 305, 5, 70, 5, 123, 569, 112, 90, 112, 305, 243, 309, 212, 212, 174, 356, 5, 5, 328, 112, 360, 106, 365, 221, 569, 117, 5, 157, 112, 325, 147, 157, 494, 336, 268, 507, 356, 569, 5, 336, 354, 569, 336, 365, 20, 5, 157, 181, 500, 214, 84, 139, 358, 441, 231, 475, 41, 365, 365, 274, 5, 5, 336, 137, 139, 90, 365, 157, 336, 5, 541, 436, 5, 5, 402, 403, 5, 494, 5, 77, 494, 5, 112, 75, 157, 75, 5, 41, 5, 53, 259, 75, 512, 155, 565, 104, 569, 5, 229, 396, 523, 75, 399, 399, 5, 41, 338, 531, 41, 531, 41, 320, 37, 336, 513, 491, 569, 5, 475, 74, 336, 456, 19, 5, 197, 305, 297, 180, 75, 5, 19, 79, 527, 305, 305, 2, 87, 5, 336, 527, 252, 252, 489, 397, 167, 79, 408, 5, 219, 378, 248, 89, 447, 5, 180, 84,