{"Run": 10, "K": 58, "WCSSD": 2786.676830021698, "Purity": 0.3819066704838248, "Time": 2.801467180252075, "Kmeans_Labels": [2, 2, 2, 2, 2, 2, 2, 32, 2, 2, 2, 47, 2, 31, 2, 2, 2, 2, 2, 2, 2, 2, 2, 2, 31, 2, 2, 2, 2, 2, 2, 2, 2, 2, 2, 2, 2, 2, 47, 31, 2, 20, 56, 27, 56, 2, 2, 2, 2, 12, 2, 31, 31, 31, 2, 33, 2, 2, 2, 2, 2, 2, 2, 9, 33, 22, 2, 2, 31, 33, 2, 2, 2, 2, 31, 2, 2, 2, 2, 2, 2, 2, 2, 2, 32, 2, 2, 2, 2, 2, 2, 2, 33, 2, 2, 2, 2, 2, 32, 2, 32, 31, 2, 20, 20, 20, 20, 20, 42, 31, 56, 56, 56, 2, 2, 31, 31, 2, 31, 2, 2, 2, 2, 2, 33, 2, 2, 2, 31, 2, 24, 2, 2, 2, 2, 2, 2, 27, 2, 2, 2, 2, 2, 2, 2, 9, 2, 2, 2, 2, 2, 24, 2, 2, 2, 2, 2, 2, 2, 2, 2, 2, 2, 2, 2, 2, 2, 31, 2, 2, 2, 2, 2, 31, 51, 2, 9, 31, 2, 2, 2, 2, 2, 2, 2, 2, 51, 2, 2, 31, 2, 2, 31, 2, 2, 2, 2, 31, 2, 54, 32, 2, 2, 9, 2, 32, 2, 32, 2, 2, 2, 2, 32, 32, 32, 2, 2, 2, 47, 2, 32, 29, 2, 47, 31, 2, 2, 47, 31, 2, 2, 2, 32, 2, 32, 2, 2, 27, 2, 31, 51, 2, 2, 32, 31, 32, 57, 2, 31, 2, 20, 20, 2, 2, 31, 2, 2, 2, 2, 2, 2, 2, 47, 20, 20, 2, 31, 20, 31, 54, 2, 20, 2, 2, 2, 2, 31, 2, 20, 20, 41, 20, 2, 2, 2, 20, 9, 20, 2, 31, 20, 20, 2, 56, 20, 20, 2, 20, 20, 31, 2, 20, 20, 20, 20, 20, 20, 20, 2, 56, 2, 2, 20, 31, 2, 56, 2, 56, 56, 2, 56, 56, 31, 56, 9, 47, 2, 2, 2, 57, 2, 2, 51, 2, 31, 2, 20, 2, 2, 57, 2, 2, 32, 31, 2, 31, 31, 2, 2, 2, 5, 31, 31, 2, 47, 2, 2, 2, 2, 39, 39, 2, 2, 39, 56, 39, 17, 39, 51, 2, 39, 39, 17, 51, 17, 51, 31, 2, 2, 2, 2, 31, 51, 2, 2, 31, 31, 2, 2, 2, 2, 2, 2, 2, 2, 2, 9, 2, 2, 27, 2, 2, 2, 2, 31, 2, 2, 9, 2, 2, 2, 2, 33, 2, 2, 2, 20, 31, 2, 51, 2, 2, 2, 2, 27, 20, 2, 56, 2, 39, 39, 2, 2, 31, 2, 31, 31, 31, 31, 2, 2, 2, 24, 24, 2, 2, 56, 56, 56, 56, 47, 47, 56, 27, 2, 39, 39, 31, 39, 39, 2, 2, 2, 33, 33, 2, 33, 33, 33, 33, 33, 33, 2, 33, 9, 32, 2, 42, 2, 2, 32, 32, 2, 2, 2, 2, 2, 2, 2, 2, 24, 2, 2, 2, 2, 2, 2, 24, 24, 2, 32, 2, 2, 2, 2, 2, 2, 2, 20, 2, 2, 2, 2, 2, 2, 2, 2, 20, 2, 2, 20, 31, 20, 20, 20, 20, 31, 20, 2, 56, 56, 20, 42, 42, 20, 20, 56, 56, 56, 47, 56, 20, 20, 56, 56, 2, 2, 56, 56, 56, 56, 20, 20, 56, 56, 2, 24, 24, 24, 24, 2, 2, 2, 2, 47, 2, 2, 47, 47, 2, 2, 2, 2, 2, 2, 2, 2, 2, 2, 2, 2, 5, 5, 31, 2, 2, 2, 2, 31, 39, 39, 24, 2, 24, 2, 2, 17, 17, 17, 17, 37, 37, 17, 17, 17, 17, 2, 39, 39, 17, 17, 17, 17, 17, 17, 39, 39, 39, 2, 2, 2, 2, 2, 31, 31, 31, 31, 31, 47, 31, 31, 31, 47, 47, 31, 31, 47, 31, 31, 31, 31, 31, 31, 31, 31, 31, 31, 9, 27, 27, 2, 39, 2, 2, 33, 33, 33, 33, 2, 2, 33, 33, 2, 2, 2, 2, 33, 2, 2, 27, 9, 2, 2, 2, 2, 2, 45, 2, 2, 2, 2, 2, 2, 2, 2, 2, 2, 33, 2, 2, 33, 2, 2, 2, 2, 2, 2, 2, 2, 27, 2, 2, 2, 2, 2, 2, 2, 2, 2, 2, 2, 2, 2, 2, 2, 2, 2, 2, 2, 2, 2, 2, 2, 2, 2, 2, 27, 42, 2, 2, 20, 20, 20, 56, 20, 20, 2, 56, 20, 20, 20, 56, 56, 20, 56, 56, 56, 56, 56, 20, 42, 20, 56, 56, 56, 20, 2, 56, 56, 56, 56, 56, 56, 2, 24, 56, 56, 56, 31, 2, 56, 56, 56, 56, 56, 56, 56, 56, 56, 31, 56, 56, 56, 56, 56, 56, 56, 47, 56, 57, 57, 2, 57, 56, 56, 57, 57, 57, 57, 57, 57, 2, 2, 57, 56, 56, 56, 57, 2, 2, 57, 56, 2, 31, 2, 2, 2, 2, 2, 2, 2, 2, 2, 57, 57, 2, 57, 57, 16, 2, 31, 2, 2, 2, 31, 26, 26, 2, 2, 2, 2, 2, 39, 39, 39, 2, 17, 39, 39, 17, 9, 39, 17, 2, 39, 37, 39, 9, 37, 37, 31, 39, 2, 2, 2, 39, 39, 39, 2, 2, 31, 39, 17, 31, 31, 2, 2, 2, 39, 2, 2, 33, 2, 2, 33, 33, 33, 2, 2, 2, 2, 2, 2, 2, 2, 2, 2, 2, 2, 2, 2, 2, 56, 20, 56, 31, 56, 31, 2, 2, 2, 2, 19, 2, 2, 2, 2, 2, 2, 31, 2, 31, 2, 56, 56, 39, 56, 56, 2, 2, 15, 2, 15, 13, 2, 20, 13, 27, 13, 13, 15, 15, 39, 19, 14, 19, 31, 19, 15, 19, 19, 31, 19, 19, 19, 19, 13, 31, 19, 13, 19, 19, 19, 19, 31, 19, 15, 13, 19, 19, 19, 19, 13, 19, 31, 31, 19, 13, 13, 19, 19, 13, 19, 2, 19, 15, 19, 15, 15, 2, 31, 13, 19, 19, 2, 2, 2, 15, 15, 19, 31, 9, 13, 19, 13, 19, 2, 19, 19, 2, 19, 19, 19, 19, 2, 2, 19, 19, 19, 15, 31, 2, 19, 19, 19, 19, 19, 19, 13, 19, 19, 19, 19, 31, 19, 19, 19, 19, 19, 15, 2, 2, 14, 19, 19, 22, 2, 2, 46, 50, 15, 19, 15, 2, 13, 19, 2, 13, 15, 19, 19, 19, 2, 15, 2, 19, 13, 13, 13, 19, 13, 19, 31, 19, 19, 15, 19, 2, 2, 13, 13, 30, 19, 19, 19, 15, 15, 15, 31, 2, 19, 19, 13, 19, 19, 31, 2, 19, 19, 2, 15, 13, 19, 19, 19, 19, 19, 15, 15, 19, 13, 19, 2, 2, 19, 2, 19, 24, 13, 19, 19, 19, 19, 19, 2, 15, 15, 2, 2, 13, 13, 19, 19, 15, 13, 13, 13, 19, 2, 13, 31, 15, 19, 15, 27, 13, 19, 19, 31, 19, 15, 2, 19, 2, 19, 19, 15, 15, 2, 13, 19, 13, 19, 31, 15, 13, 19, 19, 19, 19, 2, 2, 13, 31, 15, 2, 13, 19, 15, 19, 15, 15, 2, 31, 19, 19, 19, 15, 19, 2, 19, 13, 2, 15, 15, 19, 19, 13, 13, 19, 2, 2, 19, 13, 15, 19, 15, 2, 20, 13, 19, 13, 19, 2, 19, 31, 20, 19, 13, 15, 19, 13, 56, 13, 31, 19, 15, 15, 19, 31, 19, 13, 19, 13, 2, 15, 31, 31, 19, 19, 13, 19, 13, 13, 13, 27, 13, 13, 13, 15, 2, 19, 15, 19, 2, 19, 19, 15, 13, 15, 31, 13, 13, 19, 13, 15, 4, 15, 13, 19, 19, 15, 19, 15, 13, 15, 19, 19, 15, 13, 2, 2, 2, 19, 19, 19, 13, 13, 13, 15, 15, 13, 15, 13, 19, 13, 31, 15, 13, 13, 2, 15, 15, 15, 31, 13, 19, 15, 22, 15, 15, 15, 13, 15, 19, 15, 39, 13, 39, 13, 39, 31, 13, 15, 19, 19, 19, 31, 15, 39, 15, 19, 19, 15, 2, 15, 19, 19, 15, 31, 31, 19, 15, 19, 15, 14, 15, 19, 19, 15, 19, 2, 31, 31, 31, 31, 31, 2, 31, 31, 31, 31, 31, 31, 31, 2, 2, 31, 31, 2, 47, 31, 2, 31, 20, 31, 31, 39, 2, 31, 31, 31, 2, 2, 2, 2, 39, 10, 39, 2, 39, 2, 17, 39, 17, 39, 47, 27, 2, 28, 2, 2, 57, 2, 2, 2, 2, 2, 17, 2, 22, 2, 2, 2, 2, 2, 2, 53, 39, 2, 17, 47, 2, 20, 2, 2, 56, 2, 56, 2, 2, 20, 2, 2, 20, 2, 2, 47, 2, 2, 20, 47, 2, 2, 56, 2, 56, 2, 47, 2, 33, 2, 2, 27, 2, 2, 57, 33, 2, 20, 2, 2, 2, 2, 31, 2, 2, 2, 47, 2, 17, 2, 10, 2, 2, 56, 2, 2, 2, 2, 2, 39, 2, 2, 22, 9, 2, 2, 47, 2, 2, 2, 2, 27, 2, 20, 2, 17, 49, 2, 2, 2, 33, 2, 2, 17, 2, 2, 56, 2, 2, 2, 2, 2, 2, 2, 2, 2, 2, 31, 2, 2, 24, 31, 2, 40, 2, 9, 2, 2, 2, 2, 2, 2, 2, 2, 31, 31, 22, 2, 43, 2, 31, 31, 2, 2, 10, 31, 39, 2, 17, 56, 39, 2, 17, 17, 17, 17, 2, 39, 2, 2, 2, 47, 2, 2, 2, 2, 2, 24, 2, 2, 2, 57, 53, 31, 31, 31, 27, 56, 27, 56, 31, 27, 31, 31, 2, 31, 56, 56, 2, 2, 53, 31, 31, 31, 2, 56, 2, 56, 31, 31, 2, 31, 31, 56, 20, 20, 20, 2, 2, 2, 20, 2, 31, 27, 9, 47, 31, 31, 9, 2, 2, 31, 31, 31, 2, 2, 31, 2, 31, 2, 2, 20, 31, 2, 31, 2, 47, 2, 31, 2, 47, 31, 43, 2, 2, 20, 2, 2, 27, 31, 47, 47, 47, 31, 28, 2, 31, 2, 2, 47, 40, 2, 2, 2, 2, 2, 2, 2, 2, 2, 2, 2, 24, 2, 2, 31, 2, 2, 2, 2, 31, 2, 2, 2, 2, 33, 2, 2, 33, 2, 2, 2, 2, 2, 2, 2, 2, 2, 31, 9, 2, 31, 2, 31, 2, 31, 31, 31, 2, 31, 2, 27, 22, 2, 2, 9, 2, 2, 22, 9, 2, 2, 2, 9, 2, 2, 31, 2, 2, 22, 2, 2, 31, 2, 2, 31, 2, 2, 2, 2, 2, 2, 2, 2, 2, 31, 2, 2, 2, 2, 2, 2, 2, 2, 31, 2, 22, 2, 2, 25, 2, 31, 31, 33, 2, 2, 2, 2, 31, 2, 2, 49, 31, 2, 31, 2, 2, 2, 2, 2, 2, 2, 2, 2, 20, 2, 9, 2, 2, 2, 31, 2, 2, 31, 31, 2, 56, 31, 31, 31, 9, 31, 2, 2, 31, 31, 24, 2, 2, 22, 31, 31, 31, 9, 27, 53, 31, 33, 2, 2, 2, 31, 31, 2, 31, 31, 31, 2, 2, 2, 2, 33, 2, 2, 31, 2, 31, 39, 39, 2, 17, 10, 39, 39, 6, 39, 39, 17, 6, 32, 6, 39, 6, 39, 2, 6, 6, 31, 6, 20, 2, 39, 57, 6, 32, 6, 47, 2, 17, 6, 20, 56, 6, 9, 6, 6, 2, 2, 6, 31, 2, 42, 39, 2, 17, 39, 6, 6, 56, 33, 2, 6, 2, 57, 6, 31, 24, 6, 2, 45, 6, 6, 6, 31, 39, 6, 6, 6, 39, 9, 2, 6, 6, 57, 6, 39, 2, 6, 20, 6, 17, 44, 31, 6, 6, 6, 6, 6, 6, 6, 56, 6, 6, 6, 2, 2, 39, 37, 31, 6, 56, 6, 22, 31, 22, 6, 39, 31, 6, 39, 2, 6, 9, 6, 17, 6, 6, 6, 6, 6, 6, 6, 52, 6, 33, 6, 6, 6, 6, 6, 6, 6, 32, 6, 6, 6, 2, 6, 6, 6, 8, 6, 6, 6, 6, 6, 20, 6, 6, 6, 6, 6, 31, 6, 6, 6, 6, 9, 6, 2, 31, 33, 31, 6, 6, 6, 6, 6, 6, 6, 6, 6, 6, 6, 6, 6, 6, 6, 6, 31, 6, 6, 2, 9, 6, 6, 6, 6, 31, 6, 6, 2, 6, 6, 6, 6, 6, 6, 6, 6, 6, 6, 6, 6, 6, 6, 6, 27, 6, 6, 6, 6, 7, 32, 31, 6, 6, 6, 2, 6, 6, 6, 6, 2, 2, 2, 36, 0, 2, 39, 2, 2, 22, 2, 2, 21, 39, 2, 31, 2, 9, 31, 2, 2, 31, 31, 22, 0, 2, 2, 22, 2, 20, 22, 2, 31, 22, 2, 31, 9, 22, 22, 31, 2, 27, 2, 2, 27, 22, 2, 27, 22, 2, 31, 2, 2, 31, 46, 2, 2, 2, 2, 2, 2, 0, 2, 31, 2, 31, 2, 0, 0, 2, 0, 31, 0, 0, 0, 3, 2, 2, 2, 0, 0, 0, 0, 9, 46, 46, 0, 0, 34, 0, 31, 0, 2, 46, 31, 0, 31, 0, 2, 0, 2, 31, 31, 2, 31, 31, 31, 2, 31, 31, 2, 31, 31, 2, 31, 2, 31, 56, 2, 31, 31, 31, 2, 2, 2, 22, 2, 31, 2, 2, 2, 31, 31, 31, 23, 2, 2, 2, 2, 24, 31, 31, 2, 2, 2, 0, 0, 2, 2, 2, 0, 0, 0, 31, 0, 0, 0, 2, 31, 2, 2, 46, 0, 0, 2, 2, 2, 31, 2, 2, 2, 31, 2, 9, 2, 31, 0, 2, 