{"Run": 5, "K": 348, "WCSSD": 2281.6915457875607, "Purity": 0.37610425899309163, "Time": 18.776906967163086, "Kmeans_Labels": [13, 180, 17, 14, 14, 14, 180, 194, 180, 14, 14, 334, 123, 123, 283, 14, 14, 35, 14, 99, 14, 14, 79, 123, 263, 35, 14, 35, 99, 39, 123, 14, 80, 35, 14, 14, 123, 123, 334, 123, 88, 255, 113, 332, 123, 14, 123, 63, 283, 167, 14, 312, 312, 14, 13, 165, 14, 180, 14, 34, 14, 74, 14, 204, 165, 44, 123, 180, 123, 165, 35, 283, 39, 162, 31, 14, 243, 14, 238, 14, 14, 105, 33, 35, 194, 14, 63, 45, 14, 14, 14, 14, 165, 14, 283, 14, 2, 310, 194, 14, 194, 31, 14, 30, 14, 255, 255, 14, 317, 31, 113, 39, 14, 123, 196, 31, 242, 14, 102, 100, 14, 2, 100, 14, 14, 100, 63, 14, 105, 84, 100, 100, 173, 133, 14, 99, 14, 14, 14, 14, 140, 14, 79, 99, 100, 100, 14, 14, 14, 14, 100, 27, 14, 99, 14, 100, 213, 63, 14, 283, 14, 100, 100, 14, 230, 100, 162, 105, 51, 162, 238, 79, 190, 312, 100, 14, 204, 248, 100, 14, 14, 235, 14, 14, 100, 312, 100, 14, 14, 312, 14, 140, 63, 100, 14, 14, 14, 105, 14, 196, 194, 79, 79, 204, 100, 194, 100, 196, 14, 105, 79, 145, 194, 194, 194, 100, 83, 196, 91, 140, 194, 31, 14, 334, 105, 100, 14, 196, 312, 9, 14, 14, 194, 14, 194, 77, 196, 99, 14, 312, 100, 14, 140, 194, 312, 194, 312, 14, 105, 100, 196, 209, 14, 46, 133, 79, 100, 14, 100, 196, 235, 13, 334, 17, 30, 14, 105, 30, 14, 196, 79, 255, 105, 215, 255, 79, 14, 79, 100, 100, 100, 13, 13, 295, 79, 255, 204, 30, 255, 105, 100, 30, 178, 113, 344, 255, 199, 255, 113, 262, 14, 255, 14, 344, 344, 255, 255, 255, 14, 113, 140, 13, 344, 329, 196, 13, 79, 346, 113, 238, 113, 113, 312, 113, 249, 334, 14, 13, 50, 113, 99, 100, 100, 13, 312, 4, 100, 13, 79, 100, 14, 263, 194, 105, 100, 312, 14, 100, 130, 14, 114, 105, 312, 14, 334, 13, 17, 51, 188, 112, 112, 14, 263, 112, 258, 140, 112, 112, 100, 14, 112, 112, 112, 100, 263, 100, 100, 100, 79, 115, 14, 263, 100, 14, 238, 312, 312, 35, 14, 312, 14, 283, 79, 105, 14, 14, 204, 207, 14, 332, 140, 14, 14, 79, 14, 140, 14, 14, 242, 14, 63, 14, 165, 162, 180, 14, 344, 105, 162, 100, 14, 14, 14, 14, 332, 30, 14, 13, 188, 112, 112, 14, 14, 162, 238, 162, 162, 99, 99, 105, 14, 14, 27, 27, 259, 259, 113, 113, 105, 113, 334, 334, 113, 332, 238, 235, 235, 162, 112, 112, 235, 235, 14, 165, 165, 99, 165, 165, 165, 165, 165, 165, 313, 165, 207, 140, 14, 39, 14, 14, 194, 194, 65, 196, 196, 169, 169, 196, 196, 14, 27, 14, 46, 46, 14, 282, 180, 185, 185, 238, 194, 46, 140, 98, 98, 14, 196, 196, 39, 17, 17, 14, 14, 14, 14, 14, 264, 14, 221, 14, 30, 238, 14, 30, 30, 14, 238, 39, 14, 157, 157, 157, 39, 39, 344, 344, 265, 265, 166, 334, 113, 344, 344, 196, 196, 14, 14, 157, 157, 151, 151, 14, 14, 346, 97, 162, 27, 27, 27, 27, 207, 14, 183, 183, 334, 168, 168, 334, 334, 14, 14, 235, 235, 315, 14, 235, 235, 140, 14, 14, 14, 114, 114, 238, 14, 14, 235, 235, 105, 112, 112, 27, 283, 27, 263, 263, 61, 61, 60, 60, 14, 14, 16, 16, 112, 112, 238, 112, 112, 61, 61, 61, 61, 298, 112, 112, 112, 112, 162, 63, 207, 14, 162, 42, 42, 42, 42, 42, 42, 42, 42, 42, 334, 334, 42, 42, 42, 123, 42, 12, 42, 228, 312, 42, 42, 42, 42, 204, 14, 332, 14, 112, 10, 10, 181, 181, 165, 165, 2, 13, 165, 165, 2, 14, 14, 14, 165, 145, 14, 332, 204, 14, 14, 14, 14, 14, 332, 14, 196, 180, 196, 196, 14, 39, 39, 39, 14, 54, 238, 14, 165, 14, 65, 65, 14, 45, 196, 14, 14, 45, 196, 14, 14, 14, 244, 196, 196, 14, 14, 196, 244, 167, 14, 14, 196, 14, 14, 98, 196, 167, 45, 14, 98, 98, 167, 39, 332, 216, 226, 226, 30, 140, 128, 0, 344, 30, 14, 113, 128, 30, 63, 272, 271, 30, 157, 157, 157, 157, 157, 39, 39, 69, 113, 113, 62, 39, 238, 113, 39, 13, 113, 39, 113, 14, 27, 113, 113, 113, 312, 14, 113, 113, 113, 157, 151, 151, 113, 157, 113, 157, 157, 157, 113, 113, 113, 263, 113, 334, 113, 113, 113, 14, 28, 113, 113, 140, 217, 113, 113, 113, 113, 331, 331, 217, 197, 197, 113, 113, 35, 35, 113, 197, 235, 14, 235, 235, 235, 140, 263, 235, 135, 14, 14, 143, 143, 235, 113, 235, 13, 235, 235, 24, 14, 14, 14, 154, 154, 63, 250, 250, 235, 235, 112, 177, 177, 235, 60, 112, 112, 206, 204, 112, 16, 238, 112, 112, 112, 14, 112, 112, 14, 112, 63, 63, 63, 112, 112, 112, 63, 14, 263, 112, 61, 263, 31, 309, 309, 309, 112, 99, 63, 165, 14, 14, 165, 99, 165, 14, 14, 14, 14, 14, 14, 312, 14, 45, 285, 45, 17, 17, 14, 241, 113, 344, 32, 157, 82, 283, 238, 238, 238, 238, 187, 14, 14, 99, 14, 246, 14, 51, 35, 312, 14, 13, 113, 112, 13, 113, 261, 14, 85, 196, 86, 23, 159, 30, 23, 332, 23, 127, 86, 86, 112, 345, 86, 122, 162, 187, 86, 187, 187, 105, 187, 187, 187, 187, 23, 159, 187, 23, 187, 187, 187, 127, 127, 187, 85, 23, 187, 187, 187, 187, 23, 187, 127, 127, 187, 23, 225, 187, 187, 198, 122, 14, 187, 122, 187, 86, 124, 261, 105, 23, 187, 187, 14, 138, 182, 86, 86, 187, 312, 204, 23, 187, 172, 122, 14, 296, 187, 14, 187, 187, 187, 187, 261, 14, 187, 187, 339, 86, 312, 99, 122, 40, 187, 187, 187, 187, 23, 187, 187, 187, 187, 283, 187, 187, 187, 187, 122, 86, 180, 238, 86, 187, 187, 44, 105, 14, 248, 238, 86, 187, 86, 14, 23, 187, 159, 23, 187, 187, 187, 187, 35, 86, 207, 187, 23, 23, 23, 187, 23, 187, 14, 187, 187, 86, 187, 14, 252, 23, 23, 187, 187, 187, 187, 86, 85, 218, 283, 179, 187, 193, 66, 187, 231, 248, 14, 187, 187, 207, 86, 23, 306, 187, 56, 187, 187, 86, 86, 187, 301, 187, 140, 14, 187, 14, 187, 187, 23, 187, 187, 187, 123, 187, 14, 86, 86, 312, 216, 23, 146, 122, 187, 86, 23, 146, 23, 187, 14, 23, 22, 85, 187, 86, 14, 23, 187, 187, 312, 187, 86, 196, 187, 14, 187, 187, 86, 343, 253, 301, 187, 23, 283, 312, 86, 23, 127, 187, 187, 233, 14, 45, 301, 68, 86, 14, 23, 187, 86, 187, 86, 86, 17, 263, 187, 187, 187, 86, 187, 159, 187, 23, 14, 343, 86, 187, 187, 23, 23, 187, 14, 14, 187, 23, 86, 187, 86, 283, 30, 23, 218, 23, 187, 283, 187, 105, 187, 187, 23, 86, 187, 189, 13, 23, 238, 187, 86, 86, 187, 263, 187, 23, 187, 23, 14, 86, 47, 312, 187, 187, 23, 187, 23, 23, 23, 332, 23, 198, 23, 86, 119, 187, 86, 51, 45, 187, 187, 86, 23, 122, 105, 23, 23, 122, 23, 6, 14, 86, 23, 75, 187, 86, 111, 86, 23, 86, 187, 99, 86, 23, 162, 202, 99, 122, 287, 187, 23, 23, 23, 86, 86, 23, 86, 23, 187, 23, 312, 343, 127, 23, 238, 86, 86, 86, 263, 23, 187, 86, 44, 86, 148, 86, 23, 86, 187, 86, 112, 23, 112, 23, 112, 105, 23, 86, 187, 187, 345, 14, 86, 112, 86, 187, 187, 137, 336, 86, 187, 187, 153, 312, 283, 187, 86, 187, 86, 86, 191, 122, 125, 86, 122, 99, 308, 312, 105, 105, 312, 129, 312, 312, 312, 312, 312, 307, 312, 14, 229, 105, 312, 99, 18, 312, 14, 263, 229, 312, 312, 112, 263, 105, 105, 105, 14, 63, 164, 263, 158, 110, 112, 164, 112, 238, 141, 112, 61, 112, 263, 332, 117, 196, 186, 235, 113, 235, 344, 14, 14, 14, 14, 17, 326, 14, 14, 13, 81, 14, 14, 283, 235, 196, 347, 161, 14, 30, 33, 14, 14, 247, 265, 263, 263, 344, 263, 207, 14, 14, 14, 334, 25, 302, 30, 334, 14, 14, 151, 35, 82, 39, 334, 14, 54, 46, 14, 332, 157, 45, 113, 54, 14, 106, 90, 39, 180, 99, 282, 14, 235, 33, 334, 14, 61, 207, 57, 10, 14, 113, 14, 283, 14, 14, 208, 309, 14, 160, 44, 204, 14, 207, 334, 283, 14, 14, 14, 332, 14, 255, 14, 112, 238, 14, 14, 14, 165, 14, 105, 206, 14, 13, 272, 14, 72, 35, 14, 14, 14, 14, 14, 273, 140, 312, 140, 238, 27, 13, 188, 14, 45, 204, 180, 140, 263, 238, 14, 14, 14, 14, 235, 105, 44, 14, 14, 14, 207, 162, 14, 14, 110, 162, 309, 263, 61, 113, 112, 14, 347, 141, 14, 206, 14, 112, 208, 163, 263, 263, 14, 14, 14, 186, 235, 27, 14, 13, 14, 113, 283, 13, 235, 162, 332, 97, 240, 263, 262, 332, 162, 17, 14, 170, 151, 82, 35, 263, 14, 105, 170, 308, 14, 14, 81, 265, 105, 170, 157, 170, 105, 272, 106, 30, 344, 14, 109, 14, 14, 344, 170, 332, 204, 334, 14, 235, 204, 255, 162, 162, 14, 162, 14, 163, 162, 17, 308, 17, 152, 255, 105, 14, 312, 14, 334, 46, 14, 14, 334, 35, 14, 248, 45, 30, 14, 14, 332, 282, 334, 334, 161, 263, 196, 14, 263, 45, 14, 334, 14, 14, 25, 196, 99, 35, 14, 14, 14, 14, 35, 14, 27, 14, 14, 170, 196, 162, 35, 14, 282, 14, 290, 238, 14, 54, 140, 35, 54, 14, 160, 14, 14, 39, 39, 33, 33, 14, 282, 204, 72, 282, 72, 282, 14, 282, 105, 51, 14, 312, 35, 14, 44, 14, 14, 99, 14, 35, 328, 204, 302, 79, 14, 17, 207, 207, 105, 180, 