{"Run": 8, "K": 54, "WCSSD": 2792.9732409101825, "Purity": 0.39221299742341825, "Time": 2.6873950958251953, "Kmeans_Labels": [25, 18, 25, 25, 25, 25, 18, 25, 18, 25, 25, 25, 25, 25, 25, 25, 12, 12, 25, 25, 25, 25, 49, 18, 25, 12, 25, 12, 25, 25, 25, 25, 25, 12, 25, 25, 25, 25, 25, 25, 49, 27, 14, 25, 14, 25, 25, 25, 25, 25, 25, 49, 49, 49, 12, 25, 10, 18, 25, 25, 10, 12, 12, 25, 25, 18, 18, 18, 25, 18, 12, 25, 25, 25, 49, 25, 25, 25, 25, 25, 25, 10, 25, 12, 25, 25, 49, 10, 25, 25, 25, 25, 25, 25, 25, 25, 25, 25, 25, 25, 25, 49, 25, 27, 27, 6, 6, 27, 25, 49, 14, 14, 14, 25, 25, 49, 49, 25, 49, 13, 25, 25, 13, 25, 25, 13, 25, 25, 16, 25, 13, 13, 25, 25, 25, 25, 25, 25, 25, 25, 52, 25, 25, 25, 13, 13, 25, 25, 25, 25, 13, 41, 25, 25, 25, 13, 25, 25, 25, 25, 25, 13, 13, 25, 25, 13, 25, 49, 25, 25, 13, 10, 25, 49, 13, 25, 25, 9, 13, 25, 25, 25, 25, 25, 13, 10, 13, 25, 25, 10, 25, 52, 49, 13, 25, 25, 25, 49, 25, 25, 25, 12, 25, 25, 13, 25, 13, 25, 25, 25, 25, 25, 25, 25, 25, 13, 13, 25, 25, 52, 13, 25, 25, 25, 49, 13, 25, 25, 49, 13, 25, 25, 49, 25, 25, 25, 25, 25, 25, 49, 13, 25, 52, 25, 49, 25, 25, 25, 49, 13, 27, 6, 25, 3, 49, 25, 13, 25, 13, 25, 49, 25, 27, 25, 27, 25, 49, 27, 25, 25, 25, 52, 25, 6, 25, 25, 49, 25, 13, 27, 13, 27, 25, 25, 25, 25, 25, 27, 25, 16, 13, 27, 25, 14, 6, 27, 6, 6, 14, 49, 9, 6, 25, 6, 6, 6, 27, 6, 25, 14, 52, 25, 6, 6, 25, 25, 25, 14, 14, 49, 14, 14, 49, 14, 25, 25, 25, 25, 52, 14, 25, 13, 13, 25, 49, 25, 22, 25, 12, 13, 25, 49, 52, 49, 13, 49, 49, 13, 25, 49, 52, 49, 49, 25, 25, 25, 25, 35, 49, 38, 34, 25, 49, 34, 14, 52, 38, 34, 13, 25, 34, 8, 38, 13, 49, 13, 13, 13, 49, 25, 49, 49, 13, 25, 25, 49, 49, 12, 25, 25, 25, 25, 25, 25, 25, 25, 25, 25, 25, 13, 52, 49, 25, 49, 49, 52, 13, 25, 25, 25, 25, 25, 25, 25, 18, 25, 6, 49, 25, 13, 49, 25, 25, 25, 25, 27, 25, 14, 49, 34, 34, 9, 25, 25, 25, 49, 49, 49, 49, 25, 25, 10, 41, 41, 25, 25, 14, 14, 25, 14, 25, 25, 14, 25, 25, 25, 25, 49, 26, 26, 25, 25, 25, 25, 25, 25, 25, 25, 25, 25, 25, 25, 25, 25, 25, 52, 25, 25, 25, 25, 25, 25, 25, 25, 25, 25, 25, 25, 25, 25, 41, 25, 25, 25, 25, 49, 18, 41, 41, 18, 49, 3, 52, 25, 25, 25, 25, 25, 27, 25, 25, 25, 25, 25, 25, 25, 25, 27, 25, 25, 27, 49, 27, 27, 27, 27, 49, 25, 25, 14, 14, 14, 14, 14, 6, 6, 14, 14, 14, 25, 14, 6, 6, 14, 14, 25, 25, 14, 14, 14, 14, 27, 27, 14, 14, 25, 41, 41, 41, 41, 25, 25, 52, 52, 25, 48, 48, 25, 25, 25, 25, 25, 25, 25, 25, 25, 25, 52, 25, 25, 25, 52, 52, 49, 25, 25, 25, 25, 25, 34, 34, 41, 25, 41, 25, 25, 51, 51, 51, 51, 17, 17, 38, 38, 38, 38, 25, 34, 34, 38, 38, 38, 38, 38, 38, 38, 38, 34, 25, 25, 25, 12, 25, 25, 25, 25, 25, 25, 25, 25, 25, 25, 25, 25, 25, 25, 25, 25, 49, 25, 49, 25, 49, 49, 25, 49, 25, 25, 25, 25, 25, 38, 25, 25, 25, 25, 25, 25, 25, 25, 52, 52, 25, 25, 18, 25, 25, 25, 25, 25, 25, 25, 25, 25, 25, 9, 25, 25, 25, 18, 25, 25, 25, 25, 25, 25, 25, 25, 9, 40, 25, 25, 25, 25, 25, 10, 25, 25, 25, 10, 25, 25, 25, 25, 25, 25, 25, 25, 25, 25, 25, 25, 25, 25, 25, 25, 25, 25, 25, 25, 10, 25, 25, 25, 25, 25, 25, 25, 25, 25, 27, 52, 27, 25, 6, 27, 49, 14, 27, 27, 14, 14, 14, 27, 14, 14, 14, 14, 14, 6, 14, 27, 14, 14, 14, 14, 25, 14, 14, 14, 14, 14, 14, 25, 41, 14, 14, 14, 25, 25, 14, 14, 14, 14, 14, 14, 14, 14, 14, 14, 14, 14, 14, 14, 14, 14, 14, 25, 14, 25, 14, 25, 14, 14, 14, 52, 41, 14, 14, 14, 25, 48, 48, 41, 14, 14, 14, 14, 12, 12, 14, 25, 25, 49, 25, 25, 25, 52, 25, 49, 25, 25, 25, 14, 14, 25, 25, 25, 52, 25, 25, 25, 25, 25, 25, 25, 25, 49, 25, 25, 25, 25, 34, 34, 34, 25, 51, 34, 38, 51, 25, 34, 38, 25, 38, 17, 34, 25, 17, 17, 25, 38, 9, 9, 25, 34, 34, 34, 25, 25, 25, 34, 38, 25, 49, 38, 38, 38, 34, 25, 25, 25, 25, 25, 25, 10, 25, 25, 25, 25, 25, 25, 25, 25, 25, 10, 25, 10, 25, 25, 25, 10, 14, 6, 14, 49, 14, 49, 25, 10, 25, 10, 15, 25, 25, 12, 25, 25, 25, 49, 12, 49, 25, 14, 14, 34, 14, 14, 25, 25, 15, 25, 15, 50, 25, 27, 50, 25, 50, 50, 15, 15, 34, 15, 15, 2, 49, 15, 15, 15, 15, 49, 15, 15, 2, 15, 31, 10, 15, 50, 15, 15, 15, 2, 49, 15, 15, 31, 15, 15, 15, 15, 31, 15, 50, 49, 15, 50, 31, 15, 15, 31, 2, 25, 15, 2, 15, 15, 15, 25, 16, 50, 2, 15, 25, 24, 25, 15, 2, 15, 49, 25, 50, 15, 50, 15, 25, 2, 15, 25, 2, 15, 15, 15, 25, 25, 15, 15, 2, 15, 49, 25, 2, 15, 15, 15, 15, 15, 31, 2, 2, 2, 15, 2, 15, 15, 2, 15, 2, 15, 18, 49, 2, 15, 15, 25, 25, 25, 9, 25, 15, 2, 15, 9, 31, 15, 25, 50, 2, 15, 15, 15, 12, 15, 49, 15, 50, 50, 50, 15, 50, 15, 25, 15, 15, 15, 15, 25, 25, 31, 50, 15, 15, 15, 15, 15, 15, 15, 49, 25, 15, 2, 50, 15, 15, 9, 25, 15, 15, 49, 15, 50, 2, 15, 15, 15, 15, 15, 15, 15, 50, 15, 52, 25, 15, 2, 15, 2, 50, 2, 2, 15, 2, 15, 25, 15, 15, 25, 2, 50, 31, 15, 15, 15, 50, 50, 50, 2, 25, 31, 9, 15, 15, 15, 25, 31, 15, 15, 10, 15, 15, 25, 15, 25, 15, 15, 15, 15, 25, 50, 2, 31, 2, 49, 15, 50, 2, 15, 15, 15, 10, 10, 50, 49, 20, 25, 50, 15, 2, 2, 15, 15, 25, 49, 15, 15, 15, 15, 15, 25, 2, 50, 25, 15, 15, 15, 15, 31, 46, 2, 25, 10, 15, 50, 15, 15, 15, 25, 27, 50, 15, 50, 15, 25, 15, 49, 2, 2, 50, 15, 15, 31, 14, 31, 49, 15, 15, 15, 15, 2, 15, 31, 15, 50, 25, 2, 49, 49, 15, 15, 31, 15, 50, 50, 50, 25, 50, 31, 50, 15, 25, 2, 15, 39, 10, 15, 15, 15, 50, 15, 49, 50, 50, 15, 31, 15, 49, 2, 50, 15, 15, 2, 15, 15, 50, 15, 15, 2, 15, 50, 25, 25, 10, 2, 2, 15, 50, 50, 44, 42, 15, 31, 2, 50, 15, 31, 49, 15, 50, 50, 10, 2, 15, 2, 2, 50, 15, 15, 25, 15, 2, 2, 50, 15, 15, 15, 38, 50, 34, 50, 2, 49, 50, 15, 15, 15, 15, 49, 15, 34, 15, 2, 15, 15, 25, 2, 2, 15, 15, 49, 49, 15, 15, 15, 2, 15, 15, 2, 2, 15, 15, 25, 49, 49, 49, 49, 49, 25, 49, 49, 49, 49, 18, 49, 49, 25, 25, 16, 49, 25, 25, 49, 25, 49, 27, 49, 49, 38, 25, 49, 49, 49, 25, 25, 49, 25, 34, 25, 34, 49, 34, 49, 38, 38, 38, 38, 25, 25, 18, 25, 25, 25, 14, 25, 6, 25, 25, 25, 25, 25, 49, 25, 25, 25, 25, 25, 25, 25, 38, 25, 49, 25, 25, 27, 25, 25, 14, 25, 14, 25, 12, 6, 25, 25, 25, 25, 25, 49, 25, 52, 27, 27, 25, 25, 14, 12, 14, 25, 25, 25, 25, 3, 25, 49, 25, 10, 14, 25, 10, 27, 49, 25, 18, 12, 49, 25, 25, 25, 25, 25, 38, 25, 25, 9, 25, 14, 25, 25, 25, 49, 25, 38, 25, 25, 12, 25, 25, 52, 47, 49, 10, 25, 25, 25, 25, 27, 25, 38, 25, 25, 25, 25, 25, 25, 25, 51, 25, 25, 14, 25, 25, 12, 25, 25, 25, 25, 25, 12, 52, 49, 23, 25, 41, 25, 49, 25, 10, 25, 18, 52, 25, 25, 25, 25, 25, 25, 49, 49, 12, 25, 25, 25, 49, 49, 25, 25, 25, 49, 38, 25, 38, 14, 34, 25, 49, 38, 25, 51, 25, 34, 25, 25, 25, 25, 49, 25, 25, 25, 25, 41, 25, 25, 25, 14, 25, 25, 49, 49, 49, 14, 49, 14, 49, 25, 49, 49, 25, 49, 14, 14, 12, 12, 25, 49, 49, 49, 25, 14, 25, 14, 49, 49, 25, 49, 49, 14, 27, 27, 6, 25, 25, 25, 25, 6, 49, 49, 25, 27, 25, 49, 25, 25, 25, 37, 49, 49, 25, 25, 49, 25, 49, 25, 49, 27, 49, 25, 49, 25, 25, 3, 25, 25, 25, 12, 25, 9, 10, 27, 25, 25, 25, 49, 47, 49, 25, 49, 25, 25, 49, 10, 25, 25, 25, 25, 25, 25, 12, 12, 25, 25, 25, 25, 12, 25, 41, 25, 25, 49, 25, 25, 12, 25, 49, 25, 25, 25, 25, 25, 52, 12, 25, 25, 25, 25, 25, 25, 25, 25, 25, 49, 49, 25, 10, 49, 25, 49, 25, 49, 49, 25, 25, 49, 12, 25, 12, 25, 25, 25, 25, 12, 12, 12, 52, 25, 25, 25, 18, 25, 49, 18, 25, 12, 10, 12, 49, 12, 12, 49, 25, 25, 52, 18, 25, 25, 25, 25, 25, 49, 25, 23, 9, 49, 12, 25, 25, 18, 49, 25, 49, 25, 25, 52, 25, 49, 49, 25, 25, 25, 25, 25, 49, 25, 25, 25, 1, 12, 52, 25, 12, 25, 25, 25, 25, 9, 25, 25, 52, 12, 25, 10, 25, 25, 49, 25, 25, 49, 49, 12, 14, 49, 49, 49, 25, 49, 25, 9, 49, 49, 41, 25, 25, 12, 49, 49, 49, 25, 25, 25, 49, 25, 25, 25, 25, 49, 1, 9, 49, 25, 49, 25, 25, 9, 25, 25, 25, 49, 49, 25, 49, 38, 34, 25, 38, 25, 34, 34, 4, 34, 34, 4, 4, 4, 4, 38, 4, 34, 25, 4, 4, 49, 4, 27, 25, 38, 25, 4, 25, 4, 25, 4, 34, 4, 4, 14, 4, 25, 4, 4, 45, 3, 4, 49, 25, 14, 34, 25, 38, 34, 4, 4, 14, 25, 25, 4, 25, 14, 4, 49, 41, 4, 25, 4, 4, 4, 4, 25, 34, 9, 4, 4, 34, 25, 25, 4, 4, 14, 4, 34, 25, 4, 27, 4, 38, 4, 49, 4, 4, 4, 4, 4, 10, 4, 14, 4, 4, 4, 49, 4, 38, 17, 49, 4, 14, 4, 4, 49, 4, 4, 34, 49, 4, 34, 52, 4, 4, 4, 51, 4, 4, 4, 4, 4, 4, 4, 4, 4, 4, 4, 4, 4, 4, 4, 4, 4, 25, 18, 4, 4, 49, 4, 4, 4, 4, 4, 4, 4, 4, 4, 27, 4, 4, 4, 4, 4, 49, 4, 4, 4, 35, 4, 4, 25, 49, 25, 49, 4, 4, 49, 4, 4, 4, 4, 4, 4, 4, 4, 4, 4, 4, 4, 4, 4, 4, 4, 