{"Run": 12, "K": 21, "WCSSD": 2831.2851160076157, "Purity": 0.23933822935932858, "Time": 1.3614709377288818, "Kmeans_Labels": [0, 18, 7, 6, 6, 6, 18, 5, 18, 15, 2, 6, 13, 13, 6, 18, 18, 18, 17, 16, 17, 6, 6, 13, 13, 18, 17, 8, 16, 15, 13, 17, 16, 18, 17, 18, 13, 13, 17, 13, 17, 13, 3, 6, 13, 6, 13, 13, 6, 6, 6, 6, 6, 6, 18, 3, 6, 18, 6, 7, 6, 18, 18, 3, 18, 18, 13, 18, 13, 18, 13, 17, 15, 13, 18, 18, 6, 6, 7, 3, 7, 6, 15, 18, 5, 3, 14, 6, 18, 15, 6, 18, 15, 15, 6, 2, 6, 13, 5, 6, 5, 18, 6, 2, 2, 2, 2, 2, 15, 18, 11, 11, 11, 13, 15, 18, 6, 6, 6, 5, 6, 6, 5, 6, 6, 5, 6, 6, 19, 6, 5, 5, 6, 6, 6, 16, 6, 6, 6, 6, 8, 7, 7, 16, 5, 5, 6, 6, 6, 6, 5, 0, 6, 16, 6, 5, 6, 13, 6, 6, 6, 5, 5, 6, 2, 5, 6, 6, 14, 6, 5, 6, 6, 6, 5, 18, 3, 3, 5, 6, 6, 6, 6, 6, 5, 6, 5, 6, 6, 6, 6, 8, 6, 5, 6, 6, 6, 6, 6, 15, 5, 18, 7, 3, 5, 5, 5, 15, 15, 15, 18, 6, 5, 5, 5, 5, 5, 15, 2, 8, 5, 6, 6, 2, 6, 5, 6, 15, 6, 5, 6, 6, 5, 6, 15, 15, 15, 16, 6, 6, 5, 6, 8, 5, 6, 15, 6, 15, 6, 5, 2, 2, 6, 5, 6, 17, 5, 6, 5, 15, 6, 0, 2, 7, 2, 6, 6, 2, 14, 15, 6, 2, 6, 6, 2, 7, 6, 6, 2, 2, 5, 2, 0, 6, 7, 2, 6, 2, 2, 19, 5, 2, 6, 11, 2, 2, 6, 2, 2, 16, 3, 2, 2, 2, 2, 11, 2, 2, 0, 11, 8, 0, 2, 6, 15, 0, 7, 11, 11, 16, 11, 11, 6, 11, 3, 6, 0, 6, 8, 0, 16, 16, 5, 0, 6, 0, 5, 0, 18, 5, 6, 6, 5, 6, 5, 6, 6, 5, 6, 6, 8, 6, 6, 0, 2, 5, 7, 14, 19, 10, 10, 6, 6, 10, 11, 8, 12, 10, 5, 6, 10, 10, 12, 5, 12, 5, 5, 5, 6, 7, 6, 6, 5, 7, 6, 6, 6, 18, 6, 6, 6, 6, 7, 6, 3, 13, 3, 6, 6, 5, 8, 6, 6, 6, 6, 8, 16, 6, 6, 6, 7, 6, 6, 6, 18, 6, 2, 6, 6, 5, 6, 6, 18, 13, 16, 2, 6, 11, 19, 10, 10, 3, 6, 6, 16, 6, 6, 16, 16, 6, 17, 15, 0, 0, 15, 15, 11, 11, 6, 11, 0, 0, 11, 6, 16, 10, 10, 6, 10, 10, 6, 6, 6, 3, 3, 16, 3, 3, 7, 7, 7, 3, 6, 16, 6, 8, 3, 15, 15, 15, 5, 5, 15, 15, 15, 15, 15, 15, 15, 15, 0, 15, 15, 15, 6, 19, 18, 0, 0, 18, 5, 6, 8, 15, 15, 6, 15, 15, 2, 7, 7, 18, 7, 7, 6, 6, 6, 2, 6, 6, 2, 6, 2, 2, 2, 2, 6, 15, 7, 11, 11, 11, 11, 11, 2, 2, 11, 11, 11, 2, 11, 2, 2, 11, 11, 6, 6, 11, 11, 11, 11, 2, 2, 11, 11, 6, 0, 0, 0, 0, 6, 6, 8, 8, 2, 3, 3, 0, 0, 0, 0, 0, 0, 6, 0, 6, 6, 8, 6, 0, 0, 8, 8, 16, 6, 6, 0, 0, 6, 10, 10, 0, 17, 0, 17, 17, 12, 12, 12, 12, 3, 3, 10, 10, 10, 10, 16, 10, 10, 12, 12, 12, 12, 12, 12, 10, 10, 10, 6, 13, 18, 18, 13, 6, 6, 6, 6, 6, 6, 6, 6, 6, 2, 15, 6, 6, 6, 13, 6, 6, 6, 19, 6, 6, 6, 6, 6, 3, 6, 6, 6, 10, 3, 3, 3, 3, 3, 3, 6, 0, 8, 8, 6, 8, 18, 8, 16, 6, 6, 6, 3, 6, 3, 17, 18, 3, 6, 6, 15, 18, 15, 15, 6, 15, 15, 15, 15, 15, 3, 6, 15, 6, 15, 15, 15, 6, 15, 15, 15, 6, 15, 15, 18, 15, 15, 15, 15, 15, 15, 15, 15, 15, 6, 15, 15, 15, 15, 15, 15, 15, 16, 6, 15, 15, 15, 15, 15, 15, 6, 6, 2, 8, 2, 7, 2, 2, 19, 11, 2, 2, 11, 11, 11, 2, 11, 11, 11, 11, 11, 15, 11, 15, 11, 11, 11, 11, 6, 11, 11, 11, 11, 11, 11, 6, 0, 11, 11, 11, 6, 6, 11, 11, 11, 11, 11, 11, 11, 11, 11, 11, 11, 11, 11, 11, 11, 11, 11, 15, 11, 0, 11, 6, 0, 11, 11, 0, 0, 0, 0, 0, 0, 15, 15, 0, 0, 0, 11, 0, 16, 16, 0, 0, 7, 6, 7, 0, 6, 8, 0, 6, 6, 0, 0, 0, 0, 6, 0, 0, 0, 6, 6, 6, 6, 6, 6, 0, 0, 13, 6, 6, 6, 6, 10, 10, 10, 6, 12, 10, 10, 12, 3, 10, 12, 7, 10, 3, 10, 3, 3, 3, 6, 10, 3, 3, 12, 10, 10, 10, 13, 3, 11, 10, 12, 6, 18, 10, 10, 10, 10, 16, 16, 6, 18, 6, 16, 16, 18, 6, 14, 18, 18, 6, 6, 6, 6, 6, 16, 6, 7, 7, 6, 2, 11, 2, 11, 11, 11, 6, 6, 14, 7, 14, 1, 6, 6, 18, 6, 7, 6, 14, 18, 6, 6, 0, 11, 10, 0, 11, 6, 3, 1, 15, 1, 1, 6, 2, 1, 17, 1, 1, 1, 1, 10, 1, 1, 1, 6, 1, 1, 1, 1, 6, 1, 1, 1, 1, 1, 6, 1, 1, 1, 1, 1, 1, 6, 1, 1, 1, 1, 1, 1, 1, 1, 1, 6, 6, 1, 1, 1, 1, 1, 1, 1, 6, 1, 1, 1, 1, 1, 6, 19, 1, 1, 1, 6, 6, 6, 1, 1, 1, 6, 3, 1, 1, 1, 1, 6, 1, 1, 6, 1, 1, 1, 1, 18, 6, 1, 1, 1, 1, 6, 16, 13, 1, 1, 1, 1, 1, 1, 1, 1, 1, 1, 1, 1, 1, 1, 1, 1, 1, 6, 6, 1, 1, 1, 13, 6, 6, 3, 6, 1, 1, 1, 3, 1, 1, 6, 1, 1, 1, 1, 1, 18, 1, 18, 1, 1, 1, 1, 1, 1, 1, 6, 1, 1, 1, 1, 6, 3, 1, 1, 1, 1, 1, 1, 1, 1, 1, 6, 6, 1, 1, 1, 1, 1, 3, 3, 1, 1, 6, 1, 1, 1, 1, 1, 1, 1, 1, 1, 1, 1, 1, 8, 6, 1, 1, 1, 1, 1, 1, 1, 1, 13, 1, 6, 1, 1, 15, 1, 1, 1, 1, 1, 1, 1, 1, 1, 1, 6, 1, 3, 1, 1, 1, 6, 1, 1, 1, 6, 1, 1, 15, 1, 6, 1, 1, 1, 1, 6, 1, 1, 1, 1, 6, 1, 1, 1, 1, 1, 1, 6, 1, 1, 6, 1, 6, 1, 1, 1, 1, 1, 1, 7, 6, 1, 1, 1, 1, 1, 6, 1, 1, 7, 1, 1, 1, 1, 1, 1, 1, 6, 6, 1, 1, 1, 1, 1, 2, 2, 1, 1, 1, 1, 6, 1, 7, 1, 1, 1, 1, 1, 1, 11, 1, 6, 1, 1, 1, 1, 6, 1, 1, 1, 1, 2, 1, 6, 6, 1, 1, 1, 1, 1, 1, 1, 17, 1, 1, 1, 1, 17, 1, 1, 14, 6, 1, 1, 1, 1, 1, 6, 1, 1, 1, 1, 1, 6, 1, 1, 1, 1, 1, 1, 1, 1, 1, 1, 1, 1, 1, 6, 16, 16, 1, 1, 1, 1, 1, 1, 1, 1, 1, 1, 1, 1, 1, 6, 1, 1, 1, 16, 1, 1, 1, 6, 1, 1, 1, 6, 1, 1, 1, 1, 1, 1, 1, 10, 1, 10, 1, 10, 7, 1, 1, 1, 1, 1, 14, 1, 10, 1, 1, 1, 1, 6, 1, 1, 1, 1, 6, 6, 1, 1, 1, 1, 1, 1, 1, 1, 1, 1, 16, 6, 6, 6, 6, 6, 6, 6, 6, 6, 6, 6, 6, 6, 6, 6, 19, 6, 16, 2, 6, 17, 7, 2, 6, 6, 10, 13, 6, 6, 6, 6, 13, 19, 17, 12, 3, 10, 19, 10, 6, 12, 10, 12, 10, 6, 6, 18, 15, 13, 6, 0, 6, 6, 11, 6, 17, 12, 7, 18, 6, 6, 0, 6, 6, 15, 6, 10, 15, 12, 17, 15, 2, 15, 6, 11, 7, 11, 6, 18, 2, 6, 3, 2, 17, 17, 2, 6, 8, 2, 2, 13, 6, 11, 18, 11, 15, 17, 6, 15, 6, 6, 6, 18, 6, 11, 15, 6, 2, 17, 15, 18, 16, 19, 6, 6, 15, 2, 6, 12, 6, 3, 3, 6, 11, 6, 17, 6, 6, 6, 10, 6, 15, 18, 3, 6, 8, 2, 6, 6, 15, 6, 6, 18, 2, 6, 12, 6, 7, 6, 6, 18, 6, 6, 12, 7, 6, 11, 17, 6, 18, 6, 6, 6, 17, 6, 18, 8, 6, 8, 6, 0, 0, 19, 6, 6, 3, 18, 8, 12, 18, 17, 17, 17, 6, 6, 6, 18, 6, 6, 6, 6, 6, 18, 18, 3, 6, 10, 12, 12, 11, 10, 17, 12, 12, 12, 12, 17, 10, 6, 17, 6, 6, 6, 17, 6, 13, 6, 0, 6, 0, 6, 0, 6, 0, 6, 6, 6, 11, 6, 11, 3, 6, 6, 7, 7, 6, 11, 11, 18, 18, 3, 6, 6, 6, 11, 11, 6, 11, 6, 6, 18, 6, 6, 11, 2, 2, 2, 6, 7, 6, 2, 6, 6, 6, 3, 2, 6, 6, 3, 2, 6, 6, 6, 6, 6, 17, 18, 7, 6, 7, 18, 2, 6, 18, 6, 6, 2, 6, 6, 6, 2, 18, 6, 3, 6, 2, 6, 18, 18, 19, 2, 2, 17, 15, 15, 17, 6, 6, 6, 17, 6, 17, 6, 15, 16, 18, 6, 15, 6, 15, 18, 6, 0, 17, 15, 6, 15, 6, 15, 6, 19, 6, 18, 6, 15, 15, 8, 18, 15, 6, 15, 15, 6, 15, 15, 15, 15, 6, 19, 3, 18, 19, 6, 19, 14, 19, 6, 14, 6, 6, 18, 18, 18, 6, 6, 16, 17, 18, 18, 18, 8, 6, 6, 7, 6, 6, 6, 18, 3, 18, 6, 18, 6, 18, 18, 6, 17, 7, 8, 18, 6, 17, 6, 6, 6, 6, 6, 8, 3, 17, 18, 17, 6, 18, 6, 13, 18, 17, 6, 8, 6, 6, 6, 18, 6, 7, 6, 16, 6, 6, 6, 6, 6, 18, 8, 6, 18, 7, 18, 6, 6, 3, 6, 6, 8, 18, 3, 6, 15, 7, 6, 6, 17, 19, 18, 18, 11, 6, 6, 6, 3, 6, 6, 3, 16, 6, 0, 6, 6, 18, 6, 19, 6, 3, 18, 3, 6, 6, 14, 7, 17, 6, 18, 3, 3, 7, 6, 17, 6, 16, 6, 6, 6, 19, 6, 17, 6, 10, 12, 6, 12, 3, 10, 10, 9, 19, 10, 12, 9, 9, 9, 10, 9, 10, 6, 9, 9, 18, 9, 2, 7, 12, 0, 9, 5, 9, 0, 9, 12, 9, 15, 11, 9, 3, 9, 9, 3, 6, 9, 6, 6, 11, 10, 15, 12, 10, 9, 9, 11, 15, 15, 9, 15, 0, 9, 6, 0, 9, 0, 9, 9, 9, 9, 12, 10, 3, 16, 9, 10, 3, 9, 9, 9, 0, 9, 10, 7, 9, 2, 9, 12, 9, 6, 9, 9, 9, 9, 9, 9, 9, 11, 9, 9, 9, 19, 15, 10, 12, 6, 9, 11, 9, 9, 6, 9, 9, 10, 6, 9, 10, 8, 9, 9, 9, 12, 9, 9, 9, 9, 9, 9, 9, 15, 9, 9, 9, 9, 9, 9, 9, 9, 9, 5, 18, 9, 9, 19, 9, 9, 9, 9, 9, 9, 9, 9, 9, 7, 9, 9, 9, 14, 9, 6, 9, 9, 9, 14, 3, 9, 17, 6, 3, 6, 9, 9, 19, 9, 9, 9, 9, 9, 9, 9, 9, 9, 9, 9, 9, 15, 9, 9, 9, 18, 3, 9, 19, 9, 9, 6, 9, 9, 3, 9, 9, 9, 9, 9, 9, 9, 9, 9, 9, 9, 9, 9, 9, 9, 9, 9, 9, 9, 9, 9, 5, 19, 9, 9, 9, 18, 9, 9, 9, 9, 15, 6, 6, 13, 20, 14, 10, 6, 6, 6, 7, 8, 6, 10, 16, 17, 6, 7, 6, 6, 19, 18, 6, 18, 20, 3, 6, 18, 13, 2, 6, 13, 6, 13, 6, 6, 16, 6, 18, 6, 13, 6, 6, 6, 6, 18, 7, 6, 18, 16, 6, 8, 14, 6, 3, 6, 18, 6, 18, 6, 6, 20, 6, 6, 6, 3, 3, 20, 20, 16, 20, 3, 20, 20, 20, 4, 15, 15, 8, 20, 20, 20, 20, 3, 3, 3, 20, 20, 20, 20, 6, 20, 7, 3, 3, 20, 6, 20, 3, 20, 7, 6, 6, 19, 6, 6, 6, 15, 6, 6, 6, 6, 6, 8, 6, 15, 6, 11, 8, 6, 6, 6, 6, 6, 6, 6, 8, 6, 18, 3, 15, 6, 6, 6, 0, 6, 6, 8, 6, 0, 6, 6, 19, 8, 8, 20, 20, 15, 15, 6, 20, 20, 20, 6, 20, 20, 20, 6, 6, 7, 3, 3, 20, 20, 6, 0, 19, 6, 6, 8, 8, 6, 6, 7, 6, 19, 20, 8, 2, 19, 10, 20, 20, 7, 6, 6, 14, 17, 2, 12, 20, 3, 11, 12, 20, 20, 20, 6, 0, 20, 6, 20, 14, 3, 17, 6, 6, 6, 6, 19, 6, 3, 20, 20, 20, 6, 16, 10, 10, 10, 3, 7, 15, 6, 6, 6, 15, 18, 18, 2, 3, 10, 15, 7, 7, 18, 3, 3, 7, 16, 10, 16, 16, 15, 6, 6, 6, 6, 6, 6, 0, 6, 6, 6, 6, 3, 8, 3, 6, 6, 6, 6, 6, 3, 6, 7, 3, 6, 15, 6, 6, 3, 19, 19, 19, 19, 6, 6, 7, 6, 7, 6, 6, 0, 14, 3, 6, 16, 7, 6, 6, 18, 2, 0, 6, 6, 10, 12, 19, 15, 3, 7, 11, 2, 0, 2, 15,