{"Run": 8, "K": 21, "WCSSD": 2842.223612229237, "Purity": 0.39106784998568567, "Time": 1.6507010459899902, "Kmeans_Labels": [17, 20, 7, 2, 2, 3, 20, 12, 0, 12, 7, 4, 20, 20, 3, 8, 8, 20, 3, 9, 3, 3, 8, 20, 20, 20, 20, 19, 9, 12, 20, 3, 9, 20, 20, 3, 4, 20, 4, 20, 3, 20, 2, 3, 20, 6, 20, 3, 3, 3, 0, 3, 3, 14, 17, 2, 9, 20, 2, 2, 9, 20, 20, 2, 2, 20, 20, 20, 20, 20, 20, 3, 3, 0, 3, 0, 13, 3, 8, 3, 7, 3, 12, 0, 12, 2, 3, 3, 2, 12, 13, 0, 12, 12, 3, 3, 0, 3, 6, 3, 6, 3, 3, 15, 15, 15, 15, 15, 15, 3, 1, 15, 1, 20, 15, 3, 3, 3, 3, 8, 3, 0, 2, 8, 2, 2, 0, 2, 7, 3, 16, 8, 8, 8, 3, 9, 3, 8, 8, 3, 19, 2, 2, 9, 2, 2, 7, 8, 8, 2, 8, 16, 2, 9, 8, 9, 3, 3, 2, 3, 8, 8, 13, 8, 15, 8, 0, 3, 3, 2, 8, 8, 3, 3, 8, 9, 2, 8, 3, 8, 0, 3, 8, 3, 8, 3, 8, 3, 8, 3, 3, 19, 3, 9, 14, 2, 8, 8, 3, 12, 12, 8, 8, 8, 12, 6, 12, 12, 12, 12, 8, 3, 12, 8, 6, 3, 12, 12, 4, 19, 12, 3, 8, 4, 3, 4, 4, 4, 3, 8, 8, 3, 6, 3, 12, 4, 12, 9, 8, 3, 8, 3, 19, 17, 3, 12, 17, 12, 3, 8, 12, 15, 8, 8, 3, 8, 8, 8, 12, 4, 8, 17, 4, 7, 7, 2, 8, 15, 8, 12, 8, 19, 3, 8, 15, 7, 3, 8, 15, 15, 8, 15, 17, 8, 8, 15, 8, 15, 7, 7, 7, 7, 3, 15, 15, 15, 8, 15, 7, 9, 8, 15, 15, 15, 15, 15, 15, 15, 17, 1, 19, 17, 15, 8, 12, 17, 8, 1, 15, 9, 1, 1, 3, 1, 2, 4, 17, 13, 19, 17, 9, 9, 8, 17, 3, 17, 15, 17, 20, 17, 8, 3, 6, 3, 6, 3, 6, 6, 3, 6, 6, 3, 3, 6, 4, 17, 7, 9, 9, 1, 1, 3, 3, 1, 1, 19, 18, 1, 8, 8, 4, 1, 18, 8, 18, 8, 6, 6, 8, 8, 8, 3, 8, 2, 3, 3, 3, 2, 2, 3, 8, 8, 8, 3, 2, 20, 2, 13, 3, 3, 19, 3, 2, 8, 3, 19, 9, 2, 2, 3, 7, 13, 7, 8, 20, 3, 15, 3, 3, 8, 3, 2, 8, 14, 9, 15, 14, 15, 9, 1, 1, 2, 13, 14, 9, 14, 14, 9, 9, 14, 2, 14, 16, 16, 12, 12, 1, 1, 3, 1, 4, 4, 1, 6, 9, 1, 1, 14, 1, 1, 3, 3, 3, 2, 2, 2, 2, 2, 7, 7, 7, 7, 2, 7, 13, 19, 3, 12, 12, 12, 12, 12, 12, 12, 12, 12, 12, 12, 12, 12, 16, 12, 12, 12, 3, 4, 3, 16, 16, 3, 6, 3, 19, 12, 12, 14, 12, 12, 15, 7, 7, 3, 7, 7, 3, 3, 7, 7, 7, 7, 15, 3, 7, 15, 15, 7, 3, 15, 14, 15, 15, 15, 15, 15, 15, 15, 15, 15, 15, 4, 17, 15, 15, 12, 12, 3, 3, 1, 1, 1, 1, 7, 7, 1, 1, 17, 16, 16, 16, 16, 13, 6, 19, 19, 4, 17, 17, 4, 4, 17, 17, 17, 17, 3, 17, 1, 1, 19, 6, 6, 6, 6, 6, 9, 6, 6, 17, 17, 3, 1, 1, 16, 3, 16, 3, 3, 18, 18, 18, 18, 18, 18, 18, 18, 18, 18, 9, 1, 1, 18, 18, 18, 18, 18, 18, 1, 1, 18, 14, 13, 13, 20, 20, 14, 14, 14, 14, 14, 4, 14, 14, 14, 4, 4, 14, 14, 14, 20, 14, 14, 14, 14, 3, 14, 14, 14, 14, 2, 14, 3, 3, 1, 2, 2, 8, 8, 2, 2, 0, 17, 19, 19, 0, 19, 3, 19, 7, 3, 2, 3, 2, 2, 2, 3, 0, 2, 8, 3, 12, 8, 12, 12, 3, 12, 12, 12, 12, 12, 8, 3, 12, 8, 12, 12, 12, 9, 12, 12, 12, 9, 12, 12, 20, 12, 12, 12, 12, 12, 12, 12, 12, 0, 0, 12, 12, 12, 12, 12, 12, 12, 9, 3, 12, 12, 12, 12, 12, 3, 3, 7, 15, 19, 7, 7, 15, 15, 9, 1, 15, 15, 15, 15, 1, 15, 1, 15, 15, 1, 12, 15, 15, 15, 1, 1, 15, 15, 9, 1, 15, 17, 1, 15, 1, 15, 16, 1, 1, 1, 3, 3, 1, 1, 1, 1, 1, 1, 1, 1, 1, 3, 1, 1, 1, 17, 1, 17, 1, 4, 1, 17, 17, 3, 17, 17, 17, 17, 16, 17, 17, 17, 17, 17, 17, 16, 17, 17, 1, 17, 20, 20, 17, 17, 7, 3, 7, 3, 17, 19, 1, 6, 6, 6, 6, 17, 17, 7, 17, 17, 17, 3, 3, 3, 3, 3, 3, 17, 17, 3, 1, 1, 3, 3, 1, 1, 1, 3, 18, 1, 18, 18, 2, 18, 18, 8, 18, 18, 18, 18, 18, 18, 3, 18, 18, 18, 18, 1, 1, 1, 3, 2, 1, 1, 18, 3, 14, 1, 1, 1, 1, 9, 9, 7, 8, 3, 7, 9, 7, 0, 9, 8, 8, 3, 3, 3, 3, 9, 9, 9, 7, 7, 8, 7, 15, 15, 1, 3, 1, 3, 3, 8, 8, 8, 10, 3, 2, 2, 13, 8, 13, 3, 20, 3, 3, 17, 17, 1, 17, 17, 3, 3, 10, 4, 10, 10, 4, 7, 10, 3, 10, 10, 10, 10, 1, 10, 10, 10, 14, 10, 10, 10, 10, 3, 10, 10, 10, 10, 10, 3, 10, 10, 10, 10, 10, 10, 3, 10, 10, 10, 10, 10, 10, 10, 10, 10, 3, 3, 10, 10, 10, 10, 10, 10, 10, 3, 10, 10, 10, 10, 10, 3, 7, 10, 10, 10, 3, 2, 3, 10, 10, 10, 3, 2, 10, 10, 10, 10, 2, 2, 10, 3, 10, 10, 10, 10, 3, 3, 10, 10, 10, 10, 3, 9, 10, 10, 10, 10, 10, 10, 10, 10, 10, 10, 10, 10, 10, 10, 10, 10, 10, 10, 3, 3, 10, 10, 10, 20, 3, 3, 14, 8, 10, 10, 10, 2, 10, 10, 3, 10, 10, 10, 10, 10, 20, 10, 13, 10, 10, 10, 10, 10, 10, 10, 3, 10, 10, 10, 10, 3, 2, 10, 10, 10, 10, 10, 10, 10, 10, 10, 3, 3, 10, 10, 10, 10, 10, 3, 3, 10, 10, 13, 10, 10, 10, 10, 10, 10, 10, 10, 10, 10, 10, 10, 19, 3, 10, 10, 10, 16, 10, 10, 10, 10, 10, 10, 3, 10, 10, 12, 10, 10, 10, 10, 10, 10, 10, 10, 10, 10, 13, 10, 14, 10, 10, 10, 3, 10, 10, 10, 3, 10, 10, 4, 10, 4, 10, 10, 10, 10, 3, 10, 10, 10, 10, 3, 10, 10, 10, 10, 10, 10, 9, 9, 4, 3, 10, 3, 10, 10, 10, 10, 10, 10, 7, 3, 10, 10, 10, 10, 10, 4, 10, 10, 7, 10, 10, 10, 10, 10, 10, 10, 3, 14, 10, 10, 10, 10, 10, 7, 15, 10, 10, 10, 10, 7, 10, 3, 10, 10, 10, 10, 10, 10, 17, 10, 8, 10, 10, 10, 10, 3, 10, 10, 10, 10, 15, 10, 3, 3, 10, 10, 10, 10, 10, 10, 10, 3, 10, 10, 10, 10, 3, 10, 10, 10, 9, 10, 10, 10, 10, 10, 3, 10, 10, 10, 10, 10, 9, 10, 10, 10, 10, 10, 10, 10, 10, 10, 10, 10, 10, 10, 17, 9, 9, 10, 10, 10, 10, 10, 10, 10, 10, 10, 10, 10, 10, 10, 3, 10, 10, 10, 9, 10, 10, 10, 4, 10, 10, 10, 2, 10, 10, 10, 10, 10, 10, 10, 1, 10, 1, 10, 10, 3, 10, 10, 10, 10, 10, 3, 10, 1, 10, 10, 10, 10, 18, 10, 10, 10, 10, 3, 3, 10, 10, 10, 10, 10, 10, 10, 10, 10, 10, 9, 14, 3, 3, 3, 3, 7, 3, 3, 3, 3, 3, 3, 3, 3, 2, 7, 3, 9, 4, 3, 3, 8, 7, 3, 3, 18, 20, 3, 3, 3, 3, 3, 9, 6, 18, 7, 1, 9, 1, 3, 18, 1, 18, 1, 4, 3, 20, 12, 6, 17, 17, 3, 15, 3, 6, 3, 18, 7, 20, 2, 2, 17, 3, 0, 12, 7, 1, 12, 18, 4, 12, 15, 12, 14, 15, 7, 15, 8, 20, 15, 3, 13, 7, 13, 3, 4, 14, 19, 7, 4, 20, 3, 1, 20, 1, 12, 4, 14, 12, 3, 2, 3, 0, 9, 17, 12, 3, 7, 3, 12, 20, 9, 14, 14, 6, 12, 4, 3, 18, 13, 7, 2, 14, 1, 3, 3, 3, 3, 3, 1, 2, 12, 20, 0, 3, 19, 4, 3, 9, 12, 13, 3, 3, 14, 14, 18, 0, 13, 3, 3, 7, 3, 3, 18, 7, 17, 15, 3, 8, 20, 0, 7, 2, 0, 13, 20, 19, 3, 19, 14, 16, 17, 9, 3, 9, 2, 0, 19, 18, 8, 3, 3, 6, 3, 3, 3, 20, 12, 3, 8, 13, 3, 14, 3, 7, 14, 1, 18, 18, 1, 1, 3, 18, 18, 18, 18, 3, 1, 3, 4, 8, 4, 6, 6, 6, 6, 17, 16, 14, 17, 14, 17, 7, 17, 3, 17, 3, 1, 3, 1, 3, 3, 14, 7, 7, 14, 1, 1, 20, 20, 7, 3, 14, 3, 3, 15, 3, 15, 3, 14, 0, 14, 3, 15, 7, 7, 15, 0, 7, 3, 7, 15, 14, 3, 2, 4, 3, 3, 0, 15, 3, 14, 3, 14, 14, 4, 20, 7, 3, 14, 20, 14, 3, 3, 3, 0, 4, 3, 6, 17, 4, 20, 3, 14, 9, 15, 3, 3, 14, 14, 4, 4, 4, 12, 12, 3, 6, 9, 6, 4, 3, 3, 14, 12, 9, 20, 14, 12, 3, 3, 20, 3, 16, 8, 12, 14, 12, 2, 12, 12, 8, 12, 8, 14, 12, 12, 19, 20, 12, 3, 12, 12, 8, 12, 12, 12, 12, 3, 8, 2, 8, 8, 8, 8, 9, 8, 3, 3, 14, 3, 20, 3, 20, 3, 14, 2, 13, 20, 20, 2, 19, 8, 13, 2, 13, 13, 3, 13, 13, 20, 9, 20, 3, 13, 13, 3, 3, 13, 19, 0, 13, 3, 2, 13, 7, 3, 3, 19, 0, 3, 20, 0, 2, 20, 3, 20, 20, 3, 3, 19, 2, 3, 3, 7, 2, 7, 3, 9, 3, 8, 3, 0, 3, 20, 19, 2, 20, 13, 14, 2, 7, 2, 17, 3, 19, 20, 2, 3, 12, 7, 4, 3, 3, 8, 20, 13, 1, 14, 6, 14, 2, 3, 3, 0, 9, 17, 16, 13, 3, 20, 3, 8, 3, 2, 3, 7, 3, 8, 9, 7, 4, 3, 20, 3, 3, 7, 14, 4, 2, 2, 3, 2, 3, 9, 3, 6, 14, 1, 18, 3, 18, 7, 1, 1, 11, 9, 1, 18, 11, 11, 11, 18, 11, 1, 2, 11, 11, 11, 11, 15, 7, 18, 17, 11, 6, 11, 4, 19, 18, 11, 15, 15, 11, 2, 11, 11, 2, 4, 11, 3, 3, 15, 1, 12, 18, 1, 11, 11, 11, 12, 4, 11, 12, 17, 11, 3, 16, 11, 6, 11, 11, 11, 13, 18, 1, 11, 9, 11, 1, 2, 11, 11, 11, 17, 11, 1, 7, 11, 11, 11, 18, 11, 3, 11, 11, 11, 11, 11, 11, 11, 15, 11, 13, 11, 9, 12, 18, 18, 13, 11, 11, 11, 11, 3, 11, 11, 11, 3, 11, 11, 19, 11, 11, 11, 18, 11, 11, 11, 11, 11, 11, 11, 4, 11, 9, 11, 11, 11, 11, 11, 11, 11, 6, 11, 11, 11, 9, 11, 11, 11, 11, 11, 11, 11, 11, 11, 7, 11, 11, 11, 11, 11, 3, 11, 11, 11, 11, 11, 11, 4, 3, 7, 14, 11, 11, 9, 11, 11, 11, 11, 11, 11, 11, 11, 11, 11, 11, 11, 12, 11, 11, 11, 3, 2, 11, 11, 11, 11, 14, 11, 11, 2, 11, 11, 11, 11, 11, 11, 11, 11, 11, 11, 11, 11, 11, 11, 11, 11, 11, 11, 11, 11, 11, 6, 8, 11, 11, 11, 20, 11, 11, 11, 11, 3, 3, 3, 20, 5, 8, 1, 13, 6, 2, 8, 19, 3, 1, 7, 14, 3, 2, 3, 3, 9, 3, 3, 20, 5, 2, 3, 20, 20, 15, 20, 2, 3, 20, 3, 3, 9, 3, 20, 3, 8, 3, 7, 3, 3, 20, 7, 3, 20, 9, 3, 19, 3, 3, 14, 6, 8, 8, 4, 9, 3, 5, 3, 14, 3, 14, 19, 5, 5, 9, 5, 14, 5, 5, 5, 7, 12, 12, 19, 5, 5, 5, 5, 2, 14, 14, 5, 5, 5, 5, 3, 5, 3, 14, 14, 5, 14, 5, 2, 5, 8, 3, 6, 9, 3, 3, 3, 12, 3, 3, 3, 3, 3, 19, 3, 12, 3, 1, 19, 6, 3, 3, 13, 6, 1, 20, 19, 3, 17, 18, 12, 13, 3, 3, 3, 14, 6, 19, 3, 16, 3, 3, 9, 19, 19, 5, 5, 12, 12, 3, 5, 5, 5, 3, 5, 5, 5, 3, 3, 7, 2, 14, 5, 5, 3, 6, 3, 14, 3, 19, 2, 14, 7, 2, 13, 9, 5, 19, 15, 3, 1, 5,