{"Run": 14, "K": 180, "WCSSD": 2487.840888401654, "Purity": 0.3262498912177371, "Time": 6.153363943099976, "Kmeans_Labels": [10, 15, 87, 10, 10, 83, 62, 78, 10, 169, 10, 30, 142, 142, 10, 37, 10, 21, 168, 146, 10, 10, 148, 142, 142, 21, 142, 21, 146, 10, 142, 168, 146, 21, 168, 148, 142, 142, 30, 142, 168, 62, 10, 162, 119, 10, 142, 10, 10, 45, 10, 148, 148, 10, 149, 11, 148, 21, 138, 10, 10, 21, 21, 66, 11, 166, 142, 15, 142, 11, 21, 10, 10, 138, 148, 10, 10, 10, 168, 10, 10, 168, 80, 21, 78, 10, 138, 10, 10, 10, 10, 10, 11, 169, 10, 62, 10, 10, 78, 10, 78, 148, 10, 157, 157, 62, 62, 141, 10, 148, 119, 119, 119, 142, 10, 148, 142, 10, 118, 13, 10, 10, 13, 10, 10, 13, 148, 10, 142, 10, 13, 13, 10, 10, 148, 146, 150, 10, 114, 10, 103, 10, 138, 146, 13, 13, 10, 10, 10, 10, 13, 23, 138, 146, 10, 13, 10, 97, 10, 10, 10, 13, 13, 10, 10, 13, 138, 168, 148, 138, 13, 10, 10, 148, 13, 10, 66, 99, 13, 10, 10, 10, 113, 113, 13, 10, 13, 10, 89, 10, 10, 103, 148, 110, 10, 10, 10, 148, 10, 169, 78, 21, 10, 66, 133, 101, 13, 78, 138, 133, 10, 10, 78, 78, 101, 13, 13, 169, 30, 103, 78, 10, 10, 30, 148, 13, 10, 30, 148, 13, 10, 10, 78, 10, 78, 168, 10, 146, 116, 148, 13, 10, 103, 78, 148, 78, 10, 10, 148, 13, 62, 141, 10, 13, 148, 168, 13, 10, 13, 10, 10, 10, 30, 87, 157, 10, 148, 157, 142, 10, 10, 62, 142, 10, 62, 47, 75, 47, 13, 157, 13, 157, 10, 10, 62, 62, 66, 157, 62, 142, 13, 62, 10, 62, 141, 62, 141, 62, 10, 10, 10, 156, 10, 141, 141, 62, 62, 62, 62, 119, 103, 10, 141, 141, 10, 39, 10, 119, 119, 148, 119, 119, 148, 119, 66, 30, 10, 77, 103, 119, 146, 13, 13, 10, 148, 10, 13, 10, 21, 13, 10, 10, 78, 148, 13, 148, 10, 13, 10, 148, 103, 148, 148, 10, 30, 10, 87, 148, 42, 26, 26, 10, 10, 26, 119, 103, 40, 26, 13, 10, 0, 0, 40, 13, 40, 13, 13, 13, 148, 10, 148, 148, 13, 10, 10, 148, 148, 21, 10, 10, 168, 10, 10, 142, 10, 10, 66, 77, 10, 162, 103, 124, 10, 10, 148, 103, 10, 10, 10, 10, 142, 10, 165, 138, 142, 10, 141, 148, 138, 13, 138, 10, 138, 142, 162, 157, 10, 119, 42, 26, 0, 99, 10, 138, 10, 168, 168, 146, 146, 168, 168, 10, 23, 23, 169, 169, 119, 119, 10, 119, 30, 30, 119, 162, 142, 10, 10, 148, 26, 26, 10, 10, 10, 11, 11, 146, 11, 11, 11, 11, 11, 11, 10, 11, 77, 103, 10, 10, 169, 169, 132, 132, 169, 169, 169, 10, 10, 104, 104, 104, 23, 10, 10, 10, 10, 153, 10, 23, 23, 10, 78, 10, 103, 169, 169, 10, 169, 169, 157, 87, 87, 10, 10, 10, 10, 10, 10, 6, 10, 10, 157, 10, 157, 157, 157, 157, 10, 38, 10, 119, 119, 62, 119, 119, 79, 79, 119, 119, 119, 30, 119, 141, 141, 119, 119, 148, 148, 119, 119, 119, 119, 157, 157, 119, 119, 10, 23, 23, 23, 23, 77, 10, 39, 39, 30, 10, 10, 30, 30, 10, 10, 10, 10, 10, 10, 10, 10, 103, 10, 10, 10, 10, 10, 148, 10, 53, 10, 10, 142, 26, 26, 23, 168, 23, 10, 10, 40, 40, 96, 96, 10, 10, 26, 26, 26, 26, 10, 0, 0, 40, 40, 40, 40, 40, 40, 26, 26, 0, 10, 10, 77, 21, 138, 46, 46, 46, 46, 46, 46, 46, 46, 46, 30, 30, 46, 46, 46, 142, 46, 46, 112, 46, 148, 46, 46, 46, 46, 66, 162, 162, 10, 26, 86, 86, 11, 11, 11, 11, 148, 10, 11, 11, 148, 10, 10, 10, 11, 10, 10, 162, 66, 10, 10, 168, 10, 99, 162, 10, 169, 148, 169, 169, 10, 169, 169, 10, 10, 11, 10, 10, 11, 10, 10, 10, 169, 125, 169, 169, 169, 162, 169, 168, 10, 104, 169, 169, 169, 169, 168, 169, 169, 169, 10, 169, 169, 169, 10, 169, 169, 169, 125, 10, 169, 169, 169, 169, 58, 9, 10, 10, 157, 103, 157, 87, 141, 51, 10, 119, 157, 157, 10, 119, 62, 157, 147, 119, 119, 147, 119, 141, 9, 157, 119, 119, 119, 157, 91, 50, 119, 134, 119, 119, 119, 10, 2, 119, 119, 119, 10, 10, 119, 119, 119, 7, 119, 119, 119, 119, 119, 119, 119, 119, 119, 119, 119, 7, 119, 30, 119, 119, 119, 10, 119, 119, 119, 103, 143, 119, 119, 119, 119, 10, 10, 143, 119, 119, 119, 119, 21, 21, 119, 10, 10, 10, 10, 10, 10, 103, 10, 10, 10, 10, 10, 119, 119, 10, 32, 10, 103, 10, 142, 168, 10, 10, 10, 10, 10, 148, 10, 10, 10, 10, 0, 0, 0, 10, 96, 26, 0, 40, 66, 0, 0, 10, 26, 0, 0, 10, 0, 0, 10, 26, 10, 10, 10, 0, 0, 0, 10, 10, 119, 0, 40, 148, 148, 10, 10, 10, 0, 146, 148, 11, 10, 10, 11, 146, 11, 10, 10, 10, 10, 10, 10, 10, 10, 125, 10, 10, 87, 87, 10, 10, 119, 141, 119, 147, 119, 148, 10, 148, 10, 148, 76, 138, 10, 146, 10, 10, 148, 148, 21, 148, 10, 119, 119, 0, 119, 119, 10, 10, 54, 10, 54, 127, 10, 157, 127, 162, 140, 140, 54, 54, 0, 76, 98, 60, 17, 44, 44, 76, 76, 148, 44, 44, 76, 76, 127, 148, 76, 127, 76, 76, 76, 140, 140, 44, 54, 127, 76, 44, 76, 44, 127, 76, 140, 140, 44, 127, 127, 44, 76, 127, 177, 10, 76, 155, 76, 54, 54, 10, 142, 127, 76, 76, 10, 71, 10, 54, 54, 44, 148, 66, 127, 76, 127, 76, 10, 76, 44, 10, 76, 76, 76, 76, 10, 10, 76, 76, 76, 54, 148, 146, 60, 74, 76, 44, 76, 76, 127, 76, 76, 76, 76, 142, 76, 76, 76, 60, 60, 54, 148, 148, 98, 76, 76, 166, 10, 10, 99, 164, 54, 76, 54, 10, 127, 76, 10, 140, 76, 76, 76, 76, 21, 54, 77, 76, 127, 127, 127, 76, 127, 76, 148, 76, 44, 54, 44, 10, 10, 127, 127, 54, 76, 76, 76, 54, 54, 54, 148, 10, 76, 82, 127, 54, 76, 99, 10, 151, 76, 77, 54, 127, 76, 76, 76, 76, 76, 54, 54, 76, 160, 76, 103, 121, 44, 142, 76, 23, 160, 76, 76, 76, 76, 76, 10, 54, 54, 10, 9, 127, 160, 76, 76, 54, 127, 160, 127, 76, 10, 127, 33, 54, 76, 54, 162, 127, 76, 76, 148, 76, 54, 10, 76, 10, 76, 44, 54, 54, 10, 160, 76, 127, 142, 148, 54, 127, 140, 76, 76, 60, 148, 125, 160, 142, 54, 10, 127, 76, 98, 76, 54, 54, 87, 168, 44, 76, 44, 54, 44, 10, 76, 127, 10, 54, 54, 44, 44, 127, 61, 76, 10, 168, 76, 127, 54, 76, 54, 168, 172, 127, 76, 127, 44, 10, 76, 59, 157, 76, 127, 54, 76, 127, 119, 127, 148, 76, 54, 54, 54, 142, 76, 127, 76, 127, 10, 54, 148, 148, 76, 76, 127, 76, 127, 127, 127, 162, 127, 127, 127, 54, 168, 76, 54, 76, 125, 76, 76, 54, 140, 54, 148, 127, 127, 76, 127, 54, 148, 54, 127, 76, 76, 54, 27, 54, 127, 54, 44, 146, 54, 127, 10, 146, 146, 76, 76, 76, 127, 127, 127, 54, 54, 127, 54, 127, 44, 127, 148, 54, 140, 127, 148, 54, 54, 54, 142, 127, 76, 54, 166, 54, 54, 54, 127, 54, 76, 54, 26, 127, 0, 127, 26, 59, 127, 135, 76, 76, 76, 148, 54, 0, 54, 76, 44, 54, 167, 54, 54, 76, 54, 148, 142, 44, 54, 54, 54, 98, 54, 60, 76, 54, 76, 146, 142, 148, 168, 168, 148, 10, 148, 148, 148, 148, 148, 148, 148, 10, 10, 142, 148, 93, 30, 148, 10, 148, 157, 148, 148, 26, 138, 148, 148, 148, 10, 10, 68, 24, 0, 117, 26, 42, 0, 10, 0, 26, 40, 26, 30, 162, 15, 169, 142, 10, 119, 10, 141, 10, 10, 148, 40, 87, 148, 10, 168, 119, 28, 10, 169, 10, 10, 104, 40, 30, 10, 157, 80, 10, 119, 87, 119, 154, 138, 141, 10, 77, 6, 10, 168, 30, 10, 103, 157, 30, 10, 10, 119, 21, 119, 169, 30, 10, 11, 10, 10, 162, 10, 125, 119, 11, 10, 157, 168, 169, 148, 146, 153, 10, 10, 95, 30, 10, 40, 77, 117, 86, 10, 119, 10, 10, 10, 148, 10, 26, 10, 120, 166, 66, 10, 77, 30, 148, 10, 169, 10, 162, 10, 62, 10, 40, 10, 10, 10, 10, 11, 10, 148, 29, 10, 10, 147, 10, 10, 21, 10, 10, 10, 10, 10, 21, 103, 148, 103, 10, 23, 10, 42, 10, 125, 10, 176, 103, 10, 10, 118, 10, 10, 10, 148, 148, 166, 10, 10, 10, 77, 148, 10, 148, 117, 17, 26, 10, 40, 119, 0, 118, 40, 0, 40, 29, 148, 26, 10, 168, 154, 30, 148, 10, 10, 142, 10, 23, 10, 119, 10, 119, 10, 10, 148, 10, 162, 119, 162, 119, 10, 162, 148, 136, 10, 17, 119, 119, 21, 138, 10, 148, 17, 142, 10, 119, 28, 119, 148, 168, 10, 17, 123, 147, 157, 157, 141, 10, 10, 10, 6, 141, 17, 162, 66, 30, 10, 168, 66, 62, 168, 168, 148, 148, 10, 168, 148, 87, 142, 87, 142, 62, 148, 10, 148, 10, 30, 10, 10, 10, 30, 21, 10, 99, 125, 157, 10, 148, 162, 153, 30, 30, 30, 10, 169, 168, 148, 125, 10, 30, 10, 10, 10, 104, 146, 21, 10, 169, 10, 10, 21, 10, 23, 168, 169, 17, 10, 10, 21, 10, 153, 10, 63, 10, 169, 11, 103, 21, 11, 10, 120, 10, 10, 169, 169, 95, 80, 148, 153, 10, 10, 153, 10, 153, 148, 153, 148, 148, 10, 148, 21, 162, 166, 10, 10, 146, 10, 21, 166, 21, 103, 10, 10, 87, 77, 77, 148, 142, 77, 166, 10, 21, 168, 77, 77, 148, 10, 10, 77, 176, 10, 168, 10, 77, 10, 168, 10, 103, 86, 168, 21, 10, 10, 148, 148, 10, 148, 10, 10, 103, 10, 10, 148, 11, 10, 87, 10, 72, 148, 10, 105, 10, 10, 21, 103, 10, 21, 10, 10, 10, 10, 86, 10, 10, 103, 21, 66, 10, 10, 10, 142, 10, 168, 153, 148, 77, 119, 168, 161, 123, 66, 123, 105, 86, 148, 10, 