{"Run": 8, "K": 555, "WCSSD": 2052.4966288041046, "Purity": 0.5259089607787003, "Time": 33.378475189208984, "Kmeans_Labels": [287, 5, 32, 186, 392, 5, 146, 133, 5, 392, 392, 360, 282, 282, 5, 5, 5, 366, 144, 144, 5, 392, 554, 282, 179, 319, 318, 319, 31, 5, 316, 144, 31, 319, 144, 5, 410, 316, 96, 411, 144, 316, 26, 231, 316, 5, 478, 318, 408, 382, 277, 496, 496, 64, 287, 5, 5, 319, 186, 186, 5, 319, 319, 216, 5, 193, 316, 510, 316, 319, 319, 144, 5, 102, 107, 5, 287, 392, 5, 527, 382, 554, 235, 319, 133, 127, 102, 392, 132, 5, 5, 5, 23, 470, 382, 392, 5, 5, 133, 5, 133, 107, 5, 5, 392, 146, 146, 5, 147, 107, 265, 265, 265, 316, 287, 107, 144, 5, 415, 34, 415, 1, 34, 186, 186, 34, 415, 58, 545, 437, 158, 34, 537, 370, 5, 321, 415, 415, 415, 415, 486, 186, 186, 325, 34, 34, 5, 415, 5, 186, 34, 207, 481, 5, 552, 34, 5, 415, 186, 408, 5, 488, 34, 5, 146, 34, 102, 422, 276, 102, 34, 166, 5, 496, 34, 5, 115, 188, 34, 5, 415, 464, 382, 382, 299, 416, 34, 5, 5, 5, 5, 473, 318, 34, 186, 186, 5, 309, 5, 353, 159, 49, 471, 115, 34, 133, 34, 133, 76, 415, 49, 0, 133, 133, 133, 34, 34, 5, 96, 343, 133, 107, 5, 96, 511, 34, 415, 81, 496, 34, 5, 392, 133, 5, 133, 144, 5, 392, 370, 415, 34, 5, 343, 523, 496, 5, 396, 5, 309, 13, 146, 146, 5, 95, 370, 144, 34, 415, 34, 5, 415, 378, 96, 471, 34, 382, 446, 9, 144, 5, 144, 146, 168, 415, 484, 49, 415, 49, 34, 59, 34, 287, 287, 5, 146, 146, 115, 186, 146, 545, 34, 146, 5, 265, 5, 146, 38, 146, 265, 241, 5, 146, 149, 318, 402, 100, 146, 539, 5, 265, 343, 75, 5, 144, 353, 287, 64, 265, 265, 434, 265, 265, 496, 265, 115, 96, 5, 287, 343, 287, 370, 34, 34, 287, 496, 46, 86, 287, 319, 34, 415, 380, 133, 309, 34, 415, 220, 34, 415, 415, 343, 415, 496, 5, 96, 5, 471, 276, 39, 364, 506, 554, 64, 506, 64, 343, 364, 506, 34, 415, 506, 506, 145, 34, 145, 34, 34, 34, 415, 5, 415, 380, 34, 216, 5, 496, 496, 319, 186, 64, 5, 243, 471, 152, 26, 5, 392, 52, 5, 231, 343, 425, 186, 415, 380, 343, 264, 392, 186, 5, 471, 5, 289, 102, 396, 437, 259, 309, 102, 34, 102, 114, 374, 5, 392, 5, 5, 265, 39, 394, 506, 26, 64, 102, 399, 529, 529, 64, 64, 5, 186, 5, 62, 62, 15, 15, 265, 265, 453, 256, 96, 96, 265, 231, 5, 64, 64, 380, 364, 364, 443, 443, 5, 324, 324, 5, 26, 26, 186, 471, 471, 5, 186, 302, 52, 343, 5, 147, 208, 208, 133, 133, 5, 382, 382, 392, 392, 382, 382, 382, 207, 5, 392, 392, 5, 268, 382, 207, 207, 370, 133, 80, 343, 5, 5, 5, 448, 382, 382, 32, 32, 5, 471, 471, 382, 382, 382, 5, 382, 186, 146, 5, 186, 146, 146, 186, 5, 382, 186, 420, 420, 146, 147, 147, 382, 382, 265, 265, 265, 96, 252, 146, 146, 172, 172, 370, 370, 292, 292, 375, 375, 5, 5, 265, 265, 370, 257, 257, 257, 257, 52, 5, 291, 291, 96, 5, 5, 479, 479, 479, 479, 5, 5, 370, 487, 283, 283, 343, 33, 61, 61, 5, 5, 5, 5, 409, 342, 342, 144, 506, 506, 207, 144, 207, 144, 144, 145, 145, 412, 412, 513, 513, 364, 364, 364, 364, 5, 157, 157, 364, 364, 25, 25, 459, 145, 506, 506, 412, 5, 5, 52, 92, 102, 91, 91, 91, 91, 91, 91, 91, 91, 91, 96, 96, 91, 91, 91, 316, 91, 462, 352, 91, 380, 91, 91, 91, 91, 115, 5, 231, 392, 364, 26, 26, 293, 293, 324, 324, 229, 287, 343, 343, 496, 5, 396, 5, 302, 0, 186, 231, 115, 186, 5, 144, 5, 26, 231, 382, 186, 413, 382, 382, 382, 382, 382, 5, 5, 208, 437, 225, 23, 137, 5, 5, 382, 125, 246, 382, 382, 356, 382, 26, 5, 382, 382, 382, 382, 382, 26, 392, 382, 322, 322, 382, 5, 382, 4, 5, 382, 382, 125, 382, 5, 5, 382, 382, 11, 120, 5, 5, 5, 343, 330, 5, 330, 5, 5, 247, 330, 5, 5, 420, 265, 5, 24, 420, 265, 24, 265, 5, 147, 69, 265, 265, 265, 265, 5, 265, 265, 78, 265, 265, 252, 5, 207, 265, 265, 265, 64, 380, 265, 265, 265, 247, 503, 265, 503, 503, 265, 274, 247, 247, 247, 247, 265, 333, 437, 164, 247, 5, 265, 18, 281, 472, 472, 219, 207, 219, 219, 219, 219, 5, 5, 207, 265, 265, 247, 265, 82, 82, 265, 5, 471, 64, 471, 283, 64, 343, 213, 370, 380, 426, 426, 265, 265, 342, 64, 64, 189, 5, 144, 466, 40, 40, 496, 141, 141, 494, 51, 51, 303, 303, 506, 506, 506, 554, 412, 506, 364, 145, 115, 506, 364, 5, 400, 139, 506, 482, 139, 139, 41, 400, 437, 437, 318, 349, 506, 506, 318, 5, 265, 506, 25, 466, 445, 64, 64, 64, 184, 5, 318, 289, 389, 17, 289, 31, 289, 312, 5, 212, 5, 382, 382, 5, 5, 125, 5, 125, 471, 471, 382, 5, 265, 318, 265, 24, 265, 415, 64, 209, 5, 209, 98, 102, 186, 392, 370, 370, 370, 276, 319, 496, 418, 287, 265, 506, 287, 265, 5, 5, 346, 5, 346, 238, 5, 5, 238, 231, 238, 43, 346, 346, 506, 98, 346, 98, 200, 98, 98, 98, 98, 222, 98, 98, 93, 98, 238, 318, 98, 238, 98, 68, 98, 43, 43, 98, 346, 238, 98, 151, 524, 98, 238, 98, 43, 43, 98, 238, 238, 98, 98, 238, 224, 392, 98, 93, 98, 346, 346, 5, 545, 238, 79, 98, 64, 216, 106, 346, 90, 98, 500, 216, 238, 98, 238, 154, 216, 93, 98, 5, 98, 98, 98, 98, 5, 392, 98, 98, 93, 90, 380, 31, 179, 98, 98, 98, 98, 79, 238, 93, 93, 248, 442, 138, 98, 98, 266, 98, 504, 346, 554, 80, 138, 98, 98, 193, 256, 226, 188, 5, 90, 22, 346, 26, 104, 98, 144, 238, 93, 98, 98, 98, 319, 346, 52, 98, 238, 238, 238, 85, 238, 98, 318, 98, 98, 346, 98, 392, 254, 238, 238, 98, 242, 98, 98, 346, 320, 66, 380, 380, 98, 93, 238, 98, 98, 188, 5, 98, 98, 52, 346, 238, 93, 320, 98, 98, 98, 346, 346, 98, 395, 98, 549, 382, 98, 93, 98, 93, 238, 93, 98, 56, 179, 98, 5, 346, 346, 5, 180, 238, 238, 98, 68, 346, 238, 238, 238, 98, 5, 238, 44, 346, 199, 346, 165, 238, 363, 490, 416, 98, 66, 5, 98, 5, 98, 98, 346, 346, 554, 238, 93, 238, 138, 396, 346, 238, 43, 98, 98, 98, 318, 37, 395, 164, 215, 80, 238, 98, 93, 98, 346, 346, 382, 27, 98, 266, 98, 346, 553, 5, 98, 238, 471, 346, 346, 98, 98, 238, 238, 98, 5, 5, 98, 238, 346, 98, 346, 5, 5, 238, 428, 493, 151, 83, 98, 554, 93, 93, 238, 346, 98, 238, 287, 314, 144, 543, 335, 346, 98, 314, 98, 406, 98, 238, 5, 278, 144, 17, 98, 98, 238, 454, 155, 238, 238, 231, 238, 238, 238, 346, 144, 314, 90, 276, 125, 98, 98, 346, 238, 98, 144, 238, 238, 98, 238, 346, 87, 90, 129, 98, 98, 90, 98, 346, 238, 90, 327, 430, 430, 238, 5, 31, 31, 98, 475, 98, 238, 238, 238, 346, 143, 238, 346, 238, 223, 238, 500, 346, 43, 238, 528, 90, 346, 90, 314, 493, 98, 346, 193, 346, 346, 499, 493, 346, 98, 346, 508, 270, 506, 493, 21, 554, 238, 93, 98, 98, 98, 318, 346, 506, 346, 98, 377, 346, 71, 267, 98, 98, 346, 396, 138, 98, 346, 98, 455, 346, 344, 98, 93, 346, 98, 67, 318, 496, 554, 221, 496, 150, 496, 496, 496, 496, 554, 318, 496, 392, 390, 545, 496, 5, 96, 496, 144, 496, 390, 496, 496, 131, 102, 88, 88, 88, 418, 5, 370, 64, 467, 28, 341, 284, 506, 64, 364, 364, 25, 364, 48, 231, 510, 392, 5, 64, 219, 64, 541, 548, 5, 64, 112, 318, 433, 186, 392, 287, 5, 162, 5, 5, 64, 382, 191, 96, 370, 5, 235, 5, 265, 202, 265, 546, 102, 482, 370, 52, 5, 144, 505, 96, 5, 328, 5, 96, 5, 5, 265, 319, 265, 382, 96, 382, 305, 95, 20, 231, 519, 125, 247, 208, 5, 340, 144, 253, 379, 319, 268, 130, 476, 235, 96, 5, 367, 52, 359, 26, 392, 265, 5, 382, 5, 554, 380, 364, 382, 382, 193, 142, 5, 52, 96, 288, 5, 382, 5, 231, 148, 206, 198, 145, 181, 471, 5, 5, 289, 5, 72, 412, 471, 287, 420, 144, 5, 319, 5, 5, 186, 144, 5, 319, 343, 318, 343, 5, 207, 287, 39, 5, 125, 5, 5, 329, 5, 437, 144, 144, 5, 5, 370, 554, 193, 113, 382, 540, 52, 507, 5, 297, 28, 196, 364, 5, 25, 265, 506, 144, 191, 364, 112, 412, 64, 341, 380, 144, 546, 48, 5, 5, 5, 5, 64, 84, 392, 287, 5, 219, 5, 287, 370, 164, 231, 438, 231, 265, 241, 231, 318, 318, 471, 196, 265, 265, 319, 102, 5, 554, 196, 318, 548, 265, 5, 265, 531, 196, 519, 196, 101, 420, 340, 5, 482, 162, 471, 5, 5, 541, 196, 231, 115, 96, 496, 370, 142, 146, 383, 415, 415, 396, 130, 144, 554, 318, 318, 471, 318, 206, 554, 148, 496, 5, 96, 95, 512, 396, 96, 256, 382, 188, 125, 5, 64, 297, 231, 268, 96, 96, 96, 370, 392, 505, 370, 125, 5, 96, 5, 144, 5, 382, 319, 319, 170, 382, 5, 5, 319, 382, 207, 144, 5, 196, 249, 164, 319, 113, 268, 5, 5, 5, 382, 208, 343, 319, 305, 5, 382, 370, 5, 253, 382, 235, 235, 554, 268, 5, 5, 268, 5, 268, 5, 268, 554, 276, 382, 496, 319, 144, 193, 5, 198, 186, 144, 319, 193, 319, 328, 5, 5, 186, 52, 52, 144, 144, 52, 193, 5, 398, 379, 52, 258, 525, 144, 471, 52, 5, 5, 144, 186, 52, 5, 422, 