{"Run": 0, "K": 646, "WCSSD": 1978.6180111564045, "Purity": 0.551674778127684, "Time": 36.50869703292847, "Kmeans_Labels": [606, 359, 240, 139, 2, 2, 359, 81, 359, 2, 2, 408, 2, 171, 465, 2, 437, 2, 2, 1, 2, 2, 616, 171, 637, 223, 2, 169, 110, 223, 302, 343, 110, 2, 1, 464, 171, 171, 294, 171, 2, 84, 12, 212, 171, 518, 637, 575, 270, 270, 458, 464, 464, 222, 101, 15, 2, 359, 134, 2, 2, 2, 2, 352, 15, 267, 171, 359, 171, 82, 359, 2, 223, 101, 136, 2, 2, 505, 2, 2, 2, 80, 248, 452, 81, 553, 101, 398, 2, 235, 391, 518, 285, 223, 2, 2, 452, 2, 81, 389, 81, 164, 2, 531, 531, 84, 586, 113, 193, 136, 451, 193, 451, 171, 491, 136, 384, 2, 5, 108, 270, 28, 108, 270, 2, 141, 113, 270, 523, 494, 108, 108, 23, 418, 312, 110, 270, 270, 270, 270, 169, 236, 236, 110, 108, 108, 2, 166, 2, 2, 108, 21, 101, 110, 270, 108, 2, 575, 15, 270, 317, 108, 108, 270, 2, 108, 90, 312, 273, 101, 108, 2, 2, 464, 554, 283, 121, 154, 108, 2, 458, 533, 270, 2, 108, 431, 108, 2, 2, 431, 329, 169, 128, 108, 270, 332, 270, 21, 270, 491, 81, 616, 616, 121, 108, 411, 432, 491, 101, 270, 616, 270, 81, 116, 81, 306, 580, 183, 408, 169, 81, 136, 494, 408, 389, 108, 270, 408, 464, 108, 270, 521, 81, 15, 81, 223, 491, 110, 549, 270, 108, 2, 543, 453, 464, 81, 93, 270, 21, 108, 491, 491, 2, 515, 418, 258, 108, 332, 108, 270, 270, 161, 408, 300, 531, 2, 21, 531, 384, 491, 2, 241, 557, 203, 84, 270, 270, 616, 108, 531, 185, 389, 389, 383, 84, 64, 121, 531, 84, 417, 108, 84, 2, 84, 257, 84, 132, 84, 2, 494, 2, 84, 2, 257, 196, 84, 84, 84, 2, 451, 169, 389, 113, 113, 491, 389, 2, 451, 84, 167, 270, 433, 464, 68, 121, 408, 2, 170, 169, 93, 409, 108, 108, 606, 464, 123, 363, 389, 616, 108, 270, 270, 522, 21, 108, 270, 389, 108, 270, 518, 522, 270, 464, 518, 408, 389, 575, 273, 266, 344, 401, 2, 270, 58, 77, 53, 344, 58, 330, 270, 621, 58, 23, 330, 23, 330, 108, 108, 270, 575, 270, 464, 108, 348, 222, 464, 464, 270, 2, 389, 2, 270, 113, 557, 12, 593, 121, 44, 2, 212, 169, 466, 238, 270, 312, 169, 108, 2, 384, 2, 575, 80, 15, 552, 359, 494, 257, 21, 101, 108, 101, 2, 101, 223, 212, 102, 2, 451, 266, 58, 58, 12, 2, 512, 600, 223, 223, 110, 110, 2, 2, 2, 21, 21, 491, 491, 2, 2, 2, 292, 408, 408, 222, 212, 2, 603, 603, 173, 362, 362, 312, 312, 222, 15, 15, 223, 62, 62, 333, 333, 333, 450, 2, 15, 470, 169, 223, 491, 14, 14, 419, 419, 2, 527, 527, 184, 184, 578, 578, 578, 21, 2, 63, 63, 265, 109, 633, 21, 21, 633, 115, 556, 169, 497, 497, 2, 491, 491, 52, 240, 240, 2, 2, 2, 608, 608, 74, 291, 615, 356, 531, 494, 356, 531, 531, 356, 494, 193, 113, 200, 200, 514, 149, 149, 113, 113, 318, 318, 451, 501, 448, 84, 84, 451, 451, 2, 2, 191, 191, 395, 395, 93, 93, 622, 191, 219, 21, 21, 21, 21, 44, 642, 204, 204, 408, 2, 2, 408, 408, 2, 2, 153, 153, 494, 2, 2, 2, 169, 518, 518, 518, 612, 612, 377, 518, 518, 163, 163, 2, 344, 344, 21, 2, 21, 2, 2, 23, 23, 344, 344, 23, 23, 138, 138, 344, 344, 282, 58, 58, 344, 344, 23, 23, 23, 23, 344, 344, 23, 2, 575, 44, 2, 101, 482, 10, 10, 10, 10, 10, 10, 10, 426, 589, 408, 10, 10, 10, 171, 10, 10, 10, 10, 464, 438, 10, 10, 10, 121, 2, 212, 2, 344, 62, 62, 400, 400, 15, 15, 494, 48, 15, 15, 494, 2, 2, 2, 15, 2, 2, 212, 121, 2, 2, 464, 494, 12, 212, 15, 491, 359, 22, 22, 2, 22, 22, 223, 2, 486, 113, 2, 573, 2, 2, 2, 118, 541, 491, 223, 223, 212, 491, 0, 2, 578, 474, 214, 491, 2, 0, 491, 474, 454, 454, 2, 491, 2, 430, 497, 491, 491, 541, 223, 497, 497, 2, 93, 212, 112, 127, 127, 644, 169, 96, 2, 220, 531, 2, 191, 96, 113, 113, 200, 37, 531, 191, 200, 378, 191, 47, 113, 149, 113, 222, 281, 193, 193, 2, 193, 193, 451, 550, 193, 451, 364, 21, 451, 451, 451, 2, 2, 191, 191, 191, 191, 191, 604, 451, 604, 451, 191, 191, 191, 191, 191, 112, 191, 551, 216, 191, 93, 191, 15, 307, 551, 551, 314, 21, 93, 93, 93, 314, 2, 2, 21, 382, 382, 191, 191, 110, 110, 191, 448, 389, 389, 389, 611, 575, 620, 611, 518, 518, 518, 518, 67, 67, 163, 93, 191, 389, 2, 2, 61, 2, 2, 464, 2, 2, 575, 312, 312, 464, 464, 58, 58, 58, 2, 344, 344, 344, 23, 121, 58, 303, 2, 344, 23, 58, 23, 23, 23, 605, 344, 575, 575, 575, 58, 380, 58, 575, 2, 451, 58, 344, 61, 488, 23, 23, 23, 58, 339, 2, 15, 372, 374, 15, 110, 15, 494, 312, 222, 2, 2, 2, 518, 103, 541, 494, 244, 2, 269, 2, 15, 2, 531, 193, 596, 534, 464, 464, 113, 113, 113, 526, 101, 2, 2, 2, 524, 2, 273, 113, 464, 2, 606, 448, 58, 606, 448, 366, 2, 4, 2, 55, 79, 254, 531, 69, 212, 69, 69, 404, 407, 43, 567, 404, 24, 312, 567, 567, 567, 24, 2, 338, 338, 24, 567, 69, 6, 567, 69, 567, 337, 567, 24, 384, 567, 404, 69, 567, 338, 567, 338, 485, 24, 384, 384, 338, 69, 69, 338, 567, 69, 24, 2, 567, 227, 567, 404, 404, 366, 523, 69, 24, 567, 2, 86, 2, 404, 577, 13, 374, 124, 69, 176, 69, 565, 2, 24, 338, 2, 24, 567, 24, 567, 366, 2, 567, 70, 99, 404, 464, 110, 24, 567, 150, 567, 24, 565, 69, 24, 239, 59, 140, 508, 24, 567, 565, 567, 24, 31, 359, 494, 439, 567, 460, 267, 49, 2, 154, 2, 404, 112, 404, 12, 69, 567, 254, 69, 24, 567, 567, 584, 2, 404, 44, 567, 69, 69, 69, 567, 69, 567, 397, 567, 338, 404, 338, 2, 12, 69, 69, 24, 567, 24, 567, 404, 404, 565, 312, 15, 567, 24, 69, 567, 567, 154, 2, 567, 567, 44, 404, 69, 24, 24, 188, 567, 567, 404, 404, 567, 69, 567, 357, 114, 338, 24, 24, 24, 69, 439, 567, 567, 171, 567, 475, 407, 156, 274, 112, 69, 627, 221, 567, 404, 69, 69, 69, 567, 215, 69, 32, 4, 567, 404, 212, 69, 567, 338, 431, 567, 404, 2, 71, 2, 567, 338, 55, 404, 2, 69, 24, 180, 508, 464, 404, 79, 439, 24, 565, 24, 128, 541, 627, 216, 404, 2, 69, 567, 24, 24, 404, 404, 560, 464, 567, 331, 338, 404, 338, 254, 365, 69, 155, 404, 404, 567, 567, 69, 69, 24, 2, 2, 567, 69, 404, 567, 404, 2, 531, 69, 565, 561, 338, 65, 629, 308, 444, 24, 69, 404, 567, 69, 451, 69, 464, 567, 404, 404, 567, 264, 567, 69, 567, 69, 202, 24, 357, 374, 567, 567, 69, 567, 69, 69, 69, 212, 69, 69, 69, 640, 2, 24, 404, 273, 541, 567, 567, 404, 69, 24, 599, 69, 69, 227, 69, 91, 384, 404, 69, 567, 567, 404, 567, 404, 641, 404, 350, 614, 640, 69, 389, 110, 110, 24, 24, 526, 69, 69, 280, 404, 404, 69, 404, 69, 567, 7, 374, 404, 69, 69, 389, 404, 626, 404, 641, 69, 445, 404, 267, 407, 513, 404, 69, 404, 625, 404, 344, 561, 43, 561, 24, 308, 69, 404, 567, 567, 567, 15, 404, 58, 404, 24, 338, 539, 23, 264, 571, 567, 404, 464, 508, 338, 404, 567, 24, 404, 404, 24, 24, 404, 567, 110, 262, 464, 80, 389, 464, 15, 464, 464, 464, 464, 374, 128, 464, 2, 2, 523, 464, 2, 408, 464, 15, 192, 113, 464, 464, 344, 101, 389, 389, 389, 2, 575, 2, 519, 58, 569, 58, 385, 630, 464, 129, 344, 23, 344, 408, 212, 359, 277, 181, 2, 314, 464, 402, 494, 542, 2, 23, 269, 384, 2, 2, 246, 424, 2, 563, 2, 23, 578, 23, 408, 518, 531, 57, 389, 451, 2, 318, 113, 101, 531, 2, 429, 291, 304, 2, 408, 518, 169, 531, 408, 2, 2, 604, 2, 534, 476, 408, 2, 15, 515, 2, 212, 345, 541, 93, 486, 2, 531, 15, 75, 279, 110, 636, 222, 518, 248, 408, 613, 23, 44, 459, 62, 2, 2, 2, 270, 2, 243, 23, 344, 2, 2, 60, 121, 2, 44, 408, 192, 2, 223, 391, 212, 76, 386, 434, 23, 494, 2, 2, 113, 15, 2, 597, 344, 287, 389, 200, 16, 2, 2, 494, 635, 2, 322, 215, 2, 169, 464, 169, 464, 21, 389, 38, 461, 541, 2, 349, 169, 23, 2, 564, 315, 83, 490, 143, 464, 267, 546, 2, 2, 44, 559, 2, 2, 569, 312, 344, 23, 23, 2, 630, 564, 23, 129, 23, 344, 2, 58, 23, 162, 113, 408, 2, 83, 542, 181, 2, 21, 2, 246, 389, 314, 2, 389, 143, 639, 212, 451, 212, 451, 518, 212, 389, 560, 287, 142, 604, 534, 2, 101, 2, 312, 142, 262, 494, 451, 424, 318, 2, 142, 345, 142, 312, 200, 531, 531, 531, 2, 312, 113, 291, 402, 142, 212, 121, 408, 1, 30, 121, 84, 2, 312, 413, 312, 222, 162, 312, 269, 262, 312, 2, 386, 323, 76, 464, 494, 408, 515, 15, 93, 408, 49, 2, 154, 541, 531, 495, 2, 41, 636, 408, 408, 408, 464, 277, 2, 464, 541, 2, 408, 461, 315, 518, 578, 110, 2, 2, 179, 2, 2, 2, 2, 21, 2, 563, 142, 491, 216, 491, 546, 109, 2, 436, 464, 223, 486, 169, 2, 15, 223, 2, 518, 2, 75, 476, 248, 57, 243, 109, 2, 2, 109, 2, 218, 283, 109, 464, 17, 2, 464, 491, 2, 144, 490, 434, 121, 304, 2, 2, 121, 169, 113, 223, 2, 2, 371, 555, 389, 429, 60, 2, 2, 279, 44, 44, 384, 16, 2, 44, 349, 215, 27, 2, 44, 15, 