{"Run": 5, "K": 646, "WCSSD": 1945.9416618562952, "Purity": 0.4587231684931332, "Time": 36.67596507072449, "Kmeans_Labels": [132, 340, 305, 319, 7, 540, 455, 139, 491, 7, 7, 548, 282, 104, 112, 332, 7, 34, 7, 276, 7, 7, 210, 104, 523, 34, 104, 34, 196, 7, 104, 7, 196, 34, 276, 394, 104, 104, 104, 104, 566, 69, 119, 328, 104, 491, 104, 114, 112, 125, 120, 604, 604, 504, 132, 291, 338, 560, 39, 39, 7, 34, 7, 324, 291, 82, 104, 340, 104, 291, 34, 112, 299, 70, 407, 277, 7, 40, 7, 92, 7, 452, 2, 34, 139, 7, 70, 7, 7, 7, 7, 416, 158, 7, 112, 69, 112, 7, 139, 7, 139, 103, 7, 7, 7, 69, 69, 7, 392, 383, 195, 7, 195, 330, 385, 103, 289, 7, 112, 86, 7, 482, 86, 39, 7, 86, 482, 39, 165, 72, 86, 86, 94, 332, 395, 196, 259, 7, 203, 112, 81, 39, 39, 196, 86, 86, 7, 112, 338, 39, 65, 575, 70, 414, 627, 479, 7, 7, 39, 112, 7, 86, 86, 7, 69, 86, 70, 245, 30, 70, 7, 94, 7, 604, 86, 204, 476, 161, 86, 7, 78, 253, 232, 232, 378, 7, 86, 7, 332, 429, 7, 64, 145, 360, 39, 39, 332, 540, 7, 385, 139, 94, 513, 476, 86, 139, 86, 139, 70, 194, 94, 3, 139, 139, 139, 7, 86, 385, 174, 64, 139, 103, 7, 174, 429, 86, 7, 174, 604, 94, 7, 112, 139, 7, 234, 7, 599, 196, 7, 112, 542, 247, 64, 139, 604, 139, 101, 7, 540, 321, 182, 385, 598, 386, 37, 94, 338, 112, 86, 385, 372, 7, 174, 478, 86, 112, 540, 69, 491, 385, 94, 480, 37, 112, 69, 478, 112, 94, 86, 86, 86, 132, 512, 315, 69, 137, 476, 29, 69, 165, 86, 69, 7, 69, 7, 69, 7, 607, 170, 604, 7, 69, 7, 114, 174, 69, 69, 526, 101, 195, 64, 132, 7, 7, 385, 368, 482, 195, 69, 279, 101, 195, 604, 101, 476, 174, 101, 511, 64, 101, 196, 86, 86, 132, 604, 101, 86, 132, 94, 86, 7, 101, 416, 540, 86, 112, 7, 86, 112, 491, 254, 7, 604, 416, 114, 101, 478, 85, 84, 474, 587, 114, 482, 587, 101, 64, 45, 536, 86, 7, 587, 77, 273, 86, 45, 86, 86, 86, 459, 7, 372, 276, 86, 324, 7, 604, 604, 1, 39, 429, 7, 112, 478, 37, 250, 7, 476, 43, 7, 328, 64, 7, 39, 93, 540, 64, 491, 39, 289, 7, 478, 97, 291, 70, 255, 276, 293, 540, 70, 376, 70, 7, 70, 7, 328, 7, 7, 265, 411, 553, 587, 119, 482, 370, 7, 4, 4, 113, 113, 87, 39, 7, 27, 27, 55, 55, 101, 101, 7, 195, 555, 555, 101, 328, 7, 101, 101, 293, 474, 474, 510, 510, 7, 291, 291, 491, 309, 309, 39, 532, 532, 291, 39, 291, 43, 64, 7, 385, 598, 598, 139, 139, 147, 385, 385, 7, 7, 381, 381, 381, 575, 129, 385, 385, 598, 51, 121, 155, 155, 258, 403, 386, 64, 385, 385, 7, 642, 385, 585, 305, 305, 7, 478, 478, 276, 276, 112, 7, 112, 115, 69, 233, 115, 69, 69, 115, 233, 7, 598, 172, 172, 69, 392, 392, 7, 7, 590, 590, 7, 174, 333, 69, 69, 458, 458, 131, 131, 613, 613, 568, 568, 7, 7, 195, 37, 37, 575, 575, 575, 575, 500, 98, 64, 64, 174, 334, 334, 558, 558, 558, 558, 101, 101, 37, 487, 101, 101, 64, 573, 415, 415, 416, 416, 7, 37, 491, 101, 101, 112, 561, 561, 575, 293, 575, 101, 101, 45, 45, 226, 226, 396, 396, 474, 474, 382, 382, 112, 587, 587, 45, 45, 45, 45, 45, 45, 474, 474, 390, 37, 7, 43, 112, 70, 12, 12, 12, 190, 12, 545, 12, 262, 12, 174, 174, 12, 12, 12, 104, 12, 12, 12, 12, 293, 12, 12, 12, 626, 476, 7, 328, 432, 474, 76, 76, 435, 435, 291, 291, 482, 132, 291, 291, 112, 332, 491, 7, 291, 125, 39, 328, 476, 39, 7, 367, 520, 119, 328, 7, 385, 491, 643, 643, 7, 643, 643, 7, 7, 630, 417, 7, 291, 598, 147, 147, 603, 335, 385, 528, 528, 424, 385, 119, 332, 381, 125, 385, 125, 125, 119, 385, 385, 389, 389, 90, 385, 90, 7, 385, 125, 125, 335, 635, 385, 385, 216, 585, 328, 116, 66, 66, 7, 64, 7, 101, 7, 7, 7, 195, 7, 7, 7, 172, 524, 7, 472, 172, 195, 472, 195, 67, 392, 219, 195, 195, 392, 67, 7, 195, 67, 132, 195, 345, 333, 7, 575, 195, 408, 195, 429, 544, 101, 169, 169, 195, 568, 568, 195, 568, 374, 14, 373, 195, 195, 301, 195, 301, 274, 125, 301, 101, 195, 7, 101, 274, 274, 36, 575, 89, 89, 89, 36, 334, 334, 575, 101, 101, 101, 101, 34, 34, 101, 101, 478, 37, 478, 101, 101, 224, 101, 37, 7, 7, 7, 594, 594, 7, 217, 598, 101, 437, 112, 101, 7, 7, 604, 101, 101, 422, 101, 101, 54, 54, 587, 143, 143, 598, 226, 587, 474, 45, 476, 587, 474, 293, 474, 396, 587, 7, 396, 396, 7, 474, 7, 7, 114, 587, 587, 587, 114, 7, 195, 587, 45, 114, 103, 598, 598, 598, 587, 186, 7, 291, 125, 276, 291, 196, 291, 338, 7, 409, 221, 125, 598, 114, 114, 354, 7, 7, 478, 478, 7, 7, 101, 519, 101, 444, 25, 332, 7, 185, 112, 185, 263, 70, 39, 359, 37, 440, 37, 85, 34, 604, 621, 132, 101, 587, 132, 101, 24, 7, 56, 574, 56, 317, 540, 7, 133, 328, 133, 206, 620, 56, 587, 263, 56, 508, 150, 263, 263, 223, 263, 130, 263, 263, 263, 263, 133, 540, 263, 133, 263, 263, 263, 357, 206, 595, 56, 133, 263, 263, 263, 263, 133, 263, 206, 206, 263, 133, 133, 263, 263, 133, 263, 482, 263, 534, 263, 167, 56, 24, 165, 133, 534, 263, 482, 324, 7, 56, 56, 263, 276, 324, 133, 242, 133, 534, 302, 263, 325, 7, 263, 99, 263, 263, 24, 7, 263, 263, 263, 56, 604, 112, 523, 364, 263, 263, 263, 534, 16, 307, 445, 263, 263, 410, 263, 263, 534, 263, 263, 56, 491, 214, 410, 263, 263, 82, 482, 7, 161, 7, 56, 263, 56, 322, 133, 263, 540, 133, 559, 263, 263, 534, 34, 56, 43, 263, 133, 133, 133, 166, 133, 263, 145, 263, 263, 56, 263, 7, 119, 133, 410, 303, 534, 0, 263, 56, 56, 534, 540, 7, 263, 263, 133, 263, 263, 161, 7, 549, 263, 43, 56, 133, 451, 0, 534, 163, 263, 56, 56, 263, 451, 128, 516, 7, 463, 7, 263, 451, 451, 410, 263, 263, 523, 263, 429, 56, 56, 7, 116, 133, 451, 534, 263, 56, 133, 451, 133, 263, 429, 133, 60, 56, 402, 56, 399, 133, 263, 263, 429, 263, 249, 574, 263, 7, 263, 263, 56, 56, 598, 451, 263, 133, 410, 540, 56, 317, 206, 96, 20, 263, 145, 335, 451, 578, 56, 214, 133, 263, 569, 263, 56, 56, 492, 53, 263, 534, 263, 56, 263, 540, 263, 410, 478, 56, 21, 263, 263, 133, 133, 263, 214, 429, 263, 133, 329, 263, 56, 112, 7, 581, 543, 541, 263, 112, 263, 514, 149, 149, 133, 56, 263, 133, 205, 133, 540, 641, 326, 420, 263, 275, 263, 133, 263, 133, 484, 263, 516, 276, 263, 263, 133, 263, 133, 133, 146, 328, 28, 133, 133, 159, 540, 275, 296, 85, 335, 263, 263, 159, 133, 56, 488, 197, 133, 263, 133, 56, 293, 601, 552, 272, 263, 56, 263, 241, 314, 56, 263, 196, 56, 133, 37, 196, 207, 263, 263, 263, 133, 133, 133, 56, 56, 133, 56, 133, 263, 133, 276, 56, 206, 133, 429, 56, 56, 56, 275, 133, 439, 56, 82, 56, 290, 56, 133, 620, 263, 56, 474, 146, 587, 541, 587, 514, 133, 56, 263, 263, 263, 7, 624, 587, 56, 275, 263, 56, 114, 275, 263, 263, 56, 540, 410, 263, 56, 263, 56, 56, 56, 508, 9, 159, 263, 196, 37, 604, 452, 619, 604, 7, 604, 604, 604, 604, 491, 145, 604, 7, 39, 165, 604, 7, 174, 604, 7, 491, 39, 604, 604, 474, 70, 429, 429, 429, 621, 429, 117, 101, 593, 343, 563, 148, 587, 482, 591, 474, 45, 474, 293, 328, 340, 385, 7, 598, 89, 379, 482, 7, 251, 428, 45, 618, 564, 202, 270, 577, 7, 598, 7, 102, 101, 381, 384, 236, 433, 419, 2, 598, 101, 478, 193, 114, 70, 29, 114, 43, 7, 7, 7, 174, 304, 64, 69, 174, 276, 7, 568, 469, 25, 643, 580, 482, 630, 386, 608, 328, 598, 354, 217, 630, 7, 7, 566, 7, 491, 196, 51, 482, 7, 2, 413, 557, 45, 95, 596, 309, 515, 101, 7, 7, 7, 633, 101, 474, 7, 7, 82, 476, 7, 43, 174, 378, 7, 7, 7, 328, 598, 69, 298, 45, 332, 478, 7, 332, 181, 612, 7, 358, 611, 132, 172, 118, 320, 34, 160, 7, 470, 276, 429, 34, 64, 598, 64, 491, 575, 132, 84, 7, 335, 476, 491, 64, 114, 598, 7, 7, 598, 293, 37, 293, 82, 7, 125, 112, 412, 44, 491, 332, 343, 150, 474, 114, 45, 101, 587, 7, 384, 591, 45, 358, 428, 563, 101, 400, 114, 293, 7, 598, 251, 7, 598, 575, 515, 577, 598, 89, 102, 132, 37, 50, 328, 195, 572, 124, 276, 328, 37, 434, 611, 150, 568, 25, 34, 70, 102, 293, 150, 37, 7, 101, 7, 193, 91, 150, 598, 150, 404, 172, 7, 69, 29, 598, 406, 332, 7, 482, 150, 328, 476, 174, 276, 37, 476, 69, 332, 387, 491, 491, 482, 400, 293, 618, 604, 478, 108, 69, 482, 598, 604, 160, 413, 386, 252, 7, 174, 34, 125, 161, 335, 419, 482, 332, 525, 51, 174, 174, 236, 7, 385, 7, 293, 354, 629, 580, 7, 7, 304, 381, 196, 469, 112, 603, 7, 7, 34, 125, 575, 540, 7, 150, 423, 50, 34, 7, 51, 7, 7, 491, 7, 630, 64, 34, 630, 112, 7, 433, 398, 7, 643, 2, 2, 633, 51, 476, 320, 51, 320, 75, 338, 51, 293, 85, 482, 604, 34, 349, 82, 293, 298, 196, 7, 34, 82, 476, 64, 94, 429, 39, 43, 43, 231, 5, 