{"Run": 1, "K": 149, "WCSSD": 2528.355158464039, "Purity": 0.3132836799839746, "Time": 5.1794469356536865, "Kmeans_Labels": [37, 33, 107, 1, 1, 1, 33, 101, 33, 1, 1, 128, 117, 117, 86, 1, 89, 122, 44, 47, 1, 1, 1, 117, 25, 122, 86, 122, 47, 54, 117, 1, 47, 122, 1, 1, 117, 117, 128, 117, 98, 117, 57, 82, 117, 1, 25, 1, 62, 1, 36, 98, 98, 1, 37, 45, 1, 122, 1, 1, 1, 122, 1, 57, 45, 137, 117, 33, 117, 45, 122, 1, 118, 36, 1, 1, 37, 1, 89, 1, 1, 1, 118, 122, 1, 1, 36, 1, 1, 1, 1, 1, 45, 101, 1, 1, 1, 1, 1, 1, 1, 1, 1, 18, 18, 19, 19, 18, 118, 44, 2, 118, 2, 117, 37, 44, 98, 1, 86, 27, 1, 1, 27, 1, 1, 27, 1, 1, 44, 1, 27, 27, 86, 1, 1, 47, 1, 1, 1, 1, 23, 1, 1, 47, 27, 27, 1, 1, 1, 1, 27, 105, 36, 47, 1, 27, 1, 1, 1, 1, 1, 27, 27, 1, 1, 27, 36, 52, 44, 36, 89, 1, 1, 98, 27, 1, 1, 52, 27, 1, 36, 1, 10, 10, 27, 1, 27, 1, 1, 1, 1, 23, 86, 27, 1, 1, 1, 98, 1, 101, 118, 26, 89, 1, 27, 1, 27, 1, 36, 1, 26, 1, 27, 1, 1, 27, 27, 101, 128, 23, 27, 1, 1, 128, 44, 27, 1, 128, 98, 27, 1, 1, 86, 1, 37, 1, 101, 47, 1, 1, 27, 1, 23, 1, 98, 101, 86, 1, 98, 27, 128, 19, 1, 27, 1, 146, 27, 1, 27, 1, 127, 37, 128, 107, 18, 1, 98, 18, 1, 1, 1, 23, 44, 19, 1, 26, 86, 26, 27, 18, 27, 37, 37, 1, 1, 1, 1, 96, 1, 44, 27, 18, 1, 91, 19, 19, 19, 19, 1, 44, 1, 19, 1, 19, 19, 19, 19, 19, 1, 2, 23, 37, 19, 19, 101, 37, 89, 2, 91, 1, 91, 2, 98, 91, 1, 128, 1, 37, 23, 91, 47, 27, 28, 37, 98, 1, 143, 37, 122, 90, 1, 1, 23, 98, 27, 86, 1, 27, 1, 1, 23, 98, 98, 1, 128, 37, 107, 44, 102, 35, 35, 1, 1, 99, 91, 23, 51, 35, 27, 1, 35, 35, 38, 27, 38, 27, 27, 27, 86, 89, 127, 98, 27, 89, 1, 98, 98, 122, 1, 1, 98, 1, 89, 44, 57, 1, 1, 104, 1, 82, 23, 60, 1, 1, 98, 23, 1, 1, 1, 1, 44, 1, 45, 36, 33, 1, 19, 98, 36, 27, 36, 1, 36, 36, 82, 18, 1, 37, 102, 35, 35, 57, 1, 36, 1, 36, 36, 47, 47, 1, 1, 1, 105, 105, 101, 101, 91, 91, 1, 91, 128, 128, 91, 82, 1, 1, 1, 36, 35, 35, 1, 1, 1, 45, 45, 47, 57, 57, 45, 45, 45, 45, 1, 45, 1, 30, 16, 118, 101, 101, 101, 101, 1, 101, 101, 1, 1, 101, 101, 101, 105, 101, 1, 1, 36, 44, 24, 105, 105, 24, 1, 1, 23, 101, 101, 1, 101, 101, 118, 107, 107, 1, 1, 1, 1, 1, 1, 100, 1, 140, 18, 1, 140, 18, 18, 140, 1, 118, 1, 56, 56, 56, 118, 118, 19, 19, 85, 85, 2, 128, 91, 19, 19, 2, 2, 69, 69, 2, 2, 2, 2, 18, 18, 56, 2, 1, 105, 105, 105, 105, 1, 1, 23, 23, 128, 1, 1, 114, 114, 114, 114, 1, 1, 1, 1, 1, 1, 23, 1, 1, 1, 1, 1, 47, 36, 36, 1, 1, 44, 35, 35, 105, 1, 105, 1, 1, 38, 38, 38, 38, 57, 57, 35, 35, 38, 38, 67, 35, 35, 38, 38, 38, 38, 38, 38, 35, 35, 145, 44, 1, 95, 122, 36, 92, 55, 55, 55, 55, 55, 55, 55, 55, 128, 128, 55, 55, 55, 117, 55, 55, 55, 55, 36, 55, 108, 55, 55, 1, 82, 82, 1, 35, 57, 57, 89, 89, 45, 45, 1, 37, 45, 45, 98, 1, 1, 1, 45, 1, 1, 82, 1, 1, 70, 1, 1, 57, 82, 1, 101, 89, 101, 101, 1, 118, 118, 9, 1, 45, 89, 1, 45, 1, 1, 1, 101, 44, 101, 101, 101, 82, 101, 101, 36, 101, 101, 101, 101, 118, 101, 101, 101, 101, 1, 101, 101, 101, 101, 101, 101, 101, 1, 1, 101, 101, 101, 118, 110, 118, 1, 1, 18, 23, 13, 107, 19, 18, 1, 91, 18, 18, 18, 56, 91, 18, 56, 56, 56, 56, 32, 118, 118, 18, 135, 91, 118, 34, 1, 91, 34, 37, 91, 118, 91, 1, 105, 2, 2, 2, 1, 1, 91, 91, 91, 2, 2, 2, 2, 2, 91, 2, 2, 2, 91, 91, 91, 2, 91, 128, 91, 91, 91, 1, 91, 91, 91, 39, 105, 91, 91, 91, 39, 1, 1, 105, 91, 91, 91, 91, 122, 122, 91, 1, 1, 44, 1, 1, 1, 23, 1, 1, 1, 1, 1, 2, 2, 1, 91, 91, 23, 1, 44, 1, 1, 1, 98, 1, 1, 1, 1, 1, 1, 1, 35, 35, 35, 1, 38, 35, 35, 38, 44, 121, 35, 89, 35, 35, 121, 1, 35, 35, 120, 35, 89, 89, 38, 35, 35, 35, 2, 1, 2, 35, 38, 1, 36, 29, 29, 29, 35, 47, 86, 45, 89, 1, 45, 47, 22, 1, 1, 1, 1, 86, 1, 1, 1, 1, 1, 1, 107, 107, 89, 1, 91, 19, 91, 56, 91, 98, 1, 89, 126, 89, 15, 36, 1, 47, 1, 89, 1, 44, 122, 98, 116, 37, 91, 35, 37, 91, 1, 1, 77, 1, 77, 83, 1, 18, 83, 82, 83, 113, 77, 77, 35, 15, 77, 77, 44, 15, 77, 15, 15, 79, 15, 15, 15, 15, 83, 44, 131, 83, 15, 15, 15, 113, 113, 15, 77, 83, 15, 15, 15, 15, 83, 15, 113, 113, 15, 83, 83, 15, 124, 83, 15, 1, 15, 77, 15, 77, 64, 1, 44, 83, 15, 15, 36, 86, 1, 77, 77, 15, 98, 1, 83, 15, 83, 15, 1, 42, 15, 1, 134, 15, 15, 15, 1, 1, 15, 15, 123, 77, 98, 47, 25, 15, 15, 15, 15, 15, 83, 15, 15, 15, 15, 106, 15, 15, 15, 15, 15, 77, 33, 44, 106, 15, 15, 49, 1, 1, 52, 1, 77, 15, 77, 57, 83, 15, 1, 83, 77, 15, 15, 15, 122, 77, 104, 15, 83, 83, 83, 15, 83, 15, 86, 15, 15, 77, 15, 1, 57, 83, 83, 77, 15, 15, 15, 77, 77, 77, 98, 1, 15, 15, 83, 77, 15, 52, 1, 15, 15, 136, 77, 83, 15, 15, 15, 15, 15, 77, 77, 15, 83, 15, 23, 141, 15, 75, 15, 105, 83, 106, 15, 15, 25, 15, 1, 77, 77, 36, 1, 83, 83, 15, 15, 77, 83, 83, 83, 15, 1, 83, 148, 77, 15, 77, 82, 83, 15, 15, 98, 15, 77, 1, 15, 1, 15, 15, 77, 77, 1, 83, 15, 83, 106, 98, 77, 83, 113, 15, 15, 15, 86, 131, 128, 44, 77, 1, 83, 15, 36, 15, 77, 77, 107, 79, 15, 15, 15, 77, 15, 1, 15, 83, 1, 77, 77, 15, 15, 83, 83, 15, 1, 1, 15, 83, 61, 15, 77, 1, 18, 83, 15, 83, 15, 1, 15, 44, 18, 15, 83, 77, 15, 83, 37, 83, 89, 15, 77, 77, 77, 98, 15, 83, 15, 83, 1, 77, 44, 98, 15, 15, 83, 15, 83, 83, 83, 82, 83, 83, 83, 77, 1, 15, 77, 15, 44, 15, 15, 77, 83, 77, 44, 83, 83, 15, 83, 77, 44, 77, 83, 15, 15, 77, 15, 77, 83, 77, 15, 47, 46, 83, 1, 47, 47, 15, 15, 15, 83, 83, 83, 77, 77, 83, 77, 83, 15, 83, 98, 77, 113, 83, 44, 77, 77, 77, 1, 83, 15, 77, 137, 77, 77, 77, 83, 6, 15, 77, 35, 83, 35, 83, 35, 44, 83, 77, 15, 15, 15, 44, 77, 35, 77, 15, 15, 77, 1, 77, 77, 15, 77, 119, 106, 15, 77, 77, 77, 77, 77, 77, 15, 77, 77, 47, 129, 98, 44, 44, 98, 1, 98, 98, 98, 98, 98, 86, 98, 48, 1, 44, 98, 47, 128, 98, 1, 89, 18, 98, 98, 35, 36, 44, 44, 44, 116, 1, 1, 1, 38, 78, 35, 102, 35, 1, 38, 35, 38, 35, 128, 82, 33, 101, 1, 1, 39, 1, 19, 1, 1, 1, 38, 133, 86, 1, 1, 71, 1, 1, 1, 1, 1, 101, 38, 128, 1, 18, 101, 1, 1, 107, 85, 89, 36, 19, 1, 1, 100, 1, 1, 128, 36, 112, 18, 128, 1, 1, 2, 122, 91, 118, 128, 1, 45, 1, 1, 82, 56, 1, 91, 45, 21, 18, 1, 118, 33, 47, 44, 1, 1, 101, 128, 1, 38, 104, 45, 57, 1, 91, 1, 1, 1, 98, 1, 29, 1, 1, 137, 36, 1, 23, 128, 44, 1, 101, 1, 82, 1, 36, 1, 38, 1, 1, 1, 1, 20, 1, 86, 38, 1, 37, 56, 1, 1, 88, 1, 97, 1, 1, 1, 122, 23, 98, 23, 1, 105, 37, 102, 1, 44, 1, 33, 23, 38, 89, 1, 1, 36, 1, 1, 44, 137, 1, 1, 1, 104, 98, 1, 98, 78, 44, 29, 38, 38, 91, 35, 1, 38, 38, 38, 38, 1, 35, 1, 146, 89, 128, 1, 36, 1, 1, 1, 105, 1, 71, 1, 39, 1, 37, 1, 1, 82, 2, 82, 2, 44, 82, 44, 107, 1, 44, 2, 91, 122, 36, 1, 44, 44, 44, 1, 1, 1, 85, 98, 44, 56, 44, 44, 56, 18, 18, 19, 1, 1, 1, 100, 19, 44, 82, 44, 128, 44, 86, 36, 128, 98, 98, 98, 44, 1, 146, 44, 133, 98, 107, 98, 36, 44, 1, 98, 1, 128, 1, 1, 44, 128, 122, 1, 52, 44, 18, 1, 98, 82, 44, 128, 128, 128, 1, 101, 1, 36, 1, 1, 128, 1, 1, 36, 101, 47, 122, 1, 101, 1, 1, 88, 1, 105, 1, 1, 44, 1, 1, 122, 1, 44, 1, 1, 1, 101, 45, 23, 122, 45, 1, 1, 1, 138, 118, 118, 101, 101, 98, 44, 1, 1, 44, 1, 44, 1, 44, 44, 8, 1, 98, 122, 82, 137, 1, 1, 47, 1, 122, 137, 122, 112, 89, 1, 107, 1, 36, 44, 33, 1, 137, 1, 122, 36, 104, 122, 98, 1, 1, 23, 33, 1, 1, 1, 104, 1, 52, 44, 23, 57, 1, 122, 1, 1, 33, 98, 1, 86, 1, 1, 23, 1, 44, 98, 20, 1, 107, 1, 47, 44, 1, 98, 1, 125, 122, 23, 1, 122, 1, 1, 1, 97, 57, 37, 1, 23, 122, 1, 1, 1, 1, 2, 1, 1, 44, 44, 122, 91, 79, 3, 44, 89, 44, 98, 57, 44, 1, 105, 36, 1, 137, 98, 44, 86, 57, 82, 1, 98, 45, 1, 107, 146, 36, 86, 1, 86, 44, 44, 146, 1, 57, 1, 45, 1, 102, 86, 1, 44, 1, 38, 1, 38, 45, 35, 35, 129, 102, 35, 38, 59, 72, 72, 38, 72, 35, 1, 72, 37, 44, 72, 18, 107, 38, 1, 37, 1, 72, 128, 72, 38, 89, 118, 91, 72, 45, 17, 72, 1, 1, 72, 98, 1, 118, 35, 101, 38, 35, 72, 72, 118, 45, 128, 72, 1, 91, 72, 1, 105, 72, 37, 72, 72, 72, 104, 2, 35, 52, 47, 72, 35, 42, 1, 72, 72, 37, 72, 35, 107, 72, 13, 72, 38, 72, 98, 72, 72, 72, 72, 72, 72, 109, 19, 72, 72, 72, 102, 101, 35, 35, 104, 72, 2, 72, 137, 44, 137, 72, 35, 1, 72, 35, 23, 72, 72, 72, 38, 72, 72, 72, 72, 72, 72, 72, 128, 72, 45, 72, 72, 72, 72, 72, 72, 72, 1, 33, 109, 72, 98, 109, 72, 72, 72, 72, 72, 72, 72, 72, 107, 72, 72, 72, 72, 72, 98, 72, 72, 72, 72, 72, 72, 146, 44, 45, 44, 37, 72, 102, 72, 72, 72, 72, 72, 72, 72, 72, 72, 109, 72, 72, 72, 129, 72, 72, 1, 57, 72, 44, 72, 72,