{"Run": 1, "K": 236, "WCSSD": 2405.4470346674025, "Purity": 0.33198603502714774, "Time": 10.360948085784912, "Kmeans_Labels": [89, 7, 64, 64, 7, 7, 120, 159, 7, 7, 7, 96, 211, 112, 7, 7, 50, 206, 7, 204, 7, 7, 15, 112, 202, 206, 7, 206, 204, 116, 112, 207, 204, 206, 7, 7, 112, 112, 96, 112, 207, 120, 59, 38, 112, 7, 112, 231, 7, 210, 7, 114, 114, 42, 89, 180, 7, 206, 64, 64, 7, 206, 206, 67, 180, 7, 112, 7, 112, 180, 206, 7, 7, 7, 14, 7, 7, 7, 50, 7, 7, 33, 7, 206, 159, 67, 108, 18, 7, 7, 7, 170, 180, 7, 7, 120, 7, 7, 159, 7, 159, 14, 7, 187, 187, 120, 120, 43, 7, 14, 143, 143, 143, 112, 89, 161, 114, 7, 137, 106, 7, 7, 106, 64, 64, 106, 115, 64, 108, 114, 106, 106, 114, 7, 7, 204, 108, 7, 7, 7, 118, 64, 64, 204, 106, 106, 7, 7, 7, 64, 106, 31, 7, 204, 7, 106, 7, 7, 64, 7, 7, 106, 106, 7, 120, 106, 108, 47, 110, 108, 50, 7, 7, 114, 106, 7, 100, 200, 106, 7, 7, 108, 7, 7, 106, 7, 106, 7, 7, 114, 114, 118, 108, 106, 64, 144, 7, 207, 7, 7, 159, 15, 50, 100, 106, 159, 106, 159, 7, 7, 15, 7, 159, 159, 159, 106, 106, 7, 96, 118, 159, 14, 7, 130, 235, 106, 7, 96, 114, 106, 7, 7, 159, 7, 159, 7, 7, 204, 7, 7, 106, 7, 118, 159, 114, 159, 58, 7, 207, 106, 198, 43, 7, 106, 33, 63, 106, 144, 233, 7, 7, 7, 96, 64, 187, 7, 207, 187, 7, 100, 7, 120, 48, 144, 120, 192, 7, 15, 106, 187, 106, 89, 89, 7, 120, 120, 100, 187, 120, 172, 106, 120, 7, 143, 43, 120, 43, 120, 143, 114, 7, 120, 7, 43, 3, 120, 120, 120, 207, 143, 118, 89, 43, 43, 7, 89, 50, 143, 143, 7, 143, 143, 114, 143, 100, 96, 7, 66, 118, 58, 204, 106, 106, 89, 114, 7, 106, 89, 63, 106, 7, 33, 78, 207, 106, 108, 7, 106, 7, 207, 78, 108, 114, 78, 96, 7, 192, 110, 17, 151, 34, 7, 7, 0, 143, 118, 28, 151, 106, 7, 151, 151, 28, 106, 28, 106, 106, 106, 108, 50, 7, 114, 106, 67, 7, 114, 114, 206, 64, 7, 7, 7, 50, 114, 59, 7, 100, 55, 7, 38, 118, 7, 64, 7, 108, 118, 106, 64, 64, 7, 192, 7, 180, 108, 7, 7, 43, 207, 108, 106, 108, 64, 7, 7, 38, 187, 7, 143, 17, 151, 151, 59, 7, 108, 7, 7, 7, 35, 35, 7, 64, 7, 31, 31, 7, 7, 143, 143, 7, 143, 96, 96, 143, 38, 7, 151, 151, 108, 151, 151, 7, 7, 179, 180, 180, 204, 180, 180, 180, 180, 180, 180, 64, 180, 55, 118, 7, 7, 7, 7, 159, 159, 7, 7, 7, 7, 7, 7, 7, 7, 31, 7, 216, 216, 7, 33, 7, 31, 31, 7, 159, 7, 118, 168, 168, 7, 72, 7, 187, 64, 64, 7, 192, 192, 7, 7, 166, 7, 166, 119, 187, 7, 119, 187, 187, 119, 7, 7, 64, 146, 146, 120, 143, 143, 182, 182, 143, 143, 143, 96, 143, 43, 43, 143, 143, 33, 33, 143, 143, 143, 143, 187, 187, 143, 143, 7, 31, 31, 31, 31, 55, 7, 118, 118, 96, 7, 7, 96, 96, 7, 7, 196, 196, 7, 7, 7, 7, 118, 78, 78, 78, 56, 56, 204, 189, 7, 207, 207, 108, 151, 151, 49, 7, 49, 207, 207, 154, 154, 28, 28, 28, 28, 28, 28, 162, 162, 7, 40, 40, 28, 28, 24, 24, 123, 24, 40, 40, 28, 7, 7, 55, 206, 108, 19, 19, 19, 19, 19, 19, 19, 19, 19, 96, 96, 19, 19, 19, 112, 19, 19, 19, 19, 108, 19, 19, 19, 19, 100, 38, 38, 7, 151, 59, 59, 201, 201, 180, 180, 114, 89, 104, 104, 114, 7, 7, 7, 180, 210, 64, 38, 100, 64, 7, 7, 7, 59, 38, 7, 64, 50, 195, 195, 7, 195, 195, 7, 7, 180, 50, 7, 180, 51, 7, 7, 7, 18, 7, 7, 7, 38, 7, 27, 7, 7, 7, 7, 210, 7, 27, 7, 7, 210, 7, 113, 7, 113, 7, 168, 210, 210, 18, 7, 168, 168, 210, 58, 38, 7, 7, 7, 187, 118, 187, 7, 43, 187, 33, 143, 187, 187, 7, 146, 143, 187, 146, 132, 132, 143, 143, 43, 143, 89, 143, 143, 143, 187, 7, 143, 143, 143, 143, 143, 143, 7, 31, 143, 143, 143, 7, 7, 143, 143, 143, 143, 143, 143, 143, 143, 143, 33, 143, 143, 143, 58, 143, 58, 143, 96, 58, 58, 58, 7, 58, 143, 143, 90, 31, 158, 158, 158, 90, 7, 7, 31, 143, 143, 76, 58, 206, 206, 58, 207, 192, 7, 192, 2, 207, 118, 2, 7, 207, 7, 7, 143, 143, 207, 58, 58, 118, 7, 108, 207, 7, 7, 7, 7, 7, 108, 7, 7, 7, 7, 40, 40, 40, 7, 28, 151, 40, 154, 100, 151, 28, 50, 28, 28, 151, 7, 28, 28, 7, 28, 50, 50, 7, 40, 40, 40, 7, 7, 143, 40, 24, 108, 14, 7, 7, 7, 40, 204, 207, 180, 7, 7, 180, 204, 180, 7, 7, 7, 7, 7, 7, 7, 207, 18, 7, 18, 192, 156, 50, 7, 143, 43, 143, 114, 143, 33, 7, 178, 50, 178, 44, 108, 64, 204, 7, 50, 7, 110, 174, 114, 7, 89, 213, 151, 89, 213, 7, 7, 44, 7, 44, 218, 7, 187, 218, 38, 218, 218, 44, 44, 40, 44, 44, 44, 33, 44, 44, 44, 44, 13, 44, 44, 117, 44, 218, 33, 44, 218, 44, 20, 44, 44, 33, 44, 44, 218, 44, 44, 44, 44, 218, 44, 33, 33, 44, 218, 218, 44, 44, 218, 117, 7, 44, 44, 44, 44, 44, 7, 108, 218, 44, 138, 7, 67, 7, 44, 44, 44, 114, 67, 218, 44, 218, 44, 67, 44, 44, 7, 44, 44, 44, 44, 7, 7, 44, 44, 44, 44, 33, 204, 202, 44, 44, 44, 44, 44, 218, 44, 44, 44, 44, 85, 44, 70, 44, 44, 44, 44, 7, 7, 85, 44, 44, 98, 7, 7, 200, 7, 44, 44, 44, 59, 218, 44, 7, 218, 44, 44, 44, 44, 206, 44, 55, 44, 218, 218, 218, 44, 218, 44, 108, 44, 44, 44, 44, 7, 59, 218, 218, 44, 44, 44, 44, 44, 44, 39, 108, 108, 44, 44, 218, 44, 44, 200, 7, 44, 44, 55, 44, 218, 44, 44, 44, 105, 44, 44, 44, 44, 218, 44, 118, 7, 44, 7, 44, 31, 218, 85, 44, 44, 199, 53, 7, 44, 44, 7, 7, 218, 218, 44, 20, 44, 218, 218, 218, 44, 7, 218, 181, 44, 44, 44, 38, 218, 44, 44, 114, 44, 39, 7, 44, 7, 44, 4, 44, 44, 7, 218, 44, 218, 85, 33, 44, 218, 85, 44, 44, 44, 108, 18, 96, 207, 44, 7, 218, 44, 44, 44, 44, 44, 7, 13, 44, 44, 44, 44, 44, 7, 44, 218, 192, 44, 44, 16, 44, 218, 218, 44, 7, 68, 44, 218, 44, 44, 44, 7, 187, 218, 44, 218, 44, 7, 44, 33, 187, 44, 218, 44, 44, 218, 89, 218, 121, 44, 183, 44, 44, 114, 44, 218, 177, 218, 7, 44, 114, 114, 44, 44, 218, 44, 218, 218, 218, 38, 218, 218, 218, 44, 207, 44, 44, 110, 18, 117, 44, 44, 218, 44, 33, 218, 218, 44, 218, 44, 207, 44, 218, 44, 44, 44, 44, 44, 218, 44, 44, 204, 44, 218, 207, 204, 204, 44, 44, 44, 218, 218, 218, 44, 44, 218, 77, 149, 44, 218, 114, 44, 218, 218, 7, 44, 44, 44, 207, 218, 44, 44, 67, 44, 44, 151, 218, 44, 44, 44, 151, 218, 40, 218, 45, 33, 218, 167, 44, 44, 44, 7, 44, 40, 44, 44, 44, 44, 7, 44, 44, 225, 102, 33, 85, 44, 44, 5, 44, 44, 44, 44, 44, 44, 44, 204, 108, 114, 33, 47, 114, 7, 114, 114, 114, 114, 114, 108, 114, 7, 64, 108, 114, 204, 96, 114, 7, 50, 64, 114, 114, 40, 7, 235, 235, 235, 7, 7, 7, 7, 219, 41, 151, 17, 40, 7, 163, 151, 24, 151, 96, 38, 7, 7, 7, 7, 90, 7, 43, 207, 7, 33, 28, 7, 84, 64, 7, 89, 207, 7, 7, 7, 207, 7, 28, 96, 7, 187, 7, 7, 124, 192, 143, 50, 108, 43, 7, 7, 7, 7, 7, 96, 7, 118, 187, 96, 7, 7, 143, 206, 143, 195, 96, 7, 180, 7, 232, 38, 7, 18, 58, 180, 107, 187, 33, 61, 7, 97, 33, 7, 7, 7, 6, 7, 24, 55, 41, 59, 7, 143, 179, 7, 7, 114, 207, 151, 7, 7, 206, 100, 179, 8, 96, 193, 7, 7, 7, 38, 7, 120, 7, 28, 7, 46, 7, 65, 175, 7, 33, 28, 192, 89, 146, 7, 7, 206, 7, 7, 64, 7, 7, 206, 118, 108, 118, 73, 31, 89, 17, 7, 18, 100, 7, 118, 7, 50, 7, 207, 7, 7, 33, 33, 33, 7, 111, 7, 55, 7, 7, 7, 41, 205, 151, 7, 24, 143, 40, 7, 28, 163, 28, 28, 33, 151, 207, 207, 50, 96, 7, 7, 7, 7, 7, 31, 7, 89, 7, 90, 7, 89, 33, 207, 38, 143, 38, 143, 108, 38, 186, 108, 192, 108, 143, 143, 206, 108, 7, 33, 108, 108, 207, 124, 207, 143, 108, 7, 7, 7, 33, 146, 187, 187, 43, 7, 192, 65, 7, 43, 108, 38, 100, 96, 7, 33, 100, 120, 7, 7, 114, 108, 7, 207, 7, 7, 33, 192, 108, 120, 33, 7, 114, 7, 6, 7, 7, 7, 96, 206, 111, 200, 18, 187, 7, 7, 38, 33, 96, 96, 96, 7, 7, 7, 108, 18, 7, 96, 7, 207, 7, 7, 97, 206, 7, 7, 7, 7, 206, 7, 31, 207, 7, 108, 7, 7, 206, 7, 33, 7, 7, 73, 7, 180, 118, 206, 180, 7, 7, 7, 7, 61, 195, 7, 7, 114, 33, 100, 7, 33, 7, 33, 7, 33, 33, 110, 7, 114, 206, 38, 108, 7, 7, 204, 7, 206, 206, 206, 118, 50, 7, 64, 7, 215, 33, 25, 7, 206, 7, 206, 215, 55, 206, 207, 7, 46, 8, 7, 7, 7, 64, 55, 7, 47, 7, 118, 140, 33, 206, 7, 64, 7, 114, 7, 84, 7, 7, 118, 7, 7, 7, 175, 64, 192, 7, 204, 108, 7, 7, 7, 7, 206, 25, 7, 206, 192, 7, 232, 7, 59, 89, 7, 118, 206, 100, 7, 7, 192, 207, 7, 7, 33, 7, 206, 143, 13, 30, 108, 50, 33, 7, 140, 108, 207, 31, 215, 7, 108, 108, 33, 33, 59, 38, 7, 114, 180, 7, 192, 207, 108, 33, 7, 207, 192, 108, 207, 64, 59, 114, 67, 7, 17, 33, 7, 207, 207, 219, 7, 28, 41, 151, 151, 133, 17, 45, 28, 50, 159, 133, 40, 133, 151, 64, 133, 89, 14, 14, 120, 64, 24, 207, 89, 78, 133, 96, 7, 24, 50, 133, 143, 133, 100, 50, 133, 64, 7, 74, 114, 7, 143, 40, 210, 24, 40, 133, 133, 169, 180, 7, 133, 7, 58, 133, 33, 31, 133, 82,