{"Run": 11, "K": 111, "WCSSD": 2643.242593544782, "Purity": 0.4022330375035786, "Time": 3.117388963699341, "Kmeans_Labels": [18, 2, 2, 2, 2, 2, 41, 38, 2, 39, 2, 5, 2, 2, 2, 2, 2, 76, 2, 94, 2, 2, 2, 2, 2, 3, 2, 76, 94, 39, 2, 2, 94, 76, 2, 2, 5, 2, 5, 2, 2, 41, 45, 49, 0, 60, 2, 2, 2, 2, 2, 2, 2, 2, 76, 58, 2, 76, 2, 2, 2, 76, 76, 45, 58, 2, 2, 2, 2, 58, 76, 2, 73, 2, 2, 2, 2, 2, 2, 2, 2, 2, 39, 76, 38, 2, 2, 2, 2, 108, 2, 53, 46, 39, 2, 41, 2, 2, 38, 2, 38, 2, 2, 41, 39, 41, 41, 41, 2, 2, 0, 0, 0, 2, 39, 2, 2, 2, 2, 81, 2, 42, 81, 2, 2, 81, 2, 2, 2, 2, 81, 81, 2, 2, 2, 94, 2, 49, 2, 2, 48, 2, 2, 94, 81, 81, 2, 2, 2, 2, 81, 93, 2, 94, 2, 81, 2, 2, 2, 2, 2, 81, 81, 35, 41, 81, 2, 2, 2, 2, 81, 2, 2, 2, 81, 2, 28, 34, 81, 2, 2, 2, 2, 2, 81, 2, 81, 2, 2, 2, 2, 48, 2, 81, 2, 2, 2, 2, 2, 39, 38, 2, 2, 28, 81, 38, 81, 38, 39, 2, 107, 2, 38, 38, 38, 81, 81, 39, 5, 48, 38, 2, 2, 5, 2, 81, 2, 7, 2, 107, 2, 2, 38, 2, 38, 2, 39, 94, 2, 2, 81, 2, 48, 38, 2, 38, 2, 2, 2, 81, 41, 41, 2, 81, 2, 107, 81, 2, 81, 2, 2, 2, 5, 2, 81, 2, 2, 41, 2, 28, 2, 41, 2, 2, 41, 2, 2, 2, 81, 81, 81, 41, 99, 2, 41, 41, 28, 41, 41, 2, 81, 41, 2, 41, 41, 41, 2, 41, 0, 94, 2, 41, 41, 2, 5, 41, 41, 41, 41, 0, 48, 99, 5, 2, 39, 99, 2, 0, 0, 2, 0, 0, 2, 0, 28, 5, 2, 26, 48, 0, 94, 81, 81, 18, 2, 2, 87, 2, 76, 102, 2, 2, 38, 2, 81, 2, 2, 81, 2, 2, 48, 2, 2, 2, 5, 2, 2, 2, 17, 67, 21, 2, 2, 21, 0, 48, 101, 21, 81, 2, 21, 21, 101, 81, 101, 81, 81, 81, 2, 2, 2, 2, 81, 2, 2, 2, 2, 76, 2, 2, 2, 2, 2, 2, 45, 2, 28, 26, 2, 49, 48, 2, 2, 2, 2, 48, 81, 2, 2, 2, 84, 2, 58, 2, 2, 2, 33, 2, 2, 81, 2, 2, 109, 2, 49, 41, 2, 0, 17, 21, 21, 45, 2, 2, 2, 80, 80, 94, 94, 2, 2, 2, 93, 93, 100, 100, 0, 0, 2, 0, 5, 5, 0, 49, 2, 57, 57, 2, 67, 67, 2, 2, 2, 58, 58, 94, 45, 45, 58, 74, 74, 58, 2, 9, 26, 48, 2, 39, 39, 39, 38, 38, 39, 39, 39, 2, 2, 85, 85, 85, 93, 30, 2, 2, 2, 2, 2, 93, 93, 2, 38, 2, 48, 39, 39, 2, 39, 39, 39, 2, 2, 2, 2, 2, 2, 2, 2, 20, 2, 2, 41, 2, 2, 41, 41, 2, 2, 39, 2, 0, 0, 41, 0, 0, 41, 41, 0, 0, 0, 5, 0, 41, 41, 0, 0, 2, 2, 0, 0, 0, 0, 2, 2, 0, 0, 2, 93, 93, 93, 93, 26, 2, 48, 48, 5, 2, 2, 5, 5, 2, 2, 2, 2, 2, 2, 2, 2, 48, 2, 2, 2, 2, 2, 79, 2, 2, 2, 2, 2, 21, 21, 93, 2, 93, 2, 2, 101, 101, 10, 10, 67, 67, 67, 67, 67, 67, 2, 21, 21, 101, 101, 101, 101, 101, 101, 67, 67, 67, 2, 2, 26, 76, 2, 4, 4, 4, 4, 4, 4, 4, 4, 4, 5, 5, 4, 4, 4, 2, 4, 4, 4, 4, 2, 4, 4, 4, 4, 28, 49, 49, 2, 67, 45, 45, 58, 58, 58, 58, 2, 2, 58, 58, 2, 31, 2, 31, 9, 2, 2, 49, 28, 2, 2, 2, 2, 45, 49, 2, 39, 2, 39, 39, 2, 39, 39, 39, 2, 58, 2, 2, 58, 2, 39, 39, 39, 2, 39, 39, 39, 49, 39, 2, 2, 85, 39, 39, 39, 39, 2, 39, 39, 39, 2, 39, 54, 39, 2, 39, 39, 39, 2, 2, 39, 39, 39, 39, 49, 2, 2, 2, 2, 48, 2, 2, 41, 41, 2, 0, 2, 41, 0, 0, 0, 41, 0, 0, 0, 0, 0, 2, 0, 2, 0, 0, 0, 0, 2, 0, 0, 0, 0, 0, 0, 2, 93, 0, 0, 0, 2, 2, 0, 0, 0, 0, 0, 0, 0, 0, 0, 0, 0, 0, 0, 0, 0, 0, 63, 5, 0, 2, 0, 2, 0, 63, 63, 48, 96, 0, 0, 0, 2, 2, 2, 96, 0, 0, 0, 0, 76, 76, 0, 2, 2, 2, 2, 2, 2, 48, 2, 2, 2, 2, 2, 0, 0, 2, 2, 2, 48, 2, 2, 2, 2, 2, 2, 2, 2, 2, 2, 2, 2, 2, 21, 21, 21, 2, 10, 21, 21, 101, 28, 21, 67, 95, 67, 21, 21, 2, 21, 21, 2, 67, 2, 2, 2, 21, 21, 21, 2, 2, 2, 21, 101, 88, 2, 2, 2, 67, 21, 94, 2, 58, 2, 2, 58, 94, 58, 2, 2, 2, 2, 2, 2, 2, 2, 2, 2, 2, 2, 2, 2, 2, 0, 41, 0, 0, 0, 2, 2, 2, 2, 2, 29, 2, 2, 94, 2, 2, 2, 2, 76, 2, 2, 18, 37, 21, 18, 37, 2, 2, 29, 2, 29, 14, 2, 2, 14, 49, 14, 14, 29, 29, 21, 29, 29, 29, 2, 29, 29, 29, 29, 2, 29, 29, 29, 29, 14, 2, 29, 14, 29, 29, 29, 29, 2, 29, 29, 14, 29, 29, 29, 29, 14, 29, 2, 2, 29, 14, 14, 29, 29, 14, 29, 2, 29, 29, 29, 29, 29, 2, 2, 14, 29, 29, 2, 11, 2, 29, 29, 29, 2, 28, 14, 29, 14, 29, 2, 29, 29, 2, 29, 29, 29, 29, 2, 2, 29, 29, 47, 29, 2, 94, 29, 29, 29, 29, 29, 29, 14, 29, 29, 29, 29, 2, 29, 29, 29, 29, 29, 29, 2, 2, 29, 29, 29, 2, 59, 2, 34, 2, 29, 29, 29, 86, 12, 29, 2, 14, 29, 29, 29, 29, 76, 29, 26, 29, 14, 14, 14, 29, 14, 29, 2, 29, 29, 29, 29, 2, 45, 14, 14, 29, 29, 29, 29, 29, 29, 29, 2, 2, 103, 29, 14, 29, 29, 34, 2, 29, 29, 26, 29, 14, 29, 29, 29, 29, 29, 29, 29, 29, 14, 29, 48, 2, 29, 2, 29, 93, 14, 29, 29, 29, 29, 29, 2, 29, 29, 2, 2, 14, 14, 29, 29, 29, 14, 14, 14, 29, 2, 14, 34, 29, 29, 29, 49, 14, 29, 29, 2, 29, 29, 2, 29, 2, 29, 29, 29, 29, 2, 14, 29, 14, 29, 2, 29, 14, 29, 29, 29, 29, 2, 2, 14, 2, 29, 2, 14, 29, 29, 29, 29, 29, 2, 2, 29, 29, 29, 29, 29, 2, 29, 14, 2, 29, 29, 29, 29, 14, 14, 29, 2, 2, 29, 14, 29, 29, 29, 2, 2, 14, 29, 14, 29, 2, 29, 2, 29, 29, 14, 29, 29, 14, 0, 105, 2, 29, 29, 29, 29, 105, 29, 14, 29, 14, 2, 29, 2, 2, 29, 29, 14, 29, 14, 14, 14, 49, 14, 14, 14, 29, 2, 105, 29, 29, 2, 29, 29, 29, 14, 29, 2, 14, 14, 29, 14, 29, 2, 29, 14, 29, 29, 29, 29, 29, 14, 29, 29, 94, 29, 14, 2, 62, 94, 29, 29, 29, 14, 14, 14, 29, 29, 14, 29, 14, 29, 14, 2, 29, 14, 14, 2, 29, 29, 29, 105, 14, 29, 29, 2, 29, 29, 29, 14, 29, 29, 29, 67, 14, 21, 14, 21, 2, 14, 29, 29, 29, 29, 2, 29, 21, 29, 105, 29, 29, 2, 105, 29, 29, 29, 2, 2, 29, 29, 29, 29, 29, 29, 29, 29, 29, 29, 94, 2, 2, 2, 2, 2, 2, 2, 2, 2, 2, 2, 2, 2, 2, 2, 2, 2, 94, 5, 2, 2, 2, 2, 2, 2, 67, 2, 2, 2, 2, 2, 2, 2, 2, 21, 2, 21, 17, 21, 2, 101, 67, 101, 67, 5, 49, 2, 39, 2, 2, 0, 2, 2, 1, 2, 2, 101, 2, 2, 2, 2, 2, 2, 2, 39, 2, 2, 85, 101, 5, 2, 41, 39, 61, 0, 2, 0, 2, 76, 41, 2, 26, 20, 2, 2, 5, 2, 48, 41, 5, 2, 2, 0, 76, 0, 39, 5, 2, 58, 2, 104, 49, 2, 2, 0, 58, 2, 2, 2, 39, 110, 94, 2, 2, 2, 39, 5, 2, 101, 26, 58, 45, 2, 0, 2, 2, 2, 2, 2, 67, 2, 39, 76, 28, 2, 26, 5, 2, 2, 39, 2, 49, 2, 41, 2, 101, 2, 2, 2, 15, 58, 2, 2, 10, 2, 2, 0, 2, 2, 76, 2, 2, 2, 2, 2, 76, 48, 2, 48, 2, 93, 2, 17, 2, 2, 28, 2, 48, 2, 2, 2, 2, 2, 2, 2, 2, 76, 2, 2, 2, 26, 2, 2, 2, 2, 2, 67, 2, 101, 0, 21, 2, 101, 101, 101, 10, 2, 21, 2, 2, 2, 5, 2, 2, 2, 2, 2, 93, 2, 2, 61, 0, 2, 2, 2, 2, 49, 0, 49, 0, 2, 49, 2, 2, 2, 2, 0, 0, 76, 76, 2, 2, 2, 2, 1, 0, 2, 0, 2, 2, 2, 2, 2, 0, 2, 41, 41, 2, 2, 15, 20, 2, 2, 49, 28, 5, 2, 2, 28, 41, 2, 2, 2, 2, 2, 2, 2, 2, 2, 97, 2, 41, 2, 2, 2, 2, 5, 2, 77, 2, 5, 59, 2, 34, 2, 41, 2, 2, 49, 2, 5, 5, 5, 2, 39, 2, 2, 2, 2, 5, 2, 2, 2, 85, 94, 76, 2, 39, 2, 2, 76, 2, 93, 2, 39, 2, 2, 2, 76, 2, 2, 2, 2, 2, 39, 58, 48, 76, 58, 2, 39, 2, 2, 39, 39, 39, 39, 2, 2, 28, 2, 2, 2, 2, 2, 2, 2, 2, 2, 2, 76, 49, 76, 2, 2, 90, 2, 76, 76, 28, 48, 2, 2, 28, 26, 26, 2, 2, 26, 76, 2, 76, 110, 26, 76, 2, 2, 2, 26, 2, 2, 2, 2, 26, 2, 2, 2, 48, 45, 2, 76, 2, 2, 110, 2, 2, 2, 2, 2, 83, 2, 2, 2, 58, 2, 2, 2, 94, 2, 2, 2, 2, 2, 76, 48, 2, 76, 2, 2, 104, 2, 45, 2, 2, 48, 76, 28, 2, 2, 2, 2, 2, 2, 2, 2, 76, 0, 2, 2, 2, 28, 2, 2, 45, 2, 2, 93, 26, 2, 76, 2, 2, 2, 28, 49, 2, 2, 58, 2, 2, 2, 2, 76, 34, 2, 2, 2, 2, 2, 45, 2, 58, 2, 17, 2, 2, 2, 2, 21, 2, 101, 58, 21, 21, 69, 44, 21, 101, 69, 38, 69, 65, 69, 21, 2, 69, 69, 2, 69, 41, 2, 21, 2, 69, 38, 75, 5, 69, 101, 69, 39, 0, 69, 28, 69, 69, 82, 2, 69, 2, 2, 0, 21, 39, 101, 21, 69, 69, 0, 39, 5, 69, 2, 0, 69, 2, 93, 69, 2, 69, 69, 69, 26, 2, 21, 34, 94, 69, 21, 28, 2, 69, 69, 0, 69, 21, 2, 69, 69, 69, 101, 69, 2, 69, 69, 69, 69, 69, 69, 69, 41, 69, 69, 69, 70, 39, 67, 21, 26, 69, 0, 69, 69, 2, 69, 69, 21, 2, 69, 21, 48, 69, 69, 69, 10, 69, 69, 69, 69, 69, 69, 69, 5, 69, 58, 69, 69, 69, 69, 69, 69, 69, 38, 69, 69, 69, 17, 69, 69, 69, 69, 69, 69, 69, 69, 69, 2, 69, 69, 69, 69, 69, 2, 69, 69, 69, 69, 28, 69, 2, 2, 58, 2, 69, 69, 17, 69, 69, 64, 69, 69, 69, 69, 69, 69, 69, 69, 69, 69, 69, 69, 69, 2, 45, 69, 2, 69, 69, 2, 69, 69, 45, 69, 69, 69, 69, 69, 69, 69, 69, 69, 69, 69, 23, 69, 69, 69, 49, 69, 69, 69, 69, 69, 38, 2, 69, 48, 69, 2, 69, 69, 69, 69, 34, 2, 2, 2, 6, 2, 21, 2, 2, 2, 2, 48, 43, 21, 2, 92, 2, 2, 2, 2, 2, 2, 2, 2, 6, 45, 2, 2, 2, 2, 2, 2, 2, 2, 2, 2, 94, 2, 2, 2, 2, 49, 2, 2, 49, 76, 2, 49, 2, 2, 2, 48, 2, 2, 34, 2, 2, 2, 2, 2, 2, 6, 2, 2, 2, 34, 34, 6, 6, 94, 6, 34, 6, 6, 6, 22, 39, 2, 48, 6, 89, 6, 6, 28, 34, 34, 6, 6, 6, 6, 2, 6, 2, 34, 34, 6, 2, 6, 34, 6, 2, 88, 2, 2, 2, 2, 2, 2, 2, 2, 2, 2, 2, 48, 2, 39, 2, 0, 48, 2, 2, 2, 26, 2, 2, 2, 48, 2, 2, 2, 106, 2, 2, 2, 2, 2, 2, 48, 2, 93, 2, 2, 17, 48, 48, 6, 6, 39, 39, 2, 6, 6, 6, 2, 6, 6, 6, 2, 2, 2, 2, 34, 6, 6, 2, 2, 2, 2, 2,