{"Run": 13, "K": 111, "WCSSD": 2616.729339182388, "Purity": 0.2958289549591129, "Time": 3.542773962020874, "Kmeans_Labels": [85, 64, 4, 4, 4, 4, 12, 40, 4, 18, 4, 4, 4, 4, 4, 4, 103, 110, 4, 30, 4, 4, 10, 4, 86, 110, 4, 110, 30, 18, 4, 4, 30, 100, 4, 4, 4, 4, 4, 4, 95, 12, 81, 61, 81, 4, 4, 4, 66, 4, 4, 95, 95, 4, 85, 80, 4, 110, 4, 107, 4, 110, 110, 4, 80, 47, 4, 64, 4, 80, 110, 4, 18, 4, 95, 4, 85, 4, 103, 4, 4, 4, 18, 110, 40, 4, 4, 52, 4, 18, 4, 4, 80, 18, 4, 12, 4, 48, 40, 4, 40, 95, 4, 72, 72, 12, 12, 72, 18, 95, 81, 81, 81, 4, 85, 95, 86, 4, 4, 15, 4, 4, 15, 4, 4, 15, 4, 4, 86, 4, 15, 15, 4, 4, 4, 30, 4, 4, 4, 4, 106, 4, 4, 30, 15, 15, 4, 4, 4, 4, 15, 96, 4, 30, 4, 15, 4, 4, 4, 4, 4, 15, 15, 4, 4, 15, 4, 86, 4, 4, 15, 4, 4, 95, 15, 4, 4, 31, 15, 4, 4, 4, 108, 108, 15, 4, 15, 4, 4, 4, 4, 106, 86, 15, 4, 4, 4, 86, 4, 18, 40, 10, 103, 4, 15, 40, 15, 40, 18, 4, 10, 4, 40, 40, 40, 15, 15, 18, 4, 106, 40, 95, 4, 4, 86, 15, 4, 4, 95, 15, 4, 4, 40, 4, 40, 4, 18, 30, 4, 4, 15, 4, 106, 40, 95, 40, 4, 4, 86, 15, 12, 12, 4, 15, 95, 10, 15, 4, 15, 4, 4, 4, 72, 4, 72, 4, 86, 72, 4, 4, 4, 12, 4, 4, 12, 4, 86, 4, 15, 72, 15, 85, 85, 4, 12, 12, 4, 72, 12, 86, 15, 12, 4, 81, 12, 12, 4, 12, 81, 30, 4, 12, 12, 12, 12, 12, 12, 12, 12, 81, 106, 85, 12, 4, 18, 85, 103, 51, 81, 4, 81, 81, 95, 81, 4, 4, 4, 85, 106, 85, 30, 15, 15, 85, 95, 4, 15, 85, 110, 15, 4, 4, 106, 86, 15, 95, 86, 15, 4, 86, 91, 77, 95, 4, 4, 4, 4, 109, 75, 8, 94, 4, 4, 8, 81, 106, 49, 8, 15, 4, 8, 8, 34, 15, 34, 15, 15, 15, 4, 103, 4, 95, 15, 103, 4, 95, 95, 110, 4, 4, 4, 4, 103, 4, 4, 4, 4, 6, 4, 61, 106, 4, 4, 4, 86, 106, 15, 4, 4, 4, 4, 4, 80, 4, 4, 4, 12, 86, 4, 15, 4, 4, 4, 4, 61, 72, 4, 4, 75, 8, 8, 31, 4, 4, 4, 86, 86, 30, 30, 4, 4, 4, 96, 96, 57, 57, 81, 81, 4, 81, 4, 4, 81, 37, 4, 4, 4, 86, 9, 9, 4, 4, 4, 80, 80, 30, 80, 80, 80, 80, 80, 28, 4, 80, 6, 106, 4, 18, 18, 18, 40, 40, 4, 18, 18, 4, 4, 18, 18, 95, 96, 4, 18, 18, 4, 95, 4, 96, 96, 4, 40, 4, 106, 18, 18, 4, 18, 18, 72, 4, 4, 4, 2, 2, 4, 4, 4, 12, 4, 4, 72, 4, 72, 72, 72, 72, 4, 18, 4, 81, 81, 12, 60, 60, 12, 12, 18, 18, 81, 4, 81, 12, 12, 81, 81, 4, 4, 81, 81, 19, 19, 72, 72, 81, 81, 4, 96, 96, 96, 96, 6, 4, 106, 106, 4, 4, 4, 4, 4, 4, 4, 4, 4, 4, 4, 4, 4, 106, 4, 4, 4, 91, 91, 30, 4, 4, 4, 4, 86, 8, 8, 96, 4, 96, 4, 4, 34, 34, 49, 49, 49, 49, 49, 49, 49, 49, 4, 8, 8, 49, 49, 49, 49, 34, 34, 8, 8, 8, 4, 4, 6, 110, 4, 36, 36, 36, 36, 36, 36, 36, 36, 36, 36, 4, 36, 36, 36, 86, 36, 36, 36, 36, 86, 36, 36, 36, 36, 67, 4, 61, 4, 8, 58, 58, 103, 103, 80, 80, 95, 85, 80, 80, 95, 4, 4, 4, 80, 4, 4, 61, 67, 4, 4, 4, 4, 31, 61, 4, 18, 103, 18, 18, 4, 18, 18, 18, 4, 80, 103, 4, 80, 4, 4, 4, 18, 52, 18, 18, 18, 61, 18, 4, 4, 18, 18, 18, 18, 1, 4, 18, 18, 4, 4, 18, 18, 18, 4, 18, 18, 18, 52, 4, 18, 18, 4, 18, 61, 18, 4, 4, 72, 72, 72, 42, 72, 72, 4, 81, 72, 72, 4, 81, 81, 72, 81, 81, 81, 81, 81, 18, 60, 85, 81, 81, 81, 72, 4, 81, 81, 81, 81, 18, 81, 4, 96, 81, 81, 81, 4, 4, 81, 81, 81, 81, 19, 81, 81, 19, 81, 4, 81, 81, 81, 81, 81, 81, 81, 4, 81, 4, 81, 4, 81, 81, 81, 4, 81, 81, 81, 81, 4, 4, 4, 81, 81, 81, 81, 81, 110, 110, 81, 4, 4, 86, 4, 4, 4, 106, 4, 4, 4, 4, 4, 81, 81, 4, 4, 4, 85, 4, 4, 4, 4, 4, 95, 4, 4, 4, 4, 4, 4, 4, 8, 8, 8, 4, 17, 8, 8, 49, 67, 8, 49, 103, 8, 49, 8, 4, 49, 49, 4, 8, 103, 103, 4, 8, 8, 8, 4, 4, 4, 8, 49, 4, 95, 4, 4, 4, 8, 26, 4, 80, 4, 4, 80, 30, 80, 4, 4, 4, 4, 4, 4, 4, 4, 52, 4, 52, 4, 4, 103, 4, 81, 72, 81, 84, 81, 86, 4, 103, 103, 103, 68, 4, 4, 30, 4, 103, 4, 109, 110, 95, 4, 85, 73, 8, 85, 73, 71, 4, 22, 4, 22, 65, 4, 72, 65, 61, 65, 65, 22, 22, 8, 68, 22, 68, 86, 68, 22, 68, 68, 86, 68, 68, 68, 68, 65, 86, 68, 65, 68, 68, 68, 68, 86, 68, 22, 65, 68, 68, 68, 68, 65, 68, 86, 86, 68, 65, 65, 68, 68, 65, 68, 4, 68, 68, 68, 22, 22, 71, 86, 65, 68, 68, 14, 95, 4, 22, 68, 68, 86, 4, 65, 68, 65, 68, 4, 68, 68, 4, 39, 68, 68, 68, 71, 4, 68, 68, 39, 22, 95, 30, 47, 68, 68, 68, 68, 68, 65, 68, 68, 68, 68, 86, 68, 68, 68, 68, 68, 22, 4, 4, 22, 68, 68, 47, 4, 4, 31, 4, 22, 68, 22, 4, 65, 68, 86, 65, 68, 68, 68, 68, 110, 22, 6, 68, 65, 65, 65, 68, 65, 68, 4, 68, 68, 22, 68, 4, 4, 65, 65, 46, 68, 68, 68, 22, 22, 68, 86, 4, 68, 55, 24, 68, 68, 31, 4, 68, 68, 6, 22, 65, 68, 68, 68, 68, 68, 22, 22, 68, 65, 68, 106, 4, 68, 4, 68, 68, 65, 68, 68, 68, 68, 68, 4, 22, 22, 4, 4, 65, 65, 68, 68, 22, 65, 65, 65, 68, 4, 65, 31, 22, 68, 22, 61, 65, 44, 68, 95, 68, 22, 4, 68, 4, 68, 68, 22, 22, 4, 65, 68, 65, 86, 86, 22, 65, 68, 68, 68, 68, 4, 52, 65, 4, 22, 4, 65, 68, 65, 68, 22, 22, 4, 86, 68, 68, 68, 22, 68, 4, 68, 65, 4, 22, 22, 68, 68, 65, 65, 68, 4, 4, 68, 65, 22, 68, 22, 4, 72, 65, 68, 65, 68, 4, 68, 86, 72, 68, 65, 22, 68, 65, 85, 65, 103, 68, 22, 22, 68, 86, 68, 65, 68, 65, 4, 68, 86, 86, 68, 68, 65, 68, 65, 65, 65, 61, 65, 65, 65, 22, 4, 68, 22, 109, 52, 68, 68, 22, 65, 68, 86, 65, 65, 68, 65, 22, 86, 22, 65, 68, 68, 5, 68, 22, 65, 22, 68, 30, 22, 65, 4, 30, 45, 68, 68, 68, 65, 65, 65, 22, 22, 65, 22, 65, 68, 65, 86, 22, 65, 65, 4, 22, 22, 22, 86, 65, 68, 22, 47, 22, 22, 22, 65, 22, 68, 33, 8, 65, 8, 65, 8, 86, 65, 22, 16, 68, 68, 4, 22, 8, 22, 68, 68, 22, 4, 22, 68, 68, 22, 86, 86, 68, 22, 68, 22, 22, 22, 68, 68, 22, 68, 30, 86, 95, 86, 95, 95, 4, 95, 95, 95, 95, 86, 86, 95, 4, 4, 86, 95, 30, 4, 95, 4, 103, 4, 95, 95, 8, 4, 86, 86, 86, 4, 99, 29, 4, 8, 4, 8, 29, 8, 4, 8, 8, 34, 8, 4, 61, 64, 18, 4, 4, 81, 4, 4, 4, 4, 4, 34, 4, 86, 4, 4, 85, 4, 4, 18, 4, 4, 18, 34, 4, 69, 72, 59, 70, 81, 4, 18, 103, 110, 72, 4, 6, 4, 4, 4, 4, 4, 106, 72, 12, 4, 4, 19, 110, 81, 18, 4, 4, 80, 4, 4, 61, 4, 52, 81, 80, 4, 72, 4, 18, 4, 30, 95, 4, 4, 59, 4, 4, 34, 6, 80, 58, 11, 81, 4, 4, 4, 86, 4, 8, 4, 4, 47, 21, 4, 6, 4, 86, 4, 18, 4, 61, 4, 12, 4, 49, 4, 4, 4, 4, 80, 4, 86, 17, 4, 85, 81, 4, 4, 110, 4, 4, 4, 4, 4, 110, 106, 95, 106, 4, 96, 85, 75, 4, 52, 4, 4, 106, 4, 103, 4, 4, 4, 4, 95, 86, 47, 4, 4, 4, 6, 4, 4, 4, 4, 86, 8, 4, 34, 81, 8, 4, 34, 8, 34, 17, 4, 8, 4, 4, 103, 4, 4, 4, 4, 4, 4, 96, 11, 85, 70, 81, 4, 85, 95, 86, 61, 81, 61, 81, 4, 61, 86, 86, 4, 86, 19, 81, 110, 110, 4, 86, 86, 86, 4, 81, 4, 18, 4, 86, 4, 86, 86, 81, 72, 72, 72, 4, 4, 4, 4, 4, 86, 61, 4, 12, 4, 86, 21, 12, 95, 86, 86, 86, 4, 4, 86, 4, 86, 86, 4, 12, 86, 4, 95, 4, 4, 4, 76, 4, 4, 110, 4, 31, 52, 72, 4, 4, 61, 95, 4, 4, 4, 4, 18, 4, 86, 52, 86, 4, 4, 4, 4, 18, 30, 110, 4, 18, 4, 4, 110, 4, 96, 4, 18, 86, 18, 4, 110, 4, 95, 4, 4, 4, 18, 80, 106, 110, 80, 4, 4, 69, 4, 18, 18, 59, 59, 86, 95, 4, 4, 95, 4, 95, 4, 95, 86, 86, 4, 95, 110, 4, 47, 4, 4, 30, 4, 110, 47, 110, 106, 103, 4, 4, 41, 6, 86, 4, 6, 47, 4, 110, 86, 6, 6, 86, 4, 4, 6, 4, 4, 4, 4, 6, 4, 86, 4, 106, 25, 4, 110, 4, 4, 4, 95, 4, 86, 4, 4, 106, 4, 86, 4, 80, 4, 4, 4, 30, 86, 4, 4, 4, 86, 110, 106, 4, 110, 4, 4, 4, 4, 58, 85, 4, 106, 110, 4, 4, 18, 4, 83, 4, 4, 95, 86, 6, 81, 4, 86, 86, 103, 86, 4, 25, 4, 86, 96, 6, 4, 47, 4, 95, 86, 4, 4, 4, 95, 80, 4, 4, 4, 86, 86, 31, 86, 86, 86, 4, 4, 58, 4, 80, 4, 29, 86, 4, 86, 4, 8, 4, 49, 80, 8, 8, 101, 29, 8, 49, 103, 40, 101, 8, 101, 8, 4, 101, 85, 95, 101, 12, 4, 34, 4, 85, 40, 101, 85, 4, 34, 103, 18, 81, 7, 80, 103, 101, 4, 4, 101, 95, 99, 60, 8, 4, 34, 8, 101, 99, 81, 80, 4, 101, 4, 81, 101, 4, 96, 104, 4, 101, 101, 101, 6, 4, 8, 31, 26, 101, 8, 4, 4, 101, 101, 85, 101, 8, 4, 101, 72, 101, 34, 101, 95, 101, 101, 101, 101, 101, 101, 101, 12, 101, 101, 101, 4, 18, 43, 49, 6, 101, 81, 101, 47, 62, 47, 101, 8, 86, 101, 101, 106, 101, 101, 101, 17, 101, 101, 101, 101, 101, 101, 101, 18, 101, 80, 101, 101, 101, 101, 101, 101, 101, 40, 101, 101, 101, 29, 101, 101, 101, 101, 101, 101, 101, 101, 101, 72, 101, 101, 101, 101, 101, 95, 3, 101, 101, 109, 67, 101, 4, 62, 80, 86, 85, 101, 75, 101, 101, 101, 101, 101, 101, 101, 101, 101, 101, 101, 101, 101, 86, 101, 101, 4, 4, 101, 95, 101, 101, 86, 101, 101, 58, 101, 101, 101, 101, 101, 101, 101, 101, 101, 101, 101, 101, 101, 92, 101, 61, 101, 101, 101, 101, 101, 40, 95, 101, 101, 85, 64, 101, 23, 101, 101, 31, 4, 4, 4, 13, 4, 8, 4, 4, 4, 103, 106, 4, 8, 4, 86, 4, 4, 86, 4, 85, 95, 86, 47, 13, 4, 3, 47, 4, 86, 47, 4, 95, 