{"Run": 6, "K": 632, "WCSSD": 1981.0896833382303, "Purity": 0.4530332114032076, "Time": 36.83901000022888, "Kmeans_Labels": [186, 44, 448, 179, 2, 481, 92, 269, 2, 2, 2, 94, 372, 326, 475, 2, 481, 2, 111, 481, 131, 2, 177, 372, 553, 72, 111, 185, 570, 2, 111, 390, 570, 481, 481, 471, 326, 326, 94, 326, 111, 92, 74, 22, 393, 2, 553, 143, 233, 246, 164, 530, 530, 170, 186, 2, 271, 2, 39, 179, 2, 606, 2, 97, 2, 195, 326, 44, 326, 458, 553, 111, 2, 567, 101, 2, 2, 2, 481, 2, 471, 2, 459, 478, 320, 2, 46, 259, 2, 2, 2, 2, 262, 2, 2, 2, 478, 2, 320, 91, 320, 101, 2, 264, 264, 92, 92, 513, 2, 486, 592, 74, 74, 2, 186, 453, 170, 2, 115, 13, 347, 481, 505, 179, 2, 13, 513, 454, 471, 2, 328, 13, 177, 2, 513, 2, 89, 2, 2, 2, 185, 179, 179, 570, 13, 505, 2, 2, 2, 179, 415, 409, 46, 2, 2, 184, 477, 2, 179, 233, 2, 13, 13, 2, 552, 13, 46, 526, 231, 46, 481, 2, 2, 530, 13, 271, 56, 464, 13, 2, 164, 2, 2, 2, 159, 2, 13, 2, 2, 2, 2, 185, 60, 13, 2, 47, 2, 210, 2, 503, 320, 177, 177, 56, 13, 225, 13, 320, 46, 339, 177, 2, 13, 320, 604, 93, 13, 503, 94, 185, 13, 101, 455, 94, 363, 13, 48, 94, 530, 13, 495, 2, 141, 2, 320, 2, 2, 22, 2, 2, 13, 170, 163, 54, 530, 2, 2, 2, 210, 201, 92, 76, 2, 25, 512, 177, 13, 47, 13, 503, 2, 2, 240, 448, 264, 2, 210, 264, 481, 32, 170, 492, 537, 47, 92, 448, 170, 177, 522, 264, 13, 186, 186, 2, 574, 92, 56, 264, 92, 471, 13, 92, 398, 74, 254, 92, 513, 92, 204, 570, 2, 92, 2, 513, 513, 92, 92, 92, 92, 74, 185, 186, 513, 513, 503, 186, 271, 592, 74, 390, 74, 74, 530, 74, 56, 94, 449, 279, 185, 337, 2, 13, 13, 186, 530, 48, 519, 186, 177, 13, 498, 170, 558, 210, 13, 513, 2, 13, 2, 390, 443, 414, 530, 48, 94, 48, 485, 231, 608, 355, 432, 2, 271, 432, 74, 185, 156, 432, 316, 2, 432, 432, 156, 316, 547, 316, 274, 68, 60, 481, 2, 530, 160, 481, 2, 530, 530, 111, 479, 283, 2, 2, 349, 537, 2, 553, 593, 545, 2, 22, 185, 2, 179, 2, 530, 185, 2, 2, 179, 2, 596, 2, 458, 46, 44, 2, 92, 210, 46, 406, 100, 2, 2, 2, 22, 264, 2, 74, 608, 432, 432, 464, 271, 46, 2, 284, 284, 271, 271, 2, 179, 2, 321, 321, 424, 424, 74, 74, 170, 291, 94, 94, 329, 22, 2, 48, 48, 530, 188, 188, 48, 48, 446, 458, 458, 2, 2, 2, 35, 35, 35, 458, 179, 458, 545, 185, 2, 228, 173, 173, 320, 320, 2, 281, 281, 191, 191, 554, 554, 554, 409, 2, 25, 25, 2, 58, 170, 409, 409, 2, 598, 25, 185, 503, 503, 2, 474, 474, 264, 448, 448, 48, 448, 448, 513, 513, 127, 529, 127, 179, 144, 180, 264, 496, 496, 264, 180, 513, 179, 607, 607, 92, 503, 503, 513, 513, 135, 135, 74, 94, 74, 92, 92, 503, 503, 189, 189, 111, 111, 21, 21, 264, 264, 237, 306, 337, 409, 409, 409, 409, 545, 334, 185, 185, 94, 337, 337, 94, 94, 337, 337, 48, 48, 325, 48, 48, 48, 236, 443, 443, 443, 342, 342, 390, 390, 2, 48, 48, 471, 432, 432, 409, 111, 409, 48, 48, 156, 156, 165, 165, 536, 536, 132, 132, 188, 188, 2, 432, 432, 156, 156, 330, 330, 48, 243, 432, 432, 432, 2, 2, 545, 2, 46, 5, 31, 5, 5, 5, 5, 5, 5, 5, 94, 94, 5, 5, 5, 326, 621, 5, 5, 5, 530, 5, 5, 5, 5, 56, 22, 310, 2, 188, 518, 518, 50, 50, 458, 458, 481, 186, 193, 193, 481, 2, 2, 2, 458, 2, 179, 22, 56, 207, 2, 27, 481, 176, 22, 441, 503, 481, 503, 503, 2, 2, 2, 2, 2, 262, 481, 488, 2, 481, 2, 2, 2, 153, 474, 548, 548, 22, 533, 564, 2, 554, 474, 503, 474, 2, 564, 474, 474, 123, 2, 474, 2, 474, 2, 503, 474, 474, 280, 2, 503, 503, 337, 2, 327, 497, 87, 87, 264, 333, 264, 74, 264, 264, 2, 74, 264, 264, 513, 366, 289, 264, 121, 366, 74, 121, 74, 513, 74, 186, 74, 74, 74, 135, 2, 74, 135, 186, 583, 186, 74, 2, 426, 74, 74, 74, 235, 590, 74, 74, 74, 21, 21, 21, 592, 21, 157, 111, 386, 386, 74, 386, 74, 386, 365, 392, 74, 48, 74, 2, 535, 365, 365, 161, 409, 476, 476, 476, 359, 337, 337, 409, 1, 1, 74, 74, 111, 111, 74, 1, 17, 610, 17, 48, 565, 48, 48, 410, 48, 48, 48, 48, 48, 48, 48, 565, 168, 614, 471, 48, 55, 55, 337, 136, 136, 573, 48, 48, 337, 337, 432, 67, 67, 83, 165, 432, 432, 156, 26, 167, 132, 481, 288, 216, 167, 2, 216, 216, 2, 288, 481, 481, 2, 432, 432, 432, 2, 2, 111, 432, 156, 268, 101, 2, 2, 2, 432, 2, 471, 458, 481, 390, 458, 570, 458, 481, 96, 2, 2, 2, 2, 530, 2, 153, 2, 153, 448, 524, 481, 2, 74, 264, 74, 111, 74, 513, 170, 481, 28, 481, 523, 46, 138, 516, 2, 481, 60, 231, 14, 530, 620, 186, 74, 432, 186, 74, 451, 525, 8, 2, 154, 294, 2, 264, 294, 22, 294, 294, 211, 154, 432, 523, 154, 487, 390, 523, 523, 523, 523, 390, 523, 523, 523, 523, 294, 170, 523, 294, 523, 523, 224, 523, 430, 65, 8, 294, 523, 230, 134, 523, 601, 523, 430, 430, 523, 294, 294, 523, 523, 294, 523, 271, 523, 256, 523, 212, 154, 451, 471, 294, 465, 523, 271, 2, 2, 154, 523, 371, 513, 56, 294, 465, 294, 465, 350, 23, 523, 2, 99, 523, 523, 523, 451, 2, 523, 523, 99, 154, 68, 438, 553, 523, 523, 523, 206, 465, 294, 483, 523, 523, 523, 623, 523, 523, 531, 523, 523, 154, 437, 562, 623, 523, 523, 195, 2, 2, 520, 481, 154, 523, 154, 2, 294, 523, 338, 294, 523, 523, 523, 465, 2, 154, 545, 523, 294, 294, 294, 523, 294, 523, 60, 523, 523, 154, 523, 390, 79, 294, 294, 523, 523, 523, 523, 154, 290, 465, 530, 411, 523, 523, 294, 523, 523, 464, 525, 523, 523, 545, 275, 294, 523, 60, 465, 523, 523, 154, 292, 178, 178, 523, 185, 2, 523, 2, 18, 178, 294, 623, 523, 523, 553, 523, 2, 252, 197, 2, 497, 249, 294, 523, 523, 154, 294, 294, 294, 523, 2, 294, 491, 8, 523, 154, 22, 294, 523, 523, 337, 42, 154, 2, 523, 2, 523, 523, 154, 154, 2, 294, 506, 294, 623, 170, 154, 294, 623, 523, 217, 487, 60, 153, 178, 390, 154, 439, 294, 523, 397, 523, 154, 154, 524, 81, 523, 465, 523, 154, 523, 2, 523, 294, 448, 154, 154, 523, 523, 294, 294, 523, 2, 2, 523, 294, 154, 380, 154, 2, 264, 294, 465, 543, 523, 16, 523, 482, 264, 523, 294, 154, 523, 294, 186, 294, 481, 523, 95, 154, 194, 530, 523, 377, 523, 294, 169, 523, 430, 390, 523, 523, 294, 523, 294, 294, 294, 22, 294, 294, 294, 154, 111, 523, 154, 231, 153, 523, 594, 154, 294, 523, 445, 294, 294, 523, 294, 154, 390, 523, 294, 523, 523, 213, 523, 108, 294, 357, 523, 465, 154, 294, 2, 198, 198, 523, 523, 523, 294, 52, 294, 154, 154, 294, 154, 294, 523, 294, 390, 154, 294, 294, 390, 523, 154, 154, 337, 543, 555, 154, 195, 154, 523, 432, 543, 388, 468, 154, 188, 543, 432, 543, 315, 482, 294, 523, 523, 523, 523, 170, 154, 432, 154, 523, 523, 154, 2, 523, 456, 523, 154, 170, 623, 523, 154, 523, 154, 154, 493, 487, 523, 154, 523, 570, 20, 530, 170, 29, 530, 2, 530, 530, 530, 530, 390, 60, 530, 183, 179, 471, 530, 2, 94, 530, 2, 481, 179, 530, 530, 188, 46, 363, 363, 363, 620, 2, 98, 271, 432, 511, 442, 41, 145, 170, 282, 188, 330, 600, 94, 22, 44, 261, 2, 565, 161, 48, 513, 2, 139, 572, 156, 435, 612, 179, 2, 186, 111, 2, 2, 472, 48, 554, 0, 94, 390, 440, 459, 337, 74, 448, 62, 481, 367, 264, 2, 545, 529, 2, 111, 219, 530, 185, 264, 94, 2, 343, 21, 2, 74, 2, 94, 271, 262, 25, 179, 22, 111, 153, 74, 262, 2, 264, 111, 2, 550, 470, 58, 271, 48, 459, 94, 513, 547, 545, 30, 518, 2, 74, 446, 111, 2, 175, 257, 188, 2, 390, 195, 56, 446, 603, 263, 159, 129, 2, 2, 22, 142, 514, 2, 156, 2, 448, 2, 170, 458, 2, 6, 165, 448, 186, 366, 295, 2, 14, 2, 2, 179, 428, 2, 14, 185, 170, 185, 481, 409, 186, 41, 2, 153, 56, 44, 185, 2, 481, 111, 111, 581, 618, 370, 170, 195, 258, 2, 481, 545, 390, 2, 513, 511, 170, 188, 2, 330, 74, 145, 111, 0, 282, 156, 165, 572, 442, 257, 111, 481, 94, 2, 581, 139, 2, 565, 576, 2, 186, 337, 161, 472, 186, 370, 360, 22, 306, 22, 111, 390, 22, 430, 302, 448, 146, 21, 74, 140, 367, 472, 513, 146, 20, 2, 74, 111, 62, 170, 146, 111, 170, 170, 366, 264, 264, 264, 2, 448, 170, 529, 513, 146, 22, 314, 94, 481, 170, 56, 92, 513, 146, 513, 182, 271, 111, 170, 435, 20, 448, 170, 514, 390, 142, 530, 2, 94, 25, 2, 624, 94, 265, 2, 464, 153, 440, 271, 513, 22, 58, 263, 219, 94, 170, 261, 111, 530, 153, 266, 94, 2, 111, 530, 554, 470, 2, 126, 337, 343, 48, 14, 2, 409, 481, 2, 146, 503, 2, 2, 258, 58, 322, 2, 481, 2, 262, 185, 14, 262, 71, 390, 390, 2, 2, 2, 459, 459, 175, 58, 56, 2, 58, 2, 58, 271, 58, 170, 231, 271, 530, 503, 111, 63, 618, 2, 56, 2, 14, 513, 56, 185, 481, 2, 448, 545, 545, 413, 170, 545, 195, 129, 2, 287, 545, 545, 589, 295, 448, 603, 44, 2, 111, 2, 