{"Run": 9, "K": 285, "WCSSD": 2333.5328775953362, "Purity": 0.36571108055473145, "Time": 14.333926916122437, "Kmeans_Labels": [243, 11, 127, 88, 11, 11, 201, 64, 11, 20, 12, 96, 129, 129, 11, 218, 244, 10, 214, 231, 11, 11, 218, 129, 129, 10, 194, 10, 0, 11, 129, 11, 0, 10, 231, 11, 129, 129, 96, 129, 139, 129, 200, 145, 129, 11, 129, 261, 283, 11, 11, 205, 205, 11, 243, 95, 218, 10, 127, 127, 218, 10, 11, 37, 95, 70, 129, 11, 129, 95, 10, 11, 11, 11, 32, 11, 243, 11, 244, 11, 11, 11, 20, 10, 230, 11, 226, 76, 11, 11, 11, 11, 7, 20, 11, 181, 254, 11, 64, 11, 64, 32, 1, 111, 111, 241, 201, 111, 245, 32, 275, 260, 275, 129, 243, 32, 112, 11, 205, 60, 11, 254, 71, 127, 127, 60, 245, 127, 12, 11, 60, 60, 218, 153, 188, 257, 12, 11, 11, 112, 90, 127, 127, 0, 60, 71, 11, 218, 11, 127, 28, 22, 11, 149, 11, 60, 11, 11, 127, 283, 11, 60, 60, 11, 201, 60, 226, 32, 218, 11, 244, 218, 11, 205, 99, 218, 37, 155, 60, 11, 218, 226, 11, 11, 60, 103, 60, 11, 125, 11, 11, 90, 218, 60, 127, 186, 11, 139, 11, 20, 64, 218, 244, 37, 60, 64, 60, 64, 277, 158, 218, 11, 64, 64, 64, 60, 60, 20, 96, 90, 105, 32, 11, 96, 139, 60, 11, 96, 205, 60, 11, 11, 64, 11, 64, 11, 20, 0, 188, 218, 60, 11, 90, 64, 205, 64, 112, 11, 139, 60, 201, 201, 11, 60, 153, 177, 218, 186, 60, 11, 12, 11, 96, 127, 111, 11, 139, 111, 218, 37, 218, 201, 139, 186, 201, 218, 183, 218, 60, 111, 60, 243, 240, 218, 201, 201, 37, 111, 201, 12, 60, 201, 11, 260, 127, 201, 11, 201, 260, 0, 11, 201, 11, 112, 96, 201, 201, 201, 201, 275, 90, 243, 96, 245, 20, 243, 32, 275, 260, 0, 256, 275, 205, 260, 37, 56, 11, 243, 90, 260, 0, 60, 60, 243, 205, 59, 60, 243, 10, 60, 11, 226, 90, 139, 60, 205, 112, 60, 11, 188, 90, 12, 205, 11, 96, 11, 11, 218, 35, 225, 79, 11, 11, 79, 260, 90, 57, 79, 60, 11, 2, 79, 57, 60, 57, 60, 60, 60, 218, 244, 186, 139, 60, 244, 11, 205, 205, 10, 127, 12, 11, 283, 244, 139, 200, 188, 37, 170, 11, 145, 90, 11, 127, 128, 228, 90, 218, 127, 127, 183, 11, 11, 95, 226, 11, 11, 201, 139, 226, 60, 218, 127, 11, 11, 145, 111, 11, 11, 35, 113, 2, 200, 32, 226, 11, 205, 205, 0, 0, 11, 127, 11, 22, 22, 20, 20, 260, 260, 11, 260, 253, 253, 260, 145, 0, 226, 226, 112, 113, 113, 226, 226, 11, 278, 278, 11, 95, 95, 127, 95, 95, 95, 127, 95, 170, 90, 11, 11, 175, 175, 64, 64, 20, 20, 20, 11, 11, 20, 20, 216, 22, 11, 271, 271, 226, 172, 65, 22, 22, 65, 64, 251, 90, 20, 20, 11, 20, 20, 111, 127, 127, 226, 11, 11, 11, 11, 218, 11, 218, 127, 111, 112, 111, 111, 111, 111, 112, 20, 127, 100, 100, 201, 49, 49, 234, 234, 134, 134, 275, 96, 260, 201, 201, 275, 275, 11, 11, 275, 275, 26, 26, 111, 111, 275, 275, 44, 22, 22, 22, 22, 170, 11, 90, 90, 96, 258, 258, 96, 96, 11, 11, 165, 165, 11, 11, 11, 11, 90, 11, 11, 11, 11, 11, 112, 112, 110, 226, 226, 108, 113, 113, 22, 183, 22, 226, 226, 57, 57, 77, 77, 57, 57, 113, 113, 57, 57, 164, 2, 2, 57, 57, 57, 57, 57, 57, 113, 113, 113, 188, 11, 170, 10, 129, 55, 55, 55, 55, 55, 55, 55, 55, 55, 96, 96, 55, 55, 150, 129, 55, 55, 55, 55, 218, 55, 55, 55, 55, 37, 145, 145, 11, 113, 200, 200, 244, 244, 278, 278, 254, 243, 95, 95, 254, 11, 11, 11, 95, 11, 127, 145, 37, 127, 11, 11, 11, 200, 145, 11, 266, 244, 20, 20, 11, 20, 20, 11, 11, 175, 244, 11, 95, 11, 11, 11, 20, 76, 20, 20, 20, 145, 20, 200, 11, 216, 20, 20, 20, 20, 200, 20, 20, 20, 11, 20, 20, 20, 20, 20, 20, 20, 76, 11, 20, 20, 20, 20, 145, 11, 11, 11, 111, 111, 224, 12, 111, 111, 11, 260, 224, 111, 245, 100, 260, 111, 260, 252, 252, 260, 166, 245, 49, 111, 260, 260, 49, 245, 11, 34, 245, 243, 260, 243, 260, 11, 22, 275, 275, 275, 12, 11, 260, 162, 162, 275, 275, 151, 275, 26, 260, 183, 275, 275, 260, 260, 260, 275, 47, 276, 260, 260, 260, 11, 260, 47, 47, 227, 22, 227, 227, 227, 227, 258, 258, 22, 260, 260, 260, 260, 10, 10, 260, 11, 226, 32, 226, 226, 226, 90, 226, 73, 226, 11, 11, 260, 260, 226, 265, 226, 90, 112, 108, 226, 11, 11, 158, 226, 226, 226, 195, 195, 82, 82, 79, 79, 79, 248, 77, 79, 113, 57, 16, 79, 57, 244, 113, 57, 79, 11, 57, 57, 139, 113, 118, 118, 226, 2, 2, 2, 211, 11, 275, 79, 57, 226, 32, 11, 11, 11, 79, 117, 218, 95, 11, 11, 95, 0, 95, 218, 268, 11, 11, 11, 183, 245, 11, 76, 11, 76, 11, 11, 244, 218, 260, 111, 260, 183, 260, 112, 112, 269, 244, 269, 121, 32, 127, 11, 185, 244, 11, 188, 109, 205, 11, 243, 275, 79, 243, 275, 58, 4, 31, 11, 31, 263, 11, 178, 94, 145, 263, 263, 31, 31, 79, 121, 31, 121, 222, 121, 121, 121, 121, 229, 121, 121, 121, 121, 263, 218, 40, 263, 121, 121, 121, 121, 226, 121, 31, 263, 121, 121, 121, 121, 263, 121, 226, 226, 121, 263, 263, 121, 121, 263, 121, 11, 121, 40, 121, 31, 31, 58, 12, 263, 40, 121, 32, 158, 11, 31, 121, 126, 11, 37, 263, 121, 263, 40, 158, 121, 121, 11, 121, 121, 121, 212, 58, 11, 121, 121, 121, 31, 183, 0, 121, 121, 121, 121, 121, 40, 263, 121, 121, 121, 121, 139, 121, 121, 40, 121, 223, 156, 11, 251, 31, 121, 121, 70, 188, 11, 5, 11, 31, 121, 31, 200, 263, 121, 139, 263, 121, 121, 121, 40, 10, 279, 170, 121, 263, 263, 263, 121, 263, 121, 218, 121, 121, 31, 121, 11, 200, 263, 263, 121, 121, 121, 121, 31, 31, 40, 139, 112, 121, 121, 263, 121, 121, 200, 4, 121, 121, 170, 31, 263, 121, 121, 40, 121, 121, 31, 31, 121, 263, 121, 14, 11, 121, 11, 121, 22, 263, 121, 121, 121, 129, 121, 139, 31, 31, 11, 11, 263, 263, 40, 121, 31, 263, 263, 263, 121, 11, 246, 119, 31, 121, 31, 173, 38, 121, 121, 103, 121, 31, 11, 121, 11, 121, 121, 31, 31, 11, 263, 207, 263, 139, 205, 31, 263, 280, 121, 40, 121, 218, 76, 96, 32, 31, 251, 263, 121, 31, 121, 31, 31, 12, 97, 121, 40, 121, 31, 121, 11, 121, 263, 11, 31, 31, 121, 121, 263, 94, 121, 251, 11, 121, 178, 31, 121, 31, 11, 111, 263, 40, 263, 121, 11, 121, 32, 111, 121, 263, 31, 121, 263, 243, 106, 244, 121, 31, 31, 121, 106, 121, 263, 121, 263, 11, 121, 14, 32, 121, 121, 263, 121, 263, 94, 263, 145, 263, 263, 263, 31, 11, 106, 31, 121, 250, 121, 121, 31, 263, 121, 74, 263, 263, 121, 263, 31, 188, 31, 263, 192, 121, 31, 121, 31, 263, 31, 121, 40, 31, 263, 11, 0, 0, 121, 121, 121, 263, 263, 263, 31, 31, 263, 31, 263, 121, 263, 32, 31, 263, 263, 218, 31, 31, 31, 106, 263, 121, 31, 70, 31, 31, 31, 282, 31, 121, 31, 113, 263, 79, 263, 113, 32, 263, 31, 121, 121, 121, 158, 31, 2, 31, 121, 121, 31, 11, 106, 40, 121, 280, 205, 139, 121, 31, 121, 131, 31, 31, 121, 121, 31, 121, 0, 12, 205, 32, 32, 205, 11, 205, 205, 205, 205, 11, 249, 205, 262, 127, 12, 205, 237, 96, 205, 11, 244, 127, 205, 205, 113, 129, 139, 139, 139, 11, 11, 218, 11, 152, 54, 79, 35, 2, 32, 57, 113, 57, 113, 96, 145, 11, 20, 129, 226, 227, 11, 245, 235, 11, 188, 57, 12, 188, 127, 11, 243, 11, 201, 20, 245, 226, 216, 42, 96, 11, 111, 20, 11, 275, 127, 134, 226, 226, 272, 188, 170, 11, 11, 11, 96, 112, 90, 259, 96, 11, 183, 151, 10, 260, 20, 96, 11, 95, 33, 127, 145, 11, 76, 260, 175, 11, 111, 12, 11, 218, 0, 172, 32, 188, 20, 93, 11, 57, 170, 136, 200, 11, 260, 11, 85, 11, 218, 226, 113, 11, 284, 70, 37, 11, 170, 96, 32, 11, 20, 11, 145, 11, 201, 112, 57, 11, 19, 11, 245, 95, 11, 32, 77, 11, 243, 100, 98, 11, 10, 11, 11, 127, 11, 11, 10, 90, 12, 90, 112, 22, 243, 35, 11, 76, 37, 63, 90, 226, 244, 11, 11, 11, 199, 11, 188, 236, 11, 11, 218, 170, 11, 112, 11, 54, 222, 113, 226, 57, 260, 2, 11, 42, 57, 57, 77, 188, 79, 226, 177, 226, 96, 11, 11, 11, 129, 226, 122, 11, 243, 11, 227, 245, 243, 11, 222, 145, 275, 145, 275, 12, 145, 183, 12, 11, 222, 151, 260, 11, 226, 245, 188, 222, 12, 235, 275, 11, 134, 32, 222, 11, 222, 32, 100, 111, 259, 272, 201, 11, 245, 11, 245, 222, 145, 37, 96, 231, 169, 37, 201, 12, 222, 11, 222, 32, 177, 188, 12, 12, 222, 12, 201, 188, 11, 205, 11, 93, 33, 112, 188, 96, 10, 11, 200, 76, 111, 32, 11, 145, 172, 96, 96, 96, 112, 20, 11, 112, 76, 11, 96, 11, 11, 112, 216, 0, 10, 183, 20, 183, 11, 10, 11, 22, 11, 20, 222, 11, 11, 10, 11, 172, 11, 11, 112, 20, 175, 90, 10, 95, 281, 284, 11, 11, 11, 20, 20, 20, 218, 172, 37, 11, 172, 11, 172, 218, 172, 188, 218, 11, 205, 10, 145, 70, 199, 112, 37, 11, 10, 188, 37, 90, 244, 11, 141, 170, 170, 32, 215, 170, 70, 11, 10, 12, 170, 170, 188, 98, 19, 170, 63, 11, 11, 127, 170, 11, 32, 11, 90, 200, 12,