{"Run": 11, "K": 193, "WCSSD": 2443.1268618389, "Purity": 0.32881623719571473, "Time": 7.823482990264893, "Kmeans_Labels": [173, 120, 8, 172, 8, 8, 120, 115, 120, 27, 8, 17, 179, 94, 20, 8, 69, 64, 82, 74, 82, 8, 82, 94, 94, 64, 82, 64, 74, 82, 94, 82, 142, 64, 82, 8, 94, 94, 17, 94, 82, 94, 31, 106, 94, 8, 94, 82, 8, 27, 104, 165, 165, 8, 8, 8, 22, 64, 172, 172, 8, 64, 8, 51, 8, 111, 94, 171, 94, 64, 64, 82, 8, 8, 60, 8, 8, 8, 69, 8, 8, 100, 27, 64, 115, 9, 100, 13, 8, 8, 8, 113, 27, 27, 8, 8, 8, 82, 115, 8, 115, 60, 131, 108, 108, 112, 112, 108, 8, 60, 53, 62, 53, 94, 8, 60, 165, 8, 8, 18, 8, 8, 18, 8, 8, 18, 8, 172, 104, 22, 18, 18, 22, 8, 8, 74, 8, 8, 8, 59, 72, 172, 172, 98, 18, 18, 8, 8, 8, 172, 18, 154, 8, 74, 8, 18, 8, 8, 172, 8, 8, 18, 18, 8, 8, 18, 22, 104, 100, 8, 69, 8, 8, 165, 18, 8, 51, 49, 18, 8, 104, 104, 82, 8, 18, 104, 18, 8, 8, 104, 8, 72, 100, 18, 8, 8, 8, 100, 8, 8, 115, 82, 69, 51, 18, 115, 18, 115, 8, 8, 82, 27, 115, 115, 115, 18, 18, 8, 17, 72, 115, 60, 8, 17, 100, 18, 8, 17, 165, 18, 8, 8, 115, 8, 115, 27, 8, 74, 8, 8, 18, 8, 72, 115, 165, 115, 8, 8, 100, 18, 108, 112, 8, 18, 156, 82, 18, 8, 18, 8, 8, 8, 17, 8, 108, 8, 100, 108, 100, 51, 104, 72, 189, 112, 8, 8, 8, 82, 18, 108, 18, 108, 8, 8, 8, 104, 51, 108, 8, 104, 80, 108, 8, 62, 112, 112, 66, 112, 62, 74, 8, 112, 8, 112, 112, 112, 108, 112, 8, 53, 72, 8, 112, 112, 53, 62, 69, 53, 62, 8, 62, 53, 165, 62, 51, 17, 8, 146, 72, 62, 74, 18, 18, 173, 165, 8, 18, 8, 64, 18, 141, 22, 115, 100, 18, 165, 8, 18, 8, 104, 163, 165, 165, 8, 17, 8, 8, 100, 50, 90, 90, 8, 8, 90, 62, 72, 24, 90, 18, 8, 17, 176, 176, 18, 24, 18, 18, 18, 82, 69, 8, 165, 18, 69, 8, 165, 165, 64, 172, 104, 22, 8, 69, 189, 31, 8, 51, 146, 8, 106, 72, 8, 172, 8, 165, 72, 8, 8, 172, 8, 8, 100, 8, 8, 120, 8, 112, 100, 8, 18, 8, 172, 8, 8, 106, 108, 8, 53, 50, 90, 90, 31, 8, 8, 8, 100, 100, 74, 74, 8, 172, 8, 154, 154, 8, 8, 62, 62, 104, 62, 17, 17, 62, 106, 8, 90, 90, 8, 90, 90, 8, 8, 8, 8, 8, 74, 31, 31, 172, 8, 8, 8, 172, 8, 146, 72, 8, 8, 27, 27, 48, 48, 27, 27, 27, 8, 8, 27, 27, 97, 154, 8, 138, 138, 8, 3, 8, 154, 154, 8, 115, 8, 72, 166, 166, 8, 27, 27, 108, 8, 8, 8, 8, 8, 8, 8, 8, 108, 8, 172, 108, 190, 108, 108, 108, 108, 190, 27, 8, 53, 53, 108, 62, 62, 112, 112, 53, 53, 53, 17, 62, 112, 112, 53, 53, 8, 8, 53, 53, 178, 178, 108, 108, 53, 53, 8, 154, 154, 154, 154, 146, 8, 72, 72, 17, 8, 8, 132, 132, 132, 132, 8, 8, 8, 8, 8, 8, 72, 8, 8, 8, 163, 163, 74, 8, 8, 8, 8, 104, 90, 90, 154, 82, 154, 82, 82, 24, 24, 24, 24, 24, 24, 24, 24, 24, 24, 8, 90, 90, 24, 24, 24, 24, 24, 24, 86, 86, 24, 8, 8, 146, 8, 104, 32, 32, 32, 32, 32, 32, 32, 32, 32, 188, 17, 11, 32, 32, 94, 32, 32, 32, 32, 165, 32, 32, 32, 32, 51, 106, 106, 8, 90, 31, 31, 69, 69, 8, 8, 165, 8, 72, 72, 165, 8, 8, 8, 8, 27, 172, 106, 135, 172, 8, 82, 8, 31, 106, 8, 172, 69, 27, 27, 8, 27, 27, 8, 8, 14, 69, 8, 27, 8, 8, 8, 27, 13, 43, 27, 27, 106, 27, 31, 8, 97, 27, 27, 27, 27, 31, 27, 27, 27, 8, 27, 27, 27, 8, 166, 27, 27, 13, 8, 166, 166, 27, 27, 106, 22, 8, 8, 108, 72, 119, 8, 112, 108, 8, 62, 119, 108, 62, 53, 62, 108, 62, 53, 53, 62, 102, 8, 62, 108, 62, 62, 62, 108, 8, 62, 62, 53, 62, 62, 62, 8, 154, 53, 53, 53, 8, 104, 62, 21, 21, 178, 178, 178, 53, 53, 62, 165, 53, 53, 62, 62, 62, 53, 62, 27, 62, 62, 62, 192, 62, 62, 62, 72, 154, 62, 62, 62, 62, 8, 8, 154, 62, 62, 62, 62, 64, 64, 62, 62, 8, 100, 8, 8, 68, 72, 8, 8, 8, 8, 8, 62, 62, 8, 62, 184, 72, 8, 104, 22, 8, 8, 165, 116, 116, 100, 8, 8, 8, 8, 90, 116, 116, 8, 24, 90, 90, 24, 51, 124, 24, 69, 24, 24, 124, 8, 24, 24, 8, 24, 8, 8, 176, 90, 90, 90, 53, 8, 181, 90, 24, 100, 60, 104, 104, 104, 90, 74, 8, 8, 27, 8, 8, 74, 8, 8, 8, 8, 8, 27, 8, 22, 8, 13, 8, 13, 8, 8, 69, 8, 161, 112, 62, 22, 62, 165, 8, 69, 69, 69, 26, 8, 172, 149, 8, 69, 8, 100, 64, 165, 8, 173, 53, 90, 173, 53, 8, 8, 123, 167, 187, 63, 148, 108, 67, 106, 23, 23, 187, 187, 90, 26, 187, 26, 100, 26, 187, 26, 26, 100, 26, 26, 26, 26, 67, 100, 26, 23, 26, 26, 26, 26, 22, 26, 187, 67, 26, 26, 26, 26, 23, 26, 22, 22, 26, 23, 67, 26, 26, 67, 26, 8, 26, 26, 152, 187, 187, 8, 104, 67, 26, 26, 8, 165, 8, 187, 187, 26, 100, 51, 23, 26, 23, 26, 8, 26, 26, 52, 26, 26, 26, 26, 8, 8, 26, 26, 26, 187, 165, 74, 26, 26, 26, 26, 26, 26, 23, 26, 26, 26, 26, 109, 26, 26, 26, 26, 26, 187, 120, 104, 109, 26, 26, 111, 100, 8, 49, 8, 187, 26, 187, 31, 67, 26, 148, 23, 26, 26, 26, 1, 64, 187, 146, 19, 107, 23, 23, 26, 23, 26, 100, 26, 26, 187, 26, 8, 31, 67, 67, 26, 26, 26, 26, 187, 187, 140, 165, 8, 26, 26, 23, 26, 26, 49, 8, 26, 26, 146, 187, 23, 26, 26, 26, 26, 26, 129, 187, 26, 23, 26, 72, 8, 26, 8, 26, 154, 23, 109, 26, 26, 94, 26, 100, 187, 187, 104, 22, 67, 67, 26, 26, 123, 67, 35, 35, 134, 8, 67, 83, 123, 26, 187, 106, 67, 26, 26, 104, 26, 187, 167, 26, 8, 26, 26, 187, 187, 8, 23, 26, 67, 118, 165, 187, 63, 109, 26, 26, 26, 100, 13, 17, 100, 187, 104, 23, 26, 187, 26, 187, 187, 8, 100, 26, 26, 26, 187, 26, 148, 26, 23, 8, 187, 187, 26, 26, 67, 67, 26, 8, 8, 26, 23, 123, 26, 187, 22, 108, 23, 140, 23, 26, 151, 26, 100, 108, 26, 23, 187, 26, 67, 53, 67, 69, 26, 187, 187, 187, 128, 26, 67, 26, 23, 8, 187, 104, 100, 26, 26, 67, 26, 23, 67, 23, 106, 23, 67, 23, 187, 82, 26, 187, 26, 13, 26, 134, 187, 23, 26, 165, 67, 67, 26, 67, 187, 104, 187, 23, 26, 26, 187, 26, 187, 23, 187, 26, 74, 187, 23, 8, 74, 74, 26, 26, 26, 23, 23, 23, 187, 187, 67, 187, 23, 26, 23, 100, 187, 23, 67, 100, 187, 162, 187, 128, 23, 26, 187, 111, 187, 187, 187, 123, 187, 26, 187, 90, 23, 90, 23, 90, 100, 67, 187, 26, 26, 26, 103, 187, 90, 187, 128, 26, 187, 8, 128, 175, 26, 187, 165, 118, 26, 187, 187, 187, 187, 187, 26, 26, 187, 26, 74, 33, 165, 100, 104, 165, 126, 165, 165, 165, 165, 165, 100, 165, 8, 172, 104, 165, 74, 17, 165, 82, 69, 172, 165, 165, 90, 94, 100, 100, 100, 8, 8, 170, 82, 176, 45, 90, 170, 90, 95, 58, 90, 24, 90, 17, 106, 120, 8, 8, 184, 62, 8, 112, 15, 8, 82, 24, 8, 22, 172, 8, 8, 104, 8, 8, 7, 8, 97, 24, 17, 8, 108, 8, 8, 53, 172, 53, 22, 82, 112, 104, 146, 8, 82, 185, 17, 8, 72, 108, 17, 8, 8, 53, 64, 62, 27, 186, 8, 14, 82, 172, 106, 22, 13, 62, 14, 8, 108, 82, 27, 120, 74, 3, 100, 8, 8, 17, 150, 24, 44, 57, 31, 8, 62, 8, 82, 8, 22, 8, 24, 8, 27, 111, 51, 8, 146, 17, 104, 8, 27, 8, 106, 8, 108, 8, 24, 8, 8, 8, 8, 8, 8, 22, 24, 8, 8, 53, 82, 8, 64, 8, 8, 172, 82, 122, 64, 72, 42, 72, 8, 154, 8, 50, 8, 13, 51, 120, 72, 176, 69, 82, 82, 82, 8, 156, 100, 84, 8, 27, 8, 146, 100, 158, 22, 45, 12, 24, 176, 24, 62, 90, 82, 24, 58, 24, 24, 82, 90, 8, 82, 22, 17, 8, 82, 8, 8, 184, 154, 8, 8, 8, 62, 7, 8, 156, 130, 106, 53, 106, 53, 8, 106, 100, 165, 8, 100, 53, 62, 139, 82, 7, 22, 100, 100, 15, 53, 104, 53, 100, 22, 22, 100, 46, 53, 108, 108, 112, 8, 8, 8, 8, 112, 100, 106, 51, 17, 165, 165, 51, 17, 22, 22, 165, 100, 100, 82, 100, 8, 100, 100, 104, 108, 165, 8, 165, 8, 17, 82, 8, 8, 17, 64, 27, 49, 13, 108, 8, 22, 106, 3, 17, 17, 17, 8, 8, 185, 22, 13, 8, 186, 8, 82, 8, 97, 74, 64, 8, 27, 8, 8, 64, 27, 154, 82, 8, 100, 8, 8, 64, 8, 3, 8, 8, 8, 27, 14, 72, 64, 14, 165, 27, 8, 8, 27, 27, 8, 8, 22, 3, 51, 8, 3, 8, 3, 8, 3, 100, 100, 8, 165, 64, 76, 111, 8, 8, 74, 82, 64, 111, 64, 72, 69, 8, 28, 146, 146, 104, 120, 146, 111, 8, 64, 165, 146, 75, 104, 82, 8, 146, 120, 122, 82, 172, 44, 8, 104, 104, 72, 31, 82, 64, 82, 172, 120, 22, 8, 22, 82, 150, 72, 8, 165, 100, 8, 172, 172, 8, 74, 127, 8, 85, 8, 104, 64, 104, 8, 64, 8, 27, 172, 8, 31, 8, 8, 72, 64, 51, 8, 8, 8, 164, 8, 82, 3, 100, 75, 62, 100, 25, 46, 69, 46, 85, 31, 22, 130, 154, 146, 8, 111, 100, 3, 165, 31, 76, 7, 165, 8, 8, 8, 82, 165, 22, 8, 8, 8, 100, 82, 172, 31, 8, 8, 8, 170, 165, 82, 191, 8, 176, 8, 24, 57, 90, 90, 137, 50, 90, 24, 69, 115, 137, 176, 137, 90, 172, 137, 137, 60, 60, 108, 8, 176, 8, 155, 115, 137, 17, 8, 92, 69, 137, 53, 137, 51, 69, 137, 172, 82, 137, 165, 8, 62, 90, 27, 176, 90, 137, 137, 53, 27, 17, 137, 8, 62, 137, 95, 36, 137, 8, 137, 137, 137, 146, 53, 90, 49, 74, 137, 90, 172, 8, 137, 137, 62, 105, 90, 8, 137, 119, 137, 24, 137, 165, 137, 137, 137, 137, 137, 8, 137, 112, 137, 137, 137, 