{"Run": 5, "K": 468, "WCSSD": 2132.5035378197613, "Purity": 0.49842542227311765, "Time": 26.785320043563843, "Kmeans_Labels": [301, 128, 13, 134, 204, 13, 128, 205, 128, 13, 13, 251, 57, 57, 2, 13, 13, 59, 13, 226, 13, 13, 41, 57, 361, 296, 13, 201, 47, 13, 57, 13, 275, 59, 226, 389, 57, 325, 251, 57, 389, 11, 352, 229, 57, 13, 57, 446, 353, 183, 255, 406, 406, 255, 301, 249, 13, 224, 134, 134, 13, 59, 13, 28, 249, 242, 57, 128, 57, 249, 59, 353, 13, 255, 313, 353, 434, 13, 13, 13, 13, 13, 321, 59, 205, 13, 319, 274, 226, 13, 251, 122, 249, 183, 353, 13, 353, 13, 205, 255, 205, 313, 13, 430, 430, 11, 11, 430, 13, 313, 160, 327, 160, 57, 321, 313, 406, 13, 13, 104, 13, 255, 104, 134, 345, 104, 389, 134, 136, 255, 104, 104, 41, 199, 229, 47, 13, 255, 13, 13, 62, 96, 134, 47, 104, 104, 13, 255, 102, 134, 104, 52, 13, 47, 13, 104, 13, 319, 19, 353, 13, 104, 104, 255, 13, 104, 255, 411, 61, 13, 104, 41, 78, 406, 104, 13, 28, 132, 104, 223, 255, 223, 13, 223, 104, 234, 104, 13, 223, 234, 389, 62, 229, 104, 134, 13, 223, 280, 13, 321, 205, 41, 178, 28, 104, 291, 104, 321, 13, 13, 41, 408, 205, 245, 291, 104, 104, 321, 251, 62, 205, 313, 255, 251, 234, 104, 251, 337, 406, 41, 13, 353, 205, 382, 205, 251, 321, 187, 405, 13, 104, 13, 62, 205, 406, 205, 13, 13, 280, 104, 321, 321, 13, 97, 140, 41, 104, 13, 104, 321, 0, 13, 251, 13, 430, 353, 280, 430, 13, 321, 41, 11, 149, 13, 11, 41, 136, 41, 441, 430, 104, 301, 301, 353, 11, 124, 28, 430, 11, 136, 104, 11, 13, 160, 13, 312, 13, 210, 160, 47, 13, 11, 13, 13, 251, 67, 11, 11, 11, 160, 62, 301, 251, 389, 321, 301, 13, 160, 160, 389, 160, 160, 406, 294, 28, 251, 13, 301, 62, 160, 47, 104, 104, 301, 406, 13, 104, 301, 41, 104, 255, 13, 62, 280, 104, 255, 450, 104, 353, 229, 108, 229, 406, 251, 222, 251, 319, 61, 44, 73, 290, 13, 255, 181, 160, 336, 17, 290, 104, 13, 290, 290, 17, 104, 17, 104, 104, 104, 41, 319, 255, 69, 104, 13, 13, 406, 406, 59, 134, 234, 13, 420, 41, 149, 352, 176, 28, 351, 13, 104, 62, 255, 134, 41, 13, 62, 13, 13, 134, 77, 319, 13, 249, 13, 128, 13, 11, 280, 13, 104, 13, 13, 13, 13, 47, 430, 13, 160, 44, 290, 290, 352, 13, 406, 421, 389, 389, 47, 47, 13, 134, 13, 52, 52, 321, 321, 268, 268, 13, 160, 251, 251, 160, 229, 251, 290, 290, 406, 73, 73, 13, 13, 13, 249, 249, 47, 71, 71, 134, 249, 249, 249, 134, 277, 226, 62, 13, 321, 13, 13, 205, 205, 24, 106, 106, 13, 13, 183, 183, 183, 42, 13, 51, 51, 13, 49, 255, 52, 52, 223, 205, 97, 62, 330, 330, 13, 227, 183, 123, 13, 13, 13, 13, 13, 226, 226, 56, 214, 56, 134, 193, 255, 430, 43, 43, 430, 255, 389, 134, 160, 160, 11, 283, 283, 60, 60, 160, 160, 401, 251, 160, 11, 11, 321, 321, 223, 223, 16, 16, 323, 323, 430, 430, 230, 160, 251, 52, 52, 52, 52, 34, 13, 62, 62, 397, 251, 251, 251, 251, 319, 319, 251, 251, 223, 353, 286, 286, 62, 13, 338, 338, 108, 108, 47, 226, 100, 13, 13, 353, 290, 290, 412, 13, 412, 319, 319, 17, 17, 376, 376, 352, 352, 119, 119, 73, 73, 353, 290, 290, 17, 17, 354, 354, 23, 31, 73, 73, 376, 229, 319, 351, 353, 136, 38, 38, 38, 38, 157, 38, 38, 38, 38, 456, 321, 38, 38, 456, 57, 428, 38, 38, 38, 406, 38, 38, 38, 38, 28, 13, 229, 13, 73, 320, 320, 53, 53, 249, 249, 255, 301, 249, 249, 255, 13, 281, 13, 277, 408, 426, 255, 28, 134, 13, 13, 255, 352, 13, 13, 321, 128, 207, 207, 13, 207, 207, 13, 13, 249, 388, 270, 249, 13, 24, 24, 92, 95, 183, 183, 183, 95, 321, 352, 229, 183, 183, 321, 183, 183, 352, 183, 183, 364, 364, 183, 264, 183, 13, 330, 183, 183, 95, 13, 330, 330, 183, 123, 383, 396, 13, 13, 430, 62, 196, 160, 33, 430, 13, 160, 33, 430, 389, 160, 160, 430, 160, 11, 160, 160, 160, 389, 396, 430, 358, 327, 327, 430, 13, 160, 160, 160, 160, 160, 160, 13, 109, 160, 160, 160, 406, 223, 160, 160, 160, 16, 16, 16, 16, 22, 160, 85, 16, 16, 129, 129, 160, 16, 160, 251, 129, 152, 160, 13, 152, 160, 160, 167, 52, 167, 167, 167, 167, 251, 251, 52, 160, 160, 129, 240, 59, 59, 240, 13, 292, 234, 292, 286, 161, 62, 319, 223, 319, 13, 13, 160, 160, 13, 13, 251, 62, 353, 353, 319, 13, 13, 458, 13, 13, 319, 13, 13, 389, 389, 290, 290, 290, 394, 376, 290, 73, 17, 185, 290, 119, 229, 73, 290, 290, 13, 290, 290, 13, 73, 319, 319, 198, 290, 290, 290, 319, 232, 406, 290, 354, 156, 313, 13, 13, 13, 290, 47, 353, 249, 13, 319, 249, 47, 249, 255, 13, 447, 13, 13, 13, 13, 13, 95, 13, 95, 13, 13, 223, 13, 160, 430, 160, 136, 160, 229, 255, 319, 353, 319, 14, 13, 134, 47, 223, 223, 58, 61, 59, 406, 13, 301, 160, 290, 301, 160, 218, 13, 393, 251, 238, 76, 251, 304, 76, 417, 76, 76, 238, 238, 290, 14, 238, 262, 1, 14, 238, 14, 14, 340, 14, 14, 14, 392, 76, 406, 135, 76, 14, 164, 14, 14, 136, 453, 238, 454, 14, 14, 14, 14, 76, 14, 136, 136, 14, 76, 76, 14, 14, 76, 14, 239, 443, 244, 14, 238, 238, 218, 136, 76, 135, 293, 319, 162, 13, 238, 14, 14, 319, 28, 76, 135, 76, 135, 13, 14, 14, 13, 259, 14, 135, 14, 218, 13, 14, 14, 14, 238, 226, 47, 361, 14, 168, 72, 14, 135, 202, 375, 14, 14, 14, 359, 356, 14, 135, 14, 14, 238, 128, 414, 359, 14, 14, 242, 360, 13, 132, 13, 238, 14, 238, 352, 76, 14, 13, 76, 14, 14, 14, 135, 59, 285, 351, 14, 76, 76, 76, 295, 76, 14, 13, 14, 14, 238, 14, 226, 457, 76, 467, 14, 135, 14, 235, 238, 238, 244, 229, 13, 14, 14, 76, 14, 14, 132, 13, 14, 14, 351, 238, 76, 14, 14, 135, 14, 14, 238, 238, 14, 381, 14, 62, 298, 14, 13, 14, 195, 76, 359, 314, 14, 361, 194, 234, 238, 238, 395, 13, 76, 76, 135, 14, 238, 76, 76, 88, 14, 13, 76, 334, 393, 14, 238, 255, 76, 14, 14, 234, 14, 238, 251, 14, 13, 14, 367, 238, 238, 229, 76, 14, 76, 359, 406, 238, 76, 359, 14, 135, 14, 229, 95, 369, 226, 238, 414, 76, 14, 359, 14, 238, 238, 13, 340, 14, 135, 14, 238, 14, 251, 387, 359, 13, 238, 238, 14, 14, 76, 76, 14, 414, 13, 14, 76, 238, 390, 238, 353, 430, 76, 135, 76, 14, 353, 14, 229, 430, 14, 76, 315, 14, 422, 252, 332, 309, 14, 460, 238, 14, 332, 14, 76, 14, 76, 13, 14, 406, 319, 14, 14, 76, 87, 76, 76, 76, 417, 76, 76, 76, 238, 319, 332, 238, 61, 448, 14, 14, 238, 76, 378, 229, 398, 276, 14, 76, 238, 229, 238, 76, 14, 14, 238, 14, 238, 117, 238, 14, 135, 238, 76, 13, 47, 47, 135, 14, 14, 81, 117, 370, 238, 90, 76, 238, 76, 14, 76, 319, 238, 76, 76, 229, 14, 238, 238, 332, 120, 14, 238, 242, 238, 14, 290, 76, 238, 14, 238, 73, 76, 290, 76, 290, 229, 76, 238, 14, 402, 14, 13, 238, 290, 238, 14, 14, 238, 13, 332, 135, 14, 238, 406, 359, 14, 238, 135, 45, 238, 238, 262, 14, 238, 262, 47, 234, 406, 406, 406, 406, 13, 406, 406, 406, 406, 389, 229, 406, 239, 241, 136, 406, 47, 251, 406, 13, 156, 241, 406, 406, 73, 13, 234, 234, 234, 13, 319, 13, 13, 290, 65, 442, 219, 284, 255, 290, 73, 354, 73, 251, 413, 128, 75, 13, 161, 167, 13, 151, 13, 13, 229, 17, 319, 389, 134, 13, 301, 13, 13, 13, 26, 13, 183, 17, 321, 223, 32, 321, 251, 160, 134, 160, 319, 156, 430, 180, 163, 214, 386, 231, 251, 272, 62, 430, 127, 226, 226, 16, 246, 160, 207, 321, 182, 249, 97, 134, 417, 13, 95, 160, 249, 13, 430, 403, 13, 389, 47, 49, 145, 439, 321, 397, 13, 17, 351, 30, 320, 10, 160, 13, 13, 13, 229, 319, 73, 13, 13, 242, 28, 13, 62, 29, 229, 13, 183, 13, 229, 251, 379, 13, 17, 255, 74, 13, 13, 68, 226, 316, 376, 13, 301, 160, 229, 321, 158, 215, 13, 134, 200, 13, 59, 216, 389, 62, 13, 233, 301, 44, 229, 133, 13, 128, 62, 13, 251, 253, 141, 13, 13, 223, 229, 407, 13, 13, 254, 351, 136, 13, 13, 65, 20, 73, 13, 354, 160, 284, 253, 17, 290, 17, 376, 229, 442, 319, 175, 319, 251, 12, 13, 13, 13, 161, 52, 10, 301, 251, 167, 26, 301, 223, 13, 229, 160, 229, 16, 229, 413, 136, 136, 13, 20, 16, 160, 13, 156, 431, 229, 20, 234, 13, 160, 13, 160, 229, 20, 13, 289, 229, 160, 430, 430, 430, 13, 18, 13, 214, 151, 20, 417, 237, 127, 226, 406, 28, 11, 13, 20, 444, 406, 145, 175, 136, 319, 234, 20, 136, 379, 405, 251, 406, 215, 397, 97, 13, 13, 251, 360, 13, 132, 133, 32, 139, 13, 229, 49, 29, 251, 321, 255, 75, 231, 406, 95, 229, 321, 229, 141, 272, 183, 47, 246, 114, 183, 226, 13, 158, 13, 233, 13, 13, 445, 91, 353, 59, 13, 49, 269, 13, 13, 183, 249, 216, 220, 249, 146, 13, 223, 13, 13, 207, 321, 321, 229, 49, 13, 13, 49, 321, 49, 13, 49, 229, 61, 182, 406, 59, 13, 242, 13, 13, 28, 