{"Run": 10, "K": 488, "WCSSD": 2149.41133334518, "Purity": 0.405381671486572, "Time": 26.84819197654724, "Kmeans_Labels": [15, 15, 325, 118, 15, 15, 15, 189, 15, 15, 15, 451, 15, 343, 296, 15, 15, 293, 15, 15, 15, 15, 449, 15, 370, 146, 154, 146, 199, 15, 370, 480, 199, 146, 15, 15, 15, 343, 451, 343, 480, 371, 154, 282, 343, 15, 370, 250, 15, 201, 158, 250, 250, 370, 165, 15, 15, 146, 118, 118, 15, 146, 15, 194, 15, 65, 343, 355, 343, 146, 146, 9, 273, 165, 383, 15, 15, 15, 176, 368, 15, 15, 15, 146, 189, 435, 165, 137, 15, 15, 15, 15, 205, 191, 160, 440, 221, 15, 189, 449, 189, 319, 15, 484, 484, 102, 102, 484, 15, 148, 107, 107, 107, 370, 15, 28, 154, 358, 176, 99, 15, 15, 99, 118, 15, 99, 15, 118, 370, 15, 99, 99, 279, 234, 176, 199, 15, 15, 382, 15, 211, 118, 118, 199, 99, 99, 15, 15, 15, 354, 99, 416, 165, 199, 15, 99, 15, 250, 118, 15, 15, 99, 99, 15, 15, 99, 165, 154, 114, 165, 99, 15, 15, 250, 99, 240, 194, 314, 99, 15, 158, 15, 15, 201, 259, 15, 99, 176, 15, 15, 15, 211, 176, 99, 118, 118, 15, 64, 15, 15, 189, 15, 15, 194, 99, 189, 99, 189, 165, 15, 15, 15, 189, 189, 189, 15, 99, 15, 451, 211, 189, 148, 15, 451, 6, 99, 15, 479, 250, 99, 15, 15, 189, 15, 189, 154, 15, 199, 15, 15, 99, 15, 278, 189, 250, 281, 480, 15, 64, 99, 102, 102, 480, 397, 234, 480, 99, 15, 99, 15, 15, 15, 451, 118, 484, 15, 64, 484, 154, 194, 370, 102, 155, 15, 102, 277, 250, 277, 99, 484, 99, 15, 15, 15, 102, 102, 194, 484, 102, 370, 99, 102, 15, 102, 113, 102, 113, 102, 15, 231, 15, 102, 15, 113, 113, 102, 295, 102, 466, 107, 211, 15, 89, 113, 107, 15, 15, 107, 107, 144, 107, 107, 250, 15, 194, 451, 15, 15, 211, 480, 199, 190, 345, 15, 250, 15, 99, 15, 146, 99, 15, 250, 283, 18, 329, 374, 250, 99, 15, 15, 211, 370, 250, 15, 451, 480, 15, 114, 90, 58, 307, 15, 370, 307, 249, 211, 27, 307, 99, 15, 74, 307, 27, 99, 27, 99, 99, 99, 176, 15, 15, 15, 99, 237, 15, 250, 250, 146, 118, 357, 176, 15, 15, 155, 15, 370, 194, 203, 15, 282, 288, 15, 118, 15, 176, 412, 15, 118, 154, 15, 370, 15, 15, 165, 355, 22, 113, 64, 468, 99, 165, 15, 165, 15, 282, 484, 15, 107, 90, 307, 307, 314, 449, 165, 15, 176, 176, 199, 199, 15, 118, 239, 416, 416, 15, 15, 107, 107, 370, 107, 83, 83, 250, 282, 15, 370, 370, 15, 58, 58, 250, 250, 15, 276, 276, 199, 15, 15, 118, 15, 15, 15, 118, 15, 132, 211, 156, 15, 463, 463, 189, 189, 15, 15, 15, 425, 425, 11, 11, 11, 416, 253, 15, 15, 139, 54, 15, 416, 416, 15, 189, 15, 211, 15, 15, 15, 191, 376, 484, 325, 325, 15, 15, 15, 15, 15, 388, 15, 388, 118, 437, 290, 484, 437, 437, 484, 290, 152, 118, 107, 107, 102, 107, 107, 113, 113, 107, 107, 107, 451, 107, 113, 113, 107, 107, 15, 15, 107, 107, 242, 242, 36, 36, 107, 19, 480, 392, 392, 392, 392, 132, 15, 211, 211, 451, 480, 480, 67, 67, 161, 161, 480, 480, 15, 116, 15, 15, 211, 15, 15, 15, 15, 15, 15, 15, 15, 15, 15, 370, 307, 307, 416, 480, 416, 250, 250, 200, 200, 84, 84, 16, 16, 58, 58, 58, 58, 15, 286, 286, 471, 471, 27, 27, 340, 353, 193, 193, 307, 15, 15, 132, 15, 165, 238, 238, 450, 238, 238, 238, 238, 238, 238, 451, 451, 238, 238, 238, 343, 238, 238, 238, 238, 370, 238, 238, 174, 238, 194, 282, 282, 384, 58, 154, 154, 15, 15, 276, 276, 15, 15, 211, 211, 250, 15, 15, 15, 15, 15, 118, 282, 194, 156, 15, 480, 377, 267, 282, 15, 156, 15, 359, 359, 15, 359, 359, 15, 15, 463, 15, 15, 15, 480, 15, 15, 191, 215, 191, 149, 149, 282, 191, 480, 15, 11, 191, 191, 191, 152, 480, 191, 191, 393, 480, 191, 191, 191, 15, 15, 430, 430, 215, 15, 15, 15, 191, 15, 191, 284, 15, 15, 484, 211, 484, 15, 113, 484, 485, 107, 484, 484, 484, 107, 102, 484, 107, 275, 275, 107, 107, 152, 284, 484, 107, 107, 107, 484, 152, 107, 484, 107, 107, 107, 107, 15, 416, 208, 107, 107, 15, 15, 480, 480, 480, 107, 107, 115, 107, 115, 107, 176, 107, 107, 455, 455, 107, 107, 417, 480, 455, 316, 23, 173, 23, 417, 417, 480, 416, 480, 480, 480, 480, 480, 480, 416, 455, 455, 455, 480, 146, 146, 480, 15, 250, 15, 250, 250, 480, 15, 250, 15, 250, 15, 15, 241, 241, 15, 480, 480, 480, 480, 370, 250, 15, 15, 15, 15, 15, 250, 250, 250, 15, 15, 307, 307, 307, 480, 469, 307, 58, 27, 194, 185, 16, 15, 58, 16, 185, 15, 16, 16, 15, 58, 22, 22, 250, 286, 307, 286, 107, 136, 107, 34, 27, 250, 148, 351, 351, 445, 307, 199, 15, 15, 209, 15, 15, 199, 15, 56, 176, 15, 15, 176, 480, 250, 15, 477, 15, 15, 4, 15, 15, 15, 15, 361, 107, 176, 389, 15, 370, 176, 15, 176, 119, 165, 118, 199, 15, 8, 176, 114, 274, 250, 15, 15, 107, 108, 15, 107, 15, 15, 181, 15, 181, 39, 228, 484, 483, 282, 31, 434, 365, 181, 307, 378, 181, 460, 183, 344, 181, 344, 344, 95, 443, 443, 439, 344, 39, 176, 105, 39, 344, 344, 344, 434, 434, 344, 181, 39, 344, 344, 356, 439, 39, 344, 434, 434, 439, 39, 39, 439, 344, 39, 344, 15, 344, 79, 344, 181, 181, 15, 370, 39, 41, 344, 449, 154, 15, 181, 344, 344, 449, 194, 39, 79, 39, 79, 154, 344, 439, 15, 344, 344, 344, 171, 15, 169, 344, 42, 308, 181, 250, 199, 344, 344, 344, 344, 344, 79, 39, 344, 270, 344, 344, 117, 344, 344, 131, 344, 244, 181, 15, 46, 482, 344, 344, 65, 15, 464, 314, 15, 181, 344, 226, 467, 39, 344, 228, 39, 122, 344, 344, 79, 146, 181, 132, 422, 39, 39, 39, 79, 39, 344, 176, 1, 344, 181, 439, 15, 15, 39, 39, 303, 79, 0, 344, 303, 181, 79, 176, 15, 344, 344, 39, 344, 308, 314, 15, 344, 344, 132, 78, 39, 344, 387, 79, 344, 344, 181, 181, 344, 39, 344, 211, 52, 439, 324, 344, 344, 39, 117, 344, 344, 344, 344, 69, 181, 98, 15, 284, 39, 39, 79, 344, 181, 39, 39, 227, 409, 15, 414, 66, 181, 344, 181, 282, 39, 344, 439, 152, 406, 181, 15, 344, 15, 344, 344, 181, 181, 480, 39, 344, 255, 117, 145, 192, 39, 434, 344, 373, 344, 176, 215, 39, 154, 181, 46, 39, 344, 39, 344, 181, 181, 15, 95, 439, 231, 439, 181, 333, 228, 344, 39, 15, 181, 181, 344, 344, 39, 331, 344, 15, 15, 344, 39, 402, 79, 181, 152, 484, 39, 79, 39, 439, 296, 126, 449, 484, 344, 39, 181, 97, 39, 107, 39, 305, 344, 181, 181, 344, 391, 30, 25, 344, 39, 370, 344, 246, 449, 344, 344, 39, 344, 39, 483, 39, 282, 39, 39, 39, 98, 480, 344, 181, 114, 215, 439, 344, 365, 31, 344, 370, 39, 39, 79, 29, 181, 15, 310, 39, 344, 344, 181, 344, 181, 39, 181, 439, 98, 98, 39, 15, 199, 199, 79, 344, 119, 39, 39, 39, 224, 181, 39, 181, 39, 344, 39, 449, 181, 434, 465, 15, 181, 342, 37, 391, 39, 43, 181, 65, 181, 181, 108, 39, 181, 344, 181, 58, 39, 307, 39, 474, 449, 39, 181, 344, 344, 378, 15, 181, 286, 181, 344, 333, 181, 15, 391, 79, 344, 181, 217, 117, 439, 181, 79, 181, 181, 7, 460, 344, 365, 344, 199, 59, 250, 15, 449, 250, 15, 250, 250, 250, 250, 449, 176, 250, 15, 118, 370, 250, 15, 451, 250, 15, 151, 118, 250, 250, 58, 432, 6, 6, 6, 15, 15, 15, 15, 307, 292, 307, 364, 475, 370, 27, 58, 27, 58, 480, 282, 355, 15, 15, 480, 107, 15, 229, 107, 15, 370, 27, 15, 380, 118, 15, 263, 15, 133, 426, 15, 45, 11, 27, 94, 15, 484, 15, 315, 107, 118, 107, 250, 165, 113, 15, 132, 15, 15, 15, 369, 15, 211, 399, 451, 15, 15, 446, 146, 389, 359, 451, 15, 463, 397, 118, 282, 15, 477, 480, 463, 184, 484, 480, 15, 327, 199, 54, 404, 15, 15, 451, 15, 27, 132, 294, 154, 298, 15, 15, 15, 15, 370, 250, 445, 154, 110, 65, 194, 15, 132, 451, 151, 15, 330, 33, 282, 61, 15, 15, 27, 15, 15, 15, 15, 15, 15, 449, 469, 15, 15, 107, 449, 304, 363, 15, 2, 423, 15, 15, 146, 211, 176, 177, 152, 416, 452, 90, 172, 215, 92, 15, 211, 15, 480, 480, 104, 207, 15, 123, 401, 65, 15, 260, 15, 132, 449, 15, 15, 292, 154, 445, 15, 27, 107, 475, 480, 27, 27, 27, 469, 370, 307, 250, 480, 250, 480, 152, 207, 15, 15, 480, 416, 298, 263, 315, 107, 15, 452, 123, 257, 473, 107, 87, 299, 449, 282, 449, 449, 15, 311, 446, 389, 146, 165, 15, 15, 311, 59, 107, 107, 15, 107, 152, 269, 15, 311, 449, 107, 484, 399, 113, 133, 480, 15, 15, 229, 311, 282, 194, 451, 152, 152, 194, 102, 462, 176, 32, 15, 404, 480, 15, 15, 59, 15, 152, 15, 152, 61, 250, 15, 451, 397, 15, 480, 451, 256, 260, 88, 215, 484, 449, 15, 282, 54, 451, 369, 94, 250, 15, 15, 250, 477, 480, 451, 172, 104, 15, 11, 199, 146, 15, 191, 15, 15, 363, 15, 416, 152, 426, 311, 15, 15, 146, 15, 54, 15, 15, 152, 330, 463, 211, 146, 463, 15, 110, 15, 15, 15, 359, 15, 15, 370, 54, 92, 