{"Run": 10, "K": 116, "WCSSD": 2601.4813116918963, "Purity": 0.3942170054394503, "Time": 3.660512924194336, "Kmeans_Labels": [18, 18, 44, 18, 18, 18, 18, 79, 18, 18, 18, 69, 18, 4, 18, 18, 63, 51, 18, 13, 18, 18, 18, 18, 96, 51, 18, 51, 13, 84, 18, 18, 13, 51, 18, 18, 8, 4, 8, 75, 18, 18, 64, 95, 24, 18, 18, 18, 18, 18, 48, 18, 18, 18, 18, 18, 18, 51, 18, 18, 18, 51, 18, 61, 18, 76, 18, 18, 4, 18, 51, 18, 84, 18, 18, 18, 18, 18, 63, 18, 18, 18, 84, 51, 79, 18, 18, 18, 18, 18, 18, 18, 18, 84, 18, 18, 18, 18, 79, 18, 79, 106, 18, 100, 100, 100, 100, 100, 84, 106, 65, 84, 24, 18, 84, 106, 18, 18, 18, 110, 18, 18, 110, 18, 18, 110, 18, 18, 52, 18, 110, 110, 18, 18, 18, 13, 18, 18, 18, 18, 12, 18, 18, 13, 110, 110, 18, 18, 18, 18, 110, 11, 18, 13, 18, 110, 18, 18, 18, 18, 18, 110, 110, 18, 18, 110, 18, 18, 18, 18, 63, 18, 18, 18, 110, 18, 61, 64, 110, 18, 18, 18, 18, 18, 110, 18, 110, 18, 18, 18, 18, 5, 18, 110, 18, 18, 18, 91, 18, 84, 79, 18, 63, 61, 110, 79, 110, 79, 84, 18, 18, 18, 79, 79, 79, 18, 110, 84, 8, 12, 79, 18, 18, 8, 18, 110, 18, 8, 18, 110, 18, 18, 79, 18, 79, 18, 84, 13, 18, 18, 110, 18, 12, 50, 18, 84, 50, 18, 91, 110, 84, 8, 18, 56, 18, 18, 110, 18, 110, 18, 18, 18, 8, 44, 100, 18, 91, 100, 18, 61, 18, 12, 18, 18, 18, 44, 18, 18, 110, 100, 110, 18, 18, 18, 18, 18, 61, 100, 18, 52, 110, 44, 4, 24, 18, 100, 18, 12, 24, 13, 18, 100, 18, 18, 8, 24, 100, 18, 18, 24, 12, 18, 8, 18, 84, 24, 63, 24, 24, 18, 24, 24, 18, 24, 61, 8, 18, 77, 12, 50, 13, 110, 110, 18, 18, 18, 110, 18, 51, 110, 18, 18, 79, 91, 110, 18, 18, 110, 18, 18, 12, 18, 18, 18, 8, 18, 44, 18, 97, 34, 34, 55, 18, 34, 24, 12, 49, 81, 110, 18, 34, 34, 49, 110, 49, 110, 110, 110, 18, 63, 18, 18, 110, 63, 18, 18, 18, 51, 18, 18, 18, 18, 63, 18, 64, 18, 61, 77, 18, 95, 12, 18, 18, 18, 18, 12, 18, 18, 18, 18, 44, 30, 18, 18, 18, 18, 18, 91, 18, 110, 18, 18, 18, 18, 95, 100, 18, 24, 97, 34, 34, 64, 18, 18, 13, 18, 18, 13, 13, 18, 18, 18, 11, 11, 84, 84, 24, 24, 18, 24, 8, 8, 24, 95, 18, 18, 18, 18, 34, 34, 18, 18, 18, 18, 18, 13, 64, 64, 44, 44, 44, 18, 18, 18, 77, 12, 18, 84, 18, 18, 79, 79, 18, 84, 84, 18, 18, 84, 84, 84, 11, 18, 18, 18, 18, 111, 18, 11, 11, 18, 79, 56, 12, 84, 84, 18, 84, 84, 100, 44, 44, 18, 44, 44, 18, 18, 18, 100, 18, 18, 59, 18, 100, 59, 59, 100, 18, 84, 18, 24, 24, 84, 84, 84, 84, 84, 40, 40, 24, 8, 24, 24, 24, 24, 24, 18, 18, 74, 74, 24, 24, 100, 100, 112, 24, 18, 11, 11, 11, 11, 77, 18, 12, 12, 8, 18, 18, 8, 8, 18, 18, 18, 18, 18, 18, 18, 18, 12, 18, 18, 18, 18, 18, 13, 18, 18, 18, 18, 52, 34, 34, 114, 18, 114, 18, 18, 49, 49, 87, 87, 64, 64, 49, 49, 49, 49, 18, 115, 115, 49, 49, 49, 49, 49, 49, 34, 34, 87, 18, 18, 77, 18, 18, 25, 25, 25, 25, 72, 25, 25, 72, 25, 8, 8, 72, 72, 25, 4, 25, 25, 25, 72, 18, 25, 25, 25, 25, 86, 95, 95, 18, 34, 64, 64, 63, 63, 18, 18, 18, 18, 12, 12, 18, 18, 18, 18, 18, 18, 18, 95, 61, 18, 18, 18, 18, 64, 95, 18, 84, 63, 84, 84, 18, 6, 6, 84, 18, 18, 63, 18, 18, 63, 18, 18, 84, 18, 84, 84, 84, 95, 84, 64, 18, 84, 84, 84, 84, 84, 64, 84, 84, 18, 18, 84, 84, 84, 18, 84, 84, 84, 18, 18, 84, 84, 18, 84, 95, 46, 18, 18, 100, 12, 35, 24, 100, 100, 18, 24, 100, 100, 18, 24, 24, 100, 24, 24, 24, 24, 83, 84, 84, 100, 24, 24, 84, 84, 18, 24, 84, 24, 24, 84, 24, 18, 11, 24, 24, 24, 18, 18, 24, 24, 24, 24, 65, 24, 65, 65, 24, 18, 24, 24, 50, 50, 24, 50, 24, 8, 50, 50, 50, 18, 50, 50, 50, 73, 11, 73, 73, 73, 73, 18, 18, 11, 24, 24, 50, 24, 51, 51, 24, 18, 44, 18, 44, 18, 18, 12, 18, 18, 18, 18, 18, 24, 24, 18, 50, 50, 12, 18, 18, 18, 18, 18, 18, 18, 18, 18, 18, 18, 18, 18, 34, 34, 34, 18, 87, 34, 34, 49, 61, 2, 49, 63, 34, 49, 2, 18, 49, 49, 18, 34, 63, 63, 18, 115, 34, 34, 18, 18, 24, 34, 49, 18, 106, 109, 109, 109, 34, 13, 18, 18, 63, 18, 18, 13, 18, 18, 18, 18, 18, 18, 18, 18, 18, 18, 18, 18, 44, 44, 63, 18, 24, 100, 24, 18, 43, 18, 18, 63, 63, 63, 70, 18, 18, 13, 18, 63, 18, 18, 51, 18, 18, 24, 24, 34, 24, 24, 18, 18, 19, 18, 19, 42, 18, 100, 42, 95, 42, 42, 19, 19, 34, 70, 19, 70, 18, 70, 19, 70, 70, 18, 70, 70, 70, 70, 42, 18, 70, 42, 70, 70, 70, 70, 18, 70, 19, 42, 70, 70, 70, 70, 42, 70, 42, 18, 70, 42, 42, 70, 70, 42, 70, 18, 70, 70, 70, 19, 19, 18, 52, 42, 70, 70, 18, 54, 18, 19, 19, 70, 18, 61, 42, 70, 42, 70, 18, 20, 7, 18, 70, 70, 70, 70, 18, 18, 70, 70, 70, 19, 18, 13, 96, 70, 70, 70, 70, 70, 42, 70, 70, 70, 70, 39, 70, 70, 70, 70, 70, 19, 18, 18, 39, 70, 53, 76, 18, 18, 103, 18, 19, 70, 19, 64, 42, 70, 18, 42, 70, 70, 70, 70, 51, 19, 77, 70, 42, 42, 42, 38, 42, 70, 18, 70, 70, 19, 70, 18, 64, 42, 42, 70, 70, 70, 70, 19, 19, 19, 18, 18, 70, 70, 42, 70, 70, 64, 18, 70, 70, 77, 19, 42, 70, 70, 29, 70, 70, 19, 19, 70, 42, 70, 12, 18, 70, 18, 70, 11, 42, 39, 70, 70, 96, 70, 18, 19, 19, 18, 46, 42, 42, 70, 70, 19, 42, 85, 42, 70, 18, 42, 103, 19, 70, 19, 95, 42, 78, 70, 18, 70, 19, 18, 70, 22, 70, 70, 19, 19, 18, 42, 70, 42, 39, 18, 19, 42, 39, 70, 70, 70, 18, 29, 85, 18, 19, 18, 42, 70, 42, 70, 19, 19, 44, 18, 70, 70, 70, 19, 70, 18, 70, 42, 44, 19, 19, 70, 70, 42, 42, 70, 18, 18, 70, 42, 19, 70, 19, 18, 100, 42, 70, 42, 70, 18, 70, 18, 100, 70, 42, 19, 70, 42, 24, 42, 63, 70, 19, 19, 70, 37, 70, 42, 47, 42, 18, 70, 18, 18, 70, 70, 42, 70, 42, 42, 42, 95, 42, 42, 42, 19, 18, 70, 19, 70, 18, 70, 70, 19, 42, 70, 18, 42, 42, 70, 42, 19, 18, 19, 42, 70, 70, 19, 70, 19, 42, 19, 70, 13, 19, 42, 18, 13, 13, 70, 70, 70, 42, 42, 42, 19, 19, 42, 19, 42, 70, 42, 18, 19, 42, 42, 18, 19, 19, 19, 37, 42, 70, 19, 76, 19, 19, 19, 42, 19, 70, 19, 34, 42, 34, 42, 34, 18, 42, 19, 70, 70, 70, 18, 19, 34, 19, 70, 70, 19, 18, 37, 70, 70, 19, 18, 39, 70, 19, 70, 89, 19, 19, 70, 70, 19, 70, 13, 113, 18, 18, 18, 18, 18, 18, 18, 18, 18, 18, 18, 18, 18, 18, 52, 18, 13, 8, 18, 18, 63, 100, 18, 18, 34, 18, 18, 18, 18, 18, 18, 97, 18, 34, 18, 34, 27, 34, 18, 34, 34, 49, 34, 8, 95, 18, 84, 18, 18, 73, 18, 18, 18, 18, 18, 49, 44, 18, 18, 18, 24, 18, 18, 84, 18, 18, 84, 45, 8, 18, 66, 84, 18, 24, 44, 40, 63, 18, 100, 18, 77, 18, 18, 18, 8, 18, 12, 100, 8, 18, 18, 24, 51, 43, 84, 8, 58, 18, 56, 18, 95, 18, 18, 50, 18, 18, 100, 18, 84, 18, 13, 111, 18, 18, 84, 8, 18, 49, 77, 18, 64, 18, 24, 18, 18, 18, 18, 32, 109, 18, 18, 76, 61, 18, 77, 8, 18, 18, 28, 18, 95, 18, 100, 18, 49, 18, 44, 18, 18, 18, 18, 18, 87, 44, 18, 24, 18, 68, 51, 18, 18, 18, 18, 18, 51, 12, 18, 12, 18, 11, 18, 97, 18, 18, 61, 18, 12, 18, 63, 18, 18, 18, 18, 18, 18, 76, 18, 18, 18, 77, 18, 18, 18, 18, 18, 109, 18, 49, 24, 34, 18, 45, 34, 49, 87, 18, 34, 32, 18, 63, 8, 18, 18, 18, 18, 18, 11, 18, 24, 18, 73, 18, 18, 18, 18, 95, 24, 95, 24, 18, 95, 18, 44, 44, 18, 24, 43, 18, 18, 18, 18, 18, 18, 18, 24, 18, 40, 18, 18, 18, 18, 18, 24, 100, 100, 100, 18, 44, 18, 18, 18, 18, 95, 61, 8, 18, 18, 61, 18, 18, 18, 18, 18, 18, 18, 18, 44, 18, 44, 18, 100, 18, 18, 18, 18, 8, 56, 18, 18, 8, 51, 18, 64, 18, 66, 18, 18, 95, 111, 8, 8, 8, 18, 84, 18, 18, 18, 18, 8, 18, 18, 18, 84, 13, 51, 18, 84, 18, 18, 51, 18, 11, 18, 84, 18, 84, 18, 51, 18, 111, 18, 18, 18, 28, 18, 12, 51, 18, 18, 18, 18, 18, 84, 84, 84, 84, 18, 111, 61, 68, 111, 68, 111, 18, 111, 18, 18, 58, 18, 51, 95, 76, 18, 18, 13, 18, 51, 76, 61, 12, 63, 18, 44, 77, 77, 18, 18, 77, 76, 18, 51, 18, 77, 77, 60, 18, 44, 77, 18, 18, 18, 18, 77, 18, 18, 18, 12, 64, 18, 51, 18, 18, 18, 18, 18, 18, 18, 18, 12, 18, 18, 18, 18, 18, 44, 18, 13, 18, 18, 18, 18, 18, 51, 12, 18, 51, 44, 63, 18, 18, 64, 18, 18, 12, 51, 61, 18, 84, 44, 18, 18, 18, 111, 18, 77, 24, 18, 18, 18, 63, 18, 18, 64, 18, 18, 11, 77, 18, 76, 18, 111, 18, 64, 95, 18, 18, 104, 18, 44, 18, 18, 18, 103, 18, 44, 18, 18, 105, 64, 18, 18, 18, 27, 18, 18, 18, 18, 34, 18, 49, 18, 34, 34, 113, 97, 34, 49, 63, 79, 108, 34, 108, 34, 18, 108, 108, 106, 106, 100, 44, 34, 18, 108, 79, 108, 8, 18, 49, 63, 84, 24, 108, 61, 63, 108, 18, 56, 108, 18, 18, 84, 34, 18, 49, 34, 108, 108, 24, 84, 8, 108, 18, 50, 108, 18, 11, 108, 18, 108, 108, 108, 77, 18, 34, 64, 13, 108, 34, 20, 18, 108, 108, 50, 108, 34, 44, 108, 35, 108, 49, 99, 18, 108, 108, 108, 108, 108, 18, 108, 24, 108, 108, 108, 18, 84, 34, 49, 77, 108, 24, 