{"Run": 7, "K": 648, "WCSSD": 1957.2619329794143, "Purity": 0.4604732021483564, "Time": 38.52261209487915, "Kmeans_Labels": [426, 198, 598, 96, 429, 193, 198, 105, 596, 147, 17, 261, 17, 521, 17, 17, 17, 208, 455, 394, 358, 17, 66, 17, 186, 208, 641, 383, 111, 335, 17, 17, 111, 208, 394, 396, 17, 521, 83, 17, 576, 10, 188, 175, 167, 17, 186, 442, 525, 184, 224, 623, 623, 529, 425, 419, 455, 198, 96, 96, 455, 208, 509, 182, 419, 63, 198, 198, 521, 419, 198, 371, 17, 243, 312, 17, 17, 453, 607, 17, 17, 17, 220, 208, 105, 17, 243, 189, 17, 17, 428, 527, 419, 194, 17, 17, 529, 17, 543, 17, 277, 312, 17, 177, 177, 10, 322, 177, 17, 312, 70, 167, 167, 227, 425, 312, 529, 17, 17, 50, 17, 17, 50, 96, 96, 50, 341, 96, 191, 171, 50, 137, 66, 227, 73, 17, 433, 17, 529, 17, 383, 96, 96, 37, 50, 50, 17, 17, 107, 96, 551, 638, 243, 17, 17, 50, 17, 442, 96, 525, 17, 50, 50, 17, 17, 50, 243, 631, 157, 243, 17, 66, 17, 623, 50, 308, 415, 212, 50, 227, 224, 227, 17, 227, 50, 17, 50, 517, 227, 623, 33, 313, 641, 50, 17, 17, 17, 325, 17, 49, 105, 102, 66, 112, 50, 105, 50, 364, 243, 17, 102, 17, 105, 328, 105, 50, 50, 541, 83, 383, 105, 312, 17, 83, 442, 50, 589, 257, 623, 66, 17, 17, 263, 17, 105, 17, 17, 175, 227, 578, 50, 90, 383, 418, 623, 105, 147, 407, 325, 481, 10, 49, 17, 50, 227, 66, 50, 17, 503, 407, 375, 17, 83, 572, 177, 3, 333, 177, 455, 17, 66, 10, 227, 241, 10, 560, 623, 560, 602, 595, 50, 425, 425, 17, 10, 10, 112, 57, 529, 637, 50, 10, 521, 271, 17, 10, 549, 10, 531, 111, 17, 10, 317, 621, 17, 10, 511, 10, 583, 167, 383, 633, 507, 341, 49, 425, 66, 167, 167, 341, 167, 167, 623, 167, 17, 380, 268, 425, 383, 147, 227, 50, 50, 426, 623, 426, 50, 425, 448, 50, 17, 621, 215, 316, 50, 295, 455, 50, 42, 455, 319, 227, 623, 583, 45, 180, 572, 157, 248, 582, 118, 529, 529, 533, 529, 383, 287, 118, 50, 493, 118, 588, 287, 50, 287, 50, 50, 431, 66, 442, 375, 641, 50, 489, 626, 623, 623, 208, 96, 641, 17, 525, 66, 227, 139, 17, 17, 237, 17, 175, 383, 529, 151, 66, 341, 383, 455, 17, 96, 17, 572, 393, 419, 243, 198, 17, 73, 316, 243, 50, 243, 17, 243, 17, 175, 177, 9, 167, 248, 118, 118, 188, 300, 243, 17, 607, 607, 25, 25, 174, 96, 17, 80, 80, 583, 583, 484, 484, 607, 5, 83, 83, 621, 175, 455, 529, 529, 623, 582, 582, 621, 621, 540, 419, 419, 17, 182, 182, 457, 419, 419, 419, 96, 419, 368, 383, 17, 17, 184, 184, 105, 105, 17, 184, 184, 17, 17, 350, 350, 350, 485, 17, 17, 17, 621, 101, 17, 485, 485, 227, 105, 256, 383, 571, 571, 9, 500, 184, 177, 598, 598, 621, 280, 280, 17, 17, 502, 366, 646, 96, 539, 583, 177, 539, 539, 177, 583, 341, 17, 379, 379, 10, 167, 167, 488, 488, 0, 0, 167, 83, 547, 10, 10, 167, 167, 227, 227, 167, 167, 167, 167, 147, 147, 167, 23, 583, 485, 485, 485, 485, 31, 583, 67, 67, 83, 336, 336, 460, 460, 460, 460, 386, 386, 227, 583, 621, 621, 383, 455, 455, 455, 604, 604, 455, 455, 508, 354, 354, 412, 221, 221, 416, 621, 416, 621, 621, 287, 287, 35, 35, 188, 188, 118, 118, 118, 118, 529, 118, 118, 287, 287, 6, 6, 259, 118, 118, 118, 118, 73, 442, 31, 17, 243, 482, 482, 482, 482, 482, 482, 482, 482, 413, 83, 466, 482, 482, 482, 521, 482, 482, 482, 482, 270, 482, 482, 482, 482, 112, 175, 175, 17, 118, 182, 182, 605, 605, 419, 419, 623, 425, 419, 419, 623, 17, 110, 17, 419, 17, 291, 175, 410, 20, 17, 17, 435, 188, 175, 17, 20, 198, 600, 600, 17, 546, 546, 17, 17, 173, 634, 17, 419, 17, 17, 17, 184, 189, 184, 184, 184, 175, 184, 188, 16, 350, 184, 184, 184, 17, 188, 184, 184, 190, 190, 347, 265, 347, 17, 571, 184, 184, 189, 17, 571, 571, 184, 147, 175, 73, 17, 17, 44, 383, 177, 127, 177, 377, 17, 477, 177, 177, 341, 260, 167, 177, 260, 422, 422, 260, 422, 341, 167, 425, 167, 167, 167, 0, 455, 167, 0, 425, 167, 167, 547, 17, 485, 254, 401, 91, 611, 17, 167, 583, 583, 167, 167, 167, 70, 167, 167, 641, 167, 167, 167, 167, 167, 167, 167, 126, 167, 147, 167, 529, 147, 167, 167, 440, 446, 120, 120, 120, 440, 26, 26, 446, 386, 386, 167, 440, 208, 208, 440, 386, 572, 314, 572, 621, 442, 383, 621, 455, 351, 38, 38, 420, 420, 354, 147, 621, 420, 104, 412, 621, 17, 17, 396, 621, 621, 442, 621, 621, 396, 396, 118, 118, 118, 621, 35, 118, 118, 287, 622, 297, 35, 73, 529, 35, 297, 529, 35, 35, 363, 529, 442, 442, 442, 118, 118, 118, 442, 17, 167, 118, 6, 621, 312, 355, 355, 355, 118, 343, 285, 419, 391, 396, 419, 111, 419, 330, 165, 17, 17, 641, 621, 641, 17, 189, 17, 189, 512, 572, 227, 17, 583, 177, 167, 114, 607, 623, 529, 496, 430, 496, 444, 243, 195, 17, 227, 227, 227, 157, 208, 623, 283, 425, 311, 158, 425, 311, 17, 17, 150, 17, 150, 94, 433, 177, 94, 175, 94, 166, 150, 211, 232, 282, 150, 404, 58, 444, 150, 444, 444, 106, 444, 444, 304, 444, 94, 433, 74, 94, 444, 92, 444, 166, 166, 444, 150, 94, 444, 444, 444, 647, 115, 357, 166, 166, 444, 94, 94, 444, 444, 94, 444, 17, 444, 444, 71, 187, 150, 17, 191, 94, 128, 444, 140, 341, 17, 150, 122, 444, 396, 112, 94, 444, 94, 444, 341, 122, 444, 17, 122, 444, 444, 444, 17, 17, 444, 444, 122, 150, 398, 111, 404, 471, 122, 444, 444, 444, 94, 444, 444, 122, 444, 518, 444, 444, 444, 444, 444, 294, 198, 256, 373, 444, 444, 63, 17, 17, 212, 88, 150, 444, 150, 188, 94, 122, 433, 94, 444, 444, 573, 444, 208, 150, 519, 444, 463, 94, 39, 444, 619, 444, 641, 444, 444, 150, 444, 17, 188, 94, 94, 444, 444, 269, 444, 150, 150, 189, 433, 352, 385, 618, 94, 444, 326, 212, 17, 444, 444, 31, 150, 94, 122, 269, 342, 561, 439, 146, 150, 617, 617, 444, 324, 17, 444, 17, 444, 374, 94, 230, 444, 183, 404, 444, 442, 211, 116, 17, 17, 94, 293, 444, 92, 150, 94, 94, 94, 444, 51, 94, 133, 150, 444, 150, 175, 397, 444, 444, 623, 444, 150, 17, 554, 17, 444, 444, 150, 150, 73, 94, 444, 94, 518, 227, 240, 94, 166, 444, 444, 444, 641, 61, 617, 126, 150, 160, 94, 444, 94, 444, 454, 150, 572, 106, 444, 444, 444, 150, 561, 433, 444, 94, 250, 150, 150, 444, 444, 94, 94, 444, 256, 255, 444, 94, 150, 444, 150, 17, 177, 94, 444, 281, 444, 583, 444, 470, 122, 444, 94, 245, 444, 94, 425, 185, 16, 444, 150, 150, 122, 185, 444, 161, 444, 94, 222, 444, 607, 396, 444, 444, 94, 303, 94, 94, 449, 175, 94, 94, 536, 116, 621, 474, 150, 400, 189, 444, 444, 150, 94, 444, 73, 86, 94, 444, 535, 289, 73, 150, 94, 444, 473, 150, 444, 150, 369, 150, 444, 116, 98, 94, 583, 530, 530, 444, 122, 444, 135, 327, 99, 150, 235, 94, 150, 94, 444, 94, 396, 150, 166, 94, 17, 584, 643, 150, 185, 286, 444, 150, 63, 211, 150, 158, 281, 150, 444, 150, 118, 449, 232, 281, 118, 470, 332, 150, 444, 444, 282, 17, 150, 118, 150, 207, 561, 150, 17, 207, 444, 122, 150, 433, 518, 444, 150, 444, 150, 150, 150, 404, 444, 150, 404, 18, 607, 623, 393, 130, 623, 17, 623, 623, 623, 623, 396, 641, 623, 17, 96, 191, 623, 17, 83, 623, 529, 16, 96, 623, 623, 253, 411, 442, 442, 442, 283, 442, 241, 306, 118, 76, 118, 248, 612, 529, 529, 118, 6, 118, 288, 2, 198, 231, 455, 621, 440, 630, 607, 17, 455, 73, 287, 442, 607, 434, 636, 425, 17, 17, 17, 17, 550, 350, 287, 290, 441, 177, 220, 621, 167, 284, 0, 621, 243, 177, 16, 31, 366, 529, 17, 586, 17, 383, 177, 83, 17, 275, 167, 361, 607, 119, 83, 17, 173, 607, 96, 175, 17, 189, 147, 173, 17, 177, 159, 17, 163, 208, 101, 17, 455, 220, 83, 17, 287, 87, 144, 182, 17, 82, 540, 176, 17, 529, 621, 355, 17, 17, 63, 112, 540, 31, 83, 16, 17, 184, 17, 175, 348, 10, 640, 287, 17, 217, 17, 403, 205, 17, 16, 35, 572, 229, 260, 17, 17, 149, 17, 433, 96, 17, 17, 59, 381, 320, 491, 17, 516, 483, 248, 17, 189, 17, 331, 608, 580, 621, 17, 17, 585, 569, 227, 353, 63, 17, 17, 244, 31, 583, 529, 109, 76, 58, 355, 580, 6, 167, 612, 17, 287, 529, 287, 35, 73, 118, 621, 159, 621, 288, 455, 585, 455, 455, 621, 164, 17, 425, 621, 440, 17, 483, 227, 126, 175, 167, 175, 22, 583, 2, 607, 572, 572, 32, 167, 607, 17, 243, 17, 73, 58, 607, 17, 167, 17, 0, 395, 58, 17, 58, 513, 260, 177, 177, 177, 17, 572, 403, 366, 607, 58, 175, 112, 83, 153, 315, 112, 10, 607, 58, 623, 641, 17, 159, 73, 442, 607, 58, 17, 10, 73, 348, 623, 17, 83, 607, 599, 147, 83, 424, 17, 212, 189, 177, 443, 109, 175, 101, 83, 586, 290, 621, 231, 17, 414, 189, 629, 83, 17, 17, 17, 350, 208, 361, 623, 184, 275, 17, 