{"Run": 2, "K": 505, "WCSSD": 2065.1471700406596, "Purity": 0.5204695104494703, "Time": 27.76743507385254, "Kmeans_Labels": [2, 130, 339, 300, 2, 2, 130, 58, 130, 272, 2, 119, 131, 131, 2, 2, 140, 149, 2, 204, 2, 2, 70, 131, 131, 228, 5, 228, 290, 2, 131, 2, 290, 228, 204, 2, 131, 131, 131, 131, 92, 131, 244, 64, 131, 98, 131, 241, 2, 2, 375, 335, 335, 285, 127, 114, 2, 293, 174, 300, 2, 228, 2, 177, 114, 130, 131, 130, 131, 195, 228, 2, 2, 127, 274, 2, 2, 2, 226, 2, 2, 2, 349, 228, 58, 177, 127, 115, 2, 2, 2, 204, 85, 272, 2, 2, 190, 2, 58, 2, 58, 289, 2, 145, 145, 184, 184, 413, 2, 216, 43, 381, 43, 131, 272, 274, 180, 2, 250, 6, 2, 268, 6, 300, 2, 6, 204, 300, 111, 386, 6, 6, 173, 11, 2, 290, 2, 2, 2, 2, 265, 300, 346, 290, 6, 6, 2, 2, 2, 300, 6, 106, 127, 290, 2, 6, 2, 241, 300, 2, 286, 6, 401, 107, 2, 107, 127, 164, 256, 127, 140, 2, 2, 335, 6, 418, 121, 306, 6, 11, 2, 11, 107, 107, 6, 2, 320, 5, 107, 224, 2, 265, 5, 6, 30, 300, 2, 398, 2, 433, 58, 70, 140, 121, 6, 58, 6, 58, 393, 2, 70, 5, 58, 58, 58, 6, 6, 272, 259, 265, 58, 274, 2, 119, 204, 6, 2, 119, 335, 6, 2, 2, 58, 2, 58, 2, 272, 290, 11, 2, 6, 2, 265, 58, 335, 500, 2, 2, 398, 6, 272, 413, 2, 20, 11, 70, 6, 2, 6, 272, 11, 129, 220, 51, 145, 2, 398, 145, 2, 433, 449, 184, 272, 2, 184, 415, 2, 415, 6, 145, 6, 2, 38, 2, 184, 184, 121, 118, 2, 111, 6, 184, 2, 381, 413, 184, 413, 184, 381, 449, 2, 184, 471, 413, 413, 184, 184, 184, 2, 43, 265, 38, 413, 287, 272, 38, 140, 43, 258, 449, 381, 43, 335, 381, 121, 221, 272, 89, 265, 272, 290, 6, 6, 2, 335, 2, 6, 2, 70, 6, 2, 250, 98, 270, 6, 250, 2, 98, 2, 98, 98, 204, 335, 98, 2, 272, 475, 256, 325, 101, 353, 110, 321, 101, 285, 265, 91, 353, 6, 2, 101, 311, 91, 6, 91, 6, 389, 6, 152, 140, 152, 164, 6, 177, 2, 335, 335, 228, 300, 224, 2, 2, 475, 272, 55, 2, 121, 89, 2, 64, 265, 2, 300, 2, 449, 265, 243, 193, 180, 2, 475, 2, 114, 127, 130, 107, 413, 398, 127, 6, 501, 2, 127, 360, 64, 145, 2, 2, 325, 353, 353, 244, 2, 127, 2, 5, 5, 290, 290, 2, 300, 272, 106, 106, 272, 272, 381, 381, 2, 381, 119, 119, 381, 64, 449, 285, 285, 2, 116, 116, 224, 224, 2, 114, 114, 290, 114, 114, 300, 303, 303, 114, 300, 114, 89, 265, 2, 272, 85, 85, 58, 58, 2, 424, 424, 347, 347, 272, 272, 272, 106, 272, 20, 20, 2, 61, 285, 106, 106, 11, 58, 20, 265, 272, 272, 2, 272, 272, 212, 339, 339, 2, 112, 112, 2, 2, 2, 2, 2, 365, 313, 204, 365, 313, 313, 365, 204, 352, 377, 96, 96, 184, 378, 378, 370, 370, 352, 352, 97, 119, 381, 413, 413, 76, 76, 11, 11, 43, 43, 17, 17, 136, 136, 43, 43, 272, 106, 106, 106, 106, 89, 224, 265, 265, 119, 272, 272, 119, 119, 272, 272, 272, 272, 11, 272, 445, 445, 265, 98, 98, 98, 98, 98, 224, 204, 98, 2, 2, 449, 353, 353, 383, 204, 383, 241, 241, 53, 53, 91, 91, 366, 366, 3, 3, 91, 91, 2, 353, 353, 91, 91, 3, 3, 490, 266, 101, 101, 11, 164, 2, 89, 242, 127, 19, 19, 19, 19, 19, 19, 19, 182, 19, 119, 119, 19, 19, 19, 66, 19, 478, 19, 332, 224, 19, 19, 19, 19, 121, 64, 64, 2, 101, 244, 244, 114, 114, 114, 114, 268, 361, 447, 447, 268, 2, 2, 2, 114, 5, 300, 64, 121, 300, 188, 2, 140, 244, 395, 2, 300, 130, 251, 251, 2, 251, 251, 2, 155, 85, 81, 440, 114, 135, 2, 2, 272, 115, 272, 272, 272, 64, 272, 272, 140, 272, 272, 272, 272, 37, 272, 272, 272, 375, 375, 80, 272, 80, 285, 272, 272, 272, 147, 312, 272, 272, 285, 212, 64, 100, 2, 2, 145, 145, 145, 176, 431, 145, 2, 381, 431, 150, 150, 96, 381, 145, 405, 96, 43, 275, 11, 352, 378, 2, 33, 381, 378, 352, 2, 381, 352, 209, 381, 272, 381, 2, 106, 43, 43, 43, 224, 2, 381, 381, 381, 43, 43, 428, 43, 428, 381, 237, 237, 43, 381, 299, 381, 299, 381, 134, 299, 272, 381, 2, 381, 381, 381, 390, 106, 390, 390, 390, 390, 272, 272, 106, 381, 381, 381, 381, 228, 228, 381, 381, 475, 154, 475, 445, 35, 2, 241, 446, 151, 245, 245, 467, 467, 2, 285, 35, 272, 285, 449, 34, 458, 458, 476, 285, 285, 241, 2, 2, 2, 2, 353, 353, 353, 2, 91, 353, 101, 91, 356, 438, 3, 140, 101, 366, 438, 2, 366, 366, 2, 101, 241, 241, 241, 353, 353, 353, 241, 2, 43, 353, 3, 140, 274, 201, 201, 201, 302, 2, 5, 114, 2, 164, 470, 290, 114, 2, 2, 2, 2, 5, 204, 2, 2, 115, 2, 115, 475, 421, 140, 2, 381, 413, 381, 11, 381, 449, 285, 140, 140, 140, 267, 127, 300, 290, 11, 11, 11, 256, 228, 335, 2, 381, 381, 353, 381, 381, 107, 2, 477, 272, 357, 156, 486, 145, 156, 64, 406, 406, 357, 357, 353, 28, 357, 28, 9, 28, 357, 28, 28, 103, 28, 28, 28, 28, 156, 5, 28, 156, 28, 28, 28, 406, 335, 28, 357, 156, 28, 28, 28, 28, 156, 28, 406, 406, 28, 406, 156, 28, 28, 156, 28, 2, 28, 494, 28, 357, 357, 107, 111, 315, 28, 28, 2, 177, 2, 357, 357, 28, 164, 177, 156, 28, 156, 460, 177, 28, 28, 241, 28, 28, 28, 28, 2, 2, 28, 28, 28, 357, 250, 290, 28, 28, 28, 28, 28, 178, 156, 28, 28, 28, 340, 469, 28, 28, 178, 28, 28, 357, 130, 29, 469, 28, 28, 241, 204, 2, 306, 283, 357, 28, 357, 244, 359, 28, 486, 406, 28, 28, 28, 178, 228, 329, 89, 28, 142, 156, 156, 28, 84, 28, 5, 28, 28, 465, 28, 2, 244, 156, 156, 412, 28, 28, 28, 357, 479, 494, 335, 2, 28, 28, 156, 28, 28, 306, 2, 28, 28, 89, 444, 156, 28, 479, 28, 28, 28, 357, 417, 28, 284, 28, 265, 107, 28, 2, 28, 284, 284, 481, 28, 28, 131, 28, 246, 357, 357, 276, 100, 156, 284, 28, 28, 357, 156, 284, 156, 7, 2, 156, 23, 477, 210, 357, 64, 156, 28, 28, 204, 28, 357, 272, 28, 2, 28, 28, 357, 357, 372, 284, 351, 281, 469, 277, 357, 156, 469, 28, 178, 28, 5, 115, 284, 134, 357, 29, 156, 28, 156, 28, 357, 357, 51, 103, 419, 28, 28, 357, 28, 486, 295, 156, 475, 357, 357, 28, 28, 156, 156, 28, 399, 2, 28, 156, 357, 28, 357, 2, 145, 156, 178, 156, 28, 2, 28, 140, 100, 28, 491, 357, 28, 156, 43, 261, 140, 28, 357, 357, 28, 261, 28, 156, 28, 156, 159, 28, 335, 164, 28, 28, 156, 28, 156, 156, 156, 64, 156, 156, 156, 357, 2, 261, 357, 256, 115, 28, 132, 301, 406, 357, 15, 156, 156, 28, 156, 357, 326, 357, 156, 28, 73, 357, 28, 357, 72, 357, 171, 290, 357, 156, 2, 290, 290, 28, 28, 267, 156, 156, 156, 357, 357, 156, 434, 156, 28, 156, 164, 357, 406, 156, 5, 357, 357, 24, 261, 156, 28, 357, 442, 357, 357, 168, 156, 357, 28, 357, 101, 156, 353, 156, 353, 140, 122, 357, 28, 28, 28, 2, 357, 353, 357, 28, 28, 357, 2, 261, 28, 28, 357, 335, 469, 28, 357, 357, 357, 357, 219, 28, 28, 357, 28, 290, 172, 335, 345, 164, 335, 2, 335, 335, 335, 335, 164, 5, 335, 317, 300, 111, 335, 488, 119, 335, 2, 140, 300, 335, 335, 101, 127, 204, 204, 204, 2, 241, 109, 2, 3, 443, 353, 5, 185, 285, 3, 101, 27, 101, 82, 64, 273, 272, 380, 35, 390, 285, 413, 2, 427, 15, 450, 344, 241, 457, 2, 2, 249, 2, 2, 449, 285, 272, 91, 119, 63, 145, 349, 2, 2, 475, 352, 140, 127, 384, 2, 89, 2, 2, 2, 435, 183, 265, 146, 36, 153, 2, 428, 228, 381, 251, 119, 2, 466, 20, 300, 64, 11, 115, 402, 85, 2, 145, 92, 2, 130, 113, 61, 2, 98, 349, 119, 2, 91, 89, 108, 244, 2, 381, 2, 2, 2, 2, 241, 201, 2, 2, 241, 121, 2, 89, 119, 140, 2, 272, 2, 64, 2, 308, 204, 91, 2, 475, 2, 2, 362, 2, 204, 91, 475, 2, 191, 449, 504, 228, 2, 407, 300, 2, 2, 228, 265, 224, 265, 318, 106, 2, 325, 2, 436, 121, 130, 265, 272, 140, 2, 2, 224, 2, 11, 140, 358, 485, 483, 2, 89, 5, 2, 464, 443, 25, 201, 272, 27, 381, 185, 2, 91, 3, 450, 91, 15, 353, 241, 472, 140, 82, 224, 224, 427, 380, 35, 106, 2, 2, 2, 390, 449, 2, 11, 134, 64, 43, 236, 43, 449, 64, 5, 51, 475, 161, 428, 381, 2, 127, 2, 15, 161, 204, 2, 2, 249, 352, 204, 161, 11, 161, 250, 191, 145, 146, 384, 2, 350, 2, 2, 413, 161, 64, 121, 36, 204, 52, 121, 184, 482, 226, 5, 164, 2, 472, 179, 344, 224, 475, 164, 308, 215, 2, 335, 2, 119, 20, 497, 2, 119, 228, 483, 306, 436, 145, 324, 464, 64, 61, 119, 435, 119, 285, 272, 2, 140, 115, 140, 119, 2, 2, 183, 272, 113, 228, 2, 272, 2, 2, 228, 5, 106, 2, 2, 161, 272, 134, 228, 485, 61, 2, 2, 318, 272, 85, 265, 228, 466, 2, 2, 63, 2, 2, 251, 349, 349, 2, 61, 121, 294, 61, 504, 61, 418, 61, 140, 256, 2, 335, 228, 2, 104, 2, 204, 290, 2, 228, 247, 121, 265, 140, 2, 300, 2, 40, 204, 449, 89, 241, 2, 228, 40, 89, 240, 250, 449, 475, 89, 130, 2, 163, 300, 89, 2, 164, 204, 265, 244, 92, 228, 2, 300, 130, 335, 153, 241, 2, 2, 265, 2, 164, 5, 362, 457, 475, 21, 290, 140, 2, 496, 2, 206, 228, 449, 2, 228, 475, 2, 300, 407, 