{"Run": 5, "K": 461, "WCSSD": 2138.228549107236, "Purity": 0.5207557973089035, "Time": 25.664418935775757, "Kmeans_Labels": [139, 47, 6, 307, 6, 287, 47, 115, 47, 6, 6, 350, 166, 166, 395, 118, 114, 101, 118, 6, 6, 6, 307, 166, 166, 101, 264, 81, 105, 6, 166, 445, 76, 101, 445, 231, 166, 166, 331, 166, 445, 310, 97, 155, 166, 362, 166, 456, 459, 131, 456, 406, 406, 248, 139, 6, 118, 47, 293, 424, 256, 101, 118, 264, 6, 47, 166, 46, 217, 47, 101, 456, 6, 456, 94, 456, 139, 6, 114, 6, 6, 30, 226, 101, 115, 247, 456, 448, 6, 6, 11, 6, 6, 6, 459, 6, 6, 6, 115, 6, 115, 94, 6, 348, 348, 127, 127, 348, 103, 94, 208, 208, 208, 166, 139, 94, 30, 6, 307, 56, 307, 361, 56, 321, 143, 56, 307, 307, 287, 6, 56, 56, 165, 242, 99, 6, 221, 307, 307, 307, 81, 307, 307, 92, 56, 56, 220, 307, 118, 333, 56, 159, 241, 335, 307, 56, 6, 307, 6, 459, 307, 56, 56, 307, 314, 56, 456, 412, 167, 241, 114, 6, 6, 406, 56, 118, 95, 352, 56, 307, 307, 307, 307, 131, 56, 282, 56, 6, 6, 282, 109, 81, 281, 56, 307, 307, 6, 459, 6, 394, 115, 307, 114, 357, 56, 254, 56, 115, 6, 307, 307, 150, 115, 115, 115, 56, 56, 6, 331, 171, 115, 94, 6, 331, 432, 56, 307, 331, 406, 56, 307, 307, 115, 6, 115, 120, 6, 155, 307, 307, 56, 6, 81, 115, 406, 115, 395, 164, 459, 56, 127, 299, 404, 402, 242, 445, 118, 307, 289, 164, 307, 433, 331, 272, 348, 6, 459, 50, 445, 307, 3, 127, 442, 307, 127, 307, 307, 307, 56, 348, 56, 139, 139, 307, 127, 127, 95, 348, 127, 287, 56, 127, 456, 127, 299, 127, 316, 127, 373, 76, 6, 127, 6, 299, 249, 127, 127, 127, 6, 208, 81, 139, 378, 299, 394, 139, 114, 208, 208, 395, 208, 208, 406, 208, 95, 89, 6, 139, 81, 139, 282, 56, 56, 139, 406, 6, 56, 139, 101, 56, 307, 307, 81, 459, 56, 307, 307, 56, 307, 307, 81, 307, 406, 6, 331, 6, 307, 167, 14, 19, 370, 248, 307, 19, 6, 81, 84, 370, 17, 307, 403, 370, 451, 17, 84, 17, 56, 56, 307, 114, 307, 11, 56, 264, 261, 406, 406, 101, 307, 282, 6, 307, 114, 442, 97, 456, 95, 106, 6, 155, 81, 307, 6, 307, 407, 81, 118, 6, 6, 6, 287, 6, 307, 241, 408, 6, 299, 459, 456, 56, 118, 6, 456, 6, 155, 348, 6, 208, 14, 370, 370, 97, 395, 241, 161, 384, 384, 407, 407, 6, 445, 6, 297, 297, 423, 423, 208, 208, 6, 208, 331, 331, 248, 155, 118, 248, 248, 6, 434, 434, 248, 248, 302, 6, 6, 6, 97, 97, 6, 6, 6, 6, 6, 6, 32, 184, 307, 6, 294, 294, 115, 115, 6, 6, 6, 367, 367, 185, 185, 185, 159, 6, 407, 407, 407, 179, 118, 159, 159, 118, 49, 6, 81, 6, 6, 6, 6, 6, 348, 6, 6, 248, 275, 275, 307, 307, 307, 348, 307, 307, 33, 406, 348, 33, 33, 348, 406, 6, 6, 208, 208, 127, 325, 325, 299, 299, 208, 208, 208, 331, 359, 422, 422, 270, 270, 282, 282, 208, 208, 58, 58, 377, 377, 208, 208, 6, 159, 159, 159, 159, 201, 407, 81, 81, 331, 248, 248, 331, 331, 6, 6, 6, 6, 6, 248, 233, 233, 81, 6, 393, 393, 81, 81, 395, 6, 395, 180, 180, 237, 19, 19, 159, 445, 159, 248, 248, 28, 28, 84, 84, 97, 97, 19, 19, 19, 19, 6, 370, 370, 84, 84, 411, 411, 84, 338, 19, 19, 370, 407, 6, 32, 459, 456, 138, 151, 151, 291, 168, 151, 151, 151, 151, 331, 331, 151, 151, 151, 166, 151, 151, 151, 151, 407, 151, 151, 195, 151, 95, 155, 155, 6, 19, 437, 437, 114, 114, 6, 6, 282, 45, 81, 81, 282, 6, 132, 6, 6, 150, 307, 155, 95, 307, 6, 445, 6, 97, 155, 456, 307, 175, 131, 131, 6, 131, 131, 6, 6, 294, 114, 6, 318, 6, 6, 6, 318, 57, 131, 257, 257, 155, 6, 317, 456, 185, 131, 6, 148, 131, 431, 230, 334, 305, 305, 131, 230, 131, 6, 6, 148, 148, 448, 6, 6, 6, 131, 131, 155, 228, 248, 248, 348, 81, 348, 6, 299, 348, 407, 229, 348, 348, 348, 208, 70, 348, 208, 208, 208, 208, 208, 348, 325, 139, 208, 208, 325, 348, 395, 208, 348, 139, 208, 139, 359, 6, 240, 208, 208, 208, 282, 6, 208, 208, 208, 154, 58, 58, 208, 58, 199, 11, 208, 208, 208, 208, 208, 154, 258, 131, 208, 6, 208, 6, 139, 258, 258, 81, 59, 59, 59, 59, 6, 6, 6, 59, 208, 208, 208, 216, 67, 67, 216, 75, 248, 445, 248, 233, 248, 407, 233, 118, 248, 104, 104, 200, 200, 180, 6, 248, 81, 6, 237, 248, 6, 6, 248, 248, 248, 248, 248, 248, 248, 248, 370, 370, 370, 248, 84, 19, 19, 84, 95, 370, 19, 114, 183, 19, 370, 248, 19, 19, 407, 183, 114, 114, 406, 370, 162, 322, 208, 82, 208, 370, 84, 248, 94, 265, 265, 265, 370, 6, 118, 118, 131, 30, 6, 6, 6, 118, 407, 6, 6, 131, 6, 6, 6, 269, 118, 448, 288, 222, 114, 118, 208, 299, 208, 287, 445, 30, 287, 114, 114, 114, 387, 6, 6, 6, 6, 114, 6, 167, 101, 406, 6, 139, 208, 370, 139, 208, 6, 6, 80, 6, 319, 410, 6, 440, 65, 155, 144, 144, 319, 454, 19, 387, 80, 10, 290, 262, 262, 387, 387, 30, 262, 262, 10, 387, 65, 306, 387, 65, 387, 387, 387, 10, 30, 262, 80, 65, 387, 262, 387, 262, 65, 387, 144, 144, 262, 144, 65, 262, 10, 65, 10, 6, 10, 73, 387, 319, 268, 6, 287, 65, 10, 387, 224, 107, 131, 80, 10, 262, 30, 95, 65, 387, 177, 387, 264, 10, 262, 456, 387, 387, 387, 387, 6, 6, 387, 387, 10, 319, 406, 20, 10, 157, 387, 304, 387, 387, 65, 10, 10, 10, 387, 337, 196, 420, 10, 387, 387, 319, 47, 300, 337, 387, 387, 456, 189, 6, 352, 6, 319, 10, 319, 97, 65, 387, 306, 144, 80, 209, 387, 51, 142, 418, 32, 387, 65, 65, 65, 387, 65, 387, 281, 387, 262, 401, 262, 72, 97, 65, 65, 387, 387, 351, 387, 319, 80, 10, 407, 6, 387, 10, 65, 387, 387, 352, 6, 387, 387, 32, 319, 65, 10, 245, 387, 387, 387, 319, 319, 387, 65, 387, 126, 6, 262, 10, 202, 10, 65, 337, 387, 387, 166, 387, 6, 454, 319, 6, 353, 65, 65, 387, 387, 319, 65, 65, 65, 387, 6, 65, 16, 80, 260, 319, 155, 65, 387, 387, 282, 387, 319, 6, 387, 6, 387, 262, 319, 202, 6, 65, 10, 65, 337, 282, 319, 410, 337, 387, 387, 387, 141, 448, 331, 358, 319, 300, 65, 80, 80, 10, 319, 319, 222, 30, 262, 387, 262, 319, 262, 6, 313, 65, 6, 319, 319, 225, 262, 65, 65, 387, 6, 6, 387, 65, 319, 387, 319, 6, 348, 65, 387, 65, 262, 110, 387, 30, 228, 10, 65, 319, 387, 65, 139, 426, 114, 387, 246, 457, 387, 426, 387, 65, 387, 65, 6, 387, 126, 30, 31, 387, 65, 387, 65, 65, 65, 155, 65, 65, 65, 457, 445, 426, 319, 167, 448, 10, 387, 319, 144, 10, 287, 65, 65, 10, 65, 319, 6, 319, 65, 382, 387, 10, 77, 53, 65, 10, 262, 105, 457, 65, 6, 105, 167, 10, 10, 387, 65, 65, 65, 319, 319, 65, 319, 65, 262, 65, 30, 319, 144, 65, 6, 10, 319, 80, 426, 327, 387, 457, 264, 454, 10, 10, 65, 38, 387, 319, 19, 65, 19, 65, 39, 30, 65, 319, 387, 387, 387, 174, 319, 370, 457, 387, 262, 319, 6, 426, 10, 387, 319, 282, 337, 262, 319, 387, 319, 80, 457, 10, 10, 319, 387, 388, 445, 406, 176, 282, 406, 287, 406, 406, 406, 406, 30, 281, 406, 6, 307, 287, 406, 6, 331, 406, 330, 114, 348, 406, 406, 19, 443, 432, 432, 432, 6, 87, 307, 445, 370, 63, 370, 118, 19, 6, 135, 19, 411, 19, 331, 155, 47, 395, 118, 146, 208, 11, 360, 6, 68, 287, 84, 222, 30, 35, 6, 139, 248, 6, 6, 274, 248, 185, 84, 331, 6, 348, 226, 248, 208, 6, 208, 114, 456, 299, 6, 111, 6, 36, 295, 439, 6, 81, 212, 331, 6, 152, 58, 101, 445, 131, 331, 6, 6, 402, 6, 155, 6, 269, 208, 294, 163, 348, 445, 6, 6, 371, 26, 449, 248, 226, 331, 6, 84, 106, 29, 437, 6, 208, 302, 96, 6, 248, 280, 265, 131, 131, 456, 95, 302, 32, 342, 182, 6, 6, 6, 155, 6, 127, 188, 84, 6, 156, 6, 415, 6, 86, 178, 84, 6, 139, 208, 6, 6, 203, 118, 6, 145, 6, 6, 40, 81, 456, 81, 355, 301, 139, 14, 6, 448, 95, 47, 81, 248, 114, 445, 381, 43, 374, 406, 447, 456, 186, 131, 407, 32, 459, 6, 456, 63, 406, 265, 248, 411, 208, 19, 445, 84, 135, 84, 84, 287, 370, 280, 445, 114, 331, 395, 43, 68, 118, 146, 159, 6, 139, 248, 208, 274, 139, 406, 75, 263, 208, 155, 208, 76, 155, 445, 222, 6, 290, 58, 445, 6, 456, 0, 298, 290, 445, 6, 208, 248, 208, 406, 6, 6, 118, 307, 208, 348, 212, 299, 6, 407, 415, 6, 360, 290, 155, 95, 331, 6, 406, 95, 127, 30, 282, 459, 383, 449, 445, 456, 222, 445, 30, 287, 127, 30, 6, 406, 118, 331, 402, 27, 6, 331, 101, 131, 352, 448, 348, 74, 456, 155, 26, 342, 439, 331, 6, 395, 295, 395, 269, 6, 331, 6, 381, 6, 185, 371, 101, 11, 318, 152, 6, 203, 131, 301, 445, 6, 290, 6, 6, 101, 186, 90, 407, 6, 355, 6, 294, 81, 101, 6, 187, 131, 6, 118, 6, 131, 226, 226, 248, 90, 95, 407, 22, 6, 90, 118, 90, 447, 167, 6, 406, 101, 155, 456, 374, 188, 95, 36, 102, 456, 95, 81, 206, 452, 95, 32, 52, 445, 32, 111, 456, 6, 101, 52, 32, 32, 4, 6, 156, 32, 47, 6, 264, 6, 106, 6, 412, 6, 