{"Run": 12, "K": 654, "WCSSD": 1946.578114191114, "Purity": 0.5373604351560264, "Time": 38.38634896278381, "Kmeans_Labels": [34, 416, 84, 603, 4, 4, 238, 243, 133, 262, 4, 621, 20, 20, 540, 484, 205, 3, 118, 118, 118, 4, 621, 20, 282, 3, 118, 3, 580, 261, 118, 118, 580, 3, 118, 4, 20, 20, 234, 20, 118, 46, 29, 407, 20, 4, 282, 118, 4, 396, 341, 635, 635, 4, 34, 640, 187, 3, 176, 180, 187, 3, 4, 630, 158, 13, 20, 416, 20, 158, 203, 341, 4, 115, 273, 4, 605, 189, 283, 4, 170, 4, 221, 3, 119, 4, 401, 102, 4, 262, 4, 343, 593, 4, 4, 4, 621, 596, 119, 4, 119, 273, 4, 256, 256, 46, 46, 256, 578, 273, 549, 578, 486, 20, 34, 273, 150, 4, 4, 12, 170, 621, 12, 176, 4, 12, 121, 176, 170, 286, 12, 12, 286, 57, 4, 580, 4, 4, 4, 4, 72, 176, 176, 580, 12, 12, 4, 4, 187, 176, 12, 583, 182, 580, 4, 12, 4, 4, 176, 4, 456, 12, 192, 4, 46, 570, 115, 237, 609, 115, 205, 4, 4, 635, 12, 576, 61, 146, 12, 57, 341, 57, 568, 613, 560, 4, 12, 4, 57, 171, 170, 72, 556, 12, 4, 417, 4, 181, 420, 357, 119, 4, 205, 61, 12, 119, 12, 119, 490, 4, 4, 4, 119, 119, 119, 12, 12, 262, 234, 72, 119, 273, 4, 234, 193, 12, 4, 234, 635, 12, 4, 4, 39, 4, 119, 508, 262, 580, 57, 4, 12, 4, 268, 119, 635, 262, 355, 248, 181, 12, 262, 46, 4, 220, 57, 118, 86, 417, 12, 94, 1, 489, 234, 84, 256, 4, 181, 31, 621, 357, 621, 368, 584, 417, 46, 84, 635, 4, 12, 256, 12, 117, 34, 4, 46, 141, 61, 256, 46, 170, 12, 453, 464, 46, 4, 46, 214, 46, 549, 4, 4, 631, 4, 4, 234, 46, 46, 46, 46, 649, 72, 34, 4, 4, 262, 34, 4, 549, 549, 4, 549, 549, 635, 549, 61, 234, 4, 90, 72, 549, 580, 12, 12, 34, 635, 4, 12, 34, 3, 12, 4, 621, 72, 181, 12, 635, 4, 12, 617, 4, 332, 1, 635, 4, 234, 4, 84, 545, 19, 292, 628, 394, 98, 442, 549, 139, 148, 628, 12, 4, 349, 443, 148, 12, 148, 12, 12, 12, 4, 205, 4, 621, 12, 421, 235, 635, 635, 3, 4, 4, 4, 4, 138, 584, 4, 4, 61, 101, 4, 407, 281, 198, 176, 4, 4, 72, 187, 4, 125, 4, 84, 4, 158, 115, 541, 207, 575, 181, 115, 12, 115, 175, 4, 4, 407, 256, 103, 451, 166, 628, 628, 297, 4, 115, 4, 286, 286, 580, 580, 4, 176, 4, 583, 583, 262, 262, 549, 549, 4, 549, 234, 234, 549, 407, 4, 628, 628, 1, 406, 406, 4, 4, 290, 426, 426, 580, 158, 158, 176, 158, 158, 158, 176, 158, 307, 72, 4, 4, 439, 439, 119, 119, 4, 262, 262, 4, 4, 185, 185, 185, 583, 532, 277, 277, 341, 35, 373, 197, 197, 366, 119, 277, 58, 100, 100, 103, 262, 262, 256, 84, 84, 4, 84, 84, 4, 4, 547, 170, 547, 435, 469, 588, 435, 469, 469, 435, 588, 578, 4, 46, 46, 46, 578, 578, 581, 581, 578, 578, 549, 234, 549, 46, 46, 549, 549, 57, 57, 47, 47, 47, 47, 256, 256, 549, 549, 57, 206, 206, 206, 206, 101, 43, 72, 72, 597, 494, 494, 234, 234, 4, 4, 467, 467, 57, 4, 4, 4, 72, 332, 57, 57, 332, 332, 345, 4, 4, 369, 369, 170, 50, 50, 583, 118, 583, 118, 118, 148, 148, 526, 526, 25, 25, 80, 80, 428, 428, 4, 628, 628, 148, 148, 148, 148, 321, 321, 80, 80, 628, 4, 4, 101, 390, 115, 104, 645, 104, 104, 104, 104, 104, 104, 104, 558, 234, 104, 104, 104, 20, 104, 104, 104, 104, 621, 104, 104, 104, 128, 61, 170, 407, 4, 80, 421, 421, 441, 441, 426, 426, 621, 259, 503, 503, 621, 170, 4, 170, 158, 4, 176, 376, 61, 176, 4, 118, 4, 146, 376, 507, 522, 205, 275, 275, 4, 534, 534, 4, 4, 226, 358, 4, 158, 4, 4, 4, 4, 17, 28, 4, 4, 407, 262, 185, 341, 185, 337, 262, 337, 4, 185, 262, 262, 396, 341, 337, 262, 4, 262, 100, 337, 337, 17, 4, 100, 100, 520, 262, 407, 215, 4, 4, 256, 256, 256, 70, 256, 256, 4, 549, 256, 256, 578, 47, 549, 256, 324, 46, 549, 324, 578, 578, 578, 256, 549, 578, 578, 578, 444, 549, 578, 34, 549, 578, 549, 4, 583, 549, 549, 549, 4, 4, 549, 549, 549, 47, 47, 47, 549, 47, 384, 47, 47, 47, 322, 322, 549, 47, 549, 188, 322, 4, 549, 4, 587, 549, 549, 403, 583, 638, 638, 638, 602, 632, 632, 583, 549, 549, 322, 549, 3, 3, 549, 4, 626, 621, 626, 210, 4, 4, 210, 57, 4, 379, 379, 478, 478, 574, 4, 4, 34, 4, 170, 56, 4, 4, 4, 4, 4, 635, 4, 4, 4, 4, 628, 628, 628, 4, 526, 628, 165, 148, 61, 628, 80, 205, 80, 483, 628, 25, 483, 483, 4, 80, 26, 26, 286, 628, 628, 628, 4, 4, 4, 628, 148, 313, 273, 286, 286, 286, 628, 580, 304, 158, 38, 60, 158, 211, 158, 187, 4, 4, 4, 4, 4, 621, 179, 76, 4, 17, 84, 84, 205, 4, 549, 256, 578, 47, 615, 170, 4, 205, 205, 205, 67, 64, 176, 580, 222, 205, 57, 528, 263, 635, 4, 34, 549, 628, 34, 549, 495, 249, 30, 262, 30, 111, 122, 256, 347, 407, 242, 147, 30, 30, 628, 477, 30, 140, 286, 79, 229, 229, 229, 89, 229, 229, 196, 229, 111, 122, 569, 111, 229, 229, 229, 147, 293, 229, 30, 111, 229, 229, 229, 229, 83, 229, 147, 293, 594, 111, 465, 229, 229, 111, 196, 4, 229, 196, 229, 30, 30, 495, 170, 111, 196, 229, 341, 194, 4, 30, 196, 229, 170, 537, 120, 229, 111, 229, 63, 93, 229, 4, 229, 229, 229, 229, 495, 4, 229, 229, 196, 30, 635, 580, 196, 229, 173, 229, 229, 167, 111, 225, 196, 196, 229, 245, 229, 338, 196, 229, 229, 30, 280, 4, 245, 229, 229, 13, 481, 4, 146, 4, 30, 196, 196, 421, 111, 229, 122, 111, 196, 229, 229, 196, 3, 30, 101, 124, 152, 330, 111, 196, 111, 229, 556, 229, 229, 30, 229, 4, 4, 111, 111, 196, 229, 488, 229, 30, 30, 196, 635, 4, 229, 196, 111, 229, 229, 146, 249, 229, 229, 101, 30, 111, 196, 556, 229, 229, 229, 30, 30, 229, 111, 229, 72, 4, 414, 196, 229, 87, 111, 196, 229, 227, 20, 229, 4, 352, 30, 4, 215, 111, 126, 229, 229, 30, 296, 111, 111, 229, 4, 111, 24, 30, 229, 30, 407, 111, 229, 229, 171, 229, 30, 262, 229, 69, 229, 229, 30, 30, 572, 239, 196, 111, 245, 635, 30, 111, 147, 229, 229, 229, 556, 17, 239, 188, 595, 4, 239, 229, 410, 229, 186, 452, 84, 89, 36, 149, 229, 30, 229, 122, 229, 111, 84, 30, 30, 229, 229, 111, 111, 229, 151, 4, 229, 111, 30, 229, 459, 4, 496, 111, 196, 111, 229, 540, 457, 455, 196, 196, 111, 375, 229, 111, 34, 651, 205, 229, 30, 30, 229, 448, 229, 111, 229, 111, 4, 196, 635, 60, 229, 229, 111, 229, 111, 347, 111, 407, 111, 111, 111, 30, 118, 448, 30, 609, 17, 229, 229, 154, 242, 229, 635, 111, 45, 229, 111, 30, 4, 30, 111, 229, 229, 196, 229, 30, 71, 30, 229, 580, 30, 111, 4, 371, 411, 279, 229, 67, 111, 88, 111, 30, 462, 111, 77, 111, 229, 111, 60, 30, 147, 52, 170, 196, 325, 30, 448, 265, 229, 30, 421, 30, 196, 519, 111, 30, 54, 325, 80, 111, 628, 111, 196, 455, 111, 30, 229, 229, 477, 391, 30, 434, 30, 229, 229, 30, 4, 448, 385, 229, 30, 635, 245, 229, 30, 229, 223, 30, 91, 140, 196, 30, 229, 580, 621, 635, 4, 237, 635, 170, 635, 635, 635, 635, 1, 556, 635, 4, 176, 170, 635, 498, 234, 635, 118, 216, 176, 635, 635, 15, 328, 193, 193, 193, 4, 310, 354, 118, 628, 424, 628, 257, 131, 98, 542, 80, 433, 80, 4, 407, 416, 262, 4, 4, 602, 4, 554, 4, 653, 118, 415, 84, 1, 4, 286, 514, 4, 4, 4, 137, 359, 185, 148, 234, 57, 49, 221, 4, 620, 84, 578, 4, 436, 344, 1, 101, 170, 118, 652, 269, 319, 72, 256, 511, 4, 4, 47, 3, 615, 348, 234, 4, 226, 277, 176, 407, 253, 76, 549, 226, 4, 256, 178, 204, 621, 580, 35, 635, 4, 221, 624, 170, 148, 101, 579, 421, 4, 549, 290, 118, 4, 286, 4, 80, 318, 4, 13, 61, 290, 101, 234, 216, 527, 387, 4, 407, 4, 46, 306, 308, 4, 476, 4, 429, 158, 4, 1, 526, 84, 34, 324, 170, 4, 3, 286, 4, 176, 118, 4, 3, 72, 635, 72, 170, 298, 492, 19, 4, 17, 4, 416, 72, 267, 205, 585, 118, 633, 4, 57, 621, 377, 582, 4, 4, 101, 170, 170, 440, 424, 598, 80, 267, 433, 549, 131, 585, 148, 542, 415, 526, 118, 628, 4, 118, 4, 4, 4, 633, 653, 4, 4, 112, 4, 514, 4, 602, 137, 492, 57, 188, 407, 549, 407, 47, 1, 407, 286, 84, 84, 286, 47, 615, 3, 436, 137, 4, 286, 1, 4, 620, 4, 578, 252, 286, 253, 187, 621, 324, 256, 256, 344, 4, 84, 429, 170, 554, 286, 407, 61, 511, 4, 286, 61, 46, 635, 294, 170, 286, 635, 118, 286, 84, 621, 84, 1, 46, 621, 4, 635, 286, 624, 277, 4, 4, 234, 481, 4, 146, 17, 49, 566, 440, 407, 35, 234, 269, 234, 4, 262, 652, 635, 76, 4, 234, 4, 118, 319, 185, 580, 3, 4, 118, 4, 4, 3, 4, 298, 73, 4, 286, 422, 564, 336, 582, 35, 509, 301, 170, 387, 226, 72, 228, 226, 4, 4, 57, 4, 204, 348, 221, 221, 286, 35, 4, 4, 35, 4, 35, 187, 35, 621, 191, 4, 635, 3, 10, 13, 4, 306, 580, 118, 228, 170, 61, 72, 205, 4, 382, 101, 33, 136, 517, 101, 13, 527, 3, 33, 386, 367, 544, 170, 476, 101, 416, 4, 23, 383, 101, 4, 237, 341, 72, 146, 178, 3, 118, 176, 621, 621, 4, 