{"Run": 7, "K": 363, "WCSSD": 2270.2125217733, "Purity": 0.3731611589591692, "Time": 18.898425102233887, "Kmeans_Labels": [341, 274, 15, 167, 11, 11, 274, 88, 274, 11, 11, 16, 11, 47, 11, 11, 11, 204, 11, 64, 11, 11, 259, 47, 47, 204, 190, 204, 78, 11, 1, 11, 78, 204, 64, 11, 47, 47, 42, 47, 11, 269, 292, 115, 47, 11, 47, 11, 11, 143, 11, 109, 109, 190, 11, 107, 11, 204, 167, 167, 230, 204, 204, 285, 107, 326, 47, 274, 47, 107, 204, 357, 11, 11, 20, 11, 11, 11, 217, 11, 11, 11, 11, 204, 88, 11, 11, 21, 11, 11, 11, 11, 342, 11, 11, 46, 11, 54, 88, 11, 88, 20, 186, 305, 305, 105, 297, 305, 11, 20, 292, 292, 292, 47, 11, 20, 125, 11, 11, 2, 11, 11, 2, 167, 167, 2, 109, 167, 233, 9, 293, 2, 100, 11, 11, 78, 11, 11, 11, 11, 22, 167, 167, 78, 2, 2, 11, 11, 11, 167, 2, 185, 11, 78, 11, 2, 11, 251, 167, 11, 11, 2, 2, 11, 105, 2, 11, 9, 30, 11, 45, 11, 11, 109, 2, 11, 285, 8, 2, 11, 11, 11, 80, 80, 2, 298, 2, 190, 11, 298, 343, 22, 190, 2, 167, 167, 11, 233, 11, 59, 88, 259, 45, 285, 2, 65, 2, 88, 11, 11, 259, 11, 88, 88, 65, 2, 2, 11, 42, 22, 88, 20, 11, 42, 9, 2, 129, 42, 109, 184, 11, 11, 88, 11, 88, 9, 11, 78, 322, 11, 2, 11, 22, 88, 109, 88, 190, 300, 233, 2, 105, 105, 11, 120, 233, 259, 2, 11, 2, 300, 109, 75, 42, 28, 305, 11, 233, 305, 9, 11, 11, 105, 109, 11, 105, 11, 109, 11, 310, 305, 2, 105, 284, 11, 105, 105, 285, 305, 105, 233, 2, 105, 11, 105, 189, 105, 11, 105, 292, 233, 11, 105, 11, 190, 42, 105, 105, 105, 105, 292, 22, 284, 11, 11, 11, 284, 312, 292, 292, 11, 292, 292, 109, 292, 285, 42, 11, 87, 22, 292, 78, 2, 2, 341, 109, 316, 2, 11, 204, 2, 11, 190, 22, 233, 2, 109, 11, 2, 11, 11, 22, 109, 109, 11, 243, 11, 28, 30, 23, 193, 361, 11, 227, 193, 292, 22, 193, 361, 2, 11, 361, 361, 315, 2, 315, 2, 2, 2, 190, 45, 109, 109, 2, 11, 11, 109, 109, 48, 276, 265, 11, 11, 45, 11, 11, 11, 285, 87, 11, 115, 22, 11, 126, 11, 325, 22, 11, 167, 167, 11, 11, 11, 107, 11, 274, 11, 105, 233, 11, 2, 109, 33, 11, 11, 115, 305, 11, 292, 23, 361, 275, 8, 11, 233, 11, 109, 109, 78, 78, 11, 208, 11, 185, 185, 236, 236, 292, 292, 11, 292, 42, 42, 292, 115, 11, 190, 190, 233, 193, 193, 190, 190, 11, 362, 362, 78, 107, 107, 76, 107, 107, 107, 167, 107, 87, 22, 11, 11, 342, 342, 88, 88, 11, 143, 143, 11, 11, 143, 143, 11, 185, 11, 120, 120, 11, 63, 49, 171, 171, 49, 88, 120, 22, 11, 11, 11, 223, 143, 305, 229, 229, 11, 11, 11, 11, 11, 287, 11, 360, 167, 202, 11, 305, 202, 202, 305, 11, 11, 167, 349, 349, 105, 292, 292, 11, 11, 292, 292, 292, 42, 292, 105, 105, 59, 59, 11, 11, 292, 292, 354, 354, 305, 305, 257, 279, 11, 185, 185, 185, 185, 87, 11, 113, 113, 42, 41, 41, 42, 42, 11, 11, 11, 11, 11, 11, 11, 11, 22, 11, 11, 11, 11, 11, 233, 147, 233, 11, 11, 233, 361, 361, 84, 109, 84, 190, 190, 315, 315, 315, 315, 190, 190, 193, 193, 193, 193, 11, 361, 361, 315, 315, 330, 330, 190, 315, 193, 193, 359, 11, 11, 87, 204, 11, 329, 329, 329, 329, 329, 329, 329, 329, 329, 42, 42, 329, 329, 329, 47, 256, 290, 329, 192, 9, 245, 329, 329, 329, 285, 115, 115, 11, 193, 239, 239, 45, 45, 268, 268, 216, 11, 107, 107, 109, 89, 11, 89, 107, 143, 167, 115, 285, 167, 11, 11, 11, 8, 115, 11, 167, 45, 143, 143, 11, 143, 143, 11, 11, 342, 45, 11, 107, 11, 11, 11, 143, 21, 81, 143, 143, 62, 143, 11, 11, 11, 143, 11, 143, 143, 11, 143, 143, 143, 11, 143, 143, 143, 11, 11, 143, 143, 21, 11, 11, 11, 143, 11, 143, 209, 11, 11, 305, 22, 301, 28, 155, 305, 232, 292, 155, 305, 11, 349, 292, 305, 292, 349, 349, 292, 349, 11, 292, 305, 197, 292, 292, 305, 11, 292, 305, 292, 292, 292, 292, 11, 185, 292, 261, 292, 233, 233, 292, 292, 292, 292, 150, 136, 292, 150, 292, 109, 292, 292, 292, 292, 292, 292, 292, 143, 292, 292, 292, 11, 292, 292, 292, 11, 185, 292, 292, 292, 11, 5, 5, 185, 292, 292, 292, 292, 204, 204, 292, 292, 11, 11, 11, 295, 191, 22, 295, 11, 266, 11, 11, 292, 292, 11, 11, 191, 11, 11, 190, 190, 304, 304, 11, 11, 11, 190, 190, 190, 11, 11, 361, 55, 55, 190, 315, 193, 193, 315, 285, 18, 193, 45, 193, 190, 18, 190, 190, 190, 11, 193, 190, 190, 190, 361, 361, 361, 190, 11, 190, 361, 330, 190, 20, 190, 190, 190, 361, 78, 190, 107, 143, 11, 107, 78, 107, 11, 11, 11, 11, 143, 11, 11, 11, 21, 11, 21, 28, 28, 45, 11, 292, 305, 292, 11, 134, 11, 190, 45, 45, 45, 123, 11, 167, 78, 11, 45, 190, 30, 204, 109, 11, 127, 292, 361, 127, 292, 11, 11, 286, 11, 338, 71, 11, 305, 71, 115, 71, 57, 286, 286, 193, 58, 286, 116, 9, 58, 286, 58, 58, 149, 58, 58, 159, 58, 71, 101, 58, 157, 58, 58, 210, 57, 57, 58, 286, 71, 58, 58, 58, 58, 71, 58, 57, 57, 58, 71, 71, 58, 58, 71, 58, 11, 58, 254, 58, 286, 99, 11, 233, 71, 58, 58, 11, 52, 143, 286, 286, 58, 9, 219, 71, 58, 336, 58, 11, 58, 58, 11, 58, 58, 58, 58, 11, 11, 58, 178, 3, 286, 109, 78, 58, 58, 122, 58, 58, 58, 71, 58, 58, 58, 36, 9, 58, 58, 58, 58, 58, 206, 274, 118, 286, 58, 58, 326, 9, 11, 244, 11, 286, 58, 286, 11, 71, 58, 101, 71, 58, 58, 58, 58, 204, 286, 87, 58, 71, 71, 71, 58, 71, 58, 190, 58, 58, 286, 58, 11, 11, 71, 71, 58, 58, 58, 58, 286, 286, 286, 11, 11, 58, 58, 71, 58, 3, 8, 11, 58, 58, 87, 286, 71, 58, 58, 58, 333, 58, 286, 286, 58, 71, 58, 22, 11, 58, 11, 58, 68, 71, 58, 58, 58, 47, 58, 11, 286, 286, 11, 339, 194, 71, 58, 58, 286, 71, 71, 71, 58, 11, 71, 69, 286, 58, 286, 9, 71, 58, 58, 298, 323, 286, 11, 58, 11, 58, 58, 338, 286, 156, 71, 106, 71, 9, 9, 286, 71, 57, 58, 58, 58, 190, 21, 71, 11, 286, 145, 71, 58, 286, 58, 286, 286, 28, 149, 58, 58, 58, 286, 58, 11, 58, 71, 146, 286, 286, 58, 58, 71, 71, 58, 11, 11, 58, 71, 347, 58, 286, 11, 305, 71, 58, 71, 58, 11, 58, 249, 305, 58, 71, 286, 58, 71, 292, 71, 45, 58, 296, 286, 58, 190, 58, 71, 110, 71, 11, 58, 345, 9, 58, 58, 71, 58, 273, 71, 71, 115, 71, 71, 71, 286, 124, 58, 286, 30, 21, 58, 31, 286, 71, 258, 9, 71, 71, 58, 71, 286, 9, 286, 71, 58, 58, 286, 58, 286, 71, 50, 58, 78, 286, 71, 11, 78, 78, 58, 58, 123, 71, 71, 71, 286, 286, 71, 286, 71, 263, 32, 9, 286, 57, 71, 9, 286, 286, 286, 190, 71, 58, 286, 92, 286, 286, 286, 71, 286, 58, 286, 193, 71, 193, 71, 361, 249, 337, 286, 58, 58, 58, 109, 286, 361, 286, 58, 58, 286, 356, 286, 58, 58, 286, 9, 9, 58, 286, 58, 286, 286, 286, 116, 58, 286, 58, 78, 224, 109, 9, 9, 109, 11, 109, 109, 109, 109, 9, 190, 109, 11, 167, 233, 109, 78, 66, 109, 11, 45, 167, 109, 109, 193, 11, 9, 9, 9, 11, 180, 11, 11, 211, 11, 361, 34, 193, 227, 193, 193, 330, 193, 233, 115, 86, 11, 11, 191, 292, 109, 109, 11, 11, 85, 190, 152, 9, 246, 11, 292, 174, 105, 11, 11, 190, 11, 315, 42, 11, 305, 11, 11, 292, 167, 292, 11, 204, 305, 11, 87, 11, 11, 11, 42, 11, 22, 305, 42, 11, 11, 136, 204, 134, 143, 335, 348, 342, 120, 167, 115, 328, 21, 292, 342, 132, 305, 187, 11, 109, 78, 63, 11, 11, 11, 42, 11, 315, 87, 107, 239, 11, 292, 11, 120, 11, 11, 190, 193, 143, 324, 326, 285, 11, 87, 42, 9, 11, 302, 11, 115, 11, 344, 9, 315, 11, 87, 11, 11, 107, 11, 11, 315, 11, 11, 349, 11, 11, 204, 11, 11, 104, 11, 11, 204, 22, 39, 200, 11, 68, 331, 23, 11, 21, 11, 274, 22, 190, 250, 11, 11, 73, 140, 233, 9, 326, 11, 83, 11, 242, 334, 11, 11, 11, 154, 193, 190, 330, 292, 193, 11, 315, 193, 190, 315, 85, 361, 190, 11, 11, 233, 11, 73, 11, 11, 191, 185, 11, 292, 11, 292, 11, 331, 233, 11, 115, 292, 115, 292, 109, 115, 109, 28, 11, 154, 136, 134, 204, 204, 11, 9, 154, 224, 11, 292, 174, 292, 109, 109, 328, 109, 9, 349, 305, 305, 305, 105, 11, 11, 11, 109, 154, 115, 195, 42, 64, 109, 285, 105, 175, 252, 11, 233, 11, 11, 109, 152, 224, 28, 109, 344, 218, 11, 109, 11, 42, 120, 11, 11, 42, 204, 83, 8, 21, 305, 11, 11, 115, 63, 42, 42, 42, 11, 11, 11, 233, 21, 11, 335, 11, 11, 11, 11, 78, 204, 233, 143, 11, 11, 204, 143, 68, 11, 11, 154, 11, 11, 204, 11, 63, 11, 11, 11, 302, 342, 22, 204, 342, 109, 324, 11, 11, 11, 143, 11, 11, 11, 63, 11, 11, 63, 11, 248, 11, 63, 9, 30, 348, 109, 133, 11, 309, 140, 9, 285, 11, 204, 204, 204, 22, 45, 53, 167, 87, 87, 9, 274, 87, 326, 11, 204, 109, 142, 142, 109, 11, 87, 87, 274, 11, 288, 167, 87, 9, 9, 9, 200, 56, 187, 204, 11, 104, 109, 109, 11, 9, 120, 11, 22, 11, 11, 334, 107, 246, 167, 234, 294, 233, 11, 11, 11, 11, 204, 203, 143, 204, 11, 143, 167, 11,