{"Run": 13, "K": 497, "WCSSD": 2106.0704529679883, "Purity": 0.4282365174278549, "Time": 28.823709964752197, "Kmeans_Labels": [400, 330, 9, 272, 21, 374, 372, 111, 296, 124, 21, 195, 108, 380, 242, 330, 21, 330, 321, 17, 21, 21, 220, 380, 108, 330, 271, 28, 17, 376, 108, 21, 17, 21, 264, 330, 108, 108, 195, 108, 321, 372, 107, 106, 108, 21, 108, 383, 133, 21, 359, 374, 374, 274, 424, 64, 21, 361, 272, 272, 21, 330, 21, 425, 64, 58, 108, 330, 302, 64, 108, 359, 21, 101, 183, 359, 146, 21, 21, 21, 21, 129, 245, 359, 111, 192, 101, 62, 21, 21, 21, 454, 98, 474, 255, 21, 359, 21, 111, 359, 111, 183, 21, 196, 196, 372, 372, 196, 21, 377, 441, 265, 40, 108, 424, 183, 315, 21, 271, 138, 294, 359, 138, 272, 272, 138, 359, 272, 330, 296, 138, 12, 383, 330, 418, 160, 21, 271, 271, 271, 28, 155, 272, 17, 138, 138, 21, 271, 21, 272, 138, 14, 105, 17, 271, 138, 21, 21, 272, 133, 21, 138, 138, 21, 21, 138, 101, 321, 16, 105, 138, 21, 132, 374, 138, 21, 33, 52, 138, 21, 359, 21, 391, 391, 138, 21, 138, 271, 21, 387, 379, 28, 271, 138, 272, 63, 21, 83, 21, 99, 111, 220, 73, 33, 138, 111, 138, 370, 101, 271, 220, 297, 111, 111, 111, 138, 138, 474, 195, 28, 111, 183, 21, 479, 74, 138, 23, 195, 374, 138, 21, 21, 111, 21, 111, 21, 49, 17, 271, 21, 138, 21, 28, 77, 374, 111, 77, 21, 83, 138, 489, 372, 278, 154, 330, 220, 138, 63, 138, 21, 271, 424, 195, 9, 196, 21, 83, 196, 21, 33, 21, 372, 379, 63, 372, 9, 397, 220, 138, 196, 138, 424, 424, 21, 372, 372, 33, 196, 372, 330, 181, 372, 164, 40, 21, 372, 21, 372, 40, 17, 21, 431, 21, 383, 383, 372, 372, 372, 21, 40, 28, 424, 21, 315, 21, 424, 129, 40, 40, 17, 40, 40, 374, 40, 33, 195, 404, 424, 15, 251, 17, 117, 138, 400, 374, 2, 138, 424, 220, 312, 285, 405, 28, 83, 138, 271, 264, 138, 87, 383, 28, 271, 374, 21, 195, 21, 9, 16, 492, 56, 56, 359, 488, 56, 40, 28, 56, 56, 467, 271, 56, 56, 280, 467, 483, 467, 138, 138, 271, 21, 271, 418, 138, 21, 21, 374, 374, 271, 272, 129, 21, 133, 9, 379, 107, 21, 33, 162, 396, 172, 28, 271, 272, 271, 379, 28, 21, 272, 272, 65, 9, 129, 64, 101, 264, 21, 372, 83, 101, 138, 101, 272, 101, 296, 106, 196, 296, 424, 492, 56, 300, 107, 55, 101, 21, 271, 271, 17, 17, 321, 272, 296, 14, 14, 379, 379, 40, 40, 321, 40, 195, 195, 386, 106, 17, 56, 56, 76, 427, 427, 21, 21, 21, 188, 188, 123, 64, 64, 262, 64, 64, 64, 272, 64, 162, 28, 330, 21, 46, 46, 111, 111, 21, 474, 474, 109, 109, 474, 474, 349, 14, 21, 154, 154, 359, 35, 21, 14, 14, 330, 111, 154, 28, 474, 474, 296, 474, 474, 196, 9, 9, 21, 9, 9, 264, 264, 55, 21, 55, 272, 196, 21, 196, 196, 196, 196, 21, 474, 272, 40, 40, 372, 332, 332, 21, 21, 40, 40, 40, 195, 288, 233, 233, 99, 99, 21, 21, 310, 310, 75, 75, 352, 352, 113, 319, 418, 14, 14, 14, 14, 162, 239, 28, 28, 195, 21, 21, 195, 195, 21, 21, 21, 21, 21, 21, 354, 354, 28, 264, 21, 21, 21, 21, 17, 264, 383, 18, 18, 330, 56, 56, 14, 271, 14, 383, 383, 241, 241, 213, 213, 107, 107, 402, 402, 116, 116, 17, 56, 56, 116, 116, 402, 402, 482, 56, 56, 56, 56, 418, 21, 162, 21, 388, 417, 417, 417, 417, 417, 417, 496, 417, 417, 153, 195, 308, 417, 417, 108, 417, 417, 417, 417, 383, 417, 417, 417, 417, 33, 106, 106, 21, 56, 107, 107, 471, 471, 188, 188, 359, 424, 64, 64, 55, 296, 21, 296, 64, 297, 272, 106, 33, 11, 21, 383, 359, 107, 106, 21, 11, 296, 345, 345, 21, 345, 345, 51, 21, 98, 364, 21, 64, 21, 21, 21, 474, 62, 474, 474, 474, 106, 474, 107, 359, 349, 474, 474, 474, 21, 107, 474, 474, 359, 359, 474, 474, 474, 21, 474, 474, 474, 62, 21, 474, 474, 474, 77, 474, 21, 224, 224, 196, 28, 166, 330, 196, 196, 264, 40, 196, 196, 21, 75, 40, 196, 40, 149, 149, 40, 40, 21, 332, 424, 40, 265, 265, 196, 21, 40, 40, 424, 40, 424, 288, 21, 14, 40, 40, 47, 129, 129, 40, 40, 40, 75, 75, 75, 441, 75, 40, 75, 75, 221, 40, 40, 442, 75, 40, 195, 40, 77, 77, 21, 77, 40, 40, 313, 412, 77, 77, 77, 313, 21, 21, 412, 40, 40, 40, 40, 17, 17, 40, 21, 39, 129, 39, 354, 481, 21, 486, 330, 264, 136, 136, 313, 313, 18, 77, 481, 334, 21, 330, 219, 21, 21, 321, 451, 451, 247, 383, 383, 321, 321, 494, 56, 56, 383, 213, 56, 56, 213, 273, 56, 56, 21, 56, 56, 56, 21, 56, 56, 21, 56, 21, 21, 21, 56, 484, 118, 21, 271, 21, 56, 402, 383, 183, 383, 383, 383, 56, 17, 383, 36, 21, 264, 82, 17, 64, 359, 452, 21, 21, 271, 271, 21, 21, 62, 21, 62, 9, 9, 240, 21, 40, 196, 40, 418, 383, 330, 21, 271, 368, 271, 438, 101, 272, 17, 21, 21, 271, 16, 21, 374, 129, 289, 40, 56, 289, 40, 45, 359, 468, 21, 44, 142, 271, 196, 142, 106, 142, 95, 341, 44, 56, 30, 44, 470, 418, 438, 438, 438, 176, 389, 158, 158, 176, 137, 142, 406, 69, 142, 212, 81, 438, 95, 95, 438, 468, 142, 197, 438, 438, 438, 142, 176, 95, 95, 438, 142, 432, 158, 176, 406, 176, 21, 176, 406, 438, 44, 44, 45, 330, 142, 69, 438, 434, 330, 21, 468, 176, 438, 264, 33, 142, 69, 142, 69, 21, 176, 438, 21, 438, 438, 438, 342, 45, 21, 438, 42, 176, 256, 374, 17, 176, 438, 438, 438, 438, 69, 142, 237, 176, 176, 438, 176, 41, 331, 69, 438, 438, 44, 383, 157, 176, 438, 438, 58, 296, 21, 52, 21, 44, 176, 44, 107, 142, 176, 406, 142, 176, 252, 438, 69, 330, 1, 162, 438, 142, 142, 142, 69, 142, 30, 271, 127, 438, 44, 438, 305, 107, 142, 142, 104, 69, 291, 438, 478, 468, 69, 379, 330, 32, 176, 89, 30, 438, 52, 359, 438, 438, 165, 44, 142, 176, 291, 69, 93, 438, 44, 439, 438, 290, 438, 28, 21, 438, 176, 438, 176, 142, 176, 438, 30, 108, 30, 203, 44, 44, 359, 176, 142, 428, 69, 438, 44, 142, 290, 142, 438, 21, 142, 37, 468, 438, 44, 296, 142, 438, 158, 387, 438, 44, 21, 438, 348, 438, 438, 44, 44, 321, 142, 176, 392, 176, 296, 44, 142, 95, 438, 69, 438, 271, 62, 290, 418, 44, 157, 142, 438, 176, 176, 44, 44, 205, 264, 438, 438, 438, 366, 438, 271, 66, 142, 9, 44, 44, 438, 438, 142, 142, 176, 21, 296, 438, 142, 44, 438, 44, 21, 196, 142, 382, 142, 438, 238, 438, 321, 176, 176, 142, 485, 438, 142, 84, 142, 374, 30, 44, 44, 438, 374, 438, 142, 438, 142, 21, 80, 264, 264, 30, 438, 142, 438, 142, 142, 222, 106, 142, 406, 142, 44, 383, 176, 44, 16, 62, 158, 438, 44, 142, 176, 418, 142, 142, 406, 201, 44, 418, 44, 142, 438, 438, 175, 244, 44, 142, 176, 438, 30, 44, 142, 418, 17, 22, 176, 282, 438, 142, 142, 142, 44, 44, 144, 44, 142, 438, 142, 264, 44, 95, 142, 21, 176, 44, 44, 176, 142, 438, 44, 58, 44, 174, 176, 142, 341, 438, 43, 458, 142, 56, 142, 490, 321, 142, 44, 438, 176, 30, 330, 440, 56, 449, 176, 438, 44, 21, 176, 176, 176, 341, 374, 264, 438, 44, 69, 44, 44, 44, 470, 176, 44, 438, 17, 398, 374, 129, 321, 374, 243, 374, 374, 374, 374, 330, 271, 374, 21, 272, 330, 374, 17, 195, 374, 271, 491, 68, 374, 374, 284, 347, 92, 92, 92, 129, 8, 383, 383, 56, 26, 110, 72, 56, 21, 56, 56, 402, 56, 232, 106, 330, 21, 21, 481, 313, 21, 383, 21, 21, 418, 21, 9, 55, 272, 21, 424, 21, 147, 21, 343, 21, 349, 374, 195, 379, 362, 245, 126, 40, 9, 40, 383, 101, 196, 350, 162, 21, 271, 21, 195, 296, 28, 196, 447, 264, 21, 75, 163, 383, 345, 195, 271, 98, 154, 272, 276, 167, 62, 77, 98, 21, 196, 271, 21, 330, 17, 35, 225, 38, 245, 195, 21, 402, 162, 26, 107, 21, 40, 21, 436, 21, 383, 21, 383, 270, 21, 58, 295, 21, 422, 195, 491, 21, 474, 21, 106, 21, 296, 296, 116, 359, 9, 21, 21, 64, 21, 418, 213, 9, 333, 40, 17, 21, 330, 21, 21, 272, 359, 21, 330, 28, 330, 250, 296, 14, 424, 492, 336, 62, 159, 330, 28, 21, 21, 21, 21, 21, 177, 129, 141, 58, 21, 21, 21, 162, 383, 296, 330, 26, 374, 383, 21, 402, 40, 56, 21, 374, 56, 21, 213, 418, 110, 21, 275, 383, 232, 264, 21, 21, 21, 481, 443, 21, 424, 126, 313, 343, 424, 129, 337, 106, 40, 325, 75, 21, 106, 418, 205, 9, 450, 75, 383, 21, 101, 343, 418, 450, 398, 21, 40, 21, 40, 418, 418, 167, 450, 379, 40, 196, 196, 196, 147, 9, 21, 21, 383, 450, 276, 33, 447, 264, 55, 295, 372, 330, 55, 264, 296, 225, 275, 418, 9, 398, 9, 375, 296, 321, 21, 374, 21, 195, 154, 459, 77, 102, 296, 21, 52, 62, 362, 258, 330, 106, 35, 195, 195, 195, 21, 21, 21, 383, 62, 21, 195, 336, 21, 296, 349, 17, 163, 296, 474, 21, 21, 330, 399, 14, 383, 21, 450, 21, 418, 21, 21, 35, 423, 21, 296, 474, 98, 28, 163, 98, 260, 21, 379, 330, 21, 345, 245, 245, 383, 35, 159, 21, 121, 21, 35, 321, 35, 141, 16, 271, 