{"Run": 2, "K": 341, "WCSSD": 2298.3648785490977, "Purity": 0.3786132400531912, "Time": 18.82899308204651, "Kmeans_Labels": [9, 149, 333, 333, 9, 9, 329, 261, 9, 9, 9, 43, 9, 123, 9, 149, 9, 106, 149, 9, 9, 9, 194, 9, 80, 307, 99, 106, 153, 92, 199, 9, 153, 52, 269, 298, 77, 123, 43, 123, 115, 329, 69, 299, 167, 9, 80, 9, 9, 72, 286, 322, 322, 115, 28, 9, 149, 106, 333, 201, 9, 106, 9, 69, 9, 10, 149, 158, 123, 106, 106, 9, 92, 9, 111, 9, 9, 9, 298, 9, 333, 9, 126, 106, 261, 9, 333, 122, 9, 9, 9, 9, 193, 72, 9, 329, 9, 227, 261, 9, 244, 111, 9, 237, 237, 329, 329, 237, 92, 111, 167, 147, 167, 9, 126, 111, 115, 9, 22, 61, 9, 9, 61, 333, 333, 61, 194, 333, 17, 157, 61, 61, 59, 298, 148, 153, 194, 194, 194, 194, 83, 333, 333, 153, 61, 61, 9, 194, 9, 333, 61, 16, 333, 153, 194, 61, 9, 9, 333, 194, 194, 61, 61, 194, 329, 51, 298, 322, 298, 333, 61, 316, 9, 322, 61, 149, 302, 162, 61, 9, 194, 59, 51, 51, 61, 9, 120, 9, 9, 115, 9, 83, 322, 39, 333, 194, 9, 322, 9, 126, 229, 194, 146, 302, 61, 1, 61, 126, 9, 194, 194, 194, 261, 261, 1, 64, 61, 126, 43, 232, 261, 111, 9, 43, 17, 61, 194, 126, 322, 61, 194, 9, 261, 44, 261, 9, 126, 153, 298, 194, 61, 9, 83, 253, 322, 261, 9, 9, 322, 61, 126, 126, 9, 61, 298, 194, 61, 194, 61, 126, 194, 9, 43, 333, 237, 333, 322, 237, 9, 126, 194, 329, 135, 194, 33, 194, 194, 194, 61, 237, 61, 329, 288, 194, 329, 329, 302, 237, 329, 164, 61, 11, 9, 329, 319, 279, 319, 329, 9, 9, 312, 329, 9, 319, 319, 329, 329, 329, 329, 167, 83, 288, 319, 319, 126, 334, 9, 167, 167, 93, 167, 167, 322, 167, 302, 43, 303, 17, 83, 167, 153, 61, 61, 9, 322, 9, 61, 9, 106, 61, 194, 115, 83, 322, 61, 194, 9, 61, 17, 194, 83, 194, 322, 9, 9, 9, 173, 298, 293, 62, 62, 9, 115, 62, 167, 311, 60, 62, 277, 194, 62, 60, 60, 277, 59, 277, 61, 61, 19, 146, 19, 322, 61, 69, 9, 322, 322, 106, 333, 115, 298, 194, 146, 194, 250, 246, 302, 300, 9, 299, 83, 194, 333, 194, 9, 83, 9, 333, 333, 9, 17, 17, 340, 333, 158, 9, 319, 322, 333, 61, 322, 333, 9, 149, 299, 237, 142, 223, 293, 62, 60, 162, 9, 333, 9, 66, 66, 153, 153, 9, 333, 9, 16, 16, 126, 126, 167, 167, 87, 167, 43, 43, 167, 299, 9, 115, 115, 149, 62, 62, 9, 9, 9, 3, 3, 153, 69, 69, 333, 9, 9, 9, 333, 50, 17, 83, 9, 92, 36, 36, 261, 261, 89, 126, 126, 9, 9, 72, 72, 72, 16, 9, 126, 126, 9, 198, 149, 304, 304, 149, 261, 9, 83, 126, 126, 142, 98, 72, 237, 333, 333, 9, 9, 9, 194, 194, 194, 149, 194, 145, 237, 9, 145, 237, 237, 145, 9, 92, 333, 287, 287, 329, 92, 92, 319, 319, 92, 92, 126, 43, 167, 319, 319, 126, 126, 298, 298, 167, 167, 49, 49, 237, 237, 167, 167, 298, 16, 16, 16, 16, 17, 278, 83, 83, 180, 9, 9, 43, 43, 9, 9, 9, 9, 59, 9, 9, 9, 83, 9, 9, 9, 83, 83, 9, 9, 9, 9, 9, 17, 207, 207, 16, 17, 16, 115, 115, 165, 165, 165, 165, 105, 105, 306, 306, 62, 62, 54, 60, 60, 165, 165, 165, 165, 161, 60, 60, 60, 60, 9, 9, 17, 106, 9, 18, 18, 18, 18, 18, 18, 18, 18, 18, 43, 43, 18, 18, 18, 123, 18, 18, 18, 18, 59, 18, 18, 324, 18, 302, 149, 299, 9, 62, 69, 69, 146, 146, 3, 3, 322, 9, 83, 83, 322, 331, 186, 331, 50, 9, 333, 299, 302, 333, 114, 322, 322, 162, 299, 9, 126, 146, 72, 72, 9, 72, 72, 9, 9, 193, 309, 218, 72, 9, 89, 89, 72, 88, 72, 72, 72, 299, 72, 9, 9, 72, 72, 126, 171, 72, 9, 37, 72, 286, 286, 185, 37, 185, 9, 126, 171, 171, 88, 9, 126, 126, 72, 9, 72, 92, 179, 179, 237, 83, 237, 9, 319, 237, 9, 167, 237, 237, 92, 287, 167, 237, 167, 287, 287, 167, 92, 92, 92, 237, 167, 92, 113, 92, 59, 92, 92, 167, 315, 92, 167, 9, 16, 167, 167, 167, 59, 9, 167, 167, 167, 167, 167, 167, 167, 167, 167, 59, 167, 167, 167, 167, 167, 167, 167, 79, 167, 9, 167, 9, 38, 167, 167, 83, 16, 167, 167, 167, 167, 9, 9, 16, 204, 204, 167, 167, 116, 116, 167, 204, 9, 9, 9, 9, 9, 83, 115, 59, 17, 281, 281, 167, 167, 9, 9, 9, 83, 9, 9, 115, 9, 9, 9, 9, 9, 136, 9, 9, 9, 9, 156, 60, 60, 9, 60, 62, 60, 165, 137, 60, 306, 146, 62, 105, 60, 9, 105, 105, 9, 62, 115, 115, 9, 60, 60, 60, 115, 9, 167, 60, 165, 115, 111, 59, 59, 59, 60, 153, 9, 50, 9, 149, 50, 153, 50, 149, 9, 9, 9, 322, 322, 322, 9, 88, 9, 88, 9, 96, 146, 9, 167, 319, 167, 59, 167, 149, 115, 146, 146, 146, 35, 9, 275, 153, 9, 146, 298, 9, 106, 322, 9, 167, 167, 60, 167, 167, 9, 9, 216, 187, 21, 55, 255, 237, 55, 299, 160, 160, 216, 216, 60, 273, 216, 35, 149, 217, 35, 35, 35, 29, 140, 140, 140, 35, 55, 84, 35, 55, 35, 35, 35, 160, 160, 35, 216, 139, 337, 35, 35, 35, 55, 35, 160, 160, 140, 55, 55, 140, 35, 70, 4, 9, 35, 35, 35, 216, 216, 9, 17, 55, 35, 35, 115, 69, 9, 216, 216, 35, 149, 302, 55, 35, 55, 35, 9, 35, 35, 104, 35, 35, 35, 35, 9, 9, 35, 35, 35, 330, 322, 153, 35, 35, 35, 35, 35, 35, 55, 35, 35, 35, 35, 284, 35, 35, 35, 35, 35, 216, 149, 224, 189, 35, 163, 10, 95, 9, 162, 298, 216, 35, 216, 69, 55, 35, 255, 160, 35, 35, 35, 35, 106, 216, 225, 35, 55, 55, 55, 35, 55, 35, 322, 35, 215, 216, 35, 9, 9, 55, 55, 154, 205, 35, 35, 154, 216, 216, 298, 9, 35, 264, 55, 107, 35, 162, 9, 35, 35, 300, 216, 55, 35, 35, 35, 140, 35, 216, 216, 35, 55, 35, 41, 9, 35, 9, 35, 16, 55, 12, 35, 220, 35, 35, 17, 216, 216, 9, 9, 55, 55, 35, 35, 216, 55, 320, 320, 292, 9, 55, 56, 216, 35, 216, 299, 55, 35, 140, 115, 35, 216, 187, 35, 9, 35, 35, 21, 216, 333, 55, 35, 55, 12, 115, 216, 55, 189, 35, 35, 35, 322, 88, 55, 177, 216, 224, 55, 35, 55, 91, 216, 216, 9, 231, 35, 35, 35, 219, 35, 255, 35, 55, 9, 216, 216, 35, 35, 55, 55, 35, 9, 149, 35, 55, 216, 35, 216, 298, 237, 55, 205, 55, 35, 221, 35, 333, 237, 35, 55, 216, 35, 55, 167, 55, 146, 35, 216, 216, 35, 298, 35, 55, 35, 152, 9, 35, 41, 149, 35, 35, 55, 73, 55, 55, 55, 299, 55, 70, 55, 216, 115, 35, 216, 35, 88, 35, 35, 216, 160, 35, 149, 55, 55, 35, 206, 216, 194, 216, 55, 23, 35, 216, 35, 216, 55, 216, 35, 153, 216, 55, 9, 153, 153, 35, 35, 35, 55, 55, 55, 216, 216, 70, 216, 259, 35, 55, 149, 216, 160, 55, 9, 216, 234, 216, 298, 55, 35, 216, 10, 216, 216, 216, 55, 216, 35, 216, 62, 55, 60, 55, 62, 333, 55, 216, 35, 35, 273, 9, 216, 60, 216, 35, 35, 285, 9, 216, 35, 35, 216, 115, 12, 35, 216, 35, 216, 216, 216, 35, 35, 216, 35, 153, 149, 322, 17, 168, 322, 9, 322, 322, 322, 322, 149, 322, 322, 40, 333, 17, 322, 153, 43, 322, 9, 146, 333, 322, 322, 62, 9, 17, 17, 17, 9, 9, 194, 9, 60, 82, 62, 197, 60, 115, 60, 62, 169, 62, 9, 299, 149, 126, 9, 9, 167, 9, 319, 9, 9, 149, 194, 333, 194, 333, 9, 9, 9, 333, 9, 9, 9, 72, 176, 43, 9, 237, 126, 149, 167, 333, 92, 115, 115, 323, 9, 333, 149, 9, 9, 43, 149, 101, 237, 43, 9, 9, 167, 106, 167, 72, 43, 149, 193, 59, 333, 299, 59, 88, 167, 193, 9, 237, 333, 92, 210, 153, 198, 149, 9, 126, 81, 9, 165, 300, 82, 69, 9, 167, 9, 265, 9, 149, 256, 60, 9, 9, 213, 302, 9, 83, 289, 322, 9, 63, 9, 299, 9, 329, 149, 108, 75, 9, 9, 184, 50, 9, 58, 60, 9, 288, 287, 9, 126, 106, 149, 14, 297, 9, 208, 336, 125, 115, 83, 149, 16, 9, 293, 9, 88, 9, 149, 83, 9, 9, 0, 9, 9, 9, 59, 149, 10, 8, 9, 109, 300, 298, 149, 298, 82, 149, 60, 9, 169, 167, 60, 0, 176, 60, 194, 60, 149, 62, 256, 17, 115, 9, 9, 9, 9, 9, 9, 16, 9, 9, 149, 167, 9, 9, 59, 79, 299, 167, 299, 167, 9, 299, 298, 298, 9, 149, 167, 167, 9, 115, 9, 149, 149, 17, 9, 167, 9, 92, 149, 149, 59, 149, 115, 287, 237, 237, 323, 333, 9, 184, 149, 319, 149, 299, 302, 43, 269, 59, 302, 329, 298, 298, 149, 149, 149, 17, 119, 333, 17, 149, 9, 329, 322, 9, 322, 149, 81, 59, 9, 333, 24, 240, 9, 162, 88, 237, 27, 298, 299, 198, 289, 43, 43, 115, 126, 9, 115, 88, 322, 43, 9, 9, 149, 72, 153, 106, 149, 72, 9, 9, 106, 9, 16, 9, 9, 149, 126, 79, 106, 8, 198, 9, 9, 149, 63, 193, 125, 106, 193, 322, 9, 9, 9, 92, 72, 126, 126, 149, 198, 9, 9, 198, 126, 198, 149, 198, 149, 9, 149, 322, 106, 299, 10, 9, 149, 153, 9, 106, 149, 302, 101, 117, 322, 333, 333, 9, 224, 192, 333, 213, 9, 106, 159, 225, 225, 115, 9, 9, 83, 149, 208, 9, 333, 300, 9, 322, 9, 83, 301, 333, 106, 9, 297, 210, 115, 9, 194, 265, 9, 83, 74, 9, 298, 50, 333, 333, 9, 153, 149, 109, 9, 75, 9, 336, 17, 9, 106, 9, 149, 333, 14, 69, 288, 9, 214, 106, 245, 9, 126, 9, 79, 27, 9, 198, 119, 225, 167, 29, 34, 149, 146, 115, 9, 301, 194, 79, 16, 9, 9, 10, 149, 198, 322, 302, 299, 9, 322, 50, 149, 9, 17, 9, 94, 252, 79, 149, 