{"Run": 9, "K": 449, "WCSSD": 2168.020514109487, "Purity": 0.41227951981636685, "Time": 25.865872859954834, "Kmeans_Labels": [4, 428, 3, 446, 3, 3, 132, 119, 3, 3, 3, 64, 3, 20, 346, 3, 3, 195, 49, 3, 3, 3, 281, 3, 98, 195, 3, 195, 176, 277, 3, 3, 176, 195, 3, 3, 378, 20, 64, 20, 98, 132, 160, 348, 313, 191, 98, 3, 346, 272, 399, 98, 98, 3, 192, 3, 251, 195, 214, 3, 121, 195, 3, 160, 3, 90, 20, 428, 20, 195, 195, 3, 128, 192, 146, 3, 3, 3, 3, 3, 49, 346, 306, 195, 119, 301, 192, 76, 3, 3, 3, 3, 441, 3, 3, 132, 395, 3, 119, 3, 119, 146, 213, 430, 181, 132, 132, 181, 318, 146, 27, 172, 27, 3, 27, 146, 180, 49, 346, 72, 3, 395, 72, 3, 362, 72, 98, 3, 49, 346, 72, 72, 281, 436, 200, 3, 3, 3, 3, 346, 23, 386, 386, 176, 295, 72, 3, 3, 3, 3, 72, 85, 192, 3, 3, 72, 3, 3, 3, 346, 3, 72, 72, 3, 132, 72, 192, 397, 118, 192, 3, 281, 3, 98, 72, 3, 117, 92, 72, 3, 399, 115, 3, 3, 72, 3, 72, 3, 3, 3, 3, 23, 294, 72, 3, 3, 3, 188, 292, 3, 119, 281, 281, 117, 72, 377, 72, 119, 192, 346, 281, 3, 119, 119, 119, 408, 72, 3, 64, 23, 119, 146, 162, 64, 3, 72, 3, 64, 98, 281, 3, 390, 119, 3, 119, 180, 3, 348, 3, 3, 72, 3, 2, 119, 98, 119, 3, 3, 188, 72, 132, 264, 3, 194, 436, 42, 72, 346, 72, 3, 346, 3, 64, 3, 181, 3, 188, 181, 180, 3, 281, 132, 346, 264, 132, 281, 346, 281, 223, 181, 72, 132, 346, 49, 132, 132, 132, 181, 132, 49, 72, 132, 3, 132, 264, 66, 264, 132, 174, 346, 3, 391, 3, 264, 264, 132, 231, 132, 132, 27, 23, 346, 264, 264, 423, 346, 180, 27, 174, 98, 174, 423, 98, 174, 146, 64, 3, 346, 265, 174, 35, 72, 72, 4, 98, 222, 72, 3, 281, 72, 346, 3, 349, 188, 72, 346, 3, 72, 346, 191, 23, 346, 98, 191, 64, 3, 3, 118, 6, 110, 110, 3, 180, 110, 174, 23, 385, 110, 143, 3, 43, 43, 385, 143, 385, 143, 72, 72, 257, 3, 41, 98, 72, 3, 346, 98, 98, 195, 3, 3, 3, 346, 281, 98, 160, 3, 117, 114, 3, 348, 23, 346, 3, 281, 3, 23, 3, 3, 3, 3, 49, 3, 3, 203, 428, 98, 264, 188, 192, 72, 192, 3, 192, 3, 348, 181, 3, 27, 6, 110, 43, 160, 180, 192, 3, 180, 180, 176, 176, 3, 3, 3, 85, 85, 3, 3, 174, 174, 174, 174, 64, 64, 174, 348, 3, 3, 3, 3, 110, 110, 3, 3, 3, 3, 3, 3, 160, 160, 3, 3, 3, 3, 3, 88, 114, 23, 3, 3, 129, 129, 119, 119, 3, 3, 3, 3, 3, 112, 112, 112, 85, 3, 3, 3, 346, 63, 3, 85, 85, 3, 119, 22, 23, 25, 25, 3, 261, 261, 304, 3, 3, 180, 3, 3, 398, 398, 410, 9, 410, 3, 181, 346, 181, 181, 181, 181, 346, 3, 3, 27, 27, 132, 318, 318, 448, 448, 27, 27, 27, 130, 174, 264, 264, 27, 27, 3, 3, 27, 27, 329, 329, 181, 181, 27, 27, 3, 396, 396, 396, 396, 114, 3, 23, 23, 64, 3, 3, 64, 64, 3, 3, 3, 3, 3, 3, 201, 201, 23, 191, 191, 191, 191, 191, 3, 3, 191, 3, 3, 49, 110, 110, 85, 98, 85, 180, 180, 385, 385, 385, 385, 12, 12, 110, 110, 110, 110, 346, 26, 26, 385, 385, 385, 385, 385, 260, 110, 110, 237, 180, 3, 114, 3, 192, 65, 65, 65, 65, 65, 65, 65, 65, 65, 64, 64, 65, 65, 65, 340, 65, 65, 65, 65, 98, 65, 65, 65, 65, 117, 95, 348, 94, 305, 160, 160, 3, 3, 3, 3, 395, 346, 23, 23, 395, 9, 3, 9, 88, 3, 86, 348, 117, 230, 3, 34, 3, 160, 348, 3, 3, 428, 116, 116, 359, 116, 116, 3, 3, 129, 160, 3, 3, 3, 3, 3, 261, 76, 261, 261, 261, 348, 3, 160, 300, 112, 261, 3, 261, 3, 160, 261, 3, 3, 3, 261, 3, 261, 3, 25, 261, 261, 76, 3, 25, 25, 3, 304, 348, 298, 296, 296, 181, 23, 315, 9, 264, 139, 346, 174, 181, 181, 3, 27, 174, 181, 174, 56, 56, 174, 174, 360, 318, 181, 174, 174, 172, 360, 346, 174, 360, 242, 174, 27, 174, 3, 85, 27, 27, 27, 389, 354, 174, 174, 174, 27, 27, 102, 27, 102, 174, 346, 27, 27, 174, 174, 174, 27, 174, 64, 174, 174, 174, 3, 174, 174, 174, 23, 85, 174, 174, 174, 174, 3, 3, 85, 323, 323, 174, 174, 195, 195, 174, 323, 60, 180, 60, 332, 124, 23, 332, 3, 3, 191, 191, 174, 174, 332, 174, 124, 23, 3, 49, 180, 381, 381, 346, 3, 3, 180, 180, 180, 3, 3, 43, 43, 43, 3, 385, 110, 110, 385, 117, 110, 385, 346, 110, 12, 110, 3, 12, 12, 346, 110, 3, 3, 180, 26, 244, 43, 27, 3, 27, 43, 385, 180, 146, 3, 3, 3, 166, 407, 3, 3, 416, 3, 88, 3, 88, 17, 3, 3, 3, 3, 3, 98, 3, 76, 3, 76, 49, 422, 3, 3, 193, 264, 174, 180, 174, 9, 3, 346, 346, 346, 109, 192, 3, 3, 9, 346, 3, 118, 123, 98, 3, 335, 174, 150, 335, 174, 98, 3, 370, 3, 158, 429, 431, 345, 71, 348, 24, 24, 158, 158, 43, 109, 370, 109, 180, 108, 108, 109, 109, 168, 108, 108, 109, 109, 71, 346, 109, 71, 109, 109, 109, 279, 279, 108, 158, 71, 109, 108, 152, 108, 71, 109, 279, 279, 108, 24, 135, 108, 109, 71, 109, 3, 109, 370, 109, 158, 245, 98, 49, 71, 109, 109, 180, 367, 3, 158, 370, 400, 9, 117, 71, 109, 71, 109, 98, 370, 108, 3, 109, 109, 109, 109, 3, 3, 393, 109, 370, 32, 98, 57, 109, 109, 109, 108, 109, 185, 71, 109, 247, 109, 109, 424, 447, 109, 109, 109, 109, 158, 148, 189, 424, 256, 109, 90, 236, 3, 374, 3, 370, 109, 370, 160, 71, 109, 431, 24, 207, 442, 109, 109, 195, 158, 114, 109, 71, 71, 233, 109, 71, 109, 294, 15, 108, 273, 108, 146, 160, 71, 71, 1, 109, 109, 109, 158, 370, 370, 346, 346, 109, 109, 71, 109, 255, 8, 3, 109, 109, 114, 158, 71, 109, 109, 109, 108, 109, 158, 158, 109, 71, 109, 23, 210, 108, 370, 109, 228, 71, 424, 109, 326, 109, 109, 3, 158, 158, 3, 298, 71, 71, 109, 109, 370, 71, 71, 71, 109, 3, 71, 137, 370, 352, 158, 348, 71, 84, 142, 98, 109, 158, 3, 361, 153, 109, 108, 158, 158, 346, 241, 109, 71, 424, 346, 158, 429, 279, 109, 109, 109, 294, 76, 241, 180, 158, 22, 71, 109, 370, 109, 158, 158, 445, 168, 368, 109, 142, 158, 108, 431, 109, 71, 3, 158, 167, 108, 108, 71, 71, 109, 22, 3, 109, 71, 370, 109, 158, 346, 181, 71, 109, 267, 142, 346, 109, 346, 181, 336, 71, 158, 109, 71, 27, 145, 346, 225, 53, 158, 387, 145, 109, 71, 108, 71, 3, 370, 48, 98, 109, 109, 71, 109, 71, 71, 71, 348, 71, 71, 71, 74, 3, 145, 370, 118, 76, 109, 109, 83, 24, 109, 157, 71, 241, 109, 71, 158, 3, 104, 364, 109, 109, 370, 109, 370, 71, 370, 108, 74, 74, 71, 3, 176, 176, 109, 109, 109, 71, 71, 71, 158, 158, 71, 370, 71, 108, 71, 98, 366, 24, 71, 9, 370, 158, 370, 145, 71, 108, 158, 90, 158, 370, 370, 71, 46, 109, 158, 110, 71, 43, 267, 370, 346, 71, 370, 109, 109, 109, 98, 158, 43, 370, 109, 108, 158, 3, 145, 370, 109, 158, 346, 424, 108, 158, 109, 370, 370, 370, 109, 109, 158, 109, 351, 184, 98, 180, 180, 98, 363, 98, 98, 98, 98, 98, 294, 98, 280, 3, 49, 98, 282, 78, 98, 3, 321, 181, 98, 98, 110, 192, 180, 180, 180, 3, 3, 3, 180, 43, 126, 110, 6, 341, 327, 43, 110, 385, 110, 64, 348, 428, 3, 3, 124, 174, 3, 264, 180, 191, 3, 385, 3, 30, 3, 3, 62, 283, 0, 334, 190, 3, 112, 211, 64, 3, 181, 36, 3, 27, 3, 27, 180, 192, 264, 98, 114, 9, 252, 134, 64, 344, 23, 425, 64, 365, 432, 329, 406, 174, 116, 64, 3, 129, 379, 3, 358, 3, 76, 174, 129, 3, 181, 98, 3, 98, 176, 208, 180, 191, 306, 64, 9, 385, 114, 126, 160, 439, 174, 3, 262, 3, 346, 146, 110, 3, 3, 90, 117, 3, 114, 64, 52, 3, 159, 3, 348, 3, 132, 3, 385, 101, 3, 3, 180, 88, 3, 3, 385, 3, 346, 27, 9, 3, 195, 3, 51, 3, 270, 3, 288, 23, 98, 23, 3, 228, 346, 6, 3, 76, 3, 235, 23, 3, 3, 3, 3, 3, 3, 436, 417, 426, 3, 3, 346, 114, 180, 9, 9, 126, 180, 110, 3, 385, 174, 341, 3, 211, 43, 385, 385, 3, 110, 146, 42, 180, 64, 3, 3, 191, 3, 124, 85, 439, 62, 3, 174, 190, 346, 436, 215, 69, 27, 435, 27, 346, 348, 356, 445, 3, 180, 329, 174, 319, 192, 37, 180, 180, 184, 180, 27, 283, 27, 180, 180, 3, 180, 170, 27, 181, 425, 264, 0, 3, 180, 9, 264, 180, 358, 117, 64, 346, 346, 117, 132, 9, 180, 9, 180, 180, 42, 180, 3, 184, 180, 3, 132, 346, 3, 98, 3, 64, 379, 3, 180, 64, 236, 3, 92, 76, 181, 180, 9, 348, 208, 64, 64, 64, 3, 3, 134, 180, 76, 3, 64, 3, 3, 344, 112, 176, 406, 3, 3, 432, 3, 195, 82, 228, 226, 334, 180, 3, 3, 195, 3, 63, 3, 3, 3, 159, 129, 23, 195, 129, 3, 3, 3, 3, 3, 116, 306, 36, 346, 287, 3, 3, 63, 3, 63, 3, 63, 417, 118, 3, 98, 195, 348, 90, 3, 3, 117, 252, 195, 9, 195, 23, 281, 3, 3, 114, 114, 342, 91, 114, 90, 3, 195, 98, 114, 195, 392, 9, 3, 114, 235, 3, 227, 3, 114, 3, 397, 3, 23, 383, 98, 195, 270, 3, 98, 98, 365, 30, 262, 9, 23, 297, 180, 180, 88, 3, 3, 280, 176, 98, 346, 346, 101, 221, 288, 91, 3, 195, 3, 416, 3, 51, 160, 346, 3, 23, 195, 117, 3, 3, 3, 246, 180, 227, 287, 180, 195, 174, 168, 10, 170, 3, 170, 346, 383, 180, 215, 85, 114, 3, 90, 180, 63, 346, 160, 348, 37, 98, 3, 