{"Run": 6, "K": 314, "WCSSD": 2316.120576124844, "Purity": 0.47466361294016607, "Time": 16.19905400276184, "Kmeans_Labels": [19, 190, 103, 119, 19, 19, 289, 3, 19, 207, 19, 70, 135, 135, 19, 19, 170, 75, 19, 150, 19, 19, 87, 135, 94, 75, 19, 75, 150, 194, 227, 19, 150, 75, 19, 94, 135, 135, 70, 135, 311, 289, 29, 23, 135, 19, 135, 171, 311, 19, 19, 311, 311, 19, 199, 19, 19, 75, 119, 119, 19, 75, 19, 56, 19, 261, 135, 190, 135, 75, 75, 19, 171, 199, 192, 19, 19, 19, 170, 19, 19, 121, 171, 75, 3, 19, 199, 19, 19, 104, 19, 19, 134, 207, 19, 289, 130, 19, 3, 19, 3, 192, 19, 82, 82, 289, 289, 81, 156, 192, 110, 110, 110, 135, 272, 192, 59, 19, 19, 45, 19, 19, 45, 160, 119, 45, 192, 119, 51, 130, 45, 45, 87, 251, 19, 150, 19, 23, 19, 19, 169, 119, 119, 150, 45, 45, 124, 19, 19, 119, 45, 33, 199, 150, 19, 270, 19, 19, 119, 311, 19, 45, 45, 19, 289, 292, 199, 248, 26, 199, 170, 87, 19, 311, 45, 19, 56, 253, 196, 19, 19, 311, 292, 292, 45, 19, 63, 94, 19, 4, 19, 169, 94, 45, 119, 119, 19, 4, 19, 272, 230, 87, 87, 56, 45, 3, 45, 3, 199, 19, 87, 19, 3, 172, 3, 45, 45, 272, 70, 67, 3, 192, 19, 70, 171, 45, 19, 70, 311, 87, 19, 19, 3, 12, 3, 207, 272, 175, 192, 19, 45, 19, 169, 3, 311, 3, 19, 19, 4, 45, 272, 165, 221, 89, 251, 87, 45, 19, 45, 272, 19, 19, 70, 119, 82, 133, 4, 82, 19, 272, 87, 289, 129, 87, 289, 87, 19, 87, 45, 82, 45, 289, 240, 19, 289, 289, 289, 82, 289, 51, 209, 289, 178, 289, 81, 289, 81, 177, 110, 150, 19, 301, 19, 81, 127, 259, 289, 289, 19, 110, 169, 240, 81, 81, 272, 240, 87, 110, 110, 192, 110, 110, 311, 110, 56, 70, 19, 22, 169, 110, 150, 45, 45, 19, 311, 19, 45, 19, 87, 211, 19, 19, 3, 4, 45, 311, 19, 45, 19, 19, 169, 19, 311, 19, 70, 19, 19, 26, 80, 43, 43, 19, 19, 43, 110, 5, 64, 43, 45, 19, 43, 158, 64, 45, 64, 45, 45, 45, 87, 170, 19, 253, 45, 170, 19, 311, 311, 75, 137, 4, 19, 311, 52, 129, 118, 19, 56, 22, 19, 23, 169, 130, 119, 87, 130, 169, 299, 119, 309, 19, 19, 19, 19, 199, 311, 124, 81, 4, 199, 45, 199, 119, 199, 19, 23, 82, 19, 110, 80, 43, 43, 118, 19, 199, 150, 192, 192, 150, 150, 19, 119, 19, 33, 33, 272, 272, 92, 92, 19, 110, 70, 70, 295, 23, 150, 19, 19, 4, 43, 43, 19, 19, 19, 71, 71, 192, 72, 72, 119, 19, 19, 19, 119, 19, 22, 169, 19, 156, 167, 167, 3, 3, 99, 207, 207, 19, 19, 207, 207, 207, 33, 207, 89, 89, 19, 57, 19, 33, 33, 19, 3, 89, 169, 272, 272, 19, 207, 207, 82, 103, 103, 19, 19, 19, 19, 19, 19, 62, 19, 288, 82, 94, 288, 82, 82, 288, 94, 207, 119, 313, 313, 289, 156, 156, 182, 182, 95, 95, 110, 70, 110, 81, 81, 272, 272, 19, 19, 110, 110, 228, 228, 19, 19, 110, 110, 98, 33, 33, 33, 33, 22, 19, 169, 169, 70, 19, 19, 70, 70, 19, 19, 19, 19, 19, 19, 19, 19, 169, 19, 19, 19, 4, 4, 150, 102, 19, 19, 19, 253, 188, 188, 33, 171, 33, 79, 79, 187, 187, 244, 244, 202, 202, 43, 43, 43, 43, 19, 101, 101, 64, 64, 15, 15, 158, 64, 43, 43, 43, 4, 19, 22, 19, 199, 100, 100, 100, 100, 100, 100, 100, 100, 100, 70, 70, 100, 100, 100, 135, 100, 100, 200, 100, 4, 100, 100, 100, 100, 56, 23, 282, 19, 43, 118, 118, 170, 170, 71, 71, 192, 258, 19, 19, 192, 19, 19, 19, 19, 19, 119, 23, 56, 119, 19, 130, 19, 84, 23, 19, 115, 170, 157, 157, 19, 126, 126, 171, 19, 167, 170, 94, 207, 19, 99, 99, 207, 19, 207, 44, 44, 23, 207, 118, 19, 207, 207, 272, 207, 207, 118, 207, 207, 207, 19, 277, 207, 277, 207, 272, 207, 207, 19, 19, 272, 272, 207, 207, 23, 156, 19, 19, 82, 169, 82, 19, 81, 82, 19, 110, 82, 113, 113, 313, 110, 82, 313, 313, 313, 313, 171, 81, 156, 82, 110, 110, 110, 82, 19, 110, 95, 110, 143, 296, 110, 19, 33, 110, 110, 110, 19, 19, 110, 225, 225, 302, 120, 110, 120, 120, 271, 171, 302, 302, 110, 302, 110, 302, 110, 241, 110, 19, 110, 232, 110, 110, 110, 233, 33, 32, 32, 32, 233, 19, 19, 33, 110, 110, 110, 110, 75, 75, 110, 19, 4, 171, 4, 19, 19, 19, 19, 19, 4, 19, 19, 110, 110, 19, 19, 19, 19, 19, 19, 4, 19, 19, 130, 19, 19, 4, 19, 19, 94, 94, 101, 14, 14, 19, 244, 43, 101, 64, 56, 21, 15, 170, 43, 202, 21, 19, 202, 202, 4, 43, 170, 170, 158, 101, 101, 101, 19, 19, 110, 101, 15, 4, 192, 130, 130, 130, 101, 150, 130, 37, 19, 180, 37, 150, 37, 19, 19, 19, 19, 94, 19, 74, 311, 19, 19, 107, 19, 108, 170, 19, 110, 81, 110, 171, 279, 253, 19, 131, 170, 131, 224, 199, 119, 19, 19, 170, 94, 26, 75, 311, 19, 110, 110, 43, 110, 110, 19, 19, 219, 19, 219, 49, 19, 82, 49, 23, 49, 49, 219, 219, 101, 224, 219, 123, 4, 224, 219, 224, 224, 25, 224, 224, 224, 224, 269, 4, 224, 49, 224, 224, 224, 224, 4, 224, 219, 49, 224, 224, 9, 224, 49, 224, 4, 4, 224, 49, 49, 224, 224, 49, 224, 58, 224, 224, 224, 219, 297, 19, 51, 49, 224, 224, 19, 192, 19, 219, 224, 224, 180, 56, 49, 224, 49, 256, 192, 224, 224, 19, 224, 224, 224, 224, 19, 19, 224, 224, 224, 219, 311, 150, 224, 224, 224, 224, 224, 256, 49, 224, 224, 224, 224, 24, 224, 224, 256, 224, 224, 219, 19, 10, 219, 224, 224, 261, 281, 19, 138, 19, 219, 38, 219, 118, 49, 224, 19, 49, 224, 224, 224, 256, 75, 219, 22, 224, 49, 49, 49, 224, 49, 224, 94, 224, 224, 219, 224, 192, 118, 49, 49, 224, 224, 224, 224, 219, 219, 256, 4, 19, 224, 224, 49, 237, 224, 118, 19, 224, 224, 22, 219, 49, 224, 224, 224, 224, 224, 219, 219, 224, 54, 224, 169, 19, 224, 19, 224, 33, 49, 224, 224, 224, 260, 224, 19, 219, 219, 19, 183, 49, 49, 275, 224, 219, 49, 49, 49, 224, 19, 49, 138, 219, 224, 219, 23, 49, 152, 224, 4, 226, 219, 19, 224, 19, 224, 224, 219, 219, 19, 54, 224, 49, 24, 192, 219, 49, 224, 224, 256, 224, 94, 256, 54, 4, 50, 10, 49, 224, 49, 224, 219, 219, 108, 25, 224, 224, 224, 219, 0, 19, 8, 49, 298, 219, 219, 224, 224, 49, 191, 224, 19, 19, 224, 49, 219, 224, 219, 19, 82, 49, 256, 49, 224, 311, 224, 153, 82, 224, 49, 219, 224, 49, 110, 49, 170, 224, 219, 219, 224, 94, 224, 49, 224, 49, 19, 224, 4, 180, 224, 224, 49, 224, 49, 49, 49, 23, 49, 49, 49, 219, 19, 224, 219, 26, 19, 224, 144, 219, 49, 223, 192, 49, 49, 224, 49, 219, 4, 242, 49, 151, 224, 219, 224, 219, 49, 219, 224, 224, 219, 49, 19, 150, 150, 224, 224, 224, 49, 49, 49, 219, 219, 49, 249, 49, 224, 49, 180, 219, 49, 49, 19, 219, 219, 139, 94, 49, 224, 219, 261, 219, 219, 219, 49, 219, 224, 219, 43, 49, 101, 49, 43, 153, 49, 219, 224, 224, 224, 19, 219, 101, 219, 224, 0, 219, 158, 158, 224, 224, 219, 311, 24, 224, 219, 260, 219, 219, 219, 123, 224, 219, 224, 274, 130, 311, 4, 263, 311, 19, 311, 311, 311, 311, 180, 94, 311, 19, 119, 51, 311, 19, 70, 311, 19, 170, 119, 311, 311, 43, 39, 171, 171, 171, 19, 19, 278, 130, 158, 19, 43, 130, 101, 19, 158, 43, 15, 43, 70, 23, 190, 171, 19, 19, 233, 189, 81, 19, 19, 19, 64, 108, 4, 119, 19, 19, 19, 289, 207, 19, 19, 207, 64, 70, 304, 82, 171, 69, 110, 119, 218, 217, 199, 81, 311, 22, 62, 19, 19, 70, 171, 169, 28, 70, 19, 19, 110, 75, 279, 114, 70, 19, 201, 89, 119, 23, 171, 19, 110, 167, 19, 185, 4, 171, 192, 150, 57, 174, 19, 171, 70, 19, 64, 216, 19, 118, 19, 110, 19, 89, 19, 130, 19, 43, 19, 19, 265, 56, 19, 22, 70, 130, 19, 207, 19, 117, 19, 289, 19, 64, 19, 19, 19, 19, 37, 193, 4, 244, 19, 19, 313, 19, 272, 75, 19, 19, 119, 19, 19, 75, 169, 4, 169, 130, 33, 268, 80, 19, 19, 19, 192, 169, 158, 170, 19, 19, 19, 19, 171, 153, 261, 19, 19, 19, 22, 19, 130, 19, 19, 235, 43, 158, 15, 110, 101, 19, 64, 158, 64, 244, 19, 43, 19, 171, 217, 70, 19, 19, 19, 19, 19, 33, 19, 19, 69, 233, 19, 268, 171, 4, 23, 110, 23, 110, 253, 23, 4, 108, 19, 4, 110, 279, 75, 199, 19, 192, 4, 130, 19, 110, 19, 218, 4, 4, 171, 4, 91, 313, 185, 28, 81, 289, 19, 19, 62, 81, 4, 23, 56, 70, 4, 4, 56, 289, 4, 4, 253, 4, 174, 171, 19, 108, 130, 4, 19, 289, 153, 19, 311, 19, 70, 89, 19, 4, 77, 281, 19, 118, 19, 82, 19, 19, 23, 57, 70, 70, 70, 19, 171, 19, 4, 19, 19, 70, 19, 19, 171, 207, 150, 75, 19, 207, 19, 262, 75, 19, 33, 130, 207, 91, 96, 19, 75, 19, 57, 19, 19, 130, 207, 167, 169, 78, 201, 253, 19, 304, 19, 171, 114, 171, 171, 130, 57, 19, 19, 57, 272, 284, 19, 57, 153, 26, 19, 311, 75, 20, 261, 19, 19, 56, 19, 78, 261, 75, 169, 87, 19, 119, 22, 22, 94, 253, 22, 265, 19, 75, 192, 22, 22, 31, 19, 19, 22, 192, 19, 19, 119, 216, 19, 248, 19, 169, 118, 4, 75, 19, 119, 192, 94, 19, 4, 89, 19, 169, 19, 192, 19, 37, 119, 119, 19, 155, 311, 19, 