{"Run": 3, "K": 358, "WCSSD": 2283.731130574324, "Purity": 0.3774397482174493, "Time": 18.156662225723267, "Kmeans_Labels": [304, 268, 11, 11, 11, 11, 268, 60, 268, 11, 11, 227, 37, 38, 136, 11, 221, 11, 11, 34, 199, 11, 199, 183, 338, 235, 11, 156, 34, 11, 38, 11, 34, 188, 11, 338, 260, 38, 93, 38, 205, 133, 247, 344, 38, 11, 38, 242, 128, 11, 297, 336, 336, 11, 304, 322, 11, 306, 139, 209, 11, 11, 11, 76, 322, 161, 38, 268, 38, 322, 268, 205, 11, 297, 351, 11, 11, 11, 221, 11, 11, 11, 11, 297, 60, 11, 346, 135, 11, 11, 11, 11, 322, 11, 11, 11, 297, 11, 60, 11, 60, 351, 11, 250, 250, 133, 133, 250, 11, 351, 191, 247, 247, 38, 304, 351, 128, 11, 142, 21, 11, 297, 21, 11, 11, 21, 297, 309, 128, 209, 21, 21, 199, 90, 90, 34, 205, 11, 11, 11, 156, 7, 11, 34, 21, 21, 11, 11, 11, 110, 21, 88, 169, 34, 11, 21, 11, 11, 339, 128, 11, 21, 21, 11, 11, 21, 169, 185, 53, 169, 221, 199, 11, 336, 21, 11, 76, 192, 21, 11, 188, 205, 272, 272, 21, 11, 21, 49, 11, 11, 338, 156, 226, 21, 80, 354, 205, 199, 11, 57, 60, 50, 50, 76, 21, 60, 21, 60, 11, 179, 199, 190, 60, 60, 60, 21, 21, 11, 93, 156, 60, 11, 11, 93, 297, 21, 348, 93, 336, 21, 11, 188, 60, 11, 60, 188, 11, 34, 338, 333, 46, 11, 156, 60, 336, 60, 11, 11, 199, 21, 133, 33, 11, 150, 90, 246, 21, 354, 21, 11, 11, 11, 93, 11, 250, 11, 199, 250, 11, 57, 199, 133, 338, 354, 133, 11, 242, 199, 21, 250, 21, 304, 304, 11, 133, 133, 145, 250, 133, 128, 21, 133, 205, 247, 257, 133, 257, 133, 247, 205, 11, 320, 277, 257, 257, 113, 133, 337, 11, 247, 156, 304, 84, 251, 33, 304, 221, 247, 247, 11, 247, 247, 336, 247, 76, 93, 11, 304, 156, 247, 34, 157, 21, 304, 336, 240, 21, 304, 199, 21, 11, 290, 129, 199, 21, 242, 242, 129, 11, 128, 156, 205, 336, 11, 93, 11, 297, 53, 218, 102, 103, 124, 11, 102, 247, 156, 252, 219, 21, 11, 103, 103, 103, 21, 310, 21, 273, 21, 188, 221, 242, 336, 21, 221, 11, 336, 336, 242, 58, 245, 11, 128, 221, 338, 11, 338, 76, 18, 11, 344, 156, 209, 11, 338, 90, 156, 21, 209, 11, 11, 11, 11, 322, 169, 268, 11, 257, 199, 169, 21, 90, 11, 11, 11, 344, 250, 11, 247, 218, 102, 103, 192, 11, 169, 205, 90, 90, 67, 67, 90, 11, 11, 332, 332, 11, 11, 247, 247, 247, 247, 355, 355, 247, 344, 205, 11, 11, 11, 102, 102, 11, 11, 285, 322, 322, 34, 322, 322, 322, 322, 322, 72, 11, 92, 18, 156, 11, 205, 11, 11, 60, 60, 301, 11, 11, 11, 11, 229, 229, 297, 88, 11, 150, 150, 297, 109, 11, 88, 88, 11, 60, 150, 156, 11, 11, 11, 11, 11, 250, 11, 11, 11, 11, 11, 11, 11, 11, 11, 11, 297, 250, 63, 250, 250, 250, 250, 63, 11, 297, 168, 168, 133, 247, 247, 257, 257, 247, 247, 247, 93, 247, 115, 115, 247, 247, 90, 90, 101, 101, 101, 101, 250, 250, 247, 247, 297, 88, 88, 88, 88, 18, 11, 156, 156, 93, 11, 11, 93, 93, 11, 11, 11, 11, 90, 11, 122, 122, 156, 11, 11, 11, 11, 11, 11, 11, 11, 11, 11, 128, 214, 214, 88, 11, 88, 90, 90, 310, 310, 204, 204, 345, 345, 102, 102, 108, 108, 231, 103, 103, 252, 252, 252, 252, 347, 103, 102, 102, 102, 338, 11, 18, 11, 169, 181, 181, 181, 181, 181, 181, 181, 181, 181, 93, 93, 197, 181, 181, 38, 181, 181, 181, 181, 336, 181, 181, 174, 181, 76, 11, 344, 11, 102, 242, 242, 243, 243, 322, 322, 297, 165, 322, 322, 297, 11, 11, 11, 92, 190, 11, 344, 76, 11, 11, 11, 188, 192, 344, 208, 11, 221, 11, 11, 11, 11, 11, 11, 11, 322, 221, 11, 322, 297, 301, 301, 11, 135, 229, 11, 11, 344, 11, 297, 188, 297, 229, 11, 229, 11, 297, 229, 229, 297, 297, 229, 11, 229, 11, 11, 229, 229, 135, 11, 11, 11, 11, 11, 344, 11, 11, 11, 250, 293, 233, 247, 299, 250, 11, 247, 233, 250, 247, 168, 247, 250, 172, 168, 247, 172, 247, 257, 247, 250, 247, 247, 247, 250, 11, 247, 247, 304, 247, 247, 247, 11, 88, 247, 247, 292, 90, 90, 247, 247, 247, 101, 101, 101, 191, 101, 247, 101, 101, 101, 247, 101, 247, 101, 247, 64, 247, 11, 247, 111, 247, 247, 247, 158, 88, 158, 158, 158, 158, 297, 297, 88, 247, 247, 247, 247, 202, 202, 247, 11, 297, 11, 297, 269, 297, 338, 259, 147, 11, 11, 11, 20, 20, 269, 11, 297, 11, 11, 128, 347, 11, 11, 128, 11, 11, 90, 90, 90, 338, 338, 103, 103, 103, 297, 204, 102, 102, 310, 26, 103, 102, 221, 102, 24, 103, 11, 345, 345, 338, 102, 11, 11, 242, 103, 103, 103, 242, 242, 333, 103, 252, 90, 351, 297, 297, 297, 103, 34, 11, 327, 294, 11, 313, 4, 322, 297, 11, 11, 208, 11, 73, 297, 11, 135, 11, 135, 298, 71, 221, 11, 222, 257, 247, 172, 247, 336, 11, 221, 221, 221, 137, 11, 11, 34, 11, 52, 225, 95, 221, 336, 11, 304, 247, 103, 304, 247, 11, 11, 79, 11, 79, 62, 11, 250, 62, 344, 62, 62, 79, 317, 103, 137, 79, 132, 39, 96, 85, 137, 137, 87, 137, 137, 137, 137, 62, 90, 137, 62, 137, 137, 137, 137, 333, 137, 79, 62, 137, 137, 137, 137, 62, 137, 333, 333, 137, 62, 62, 137, 137, 154, 104, 11, 137, 94, 137, 79, 79, 11, 128, 62, 137, 137, 11, 242, 11, 79, 137, 271, 188, 76, 62, 137, 62, 137, 209, 137, 137, 11, 137, 279, 137, 137, 11, 11, 137, 127, 137, 79, 242, 34, 137, 137, 137, 137, 137, 137, 62, 137, 137, 137, 137, 117, 137, 137, 137, 137, 137, 79, 268, 41, 117, 137, 137, 161, 209, 11, 192, 11, 79, 137, 79, 242, 62, 137, 94, 62, 137, 137, 137, 137, 11, 79, 18, 137, 62, 62, 62, 137, 62, 137, 226, 137, 137, 79, 137, 11, 11, 62, 62, 137, 137, 137, 186, 79, 79, 135, 90, 205, 137, 137, 325, 137, 126, 192, 11, 137, 137, 18, 79, 200, 137, 137, 137, 85, 137, 79, 79, 166, 166, 137, 156, 11, 137, 11, 137, 166, 62, 117, 137, 137, 38, 137, 11, 317, 79, 11, 11, 62, 62, 137, 137, 79, 62, 107, 62, 315, 11, 62, 12, 79, 137, 79, 209, 62, 137, 137, 336, 137, 79, 11, 137, 148, 137, 137, 79, 79, 90, 62, 137, 62, 117, 90, 79, 62, 117, 137, 137, 137, 226, 135, 166, 321, 79, 41, 326, 137, 62, 149, 120, 79, 128, 87, 137, 137, 137, 79, 85, 11, 137, 62, 11, 79, 79, 137, 137, 62, 62, 137, 11, 11, 137, 62, 79, 137, 79, 11, 250, 62, 137, 62, 137, 128, 296, 90, 250, 137, 62, 237, 137, 62, 304, 62, 221, 137, 79, 79, 137, 305, 137, 62, 137, 62, 11, 137, 188, 11, 137, 137, 62, 137, 62, 62, 62, 344, 62, 154, 62, 79, 248, 305, 79, 53, 135, 137, 137, 79, 62, 137, 331, 62, 62, 94, 62, 79, 212, 79, 62, 137, 137, 79, 335, 79, 100, 79, 137, 34, 79, 62, 11, 34, 34, 137, 137, 137, 62, 62, 62, 79, 79, 62, 79, 62, 137, 62, 336, 171, 62, 62, 11, 79, 79, 79, 305, 62, 137, 79, 161, 317, 79, 79, 62, 283, 137, 79, 102, 62, 103, 62, 102, 90, 62, 79, 137, 137, 137, 242, 79, 103, 79, 305, 85, 83, 11, 305, 137, 137, 79, 319, 117, 137, 79, 137, 79, 79, 79, 132, 137, 79, 137, 34, 39, 336, 90, 336, 336, 99, 336, 336, 336, 336, 205, 226, 336, 194, 11, 128, 336, 34, 93, 336, 11, 188, 250, 336, 336, 102, 242, 338, 338, 338, 11, 11, 11, 11, 103, 66, 175, 6, 103, 16, 103, 102, 252, 102, 93, 344, 268, 11, 138, 297, 158, 11, 257, 338, 11, 331, 11, 71, 338, 11, 209, 304, 11, 297, 11, 48, 11, 297, 312, 125, 11, 250, 11, 297, 247, 11, 247, 253, 90, 257, 242, 18, 11, 11, 75, 93, 11, 156, 250, 69, 11, 11, 101, 11, 247, 11, 93, 11, 322, 189, 11, 344, 297, 135, 247, 322, 11, 250, 246, 15, 90, 34, 45, 11, 11, 11, 144, 280, 310, 18, 162, 242, 11, 247, 285, 11, 209, 199, 90, 102, 11, 11, 153, 76, 285, 156, 93, 188, 11, 11, 11, 344, 297, 133, 209, 252, 11, 11, 11, 11, 322, 11, 90, 204, 11, 304, 168, 11, 11, 221, 297, 11, 11, 211, 11, 11, 156, 205, 156, 11, 88, 304, 218, 188, 23, 152, 268, 156, 11, 221, 302, 11, 11, 11, 90, 90, 161, 11, 11, 338, 18, 43, 199, 188, 66, 39, 102, 11, 252, 247, 103, 302, 312, 103, 11, 204, 331, 175, 90, 134, 253, 93, 11, 11, 11, 138, 297, 88, 11, 304, 297, 158, 48, 304, 90, 64, 344, 247, 344, 101, 205, 344, 297, 297, 11, 39, 101, 247, 11, 90, 48, 331, 39, 90, 338, 247, 11, 247, 205, 39, 297, 39, 90, 168, 250, 250, 257, 297, 297, 11, 11, 257, 39, 344, 76, 69, 209, 209, 76, 133, 188, 39, 205, 39, 11, 134, 308, 71, 90, 39, 205, 133, 338, 297, 336, 297, 144, 189, 11, 338, 93, 209, 11, 192, 23, 250, 11, 188, 344, 45, 93, 93, 125, 11, 11, 75, 90, 135, 188, 93, 188, 11, 11, 297, 34, 11, 333, 11, 11, 11, 221, 11, 88, 11, 11, 39, 11, 64, 11, 11, 109, 11, 11, 11, 11, 322, 156, 217, 322, 128, 11, 11, 11, 15, 11, 11, 11, 199, 109, 152, 11, 61, 11, 109, 11, 109, 90, 249, 11, 336, 11, 178, 161, 11, 209, 34, 11, 11, 161, 76, 156, 221, 11, 76, 90, 90, 128, 268, 18, 