{"Run": 0, "K": 234, "WCSSD": 2408.4209394400455, "Purity": 0.33881419750808395, "Time": 10.805832147598267, "Kmeans_Labels": [137, 2, 2, 2, 201, 2, 183, 11, 168, 29, 2, 206, 2, 189, 2, 2, 211, 170, 2, 52, 2, 2, 163, 2, 189, 170, 189, 170, 52, 189, 150, 2, 52, 170, 2, 2, 189, 189, 206, 189, 60, 183, 21, 184, 42, 214, 189, 2, 94, 2, 169, 209, 209, 2, 137, 127, 209, 170, 92, 2, 2, 170, 2, 21, 127, 149, 189, 2, 0, 127, 170, 2, 189, 92, 157, 2, 137, 2, 211, 2, 2, 53, 29, 170, 11, 2, 92, 2, 2, 2, 2, 2, 127, 29, 2, 2, 2, 2, 11, 2, 11, 157, 2, 195, 57, 183, 197, 195, 174, 157, 166, 42, 166, 189, 81, 157, 125, 35, 2, 63, 2, 2, 63, 2, 2, 63, 2, 2, 209, 2, 63, 63, 163, 2, 2, 52, 2, 2, 2, 233, 33, 2, 92, 52, 63, 63, 2, 2, 2, 2, 63, 185, 92, 52, 2, 63, 2, 2, 2, 94, 2, 63, 207, 2, 10, 63, 92, 160, 66, 92, 211, 2, 2, 209, 63, 2, 186, 104, 63, 2, 2, 189, 2, 2, 63, 2, 63, 2, 2, 2, 2, 33, 54, 63, 2, 2, 2, 209, 2, 200, 11, 163, 211, 186, 63, 224, 63, 11, 92, 2, 163, 2, 11, 11, 11, 63, 63, 29, 206, 213, 11, 2, 2, 206, 209, 63, 2, 206, 209, 63, 23, 73, 11, 2, 11, 29, 2, 52, 2, 2, 63, 2, 33, 11, 209, 11, 2, 2, 209, 63, 183, 183, 2, 63, 189, 163, 63, 2, 63, 2, 209, 2, 206, 2, 195, 2, 209, 195, 209, 186, 2, 203, 199, 2, 183, 2, 2, 163, 63, 195, 63, 137, 137, 2, 183, 183, 186, 195, 7, 209, 63, 183, 2, 42, 2, 183, 2, 183, 42, 2, 97, 183, 2, 209, 2, 183, 227, 183, 183, 166, 33, 137, 2, 209, 166, 137, 2, 166, 42, 2, 42, 166, 209, 42, 186, 206, 2, 15, 33, 42, 52, 63, 63, 137, 209, 110, 63, 137, 163, 63, 2, 209, 43, 209, 161, 191, 2, 63, 2, 2, 33, 209, 209, 2, 206, 2, 2, 66, 128, 131, 131, 2, 2, 131, 42, 33, 131, 131, 63, 2, 131, 131, 131, 63, 209, 63, 63, 118, 2, 211, 2, 209, 63, 21, 2, 209, 209, 170, 2, 2, 2, 94, 211, 80, 2, 2, 186, 138, 2, 184, 33, 2, 2, 2, 209, 33, 63, 2, 125, 2, 2, 2, 127, 92, 2, 2, 183, 209, 92, 63, 92, 2, 92, 2, 184, 195, 2, 166, 128, 131, 131, 98, 2, 92, 2, 209, 209, 52, 52, 2, 2, 2, 185, 185, 29, 29, 42, 42, 2, 42, 206, 206, 42, 184, 2, 2, 2, 2, 131, 131, 2, 2, 2, 127, 127, 52, 127, 127, 127, 67, 67, 127, 2, 85, 123, 33, 2, 189, 29, 29, 11, 11, 2, 29, 29, 2, 2, 29, 29, 29, 185, 2, 2, 2, 169, 27, 2, 185, 185, 2, 11, 2, 33, 29, 29, 2, 29, 29, 195, 2, 2, 2, 2, 2, 2, 2, 154, 195, 154, 106, 195, 2, 106, 195, 195, 106, 2, 29, 2, 166, 166, 183, 174, 174, 195, 195, 166, 166, 166, 206, 42, 183, 183, 200, 200, 189, 189, 166, 166, 14, 14, 195, 195, 166, 166, 58, 185, 185, 185, 185, 138, 2, 33, 33, 206, 71, 71, 141, 141, 141, 141, 2, 2, 2, 2, 2, 2, 33, 2, 2, 2, 2, 2, 2, 2, 2, 2, 2, 209, 131, 131, 185, 189, 185, 2, 2, 36, 36, 36, 36, 2, 2, 131, 131, 131, 131, 2, 111, 111, 36, 36, 131, 131, 131, 131, 131, 131, 131, 209, 2, 138, 170, 92, 28, 28, 75, 28, 28, 28, 28, 28, 28, 206, 206, 28, 28, 28, 189, 28, 28, 28, 28, 209, 28, 28, 28, 28, 186, 184, 184, 2, 3, 21, 21, 211, 211, 127, 127, 189, 137, 107, 107, 189, 2, 2, 2, 85, 2, 210, 184, 186, 2, 225, 2, 2, 2, 184, 2, 2, 211, 29, 29, 2, 29, 29, 2, 2, 127, 211, 2, 127, 44, 2, 2, 29, 2, 18, 29, 29, 184, 29, 2, 2, 29, 29, 29, 91, 189, 2, 29, 29, 169, 169, 29, 29, 29, 2, 29, 86, 86, 2, 2, 29, 29, 29, 29, 29, 189, 151, 151, 195, 33, 195, 42, 195, 89, 2, 42, 195, 195, 195, 166, 42, 195, 42, 166, 166, 42, 166, 195, 174, 195, 42, 42, 174, 195, 2, 144, 195, 166, 42, 166, 42, 2, 185, 166, 166, 155, 2, 2, 42, 42, 42, 166, 215, 14, 166, 166, 42, 166, 166, 166, 42, 153, 42, 153, 42, 226, 153, 42, 42, 2, 42, 42, 42, 33, 185, 42, 42, 42, 2, 71, 71, 185, 42, 42, 42, 196, 170, 170, 196, 42, 2, 189, 2, 2, 2, 33, 2, 189, 2, 2, 2, 42, 42, 2, 42, 42, 33, 2, 2, 189, 2, 2, 209, 2, 2, 189, 2, 2, 159, 159, 131, 131, 131, 2, 36, 131, 131, 36, 186, 131, 131, 211, 131, 131, 131, 2, 131, 131, 209, 131, 2, 2, 209, 111, 131, 131, 166, 2, 166, 131, 36, 189, 157, 179, 179, 179, 88, 52, 2, 127, 2, 2, 127, 52, 127, 2, 2, 2, 2, 2, 2, 189, 2, 70, 2, 2, 2, 2, 211, 2, 42, 195, 42, 209, 42, 2, 2, 211, 211, 211, 130, 92, 2, 52, 2, 211, 2, 66, 170, 209, 6, 137, 42, 131, 137, 42, 2, 2, 1, 99, 1, 38, 2, 195, 38, 184, 38, 38, 1, 1, 131, 130, 1, 130, 167, 130, 130, 130, 130, 209, 130, 130, 24, 130, 38, 189, 130, 38, 130, 130, 130, 24, 209, 130, 1, 232, 130, 130, 130, 130, 124, 30, 209, 209, 130, 38, 124, 130, 130, 124, 24, 2, 24, 24, 130, 1, 1, 2, 209, 38, 24, 130, 2, 21, 2, 1, 24, 130, 209, 186, 38, 130, 124, 130, 21, 158, 130, 2, 24, 130, 130, 130, 2, 2, 130, 130, 24, 1, 118, 52, 24, 130, 24, 130, 37, 130, 124, 24, 24, 24, 130, 24, 24, 130, 147, 130, 130, 1, 2, 82, 1, 130, 130, 149, 2, 2, 104, 2, 24, 24, 1, 21, 124, 24, 209, 124, 24, 130, 130, 130, 170, 1, 138, 130, 124, 124, 38, 130, 124, 130, 54, 130, 130, 1, 130, 2, 2, 124, 124, 24, 130, 24, 130, 1, 1, 1, 209, 2, 130, 24, 124, 130, 24, 104, 2, 130, 130, 138, 1, 223, 24, 24, 130, 130, 130, 1, 1, 130, 38, 230, 33, 2, 130, 24, 130, 24, 38, 24, 24, 24, 24, 130, 162, 1, 1, 2, 189, 124, 124, 113, 130, 1, 124, 124, 124, 24, 2, 124, 104, 1, 130, 1, 184, 38, 130, 130, 209, 130, 1, 99, 130, 2, 130, 130, 1, 1, 189, 38, 24, 38, 24, 209, 1, 38, 24, 130, 130, 130, 54, 70, 38, 226, 1, 82, 38, 130, 24, 24, 1, 1, 79, 209, 126, 130, 130, 1, 130, 2, 24, 124, 2, 1, 1, 130, 130, 124, 38, 24, 2, 2, 130, 124, 1, 130, 1, 2, 195, 124, 130, 38, 130, 2, 130, 189, 24, 24, 38, 1, 130, 124, 187, 93, 211, 130, 1, 1, 130, 93, 130, 124, 130, 38, 2, 24, 209, 209, 130, 130, 5, 24, 38, 38, 135, 184, 124, 124, 124, 1, 2, 93, 1, 66, 2, 130, 24, 1, 38, 24, 189, 124, 38, 130, 124, 1, 189, 24, 124, 130, 24, 1, 130, 1, 38, 1, 130, 198, 1, 38, 2, 52, 52, 130, 24, 130, 38, 38, 124, 1, 1, 124, 1, 38, 130, 124, 209, 1, 38, 38, 2, 1, 1, 1, 93, 38, 130, 1, 149, 1, 1, 1, 38, 1, 130, 1, 131, 38, 131, 38, 131, 189, 38, 1, 130, 130, 130, 209, 1, 131, 1, 24, 130, 1, 2, 171, 24, 24, 1, 209, 209, 130, 1, 130, 1, 1, 1, 130, 24, 1, 130, 52, 189, 209, 209, 160, 209, 2, 209, 209, 209, 209, 209, 54, 209, 193, 2, 209, 209, 52, 206, 209, 2, 211, 195, 209, 209, 131, 92, 209, 209, 209, 6, 2, 2, 217, 131, 49, 131, 181, 131, 2, 131, 131, 166, 131, 206, 184, 209, 2, 2, 2, 42, 2, 209, 166, 2, 189, 2, 189, 209, 2, 2, 137, 2, 2, 29, 39, 131, 29, 209, 206, 2, 195, 29, 2, 166, 2, 166, 2, 92, 195, 2, 138, 2, 2, 2, 41, 2, 33, 195, 206, 2, 2, 14, 170, 42, 29, 206, 2, 127, 209, 2, 184, 220, 70, 42, 127, 2, 195, 60, 2, 209, 52, 27, 2, 2, 29, 206, 2, 131, 138, 49, 21, 2, 42, 2, 2, 2, 209, 189, 179, 2, 2, 149, 186, 2, 55, 206, 209, 2, 29, 2, 184, 2, 183, 2, 131, 2, 2, 2, 115, 127, 2, 2, 36, 2, 137, 166, 2, 2, 76, 2, 2, 2, 2, 2, 20, 33, 209, 33, 19, 185, 137, 128, 2, 2, 2, 2, 33, 2, 211, 2, 2, 2, 2, 189, 189, 149, 129, 72, 2, 138, 209, 2, 2, 49, 209, 179, 2, 166, 42, 131, 2, 209, 131, 2, 36, 189, 131, 189, 112, 2, 206, 209, 2, 2, 2, 2, 185, 2, 137, 2, 42, 39, 137, 189, 226, 184, 166, 184, 166, 2, 184, 209, 79, 2, 209, 14, 42, 170, 92, 39, 189, 209, 189, 166, 166, 2, 166, 209, 209, 220, 209, 209, 166, 195, 195, 195, 2, 2, 115, 2, 209, 209, 184, 186, 206, 209, 189, 186, 183, 209, 209, 2, 209, 2, 112, 189, 189, 189, 2, 189, 183, 189, 2, 209, 2, 206, 209, 2, 2, 206, 47, 72, 104, 2, 195, 2, 2, 184, 27, 206, 41, 206, 2, 2, 2, 209, 70, 2, 206, 2, 2, 2, 29, 52, 170, 2, 29, 2, 2, 76, 2, 185, 2, 29, 209, 2, 226, 170, 129, 27, 2, 2, 19, 29, 127, 33, 170, 127, 2, 2, 2, 2, 2, 29, 29, 29, 209, 27, 2, 2, 27, 2, 27, 2, 27, 189, 66, 2, 209, 170, 140, 149, 2, 2, 186, 2, 170, 149, 186, 33, 211, 2, 2, 138, 138, 100, 190, 138, 149, 2, 170, 209, 138, 138, 96, 2, 2, 55, 2, 2, 2, 2, 138, 2, 160, 2, 33, 98, 60, 170, 2, 2, 209, 209, 2, 209, 2, 2, 33, 2, 2, 209, 127, 2, 2, 193, 52, 189, 2, 2, 2, 2, 20, 12, 2, 170, 2, 2, 2, 2, 21, 137, 2, 33, 170, 186, 2, 2, 2, 226, 2, 2, 27, 189, 138, 42, 209, 120, 209, 229, 209, 2, 98, 209, 226, 185, 138, 165, 149, 209, 27, 189, 186, 140, 39, 209, 127, 2, 226, 112, 209, 209, 104, 226, 2, 209, 112, 2, 21, 2, 127, 2, 181, 189, 217, 226, 131, 131, 2, 131, 49, 131, 131, 48, 128, 131, 36, 222, 11, 48, 131, 48, 131, 2, 48, 137, 157, 157, 183, 2, 131, 2, 137, 43, 48, 206, 2, 131, 211, 221, 166, 177, 186, 222, 48, 9, 2, 48, 209, 2, 174, 131, 91, 131, 131, 48, 48, 166, 127, 2, 48, 2, 42, 