{"Run": 9, "K": 234, "WCSSD": 2442.1242275186933, "Purity": 0.4529058116232465, "Time": 10.135999917984009, "Kmeans_Labels": [142, 8, 8, 8, 8, 8, 8, 38, 8, 8, 8, 154, 8, 109, 8, 8, 72, 52, 109, 109, 8, 8, 32, 8, 109, 52, 109, 52, 203, 8, 109, 109, 203, 52, 109, 8, 108, 109, 108, 109, 109, 8, 93, 216, 124, 54, 109, 48, 8, 8, 121, 32, 32, 48, 142, 8, 57, 52, 8, 8, 8, 52, 52, 56, 8, 169, 109, 8, 109, 94, 52, 8, 8, 8, 65, 8, 8, 8, 72, 177, 8, 57, 8, 52, 38, 8, 23, 184, 8, 8, 8, 8, 8, 8, 8, 8, 8, 8, 38, 213, 38, 65, 8, 207, 207, 173, 173, 207, 166, 65, 5, 98, 5, 109, 142, 65, 32, 8, 8, 34, 8, 8, 34, 8, 8, 34, 8, 8, 32, 8, 34, 34, 8, 8, 8, 87, 8, 8, 4, 8, 95, 8, 8, 95, 180, 34, 8, 223, 8, 8, 34, 85, 23, 8, 8, 34, 17, 48, 8, 8, 8, 34, 34, 8, 8, 34, 64, 109, 182, 23, 72, 8, 8, 32, 34, 8, 56, 151, 34, 8, 8, 8, 8, 8, 34, 8, 34, 8, 8, 32, 8, 95, 122, 34, 8, 8, 8, 21, 8, 8, 38, 52, 72, 56, 34, 38, 34, 38, 8, 174, 8, 35, 38, 38, 38, 34, 34, 8, 108, 95, 38, 65, 31, 108, 48, 34, 8, 108, 32, 34, 42, 8, 38, 8, 38, 109, 48, 216, 222, 8, 34, 8, 114, 38, 32, 38, 124, 8, 21, 34, 207, 173, 8, 181, 8, 109, 34, 8, 34, 8, 8, 8, 108, 8, 207, 8, 21, 207, 57, 8, 32, 95, 65, 62, 8, 14, 231, 14, 34, 207, 34, 142, 142, 8, 8, 28, 160, 207, 153, 32, 34, 207, 8, 124, 173, 207, 173, 173, 8, 32, 8, 173, 8, 173, 173, 5, 207, 173, 8, 5, 95, 142, 173, 173, 5, 142, 72, 5, 124, 57, 124, 5, 32, 124, 56, 108, 8, 115, 95, 124, 32, 34, 34, 142, 32, 48, 136, 142, 52, 34, 8, 109, 225, 21, 34, 8, 148, 200, 8, 57, 225, 8, 32, 225, 108, 48, 48, 182, 27, 232, 232, 8, 48, 232, 124, 95, 49, 90, 34, 8, 232, 232, 49, 34, 49, 34, 34, 34, 8, 72, 8, 32, 34, 72, 8, 32, 32, 52, 8, 32, 8, 8, 72, 65, 93, 8, 56, 43, 8, 216, 95, 8, 8, 8, 65, 95, 34, 8, 8, 8, 32, 57, 94, 23, 109, 8, 173, 21, 23, 34, 8, 8, 8, 8, 216, 207, 8, 8, 27, 232, 232, 80, 8, 23, 8, 57, 57, 32, 32, 8, 8, 8, 85, 85, 8, 8, 124, 124, 8, 124, 190, 190, 124, 216, 8, 48, 48, 8, 232, 232, 48, 48, 8, 94, 94, 8, 93, 93, 8, 94, 94, 175, 8, 94, 43, 95, 8, 89, 8, 8, 61, 61, 8, 8, 8, 8, 8, 8, 8, 8, 85, 8, 36, 36, 13, 69, 8, 85, 85, 8, 38, 36, 95, 8, 8, 8, 8, 8, 207, 8, 8, 48, 8, 8, 8, 8, 8, 8, 62, 219, 207, 8, 220, 207, 207, 220, 8, 8, 8, 211, 211, 211, 211, 211, 167, 167, 5, 5, 5, 108, 124, 40, 40, 5, 5, 8, 8, 211, 211, 211, 211, 207, 207, 211, 211, 48, 202, 202, 202, 202, 43, 8, 95, 95, 108, 48, 48, 108, 108, 48, 48, 48, 48, 8, 48, 48, 48, 95, 225, 225, 225, 225, 225, 32, 197, 225, 48, 48, 32, 232, 232, 85, 109, 85, 48, 48, 49, 49, 232, 232, 73, 73, 232, 232, 232, 232, 57, 232, 232, 49, 49, 49, 49, 48, 49, 232, 232, 232, 57, 8, 43, 52, 109, 24, 24, 24, 24, 24, 24, 24, 24, 24, 108, 108, 24, 24, 24, 109, 24, 24, 24, 24, 6, 24, 24, 24, 24, 56, 216, 216, 8, 232, 93, 93, 58, 58, 94, 94, 8, 142, 95, 95, 77, 8, 214, 8, 94, 35, 8, 216, 56, 8, 8, 109, 8, 93, 216, 8, 8, 72, 8, 8, 8, 8, 8, 8, 8, 8, 72, 8, 8, 8, 8, 8, 8, 184, 8, 8, 8, 216, 8, 93, 65, 8, 8, 8, 8, 8, 93, 8, 8, 121, 121, 8, 8, 8, 8, 8, 8, 8, 184, 8, 8, 8, 48, 8, 216, 8, 8, 8, 207, 95, 207, 8, 173, 207, 8, 124, 207, 207, 111, 211, 131, 207, 211, 211, 211, 211, 228, 173, 211, 207, 124, 211, 98, 207, 8, 124, 124, 142, 124, 142, 124, 8, 85, 5, 5, 5, 199, 199, 124, 124, 124, 211, 211, 211, 5, 211, 124, 211, 211, 211, 211, 211, 124, 211, 124, 108, 211, 124, 124, 8, 124, 124, 124, 124, 85, 124, 124, 124, 124, 48, 48, 85, 124, 124, 53, 124, 206, 206, 124, 48, 48, 57, 48, 48, 48, 95, 48, 48, 48, 225, 225, 124, 124, 48, 124, 124, 48, 48, 48, 45, 8, 8, 109, 48, 48, 48, 48, 48, 48, 48, 232, 232, 232, 48, 232, 232, 232, 49, 56, 232, 232, 72, 232, 73, 232, 48, 73, 73, 183, 232, 48, 48, 48, 232, 232, 232, 5, 8, 5, 196, 49, 45, 65, 188, 188, 188, 232, 8, 32, 94, 8, 57, 94, 203, 94, 57, 8, 8, 8, 8, 8, 8, 8, 184, 8, 184, 8, 217, 72, 8, 124, 173, 124, 70, 124, 109, 48, 133, 72, 133, 79, 8, 8, 8, 8, 72, 8, 182, 52, 32, 57, 142, 124, 232, 142, 124, 8, 8, 19, 8, 19, 82, 8, 207, 82, 216, 82, 152, 19, 19, 75, 104, 19, 119, 57, 79, 79, 79, 158, 25, 79, 79, 79, 79, 82, 57, 79, 82, 79, 79, 79, 152, 152, 79, 19, 82, 127, 79, 79, 79, 82, 79, 152, 152, 79, 82, 82, 79, 79, 123, 79, 8, 79, 19, 79, 19, 19, 8, 32, 82, 104, 79, 8, 8, 8, 19, 19, 135, 57, 56, 22, 79, 186, 79, 8, 79, 79, 8, 116, 79, 79, 79, 8, 8, 79, 79, 116, 19, 32, 185, 55, 79, 79, 79, 79, 79, 82, 79, 79, 79, 79, 57, 79, 79, 79, 79, 79, 19, 8, 32, 19, 79, 79, 169, 8, 8, 151, 8, 19, 79, 19, 93, 82, 79, 57, 82, 19, 79, 79, 79, 52, 19, 43, 79, 82, 82, 82, 79, 82, 79, 122, 146, 79, 19, 79, 8, 93, 82, 82, 79, 79, 78, 33, 19, 19, 19, 109, 8, 79, 79, 82, 79, 79, 193, 8, 79, 79, 43, 19, 161, 79, 78, 79, 79, 79, 19, 19, 79, 82, 79, 95, 8, 79, 8, 79, 85, 82, 79, 79, 79, 55, 79, 8, 19, 19, 8, 8, 82, 82, 79, 79, 19, 82, 82, 82, 79, 8, 82, 91, 19, 79, 19, 216, 82, 79, 79, 32, 79, 19, 8, 79, 8, 79, 79, 19, 19, 8, 82, 79, 82, 57, 32, 19, 82, 152, 79, 79, 16, 122, 184, 108, 57, 215, 57, 82, 79, 19, 79, 19, 19, 217, 25, 79, 79, 79, 19, 79, 8, 79, 82, 8, 19, 19, 79, 79, 155, 82, 79, 8, 8, 79, 82, 19, 79, 19, 8, 150, 82, 79, 82, 79, 8, 79, 57, 207, 79, 82, 19, 79, 82, 142, 82, 72, 79, 19, 19, 79, 32, 79, 82, 79, 82, 48, 19, 57, 57, 79, 79, 82, 79, 82, 82, 82, 216, 82, 123, 82, 19, 109, 79, 19, 182, 184, 79, 79, 19, 82, 7, 192, 82, 82, 123, 82, 19, 57, 19, 82, 79, 79, 19, 79, 19, 82, 19, 79, 104, 19, 82, 57, 8, 182, 79, 79, 79, 82, 82, 128, 19, 19, 82, 19, 82, 79, 82, 57, 19, 152, 82, 57, 19, 19, 19, 32, 82, 79, 19, 169, 19, 19, 19, 82, 19, 79, 19, 232, 82, 75, 82, 232, 57, 82, 19, 79, 79, 104, 65, 19, 232, 19, 79, 79, 19, 48, 19, 79, 79, 19, 32, 57, 79, 19, 79, 19, 19, 19, 119, 79, 19, 55, 32, 57, 32, 57, 109, 32, 8, 32, 32, 32, 32, 57, 122, 32, 8, 126, 32, 32, 8, 108, 32, 109, 72, 209, 32, 32, 232, 109, 48, 48, 48, 57, 48, 62, 109, 232, 8, 232, 27, 232, 48, 232, 232, 49, 232, 108, 216, 8, 8, 8, 48, 124, 48, 173, 59, 225, 195, 49, 8, 65, 134, 8, 142, 8, 8, 8, 8, 48, 8, 49, 108, 8, 207, 8, 48, 5, 8, 5, 109, 52, 173, 65, 88, 8, 227, 156, 108, 8, 95, 207, 108, 109, 8, 211, 118, 124, 8, 108, 8, 8, 36, 8, 216, 211, 184, 124, 8, 8, 67, 109, 8, 8, 52, 69, 8, 48, 8, 108, 8, 49, 43, 8, 93, 8, 124, 8, 8, 8, 8, 48, 188, 8, 8, 169, 56, 8, 43, 108, 65, 163, 8, 8, 110, 8, 207, 47, 49, 8, 8, 8, 8, 94, 8, 65, 232, 106, 142, 211, 109, 8, 52, 8, 8, 8, 8, 8, 52, 95, 65, 95, 109, 85, 142, 27, 8, 184, 8, 137, 95, 48, 72, 109, 8, 109, 8, 8, 109, 169, 8, 8, 8, 43, 32, 100, 65, 8, 57, 188, 48, 49, 124, 232, 109, 49, 232, 49, 232, 195, 232, 48, 109, 109, 108, 8, 109, 225, 8, 48, 85, 8, 142, 48, 124, 8, 142, 8, 57, 216, 5, 216, 5, 8, 216, 57, 217, 106, 57, 211, 124, 52, 52, 8, 86, 66, 57, 59, 5, 8, 5, 32, 66, 211, 57, 109, 211, 67, 207, 173, 8, 8, 8, 8, 173, 66, 216, 56, 108, 57, 32, 56, 108, 109, 57, 32, 57, 8, 109, 57, 8, 57, 57, 8, 207, 57, 8, 32, 8, 108, 36, 8, 8, 108, 52, 8, 151, 184, 207, 8, 65, 216, 69, 108, 108, 108, 48, 8, 156, 109, 184, 8, 108, 8, 8, 8, 8, 52, 118, 8, 8, 8, 8, 52, 8, 85, 125, 8, 66, 8, 8, 52, 8, 69, 8, 8, 109, 8, 8, 95, 52, 8, 48, 8, 8, 8, 8, 8, 8, 8, 8, 69, 8, 8, 69, 8, 176, 57, 69, 109, 57, 8, 32, 52, 216, 169, 8, 47, 56, 227, 52, 169, 52, 95, 72, 8, 8, 43, 43, 109, 32, 88, 169, 163, 170, 32, 43, 43, 57, 109, 8, 43, 137, 8, 8, 8, 43, 8, 109, 109, 95, 172, 109, 224, 8, 8, 8, 32, 109, 65, 8, 8, 95, 210, 57, 32, 94, 134, 8, 8, 203, 57, 8, 8, 8, 65, 52, 32, 8, 52, 8, 8, 8, 8, 93, 142, 8, 95, 52, 56, 8, 8, 8, 204, 8, 8, 69, 57, 43, 124, 25, 101, 109, 72, 109, 8, 172, 109, 57, 85, 43, 8, 169, 32, 176, 8, 93, 216, 8, 32, 94, 57, 57, 109, 109, 65, 8, 57, 57, 57, 109, 8, 93, 8, 8, 8, 27, 8, 109, 204, 48, 232, 48, 49, 8, 232, 232, 50, 27, 232, 49, 72, 38, 50, 232, 50, 232, 8, 50, 142, 65, 65, 207, 8, 232, 48, 142, 225, 50, 108, 162, 49, 72, 8, 5, 189, 56, 72, 50, 8, 36, 50, 32, 8, 211, 232, 48, 49, 232, 50, 50, 5, 8, 108, 50, 8, 124, 50, 140, 85, 50, 225, 50, 50, 201, 105, 5, 232, 151, 50, 50, 232, 8, 8, 50, 50, 124, 50, 232, 8, 50, 207, 50, 49, 50, 32, 50, 83, 50, 50, 50, 8, 41, 131, 50, 43, 50, 36, 8, 232, 73, 43, 50, 5, 50, 169, 65, 169, 120, 232, 8, 50, 232, 95, 50, 50, 50, 232, 50, 50, 