{"Run": 6, "K": 572, "WCSSD": 2088.75014793201, "Purity": 0.5302032636701975, "Time": 30.875709056854248, "Kmeans_Labels": [490, 182, 188, 49, 5, 5, 182, 147, 182, 374, 341, 81, 5, 292, 5, 516, 5, 268, 497, 5, 5, 5, 413, 292, 38, 268, 5, 268, 163, 5, 38, 5, 163, 268, 5, 212, 507, 292, 81, 292, 474, 38, 273, 406, 347, 5, 38, 5, 165, 5, 422, 459, 459, 5, 174, 220, 9, 182, 49, 14, 5, 268, 5, 78, 525, 489, 436, 438, 292, 525, 328, 5, 5, 174, 66, 5, 5, 5, 422, 5, 5, 5, 512, 135, 147, 5, 174, 26, 498, 5, 204, 181, 525, 401, 5, 5, 419, 5, 82, 5, 147, 66, 5, 219, 219, 103, 103, 219, 5, 66, 23, 286, 257, 292, 5, 162, 283, 5, 65, 97, 5, 75, 79, 281, 5, 526, 5, 140, 65, 75, 79, 79, 413, 414, 204, 163, 5, 5, 5, 5, 222, 49, 49, 163, 79, 79, 5, 5, 185, 49, 79, 313, 174, 5, 229, 79, 5, 5, 49, 5, 5, 79, 79, 5, 5, 79, 174, 75, 50, 174, 366, 413, 5, 459, 79, 9, 64, 46, 79, 5, 422, 236, 5, 5, 79, 245, 79, 5, 5, 245, 509, 222, 154, 79, 204, 49, 5, 483, 415, 180, 147, 413, 413, 64, 79, 147, 17, 425, 174, 457, 413, 115, 147, 147, 147, 79, 79, 5, 81, 222, 147, 66, 204, 81, 562, 357, 5, 81, 459, 413, 5, 77, 147, 5, 147, 5, 5, 163, 204, 54, 79, 204, 222, 147, 459, 5, 5, 93, 483, 79, 103, 103, 204, 373, 414, 413, 216, 5, 432, 72, 5, 5, 81, 5, 219, 5, 483, 219, 283, 5, 413, 103, 75, 5, 103, 433, 450, 413, 79, 219, 79, 388, 13, 5, 413, 103, 393, 511, 5, 65, 79, 408, 496, 23, 103, 203, 5, 103, 5, 505, 5, 103, 5, 329, 103, 103, 103, 103, 404, 23, 222, 13, 81, 283, 180, 13, 204, 23, 23, 297, 23, 23, 459, 23, 5, 81, 5, 296, 222, 325, 163, 79, 79, 490, 459, 490, 79, 5, 413, 79, 260, 283, 542, 309, 79, 459, 5, 79, 5, 75, 542, 5, 459, 5, 81, 5, 546, 50, 392, 515, 92, 5, 115, 11, 11, 222, 11, 92, 246, 5, 92, 206, 11, 246, 175, 246, 79, 79, 413, 128, 5, 283, 79, 78, 5, 459, 459, 268, 49, 5, 422, 5, 413, 75, 273, 38, 400, 133, 5, 471, 222, 5, 49, 413, 283, 222, 302, 49, 283, 5, 546, 5, 525, 174, 182, 5, 103, 483, 174, 79, 174, 5, 382, 5, 471, 219, 5, 23, 20, 92, 92, 464, 204, 174, 380, 315, 315, 163, 163, 533, 49, 5, 234, 234, 179, 179, 318, 318, 5, 23, 81, 81, 94, 471, 5, 7, 7, 165, 11, 11, 115, 115, 5, 224, 224, 78, 525, 525, 49, 525, 525, 525, 49, 525, 369, 222, 5, 5, 5, 5, 221, 221, 5, 5, 5, 204, 204, 5, 5, 5, 313, 5, 373, 373, 115, 476, 5, 313, 313, 5, 147, 373, 222, 368, 368, 5, 5, 5, 207, 188, 188, 514, 55, 55, 5, 5, 5, 558, 5, 282, 219, 283, 324, 219, 219, 324, 283, 5, 5, 372, 372, 534, 286, 286, 547, 547, 5, 5, 23, 81, 23, 103, 103, 23, 23, 5, 5, 23, 23, 458, 458, 231, 231, 23, 23, 315, 313, 313, 313, 313, 133, 5, 222, 222, 81, 115, 115, 444, 444, 444, 444, 391, 391, 5, 115, 271, 271, 222, 5, 8, 8, 542, 542, 5, 29, 5, 115, 115, 65, 92, 92, 313, 5, 313, 115, 115, 175, 175, 11, 11, 528, 528, 197, 197, 11, 11, 5, 552, 552, 11, 11, 280, 280, 124, 92, 92, 92, 92, 5, 351, 133, 5, 174, 423, 553, 98, 98, 98, 98, 98, 98, 98, 81, 96, 98, 98, 240, 307, 98, 98, 98, 98, 165, 98, 98, 98, 98, 64, 430, 471, 5, 11, 327, 327, 525, 525, 224, 224, 75, 5, 525, 525, 75, 5, 5, 5, 525, 115, 49, 471, 64, 49, 150, 5, 5, 107, 471, 5, 49, 460, 520, 520, 5, 520, 520, 5, 204, 525, 273, 5, 525, 5, 5, 5, 5, 26, 5, 5, 5, 471, 5, 273, 422, 5, 5, 5, 5, 5, 273, 5, 5, 115, 5, 5, 5, 5, 5, 368, 41, 5, 26, 5, 368, 368, 5, 207, 345, 422, 5, 5, 219, 222, 219, 5, 439, 219, 5, 255, 439, 219, 5, 372, 23, 219, 23, 377, 377, 23, 23, 5, 422, 5, 23, 286, 286, 219, 5, 23, 5, 23, 23, 23, 23, 5, 56, 23, 23, 23, 58, 5, 58, 115, 115, 23, 23, 129, 23, 129, 395, 457, 23, 23, 23, 23, 23, 23, 23, 317, 23, 5, 23, 541, 23, 23, 23, 325, 313, 290, 290, 290, 325, 5, 5, 313, 4, 4, 23, 420, 563, 563, 420, 4, 546, 5, 546, 271, 115, 222, 115, 28, 115, 5, 5, 23, 23, 115, 5, 115, 115, 115, 65, 564, 478, 478, 457, 115, 115, 115, 488, 488, 350, 350, 92, 92, 92, 115, 11, 11, 11, 175, 64, 92, 197, 172, 407, 528, 92, 5, 528, 528, 5, 337, 51, 51, 204, 552, 92, 48, 204, 459, 23, 92, 280, 115, 66, 349, 349, 349, 92, 5, 457, 525, 5, 5, 173, 163, 321, 9, 5, 5, 5, 5, 5, 422, 5, 26, 5, 26, 239, 251, 5, 5, 5, 219, 23, 65, 5, 457, 115, 422, 555, 422, 465, 174, 49, 163, 5, 5, 316, 50, 268, 459, 205, 490, 23, 92, 490, 23, 204, 120, 339, 5, 339, 136, 164, 219, 136, 471, 136, 244, 339, 122, 386, 465, 339, 169, 315, 549, 465, 465, 169, 463, 27, 27, 144, 465, 136, 352, 465, 136, 110, 169, 465, 244, 244, 465, 339, 136, 465, 465, 465, 549, 136, 465, 244, 244, 549, 136, 136, 27, 518, 136, 169, 403, 169, 169, 465, 339, 339, 204, 65, 285, 169, 465, 5, 398, 5, 339, 169, 549, 291, 64, 136, 166, 136, 465, 5, 402, 465, 5, 169, 465, 465, 465, 5, 5, 465, 465, 169, 305, 65, 301, 193, 465, 169, 465, 169, 465, 136, 169, 169, 169, 465, 446, 169, 499, 275, 88, 169, 339, 182, 75, 446, 549, 465, 44, 75, 5, 46, 422, 339, 169, 169, 273, 136, 262, 352, 136, 169, 465, 465, 169, 268, 339, 133, 465, 136, 136, 136, 465, 136, 306, 535, 169, 465, 339, 465, 5, 273, 136, 136, 169, 465, 379, 465, 339, 339, 99, 459, 5, 465, 169, 136, 169, 113, 46, 120, 465, 465, 304, 339, 136, 169, 379, 465, 465, 465, 339, 339, 465, 136, 465, 222, 5, 465, 169, 169, 169, 136, 446, 169, 465, 38, 465, 204, 122, 339, 422, 169, 136, 136, 465, 465, 339, 202, 136, 136, 465, 204, 136, 284, 339, 465, 339, 75, 136, 465, 27, 245, 465, 339, 5, 465, 204, 465, 465, 339, 339, 5, 217, 169, 90, 446, 75, 226, 136, 446, 169, 465, 465, 154, 26, 217, 315, 339, 75, 136, 465, 267, 169, 339, 339, 251, 463, 465, 465, 549, 339, 465, 164, 230, 136, 546, 339, 259, 465, 63, 136, 136, 169, 204, 204, 465, 136, 167, 465, 339, 422, 219, 136, 275, 136, 465, 5, 465, 431, 169, 169, 136, 339, 465, 136, 23, 136, 283, 465, 339, 339, 465, 459, 465, 136, 465, 136, 5, 308, 344, 459, 465, 465, 136, 465, 136, 136, 136, 471, 136, 136, 136, 339, 5, 169, 339, 50, 26, 27, 465, 339, 136, 169, 65, 136, 136, 169, 136, 158, 75, 169, 136, 465, 465, 169, 465, 339, 136, 169, 465, 99, 99, 136, 315, 243, 163, 169, 169, 465, 136, 136, 136, 339, 339, 136, 289, 136, 465, 136, 291, 339, 244, 136, 5, 169, 339, 169, 169, 136, 465, 397, 196, 122, 130, 169, 136, 339, 570, 339, 11, 136, 386, 136, 169, 431, 136, 169, 465, 465, 465, 149, 339, 442, 477, 169, 247, 339, 5, 169, 169, 465, 100, 459, 446, 549, 339, 465, 169, 339, 339, 169, 169, 339, 465, 153, 15, 459, 75, 75, 459, 65, 459, 459, 459, 459, 459, 154, 459, 5, 49, 65, 459, 449, 81, 459, 319, 263, 261, 459, 459, 11, 174, 562, 562, 562, 205, 204, 5, 559, 92, 5, 160, 47, 11, 115, 11, 11, 280, 11, 81, 471, 182, 5, 5, 115, 325, 115, 481, 5, 523, 65, 5, 251, 5, 49, 5, 5, 156, 468, 298, 5, 115, 5, 75, 81, 5, 219, 512, 115, 23, 412, 23, 115, 263, 2, 457, 133, 287, 204, 5, 81, 22, 152, 219, 81, 5, 272, 129, 268, 5, 520, 81, 5, 5, 170, 473, 471, 143, 26, 23, 525, 265, 540, 524, 5, 315, 163, 476, 213, 5, 512, 427, 5, 175, 405, 525, 61, 5, 23, 5, 186, 5, 5, 115, 349, 248, 83, 171, 64, 5, 428, 81, 422, 204, 249, 383, 471, 5, 187, 462, 175, 5, 546, 5, 315, 525, 310, 204, 11, 546, 5, 372, 336, 5, 268, 545, 5, 49, 5, 204, 426, 222, 283, 111, 5, 313, 5, 392, 5, 26, 161, 182, 222, 5, 115, 65, 5, 5, 537, 414, 65, 44, 485, 5, 5, 133, 115, 5, 422, 5, 375, 349, 5, 280, 23, 11, 65, 75, 11, 5, 11, 65, 160, 115, 474, 115, 81, 5, 5, 523, 5, 115, 117, 5, 5, 115, 325, 5, 5, 414, 315, 471, 303, 471, 320, 505, 471, 315, 251, 546, 315, 129, 5, 5, 263, 5, 65, 315, 367, 5, 23, 156, 23, 204, 315, 143, 315, 75, 372, 540, 219, 2, 468, 35, 315, 287, 481, 315, 471, 64, 81, 75, 65, 64, 103, 422, 315, 5, 358, 213, 474, 315, 251, 550, 546, 283, 187, 75, 5, 459, 545, 427, 170, 194, 422, 81, 268, 5, 46, 26, 219, 204, 422, 471, 476, 81, 81, 81, 115, 5, 5, 115, 26, 5, 81, 5, 5, 22, 5, 163, 268, 5, 5, 272, 204, 268, 5, 313, 5, 298, 315, 5, 315, 268, 485, 476, 5, 5, 5, 249, 525, 222, 268, 5, 396, 83, 5, 5, 5, 520, 512, 512, 5, 476, 161, 5, 476, 5, 476, 37, 476, 65, 50, 5, 459, 268, 5, 44, 537, 462, 163, 204, 268, 44, 268, 152, 413, 204, 546, 133, 133, 75, 323, 133, 171, 204, 268, 315, 133, 133, 75, 336, 546, 428, 182, 204, 5, 204, 405, 75, 75, 75, 111, 409, 524, 268, 5, 49, 315, 75, 5, 5, 186, 5, 222, 5, 75, 115, 525, 49, 412, 5, 163, 65, 5, 5, 5, 5, 426, 338, 248, 