{"Run": 11, "K": 533, "WCSSD": 2072.9054807883545, "Purity": 0.4348203676957924, "Time": 29.49280309677124, "Kmeans_Labels": [264, 146, 49, 340, 39, 49, 146, 78, 146, 49, 196, 388, 49, 13, 257, 191, 49, 110, 191, 49, 49, 49, 390, 49, 404, 110, 49, 178, 443, 49, 49, 194, 443, 110, 49, 419, 173, 13, 173, 13, 316, 171, 107, 451, 134, 388, 404, 94, 49, 86, 49, 316, 316, 173, 15, 49, 191, 146, 340, 340, 191, 110, 49, 107, 257, 65, 146, 146, 13, 257, 110, 49, 49, 42, 337, 49, 49, 49, 43, 311, 49, 450, 83, 110, 78, 49, 42, 116, 464, 49, 257, 257, 49, 49, 49, 171, 49, 49, 78, 173, 78, 337, 49, 213, 213, 171, 171, 213, 49, 337, 529, 49, 292, 49, 264, 337, 256, 49, 49, 84, 49, 49, 84, 340, 340, 84, 64, 340, 323, 49, 84, 84, 490, 49, 257, 443, 196, 49, 49, 49, 349, 50, 340, 443, 84, 84, 257, 49, 22, 340, 84, 61, 42, 443, 346, 84, 49, 444, 340, 49, 11, 84, 84, 257, 171, 84, 42, 94, 75, 42, 477, 390, 257, 316, 84, 189, 405, 21, 84, 49, 49, 450, 257, 257, 84, 429, 84, 341, 49, 429, 49, 349, 517, 84, 257, 340, 49, 257, 257, 245, 78, 390, 296, 405, 84, 78, 84, 233, 42, 304, 390, 7, 78, 78, 76, 49, 222, 245, 173, 349, 78, 337, 257, 173, 478, 84, 393, 245, 316, 390, 49, 49, 78, 14, 78, 49, 245, 443, 165, 191, 84, 257, 349, 377, 316, 78, 49, 226, 257, 84, 245, 245, 257, 106, 450, 390, 317, 49, 84, 226, 49, 49, 173, 49, 213, 49, 257, 213, 191, 245, 390, 171, 96, 390, 171, 390, 397, 390, 84, 213, 84, 264, 264, 191, 171, 171, 171, 213, 171, 156, 84, 171, 13, 171, 68, 171, 362, 171, 49, 316, 49, 171, 49, 362, 362, 358, 171, 171, 171, 134, 349, 264, 362, 362, 245, 264, 148, 134, 171, 419, 134, 134, 316, 134, 405, 440, 49, 264, 349, 264, 443, 84, 283, 264, 316, 173, 84, 264, 215, 69, 49, 49, 93, 257, 84, 316, 388, 84, 49, 388, 93, 450, 316, 388, 173, 49, 49, 75, 60, 120, 335, 49, 177, 182, 173, 349, 120, 335, 84, 288, 120, 120, 52, 84, 52, 84, 84, 84, 390, 43, 49, 111, 84, 339, 8, 316, 316, 170, 340, 196, 356, 49, 43, 461, 49, 174, 405, 72, 49, 451, 349, 45, 340, 398, 399, 491, 191, 49, 340, 49, 122, 450, 382, 42, 146, 257, 362, 257, 42, 84, 42, 49, 42, 49, 451, 44, 49, 134, 60, 268, 335, 107, 257, 389, 257, 94, 94, 443, 443, 49, 340, 49, 61, 61, 37, 37, 225, 225, 49, 134, 173, 173, 173, 451, 49, 173, 173, 94, 418, 418, 397, 397, 399, 382, 382, 443, 91, 91, 340, 382, 382, 382, 158, 423, 72, 349, 49, 277, 49, 49, 363, 363, 49, 245, 245, 511, 511, 86, 86, 49, 61, 49, 350, 350, 49, 223, 191, 61, 61, 191, 402, 106, 349, 351, 351, 49, 86, 245, 213, 49, 49, 49, 257, 257, 49, 49, 199, 241, 199, 340, 53, 439, 213, 53, 53, 213, 439, 49, 340, 134, 134, 171, 345, 345, 362, 362, 245, 245, 282, 173, 134, 362, 362, 245, 245, 208, 208, 422, 422, 187, 187, 213, 213, 526, 134, 49, 61, 61, 61, 61, 72, 397, 473, 473, 173, 49, 49, 314, 314, 314, 314, 506, 506, 45, 49, 49, 49, 349, 93, 93, 93, 93, 93, 388, 388, 388, 309, 309, 156, 224, 224, 61, 257, 61, 133, 133, 52, 52, 307, 307, 49, 49, 1, 1, 151, 151, 49, 531, 531, 52, 52, 52, 52, 474, 52, 512, 512, 335, 207, 257, 72, 49, 42, 29, 284, 29, 29, 29, 29, 29, 29, 29, 376, 245, 29, 29, 376, 13, 29, 29, 29, 19, 196, 29, 29, 29, 29, 405, 451, 451, 49, 120, 107, 107, 272, 272, 49, 49, 216, 264, 354, 354, 186, 49, 290, 49, 423, 454, 340, 451, 405, 340, 49, 316, 49, 248, 451, 49, 245, 43, 48, 48, 49, 271, 271, 49, 257, 49, 43, 257, 49, 49, 49, 49, 86, 116, 86, 86, 86, 451, 245, 49, 49, 49, 86, 270, 124, 86, 49, 206, 86, 86, 49, 86, 206, 86, 49, 351, 124, 124, 116, 49, 351, 351, 347, 86, 451, 336, 49, 49, 213, 242, 213, 49, 362, 213, 49, 134, 213, 213, 450, 342, 171, 155, 342, 171, 245, 526, 245, 235, 345, 213, 134, 31, 345, 285, 49, 134, 285, 264, 391, 264, 134, 245, 61, 134, 134, 395, 196, 450, 134, 269, 269, 342, 187, 31, 529, 187, 134, 342, 342, 342, 134, 134, 134, 342, 28, 86, 134, 115, 134, 49, 264, 28, 28, 49, 253, 49, 49, 49, 173, 49, 49, 253, 506, 506, 134, 54, 110, 110, 54, 506, 397, 388, 397, 309, 396, 399, 397, 348, 388, 92, 92, 134, 134, 309, 173, 396, 49, 49, 397, 397, 49, 49, 49, 397, 397, 94, 399, 399, 128, 128, 335, 335, 335, 397, 307, 120, 120, 52, 405, 335, 479, 43, 120, 335, 335, 266, 335, 335, 399, 120, 49, 49, 94, 238, 335, 335, 153, 210, 134, 335, 52, 397, 337, 49, 49, 342, 335, 455, 388, 382, 86, 196, 382, 443, 382, 191, 399, 190, 49, 86, 257, 321, 419, 116, 191, 116, 86, 119, 43, 191, 49, 362, 134, 316, 49, 26, 173, 43, 43, 43, 234, 42, 10, 443, 49, 43, 49, 75, 110, 316, 49, 264, 134, 335, 264, 134, 257, 49, 140, 173, 140, 195, 49, 213, 401, 451, 401, 401, 140, 140, 335, 234, 140, 259, 147, 244, 244, 234, 234, 33, 244, 244, 234, 202, 401, 399, 234, 401, 234, 234, 453, 234, 450, 244, 140, 401, 370, 244, 234, 244, 401, 234, 450, 450, 244, 401, 401, 244, 234, 303, 234, 424, 414, 127, 234, 140, 67, 257, 159, 401, 234, 234, 211, 66, 86, 140, 140, 234, 79, 405, 401, 234, 401, 234, 49, 234, 244, 49, 234, 234, 234, 234, 257, 49, 234, 234, 234, 140, 94, 430, 234, 234, 334, 244, 234, 234, 401, 234, 234, 234, 234, 219, 234, 234, 234, 234, 234, 140, 146, 176, 140, 234, 234, 65, 49, 49, 21, 49, 140, 234, 140, 20, 401, 234, 399, 401, 140, 234, 234, 234, 110, 140, 481, 234, 401, 401, 401, 234, 401, 234, 261, 234, 244, 140, 135, 129, 257, 401, 401, 140, 234, 234, 234, 140, 392, 9, 144, 49, 502, 121, 401, 234, 234, 21, 49, 234, 234, 381, 140, 401, 234, 392, 130, 234, 234, 140, 140, 234, 401, 234, 349, 257, 70, 49, 468, 162, 401, 234, 234, 234, 234, 234, 257, 140, 140, 49, 336, 401, 401, 234, 234, 140, 401, 401, 401, 234, 257, 401, 260, 140, 234, 140, 451, 401, 470, 244, 429, 234, 212, 173, 234, 49, 234, 244, 140, 140, 168, 137, 234, 401, 219, 399, 140, 195, 234, 234, 234, 234, 517, 116, 137, 399, 140, 49, 401, 252, 140, 447, 140, 140, 508, 104, 244, 234, 244, 140, 244, 49, 234, 401, 49, 140, 140, 234, 244, 332, 401, 234, 257, 257, 234, 401, 140, 234, 140, 49, 513, 401, 267, 125, 244, 49, 232, 168, 213, 234, 401, 140, 234, 401, 264, 401, 43, 234, 140, 140, 475, 355, 234, 401, 234, 228, 49, 140, 168, 196, 62, 234, 401, 234, 401, 401, 401, 451, 401, 303, 401, 140, 112, 234, 496, 75, 116, 234, 234, 140, 401, 234, 94, 401, 401, 303, 301, 140, 49, 140, 401, 234, 234, 140, 234, 140, 401, 140, 244, 138, 140, 401, 49, 310, 443, 234, 234, 234, 401, 401, 401, 140, 140, 401, 140, 401, 460, 401, 79, 140, 401, 401, 49, 140, 140, 140, 355, 401, 234, 140, 65, 140, 140, 335, 483, 140, 41, 140, 120, 125, 335, 125, 335, 168, 401, 140, 234, 367, 234, 49, 140, 335, 140, 234, 244, 140, 49, 140, 234, 234, 140, 399, 219, 244, 140, 234, 140, 140, 140, 259, 234, 140, 234, 443, 87, 316, 450, 413, 316, 49, 316, 316, 316, 316, 191, 261, 316, 49, 340, 323, 316, 443, 173, 316, 198, 43, 340, 316, 316, 120, 386, 421, 421, 421, 49, 94, 312, 49, 335, 57, 335, 312, 335, 173, 335, 120, 521, 120, 173, 451, 146, 245, 191, 396, 54, 397, 362, 49, 388, 173, 318, 55, 196, 499, 45, 264, 397, 171, 49, 378, 397, 245, 45, 173, 516, 213, 83, 49, 134, 522, 245, 369, 185, 0, 168, 72, 359, 257, 49, 173, 139, 349, 459, 51, 49, 181, 38, 110, 49, 271, 89, 49, 49, 106, 340, 451, 49, 116, 480, 49, 49, 213, 258, 49, 191, 443, 223, 257, 388, 83, 173, 498, 52, 72, 57, 107, 136, 134, 399, 246, 49, 49, 397, 120, 45, 86, 65, 405, 399, 466, 173, 254, 49, 86, 257, 451, 302, 171, 49, 52, 275, 49, 49, 450, 382, 399, 352, 415, 163, 264, 134, 361, 494, 110, 6, 257, 340, 257, 257, 110, 349, 191, 495, 49, 162, 264, 60, 126, 116, 405, 200, 349, 527, 43, 49, 49, 327, 257, 450, 168, 65, 49, 86, 101, 72, 94, 49, 113, 57, 410, 120, 527, 521, 134, 335, 49, 45, 335, 318, 415, 173, 335, 397, 258, 369, 173, 388, 327, 388, 191, 396, 61, 136, 264, 49, 54, 378, 264, 450, 503, 451, 134, 451, 134, 49, 451, 94, 119, 163, 263, 38, 49, 110, 185, 378, 46, 147, 87, 49, 134, 397, 245, 450, 147, 49, 143, 204, 134, 213, 459, 0, 171, 305, 450, 359, 362, 147, 451, 405, 51, 49, 45, 405, 171, 450, 147, 90, 94, 257, 258, 85, 55, 87, 132, 191, 171, 168, 302, 316, 6, 173, 106, 191, 49, 173, 24, 86, 21, 116, 213, 442, 113, 364, 223, 173, 173, 173, 173, 245, 49, 196, 116, 388, 89, 126, 49, 139, 245, 443, 110, 357, 86, 181, 257, 110, 86, 162, 