{"Run": 3, "K": 516, "WCSSD": 2126.5658577317067, "Purity": 0.517892928714572, "Time": 29.697433948516846, "Kmeans_Labels": [348, 3, 127, 13, 3, 3, 305, 108, 492, 3, 3, 55, 157, 157, 3, 3, 3, 133, 3, 304, 3, 3, 301, 157, 157, 95, 55, 95, 304, 55, 157, 420, 304, 95, 327, 3, 157, 157, 157, 157, 60, 157, 476, 147, 157, 278, 157, 44, 445, 3, 492, 98, 98, 3, 355, 11, 149, 95, 163, 163, 3, 95, 3, 129, 111, 172, 157, 313, 157, 111, 95, 492, 55, 492, 226, 492, 3, 492, 424, 3, 3, 3, 86, 95, 108, 3, 110, 25, 493, 3, 492, 492, 111, 55, 3, 3, 488, 50, 296, 492, 108, 226, 3, 511, 511, 305, 305, 511, 55, 226, 255, 255, 255, 157, 3, 226, 9, 3, 3, 357, 3, 492, 254, 163, 3, 31, 3, 163, 60, 3, 31, 31, 16, 335, 3, 304, 3, 3, 3, 3, 26, 163, 163, 304, 31, 254, 260, 492, 3, 163, 31, 139, 110, 304, 3, 31, 328, 3, 163, 445, 3, 31, 312, 3, 3, 31, 110, 422, 370, 110, 31, 301, 3, 98, 31, 3, 0, 130, 31, 3, 492, 3, 3, 3, 31, 3, 270, 161, 3, 60, 3, 432, 424, 31, 3, 3, 3, 492, 3, 30, 108, 301, 301, 24, 31, 108, 31, 108, 55, 3, 301, 3, 108, 108, 108, 3, 114, 515, 235, 26, 88, 362, 3, 235, 150, 31, 241, 3, 98, 301, 3, 3, 108, 3, 108, 241, 3, 425, 3, 3, 308, 70, 26, 108, 98, 108, 3, 3, 492, 458, 305, 305, 3, 469, 335, 301, 229, 3, 31, 3, 3, 3, 235, 127, 344, 3, 492, 511, 3, 30, 301, 305, 455, 3, 305, 491, 3, 491, 489, 31, 31, 3, 355, 3, 368, 305, 24, 511, 305, 60, 31, 305, 3, 255, 511, 57, 3, 305, 255, 106, 3, 131, 3, 511, 511, 173, 85, 305, 3, 255, 26, 355, 511, 511, 30, 355, 3, 255, 255, 288, 255, 255, 98, 255, 24, 3, 3, 373, 26, 255, 304, 31, 473, 348, 98, 348, 31, 3, 301, 31, 492, 29, 361, 492, 31, 3, 3, 31, 3, 3, 26, 105, 98, 3, 3, 3, 127, 370, 40, 81, 81, 3, 512, 81, 255, 26, 81, 205, 367, 3, 81, 81, 175, 367, 175, 367, 31, 380, 301, 459, 3, 98, 31, 129, 3, 98, 98, 32, 384, 394, 186, 47, 301, 455, 3, 3, 24, 177, 424, 212, 26, 3, 163, 301, 60, 26, 424, 474, 163, 3, 60, 3, 111, 110, 424, 3, 511, 492, 110, 31, 204, 3, 3, 3, 147, 511, 492, 255, 80, 27, 81, 501, 3, 285, 227, 424, 424, 304, 304, 3, 163, 3, 494, 494, 3, 3, 255, 255, 60, 514, 206, 206, 255, 147, 3, 257, 257, 60, 81, 81, 257, 257, 481, 111, 111, 304, 476, 476, 163, 111, 111, 111, 163, 111, 177, 26, 3, 55, 197, 197, 71, 71, 3, 63, 63, 3, 3, 63, 63, 63, 139, 3, 82, 82, 492, 123, 3, 139, 139, 3, 108, 144, 26, 487, 487, 492, 63, 63, 55, 127, 127, 257, 3, 3, 3, 3, 3, 79, 3, 163, 511, 3, 511, 511, 511, 511, 3, 55, 3, 255, 255, 305, 255, 255, 511, 511, 255, 255, 255, 3, 255, 305, 305, 255, 255, 3, 3, 402, 402, 182, 182, 170, 170, 255, 145, 424, 139, 139, 139, 139, 177, 3, 209, 209, 235, 3, 3, 3, 3, 3, 3, 382, 382, 3, 3, 276, 276, 26, 411, 241, 241, 241, 241, 55, 3, 3, 143, 143, 60, 81, 81, 139, 60, 139, 257, 257, 175, 175, 446, 446, 81, 81, 81, 81, 81, 81, 3, 81, 81, 446, 446, 175, 175, 175, 175, 325, 325, 81, 3, 3, 177, 3, 110, 232, 36, 232, 232, 232, 232, 228, 426, 232, 232, 3, 319, 232, 232, 157, 232, 232, 232, 232, 60, 422, 232, 128, 232, 24, 3, 147, 3, 81, 476, 476, 454, 454, 111, 111, 3, 3, 311, 311, 98, 3, 3, 3, 111, 3, 163, 147, 24, 163, 3, 3, 492, 3, 416, 233, 347, 3, 286, 286, 3, 286, 286, 55, 3, 197, 3, 3, 111, 3, 3, 3, 63, 25, 63, 63, 63, 147, 63, 241, 492, 63, 63, 347, 63, 510, 241, 63, 63, 63, 492, 437, 63, 56, 431, 487, 63, 63, 25, 3, 487, 487, 63, 55, 63, 324, 3, 3, 511, 26, 511, 127, 511, 511, 3, 255, 511, 511, 511, 255, 255, 511, 255, 330, 330, 255, 55, 447, 324, 511, 255, 255, 255, 447, 55, 505, 447, 255, 255, 255, 255, 3, 139, 255, 255, 255, 3, 241, 255, 255, 255, 122, 255, 255, 255, 402, 255, 55, 122, 122, 450, 255, 255, 122, 405, 148, 255, 3, 400, 3, 255, 405, 405, 395, 139, 395, 395, 395, 395, 3, 3, 139, 255, 255, 255, 255, 95, 95, 255, 257, 257, 3, 257, 276, 33, 26, 151, 3, 257, 241, 241, 255, 255, 293, 3, 257, 26, 193, 60, 257, 3, 3, 98, 257, 257, 142, 257, 257, 257, 257, 81, 69, 69, 257, 176, 81, 81, 175, 24, 81, 81, 339, 81, 81, 81, 3, 81, 81, 3, 81, 3, 3, 3, 81, 81, 81, 3, 3, 241, 81, 446, 257, 226, 55, 55, 55, 81, 304, 55, 111, 3, 3, 111, 304, 111, 3, 3, 3, 3, 3, 3, 98, 55, 25, 3, 99, 127, 127, 3, 3, 238, 511, 255, 55, 306, 98, 3, 164, 3, 164, 466, 241, 163, 418, 3, 192, 492, 370, 66, 98, 174, 348, 255, 81, 348, 255, 3, 492, 199, 3, 146, 61, 179, 290, 391, 147, 391, 93, 199, 199, 81, 279, 199, 279, 424, 279, 199, 109, 279, 412, 279, 279, 279, 279, 391, 424, 279, 271, 287, 279, 279, 178, 78, 279, 199, 391, 279, 279, 279, 279, 391, 154, 93, 93, 279, 391, 391, 279, 279, 391, 22, 3, 279, 346, 279, 199, 199, 3, 60, 391, 279, 279, 492, 129, 3, 199, 279, 477, 116, 129, 391, 279, 391, 279, 129, 279, 279, 3, 279, 74, 279, 279, 3, 3, 279, 279, 279, 199, 380, 304, 279, 279, 279, 152, 279, 279, 391, 64, 279, 279, 279, 119, 279, 279, 106, 279, 279, 199, 3, 252, 119, 279, 279, 172, 208, 3, 130, 492, 199, 279, 199, 476, 391, 279, 346, 391, 279, 279, 279, 279, 95, 397, 177, 279, 391, 391, 391, 180, 391, 279, 424, 279, 279, 199, 279, 3, 3, 391, 292, 279, 279, 279, 279, 248, 199, 350, 241, 3, 183, 279, 502, 279, 279, 130, 492, 279, 279, 177, 199, 103, 279, 279, 279, 279, 279, 199, 199, 279, 391, 279, 26, 3, 279, 3, 279, 139, 391, 119, 279, 279, 157, 279, 3, 199, 199, 492, 48, 391, 391, 279, 279, 199, 391, 391, 391, 279, 3, 391, 130, 199, 279, 199, 147, 391, 279, 279, 60, 279, 371, 3, 279, 3, 279, 279, 146, 135, 3, 391, 279, 120, 119, 98, 199, 61, 93, 396, 279, 279, 424, 25, 391, 148, 199, 323, 391, 279, 119, 279, 199, 199, 127, 185, 14, 106, 279, 199, 279, 179, 279, 119, 3, 135, 199, 279, 279, 391, 391, 279, 3, 3, 96, 391, 199, 279, 199, 424, 511, 391, 279, 217, 279, 3, 279, 98, 97, 279, 391, 199, 279, 391, 255, 391, 98, 279, 199, 169, 279, 215, 279, 391, 279, 391, 3, 279, 98, 116, 279, 279, 391, 279, 391, 391, 391, 147, 391, 391, 75, 199, 3, 279, 199, 370, 25, 279, 279, 199, 391, 279, 98, 391, 222, 346, 391, 199, 3, 199, 391, 421, 279, 279, 279, 2, 391, 199, 279, 352, 199, 391, 3, 304, 20, 279, 279, 466, 391, 391, 391, 199, 199, 391, 199, 391, 279, 391, 116, 135, 93, 391, 3, 158, 160, 199, 215, 391, 279, 199, 129, 199, 490, 211, 391, 199, 279, 199, 81, 217, 81, 217, 81, 98, 391, 199, 279, 279, 279, 3, 399, 81, 199, 279, 279, 199, 3, 279, 23, 279, 199, 98, 119, 279, 199, 279, 199, 199, 199, 279, 202, 199, 279, 352, 497, 98, 424, 424, 98, 60, 98, 98, 98, 98, 3, 424, 98, 3, 163, 60, 98, 304, 55, 98, 3, 98, 163, 98, 98, 81, 110, 150, 150, 150, 174, 3, 3, 241, 410, 113, 81, 475, 245, 383, 81, 453, 175, 81, 250, 147, 313, 55, 3, 33, 395, 257, 511, 443, 3, 241, 452, 127, 207, 506, 3, 3, 3, 392, 3, 3, 257, 63, 168, 3, 45, 201, 86, 3, 255, 163, 255, 257, 213, 511, 3, 28, 79, 3, 3, 235, 3, 26, 511, 305, 104, 3, 255, 95, 306, 286, 241, 3, 111, 469, 462, 345, 101, 25, 255, 197, 3, 511, 60, 55, 424, 353, 310, 224, 241, 86, 235, 456, 175, 177, 242, 476, 3, 255, 481, 3, 439, 340, 257, 81, 3, 3, 172, 24, 481, 177, 3, 98, 3, 63, 3, 214, 333, 305, 3, 175, 492, 3, 3, 49, 111, 6, 98, 283, 3, 355, 255, 3, 39, 95, 424, 3, 284, 3, 136, 187, 26, 424, 26, 3, 451, 329, 40, 241, 25, 3, 3, 440, 3, 3, 3, 3, 492, 3, 335, 98, 172, 3, 3, 3, 177, 3, 3, 3, 113, 424, 81, 3, 175, 255, 245, 3, 168, 81, 452, 283, 241, 81, 257, 7, 257, 250, 3, 492, 3, 3, 33, 139, 3, 3, 3, 395, 3, 329, 335, 148, 147, 255, 19, 402, 3, 147, 424, 127, 3, 424, 255, 306, 3, 213, 492, 236, 424, 280, 443, 255, 3, 255, 424, 424, 101, 424, 326, 255, 511, 511, 511, 392, 334, 49, 79, 511, 424, 345, 24, 305, 327, 98, 24, 358, 241, 424, 3, 424, 224, 7, 269, 127, 280, 424, 424, 305, 98, 333, 98, 424, 235, 469, 3, 424, 3, 264, 3, 130, 25, 201, 189, 3, 147, 310, 3, 235, 3, 257, 55, 3, 257, 25, 3, 241, 241, 3, 3, 63, 353, 95, 3, 63, 3, 478, 95, 3, 451, 3, 3, 424, 3, 148, 95, 3, 123, 3, 3, 3, 63, 197, 26, 95, 111, 98, 3, 45, 3, 55, 286, 86, 86, 340, 221, 3, 39, 123, 39, 378, 424, 123, 98, 370, 3, 98, 95, 220, 125, 3, 3, 304, 3, 95, 172, 24, 26, 301, 387, 163, 177, 177, 241, 60, 28, 172, 3, 95, 424, 177, 177, 60, 3, 3, 177, 3, 136, 3, 386, 177, 3, 424, 479, 26, 476, 60, 95, 3, 284, 424, 60, 104, 207, 3, 456, 509, 3, 3, 3, 111, 506, 163, 3, 304, 60, 3, 3, 492, 3, 187, 60, 3, 95, 3, 3, 