{"Run": 12, "K": 272, "WCSSD": 2342.4054669141206, "Purity": 0.4666475808760378, "Time": 13.47822093963623, "Kmeans_Labels": [156, 113, 114, 1, 1, 1, 113, 176, 113, 138, 1, 75, 101, 101, 1, 1, 162, 230, 1, 182, 1, 1, 1, 101, 101, 230, 1, 230, 182, 127, 101, 89, 94, 62, 1, 11, 101, 101, 149, 101, 89, 101, 202, 6, 101, 31, 101, 226, 1, 1, 1, 187, 187, 1, 156, 1, 40, 230, 241, 1, 1, 230, 230, 37, 1, 70, 101, 113, 101, 110, 230, 1, 160, 168, 158, 1, 156, 1, 162, 1, 1, 40, 138, 231, 176, 1, 232, 45, 1, 138, 1, 1, 1, 127, 1, 1, 231, 1, 176, 1, 176, 183, 1, 121, 121, 157, 157, 121, 1, 158, 78, 78, 185, 101, 156, 158, 40, 159, 219, 85, 1, 1, 85, 1, 1, 85, 51, 1, 52, 51, 85, 85, 1, 1, 1, 182, 1, 1, 1, 1, 30, 1, 1, 182, 85, 85, 1, 1, 1, 1, 85, 188, 232, 182, 1, 85, 1, 1, 1, 1, 1, 85, 85, 1, 1, 85, 232, 40, 1, 232, 162, 1, 1, 187, 85, 1, 37, 26, 85, 1, 1, 12, 53, 53, 85, 51, 85, 1, 1, 51, 1, 30, 262, 85, 1, 1, 111, 9, 1, 138, 176, 1, 162, 37, 85, 176, 85, 138, 232, 1, 1, 1, 176, 102, 176, 85, 85, 138, 149, 30, 55, 158, 1, 149, 89, 137, 1, 149, 187, 85, 1, 1, 176, 1, 176, 40, 138, 182, 1, 1, 85, 1, 265, 176, 187, 138, 1, 126, 9, 85, 138, 157, 1, 85, 50, 120, 85, 1, 85, 126, 1, 222, 149, 114, 121, 1, 9, 121, 40, 37, 1, 30, 40, 157, 1, 114, 40, 1, 85, 121, 85, 156, 156, 1, 1, 1, 37, 121, 1, 52, 85, 114, 1, 78, 140, 157, 157, 157, 78, 94, 14, 157, 1, 157, 157, 157, 157, 157, 1, 78, 30, 156, 157, 157, 138, 156, 162, 78, 78, 170, 78, 78, 187, 78, 37, 149, 1, 156, 30, 156, 182, 85, 85, 156, 187, 1, 85, 156, 230, 66, 1, 118, 30, 9, 85, 187, 166, 85, 1, 31, 124, 40, 187, 31, 149, 156, 114, 195, 236, 63, 63, 1, 1, 63, 78, 30, 161, 63, 85, 1, 63, 63, 5, 85, 260, 85, 85, 85, 1, 162, 1, 187, 85, 162, 1, 187, 187, 230, 1, 89, 261, 1, 128, 40, 202, 1, 37, 248, 1, 6, 30, 1, 1, 1, 245, 30, 1, 1, 1, 1, 114, 1, 1, 232, 113, 1, 238, 9, 232, 85, 232, 1, 232, 127, 6, 121, 1, 78, 236, 63, 63, 202, 1, 232, 1, 40, 40, 182, 182, 40, 1, 1, 188, 188, 138, 138, 78, 78, 1, 78, 149, 149, 167, 6, 1, 1, 1, 1, 63, 63, 1, 1, 51, 1, 1, 182, 202, 202, 114, 114, 114, 1, 1, 1, 32, 30, 1, 138, 213, 213, 176, 176, 60, 267, 267, 1, 1, 127, 127, 127, 188, 1, 1, 1, 1, 19, 84, 252, 252, 84, 176, 33, 30, 132, 132, 1, 127, 127, 121, 114, 114, 1, 10, 10, 1, 1, 1, 207, 1, 1, 121, 162, 121, 121, 121, 121, 162, 127, 1, 78, 78, 78, 127, 127, 42, 42, 78, 78, 78, 149, 35, 157, 157, 138, 138, 1, 1, 78, 78, 216, 216, 121, 121, 78, 78, 40, 200, 200, 200, 200, 135, 1, 30, 30, 149, 14, 14, 83, 83, 83, 83, 1, 1, 1, 1, 1, 1, 30, 31, 31, 31, 124, 124, 182, 1, 31, 1, 1, 1, 63, 63, 188, 1, 188, 1, 1, 260, 260, 5, 5, 202, 202, 5, 5, 5, 5, 1, 63, 63, 5, 5, 5, 5, 5, 5, 63, 63, 63, 40, 1, 135, 230, 232, 87, 87, 87, 87, 87, 87, 87, 87, 87, 17, 149, 87, 87, 87, 101, 87, 87, 87, 87, 89, 87, 87, 87, 87, 37, 6, 6, 1, 63, 202, 202, 162, 162, 1, 1, 51, 156, 30, 30, 51, 1, 1, 1, 1, 1, 1, 6, 37, 1, 1, 1, 162, 202, 86, 1, 138, 113, 199, 199, 1, 127, 127, 127, 1, 213, 14, 1, 127, 162, 60, 60, 127, 18, 127, 210, 210, 6, 127, 148, 40, 127, 127, 68, 127, 127, 148, 127, 127, 1, 1, 127, 127, 127, 138, 132, 127, 127, 18, 1, 132, 132, 138, 127, 127, 1, 1, 1, 121, 30, 121, 114, 157, 121, 1, 74, 121, 121, 1, 78, 78, 121, 78, 78, 78, 78, 127, 138, 78, 121, 78, 78, 78, 121, 1, 78, 78, 156, 78, 156, 35, 1, 188, 78, 78, 78, 89, 1, 78, 78, 78, 78, 78, 78, 78, 78, 78, 187, 78, 78, 78, 78, 78, 78, 78, 266, 90, 1, 78, 1, 156, 78, 78, 30, 188, 97, 97, 97, 97, 14, 14, 188, 78, 78, 90, 78, 230, 230, 78, 1, 114, 40, 114, 1, 1, 30, 1, 1, 31, 31, 31, 97, 97, 1, 1, 1, 30, 142, 1, 162, 1, 1, 1, 1, 1, 1, 100, 100, 1, 1, 63, 63, 63, 1, 5, 63, 63, 260, 37, 249, 5, 103, 63, 202, 249, 1, 202, 202, 1, 63, 14, 14, 1, 63, 214, 63, 1, 1, 78, 63, 5, 162, 158, 1, 1, 1, 63, 182, 1, 1, 162, 209, 1, 182, 1, 1, 16, 1, 1, 1, 1, 1, 1, 0, 1, 18, 114, 114, 162, 1, 78, 157, 78, 187, 78, 89, 1, 162, 162, 162, 165, 232, 1, 182, 162, 162, 1, 51, 230, 187, 1, 156, 78, 63, 156, 78, 1, 14, 155, 138, 196, 264, 244, 121, 264, 25, 264, 264, 196, 169, 63, 165, 155, 165, 40, 125, 125, 165, 165, 67, 125, 125, 254, 165, 264, 40, 165, 240, 165, 165, 165, 165, 40, 125, 196, 264, 165, 125, 165, 125, 264, 165, 40, 40, 125, 264, 264, 263, 165, 264, 254, 197, 165, 155, 165, 196, 196, 1, 52, 264, 165, 165, 1, 1, 1, 196, 155, 165, 205, 37, 264, 109, 264, 165, 162, 155, 125, 1, 165, 165, 165, 165, 1, 1, 165, 165, 165, 155, 56, 182, 101, 165, 165, 125, 165, 165, 264, 165, 165, 165, 165, 155, 165, 165, 165, 165, 165, 196, 113, 33, 155, 165, 165, 70, 51, 1, 26, 162, 155, 165, 155, 202, 264, 165, 244, 264, 155, 165, 165, 165, 230, 196, 135, 165, 264, 264, 255, 165, 264, 165, 262, 43, 125, 196, 125, 1, 202, 264, 264, 155, 125, 165, 165, 155, 196, 18, 187, 1, 165, 165, 264, 165, 165, 26, 14, 165, 165, 135, 196, 264, 165, 262, 165, 180, 165, 196, 196, 165, 29, 165, 30, 1, 125, 29, 165, 29, 29, 155, 165, 165, 101, 165, 89, 163, 196, 1, 155, 29, 29, 165, 165, 196, 264, 29, 264, 165, 1, 264, 14, 155, 165, 196, 6, 29, 165, 125, 51, 165, 196, 138, 165, 1, 165, 125, 196, 196, 1, 29, 165, 264, 155, 89, 196, 264, 155, 165, 165, 165, 262, 18, 29, 40, 196, 33, 29, 165, 155, 165, 196, 196, 114, 67, 125, 165, 125, 196, 125, 244, 165, 264, 114, 196, 196, 125, 125, 264, 264, 165, 33, 1, 165, 264, 155, 165, 196, 1, 121, 264, 165, 264, 125, 89, 165, 40, 121, 165, 264, 196, 165, 264, 156, 29, 162, 165, 196, 196, 165, 187, 220, 264, 165, 29, 1, 155, 40, 209, 165, 165, 264, 165, 264, 264, 264, 25, 264, 264, 264, 196, 1, 165, 155, 165, 18, 254, 165, 196, 264, 165, 187, 264, 29, 165, 29, 196, 48, 155, 264, 165, 165, 155, 165, 155, 29, 155, 125, 182, 196, 264, 40, 182, 182, 165, 165, 165, 264, 29, 264, 196, 196, 264, 155, 264, 125, 264, 205, 196, 264, 264, 162, 155, 196, 155, 29, 264, 165, 150, 70, 169, 155, 155, 264, 196, 108, 122, 63, 264, 63, 264, 63, 40, 264, 155, 165, 165, 165, 51, 196, 63, 155, 165, 125, 196, 1, 155, 155, 165, 196, 89, 187, 125, 196, 165, 155, 155, 196, 165, 165, 196, 165, 182, 40, 187, 40, 40, 187, 1, 187, 187, 187, 187, 51, 262, 187, 1, 1, 52, 187, 182, 149, 187, 1, 162, 1, 187, 187, 5, 232, 89, 89, 89, 1, 1, 8, 1, 63, 72, 63, 8, 63, 1, 5, 63, 5, 63, 149, 6, 113, 138, 1, 1, 97, 1, 157, 89, 31, 1, 260, 114, 51, 1, 1, 156, 1, 1, 127, 1, 1, 127, 260, 149, 1, 71, 138, 1, 78, 114, 78, 162, 232, 157, 40, 135, 207, 1, 1, 149, 1, 30, 121, 198, 1, 1, 78, 230, 78, 127, 149, 162, 1, 1, 1, 6, 1, 201, 78, 213, 1, 121, 120, 127, 113, 182, 19, 51, 31, 138, 149, 1, 260, 135, 211, 202, 1, 78, 1, 130, 1, 51, 1, 63, 1, 1, 115, 37, 1, 112, 149, 40, 1, 127, 1, 6, 1, 1, 51, 260, 1, 54, 1, 1, 1, 1, 187, 5, 114, 64, 78, 89, 1, 230, 1, 1, 1, 1, 1, 230, 179, 51, 30, 162, 188, 171, 236, 154, 18, 37, 113, 30, 1, 162, 146, 23, 1, 1, 50, 40, 70, 1, 1, 1, 135, 40, 1, 1, 72, 40, 63, 1, 5, 78, 63, 146, 260, 5, 260, 5, 1, 63, 1, 120, 162, 149, 1, 1, 31, 1, 1, 188, 1, 156, 1, 97, 1, 171, 50, 40, 6, 78, 6, 78, 14, 6, 40, 114, 114, 7, 78, 78, 230, 232, 1, 40, 7, 40, 89, 78, 1, 78, 40, 40, 1, 7, 187, 78, 121, 121, 157, 1, 114, 1, 207, 157, 7, 6, 37, 198, 51, 40, 37, 138, 40, 40, 89, 40, 51, 120, 40, 114, 40, 114, 40, 1, 40, 1, 187, 1, 149, 1, 51, 218, 149, 230, 1, 26, 18, 71, 40, 1, 6, 19, 149, 149, 149, 270, 138, 1, 162, 201, 1, 149, 154, 23, 1, 127, 182, 230, 1, 127, 1, 186, 230, 1, 188, 162, 127, 7, 138, 1, 230, 1, 19, 1, 1, 162, 127, 213, 179, 230, 1, 187, 1, 1, 1, 127, 127, 138, 138, 51, 19, 37, 1, 19, 1, 19, 1, 99, 40, 1, 162, 187, 230, 6, 70, 1, 51, 182, 1, 230, 70, 37, 30, 162, 1, 114, 135, 135, 40, 79, 135, 115, 1, 230, 40, 135, 135, 51, 89, 54, 112, 113, 1, 1, 1, 135, 51, 40, 40, 30, 202, 120, 230, 1, 1, 113, 187, 1, 51, 130, 1, 30, 119, 89, 40, 1, 1, 114, 1, 182, 51, 1, 89, 1, 89, 230, 147, 1, 230, 114, 162, 1, 1, 202, 64, 1, 30, 230, 37, 51, 138, 114, 253, 40, 1, 19, 40, 135, 78, 67, 22, 40, 37, 187, 89, 202, 40, 40, 188, 135, 13, 70, 40, 19, 212, 202, 6, 1, 187, 1, 1, 114, 120, 1, 187, 14, 40, 114, 40, 120, 1, 202, 51, 1, 1, 8, 212, 1, 40, 1, 63, 1, 260, 211, 63, 63, 82, 8, 63, 260, 82, 176, 82, 5, 82, 96, 241, 82, 156, 158, 158, 