{"Run": 9, "K": 140, "WCSSD": 2571.0405841512784, "Purity": 0.3014390249234682, "Time": 4.6853320598602295, "Kmeans_Labels": [109, 5, 5, 32, 5, 5, 3, 5, 5, 106, 5, 5, 5, 54, 5, 5, 5, 25, 5, 135, 5, 5, 118, 54, 54, 29, 5, 29, 135, 5, 54, 5, 135, 29, 5, 123, 54, 54, 54, 54, 5, 54, 63, 118, 54, 5, 54, 5, 5, 5, 5, 118, 118, 5, 109, 5, 118, 29, 32, 93, 5, 29, 5, 63, 5, 5, 54, 5, 54, 29, 29, 5, 5, 5, 35, 5, 5, 5, 65, 5, 5, 5, 33, 29, 5, 5, 118, 41, 5, 5, 5, 5, 5, 33, 5, 5, 5, 5, 5, 5, 5, 35, 5, 68, 68, 3, 3, 104, 33, 35, 134, 134, 134, 54, 109, 35, 35, 5, 5, 125, 5, 5, 125, 32, 5, 125, 5, 32, 35, 5, 125, 125, 5, 5, 5, 135, 5, 5, 5, 5, 110, 32, 32, 135, 125, 125, 5, 5, 5, 32, 125, 133, 118, 135, 5, 125, 5, 5, 32, 5, 5, 125, 125, 5, 5, 125, 118, 118, 5, 118, 22, 5, 5, 118, 125, 5, 55, 21, 125, 5, 5, 5, 5, 5, 125, 5, 125, 5, 5, 5, 118, 42, 35, 125, 32, 32, 5, 35, 5, 124, 33, 5, 5, 55, 125, 5, 125, 33, 33, 5, 5, 5, 5, 5, 5, 125, 125, 33, 5, 110, 125, 5, 5, 5, 5, 125, 5, 5, 118, 125, 5, 5, 35, 5, 109, 5, 5, 135, 5, 5, 125, 119, 110, 106, 118, 33, 106, 5, 35, 125, 3, 3, 5, 125, 5, 5, 125, 5, 125, 5, 5, 5, 5, 32, 125, 5, 35, 68, 5, 5, 5, 3, 59, 5, 3, 5, 35, 5, 125, 125, 125, 109, 109, 5, 3, 3, 55, 68, 3, 35, 125, 3, 5, 134, 3, 3, 5, 3, 134, 118, 112, 3, 5, 5, 5, 3, 3, 3, 5, 134, 110, 109, 5, 5, 124, 109, 5, 134, 105, 76, 134, 134, 118, 134, 55, 5, 5, 109, 110, 106, 135, 125, 125, 109, 118, 5, 125, 109, 29, 125, 5, 5, 110, 35, 125, 5, 5, 81, 5, 5, 110, 5, 118, 5, 5, 5, 5, 9, 12, 79, 79, 5, 5, 79, 134, 110, 44, 66, 125, 5, 79, 79, 44, 125, 44, 125, 125, 125, 35, 5, 5, 118, 125, 5, 5, 118, 118, 29, 32, 35, 5, 5, 5, 5, 63, 2, 55, 82, 5, 125, 110, 5, 32, 5, 5, 110, 5, 5, 32, 5, 5, 5, 5, 118, 5, 34, 3, 35, 118, 125, 118, 32, 5, 5, 5, 68, 5, 134, 12, 79, 79, 63, 5, 118, 5, 118, 118, 135, 135, 5, 32, 5, 133, 133, 33, 33, 134, 134, 5, 134, 5, 5, 134, 118, 5, 5, 5, 118, 79, 79, 5, 5, 5, 5, 5, 135, 63, 63, 32, 5, 5, 83, 32, 5, 82, 110, 5, 33, 33, 33, 33, 33, 5, 33, 33, 5, 5, 33, 33, 33, 133, 5, 5, 5, 5, 35, 5, 133, 133, 5, 5, 38, 110, 33, 33, 5, 33, 33, 68, 5, 5, 5, 5, 5, 5, 5, 122, 5, 28, 32, 68, 118, 68, 68, 68, 68, 118, 33, 32, 134, 134, 3, 33, 33, 68, 68, 134, 134, 134, 5, 62, 3, 3, 134, 134, 43, 43, 64, 64, 134, 134, 106, 106, 134, 134, 5, 133, 133, 133, 133, 82, 5, 110, 110, 5, 5, 5, 5, 5, 5, 5, 5, 5, 1, 5, 5, 5, 110, 5, 73, 73, 5, 5, 5, 5, 5, 5, 5, 35, 117, 117, 133, 5, 133, 5, 5, 45, 45, 17, 17, 17, 17, 17, 17, 17, 17, 5, 79, 79, 44, 44, 44, 44, 44, 94, 79, 79, 102, 5, 5, 82, 29, 118, 10, 10, 10, 10, 10, 10, 10, 10, 10, 10, 5, 10, 10, 10, 54, 10, 10, 10, 10, 118, 10, 10, 10, 10, 55, 5, 118, 5, 79, 67, 67, 5, 5, 5, 5, 35, 109, 110, 110, 35, 5, 5, 5, 5, 5, 32, 118, 55, 32, 5, 5, 5, 63, 128, 5, 32, 5, 33, 33, 5, 33, 33, 33, 5, 5, 63, 5, 5, 5, 5, 5, 33, 41, 131, 33, 33, 41, 33, 63, 5, 33, 33, 33, 33, 33, 63, 33, 33, 5, 5, 33, 33, 33, 5, 33, 33, 33, 41, 5, 33, 33, 5, 106, 33, 5, 5, 5, 68, 110, 68, 134, 68, 68, 5, 134, 68, 68, 68, 134, 134, 68, 134, 134, 134, 134, 134, 68, 134, 68, 134, 134, 134, 68, 5, 134, 68, 134, 134, 134, 134, 5, 133, 134, 134, 134, 5, 5, 134, 134, 134, 97, 134, 134, 134, 97, 134, 97, 97, 97, 134, 134, 134, 97, 34, 11, 49, 106, 106, 5, 106, 134, 134, 134, 133, 106, 106, 106, 134, 5, 5, 133, 134, 134, 49, 134, 29, 29, 134, 62, 26, 5, 26, 5, 5, 110, 5, 5, 5, 5, 5, 134, 134, 5, 106, 5, 110, 5, 35, 5, 5, 5, 5, 5, 5, 118, 5, 5, 87, 87, 79, 79, 79, 5, 17, 79, 79, 111, 55, 17, 17, 5, 17, 51, 17, 17, 51, 51, 5, 17, 5, 5, 5, 79, 79, 79, 5, 5, 134, 79, 17, 5, 35, 5, 5, 5, 79, 135, 118, 83, 5, 5, 83, 135, 83, 5, 5, 5, 5, 5, 5, 118, 5, 41, 5, 41, 5, 5, 5, 5, 134, 68, 134, 5, 134, 118, 5, 5, 5, 5, 19, 5, 32, 135, 5, 5, 5, 9, 29, 118, 5, 109, 62, 79, 109, 62, 5, 5, 57, 5, 57, 47, 5, 68, 47, 118, 47, 103, 57, 57, 79, 19, 57, 19, 35, 19, 57, 19, 19, 35, 19, 19, 98, 19, 47, 118, 19, 47, 19, 19, 19, 86, 86, 19, 57, 8, 19, 19, 19, 19, 47, 19, 86, 86, 19, 47, 47, 19, 19, 47, 98, 5, 19, 41, 19, 57, 57, 5, 35, 47, 19, 19, 5, 5, 5, 57, 19, 19, 118, 55, 47, 19, 47, 19, 5, 19, 19, 5, 19, 19, 19, 19, 5, 40, 19, 19, 113, 57, 35, 135, 19, 19, 75, 19, 19, 19, 47, 19, 19, 19, 19, 118, 19, 19, 19, 19, 19, 57, 5, 38, 57, 19, 19, 5, 5, 5, 21, 5, 57, 19, 57, 63, 47, 19, 118, 47, 19, 19, 19, 19, 29, 57, 82, 19, 47, 47, 47, 19, 47, 19, 5, 19, 19, 57, 19, 5, 63, 47, 47, 19, 19, 19, 19, 57, 57, 41, 118, 5, 19, 19, 47, 19, 19, 21, 5, 19, 19, 82, 57, 47, 19, 19, 19, 19, 19, 57, 57, 19, 47, 19, 110, 5, 19, 5, 19, 19, 47, 19, 19, 19, 54, 19, 5, 57, 57, 5, 5, 47, 47, 19, 19, 57, 47, 47, 47, 19, 5, 47, 21, 57, 19, 57, 118, 47, 19, 19, 118, 19, 57, 5, 19, 5, 19, 19, 57, 57, 5, 47, 19, 47, 118, 107, 57, 47, 86, 19, 19, 19, 118, 41, 47, 118, 57, 38, 47, 19, 47, 19, 57, 57, 5, 35, 19, 19, 19, 57, 19, 5, 19, 47, 5, 57, 108, 19, 19, 47, 47, 19, 5, 5, 19, 47, 57, 19, 56, 5, 68, 47, 19, 95, 19, 5, 53, 118, 19, 19, 47, 57, 19, 47, 109, 47, 118, 19, 57, 57, 19, 118, 19, 47, 19, 47, 5, 19, 118, 118, 19, 19, 47, 19, 47, 47, 47, 118, 47, 47, 47, 57, 5, 19, 57, 9, 41, 98, 19, 57, 47, 19, 118, 47, 47, 19, 47, 57, 35, 57, 47, 19, 19, 57, 19, 57, 47, 57, 19, 135, 57, 47, 5, 135, 135, 19, 19, 19, 47, 47, 47, 57, 57, 47, 57, 47, 19, 47, 118, 57, 103, 47, 41, 57, 57, 57, 5, 47, 19, 57, 5, 57, 57, 57, 95, 57, 19, 57, 79, 95, 79, 95, 79, 118, 4, 57, 19, 19, 19, 5, 57, 79, 57, 19, 19, 57, 5, 57, 19, 19, 57, 118, 118, 19, 57, 19, 57, 57, 57, 19, 19, 57, 19, 135, 118, 118, 118, 118, 118, 5, 118, 118, 118, 118, 118, 35, 118, 5, 32, 35, 118, 135, 5, 118, 5, 35, 32, 118, 118, 79, 5, 118, 118, 118, 5, 5, 50, 5, 79, 5, 79, 50, 79, 5, 44, 79, 44, 79, 118, 118, 5, 33, 5, 5, 134, 5, 5, 5, 5, 5, 44, 5, 5, 32, 5, 109, 39, 14, 5, 5, 5, 33, 44, 90, 5, 68, 33, 5, 134, 32, 134, 5, 118, 68, 35, 82, 5, 5, 5, 5, 5, 110, 68, 3, 5, 5, 134, 29, 134, 33, 5, 5, 5, 5, 32, 118, 5, 41, 106, 5, 5, 68, 118, 33, 118, 135, 35, 5, 5, 33, 5, 5, 44, 82, 5, 67, 5, 134, 5, 5, 5, 5, 5, 79, 5, 5, 29, 55, 5, 82, 5, 35, 5, 33, 5, 118, 5, 3, 118, 44, 5, 5, 13, 5, 83, 5, 23, 17, 5, 109, 134, 118, 5, 29, 5, 5, 36, 5, 5, 29, 110, 118, 110, 5, 133, 109, 12, 5, 41, 5, 5, 110, 70, 5, 5, 5, 5, 5, 5, 118, 5, 5, 101, 5, 82, 118, 5, 5, 5, 139, 79, 70, 44, 134, 79, 5, 44, 44, 44, 17, 5, 79, 5, 5, 5, 118, 35, 5, 5, 5, 5, 133, 5, 109, 5, 134, 5, 109, 5, 62, 118, 134, 118, 134, 118, 118, 118, 118, 5, 118, 134, 134, 5, 118, 5, 35, 118, 118, 5, 134, 39, 134, 5, 118, 5, 118, 115, 134, 68, 68, 68, 14, 5, 5, 5, 5, 27, 118, 55, 3, 118, 35, 55, 3, 118, 65, 118, 118, 5, 5, 5, 5, 118, 5, 5, 3, 35, 5, 118, 5, 5, 5, 5, 106, 5, 29, 101, 21, 41, 68, 5, 5, 118, 35, 5, 5, 90, 5, 33, 5, 118, 41, 77, 5, 5, 5, 5, 33, 135, 29, 5, 33, 5, 5, 29, 5, 133, 5, 5, 115, 5, 5, 29, 5, 35, 5, 5, 5, 33, 5, 110, 29, 5, 5, 5, 5, 5, 33, 33, 33, 33, 5, 35, 5, 5, 35, 5, 35, 118, 35, 118, 118, 5, 118, 29, 5, 5, 5, 118, 135, 5, 29, 5, 29, 110, 5, 114, 32, 82, 82, 118, 121, 82, 29, 5, 29, 118, 82, 82, 35, 118, 5, 82, 5, 5, 5, 32, 82, 5, 118, 118, 110, 63, 118, 29, 5, 36, 118, 118, 5, 5, 5, 5, 110, 5, 35, 118, 83, 32, 32, 5, 135, 118, 5, 5, 5, 35, 29, 121, 5, 29, 5, 5, 32, 5, 67, 109, 5, 110, 29, 55, 5, 5, 5, 11, 5, 5, 35, 5, 82, 134, 35, 92, 115, 5, 115, 5, 63, 118, 62, 133, 82, 5, 5, 5, 35, 5, 63, 5, 5, 118, 5, 118, 5, 5, 118, 23, 21, 35, 5, 118, 5, 32, 63, 5, 5, 5, 50, 5, 5, 11, 5, 79, 5, 44, 5, 79, 79, 60, 50, 79, 45, 96, 60, 60, 79, 60, 79, 32, 60, 109, 35, 60, 3, 5, 79, 62, 18, 81, 60, 5, 5, 130, 60, 33, 134, 5, 55, 96, 60, 32, 5, 60, 118, 5, 33, 79, 33, 44, 79, 60, 60, 134, 33, 5, 60, 5, 106, 60, 118, 62, 60, 5, 128, 60, 120, 82, 118, 79, 21, 135, 60, 79, 32, 5, 60, 60, 106, 60, 79, 5, 60, 68, 60, 94, 60, 118, 60, 60, 60, 60, 60, 5, 60, 3, 60, 60, 60, 5, 33, 79, 51, 82, 60, 134, 60, 60, 35, 60, 60, 79, 5, 60, 79, 110, 60, 60, 60, 17, 78, 60, 60, 60, 60, 60, 60, 33, 60, 5, 60, 60, 60, 60, 60, 60, 60, 5, 60, 60, 60, 50, 60, 60, 60, 60, 60, 60, 60, 60, 5, 68, 32, 60, 60, 60, 60, 118, 60, 60, 60, 9, 55, 60, 5, 35, 83, 11, 109, 60, 12, 60, 60, 60, 38, 60, 60, 60, 60, 60, 60, 60, 60, 5, 118, 60, 60, 5, 63,