{"Run": 2, "K": 433, "WCSSD": 2163.7352814953088, "Purity": 0.41055359046604484, "Time": 22.33950400352478, "Kmeans_Labels": [113, 96, 346, 13, 228, 246, 96, 230, 96, 91, 102, 192, 33, 33, 13, 13, 300, 13, 13, 13, 13, 137, 136, 33, 33, 182, 13, 24, 109, 58, 33, 13, 109, 136, 13, 296, 33, 33, 192, 33, 47, 43, 149, 42, 33, 13, 33, 62, 185, 13, 104, 411, 411, 134, 229, 110, 13, 96, 13, 13, 13, 182, 13, 165, 110, 223, 33, 26, 33, 110, 96, 13, 58, 216, 260, 13, 332, 240, 136, 13, 13, 13, 6, 116, 231, 13, 216, 146, 13, 13, 62, 13, 328, 80, 13, 43, 398, 13, 231, 13, 231, 250, 49, 86, 86, 43, 43, 86, 58, 250, 89, 58, 89, 33, 229, 250, 296, 13, 386, 176, 13, 398, 176, 136, 13, 176, 13, 13, 263, 186, 176, 176, 325, 154, 13, 109, 13, 136, 13, 307, 24, 13, 13, 109, 176, 176, 13, 136, 13, 13, 190, 83, 216, 28, 13, 176, 13, 13, 174, 185, 13, 176, 176, 13, 43, 169, 216, 14, 34, 216, 136, 136, 13, 411, 176, 405, 165, 2, 176, 13, 104, 154, 169, 169, 31, 307, 176, 13, 13, 307, 47, 24, 320, 176, 289, 13, 13, 367, 13, 6, 231, 136, 136, 165, 176, 231, 176, 6, 216, 13, 136, 183, 231, 231, 231, 176, 176, 6, 192, 24, 231, 250, 13, 192, 91, 176, 13, 6, 411, 215, 13, 91, 79, 107, 257, 47, 64, 109, 136, 13, 176, 266, 24, 231, 411, 377, 91, 13, 367, 176, 6, 6, 91, 410, 154, 205, 176, 307, 176, 6, 307, 13, 192, 244, 86, 252, 367, 86, 136, 6, 136, 43, 47, 136, 43, 244, 62, 136, 176, 86, 176, 288, 229, 136, 43, 43, 165, 86, 43, 263, 176, 27, 13, 43, 301, 43, 13, 43, 13, 411, 91, 43, 13, 13, 13, 277, 43, 43, 326, 89, 24, 229, 136, 136, 6, 229, 136, 89, 43, 13, 291, 89, 411, 89, 165, 192, 13, 229, 24, 91, 109, 383, 176, 113, 411, 62, 176, 229, 136, 176, 226, 186, 24, 367, 176, 307, 13, 176, 13, 13, 126, 303, 411, 13, 192, 91, 244, 34, 309, 65, 200, 13, 303, 200, 47, 24, 38, 200, 84, 32, 200, 200, 38, 84, 38, 84, 166, 176, 136, 136, 307, 62, 117, 13, 101, 411, 411, 13, 13, 307, 136, 185, 244, 47, 114, 13, 165, 152, 100, 345, 24, 186, 13, 331, 13, 24, 13, 13, 13, 13, 244, 13, 110, 216, 96, 13, 43, 367, 216, 176, 378, 13, 216, 13, 42, 86, 13, 127, 309, 403, 200, 149, 303, 216, 13, 154, 154, 109, 109, 13, 13, 47, 83, 83, 6, 6, 89, 89, 170, 89, 192, 192, 154, 42, 47, 47, 47, 411, 336, 336, 412, 412, 324, 110, 110, 109, 417, 417, 371, 110, 110, 110, 13, 110, 395, 24, 13, 58, 91, 91, 93, 93, 13, 188, 188, 13, 13, 287, 287, 431, 404, 13, 6, 6, 91, 73, 96, 145, 145, 96, 231, 61, 24, 6, 6, 13, 6, 343, 86, 346, 346, 318, 244, 244, 13, 13, 184, 390, 184, 91, 86, 136, 86, 86, 86, 86, 136, 58, 91, 304, 304, 43, 58, 58, 58, 58, 58, 58, 6, 192, 89, 43, 43, 6, 6, 154, 154, 89, 89, 89, 89, 86, 86, 89, 89, 91, 83, 83, 83, 83, 152, 13, 292, 292, 192, 91, 91, 192, 192, 13, 13, 91, 91, 154, 91, 13, 13, 224, 13, 432, 432, 126, 126, 13, 13, 13, 429, 429, 170, 65, 65, 83, 62, 83, 154, 154, 38, 38, 50, 50, 97, 97, 361, 361, 38, 38, 374, 267, 267, 38, 38, 428, 428, 41, 38, 65, 65, 50, 13, 13, 409, 13, 216, 125, 37, 37, 37, 37, 37, 37, 37, 37, 192, 6, 37, 68, 37, 33, 37, 37, 37, 37, 247, 37, 37, 37, 37, 165, 42, 42, 112, 65, 149, 149, 13, 13, 110, 110, 398, 229, 110, 110, 398, 421, 362, 421, 110, 183, 13, 42, 165, 227, 13, 307, 13, 354, 42, 163, 6, 96, 58, 58, 13, 58, 58, 58, 47, 110, 149, 13, 110, 91, 13, 13, 47, 334, 6, 6, 6, 42, 147, 149, 13, 431, 6, 6, 6, 91, 149, 6, 6, 91, 91, 91, 6, 91, 91, 6, 6, 91, 146, 317, 6, 6, 91, 91, 42, 58, 13, 13, 86, 24, 86, 13, 86, 282, 13, 253, 86, 86, 13, 304, 211, 86, 89, 304, 6, 89, 58, 58, 58, 0, 89, 235, 45, 58, 278, 389, 58, 229, 89, 58, 89, 13, 83, 89, 89, 89, 13, 13, 91, 91, 91, 89, 89, 89, 89, 89, 89, 91, 89, 89, 372, 372, 89, 91, 91, 91, 372, 94, 89, 120, 233, 91, 91, 91, 83, 91, 91, 91, 91, 91, 91, 83, 89, 89, 372, 91, 139, 139, 91, 91, 244, 303, 244, 154, 91, 24, 154, 154, 62, 432, 432, 233, 233, 347, 91, 91, 91, 91, 170, 90, 13, 13, 170, 13, 13, 154, 310, 310, 13, 13, 200, 200, 200, 91, 322, 200, 65, 38, 165, 200, 361, 13, 70, 53, 200, 186, 268, 268, 13, 70, 13, 13, 186, 267, 200, 200, 186, 13, 89, 200, 428, 241, 402, 186, 186, 186, 200, 13, 13, 110, 13, 171, 110, 109, 110, 13, 13, 13, 369, 13, 91, 364, 13, 146, 13, 146, 244, 199, 13, 262, 13, 86, 235, 296, 13, 307, 47, 136, 136, 136, 238, 216, 13, 109, 13, 136, 13, 34, 182, 411, 13, 113, 89, 200, 113, 89, 121, 13, 420, 6, 379, 23, 13, 86, 23, 42, 23, 220, 249, 249, 255, 238, 249, 238, 350, 238, 238, 238, 238, 161, 238, 238, 238, 323, 23, 307, 238, 23, 238, 238, 238, 122, 220, 238, 249, 23, 238, 238, 259, 238, 23, 238, 220, 220, 238, 23, 23, 238, 238, 23, 238, 303, 238, 238, 238, 249, 249, 121, 263, 23, 238, 238, 303, 411, 13, 249, 238, 238, 359, 165, 23, 238, 23, 238, 13, 66, 238, 13, 238, 238, 238, 238, 121, 13, 238, 238, 238, 249, 411, 103, 238, 238, 238, 238, 238, 238, 23, 238, 238, 238, 238, 170, 238, 238, 238, 238, 238, 249, 96, 61, 249, 238, 238, 223, 142, 13, 330, 13, 249, 63, 249, 149, 23, 238, 307, 23, 238, 238, 238, 238, 13, 373, 152, 238, 23, 363, 23, 238, 23, 238, 320, 238, 238, 249, 406, 141, 315, 23, 23, 238, 238, 238, 238, 249, 249, 249, 307, 13, 238, 238, 23, 238, 238, 330, 13, 238, 401, 152, 249, 23, 238, 238, 238, 238, 238, 249, 249, 238, 105, 238, 24, 13, 238, 13, 238, 83, 23, 238, 238, 238, 33, 238, 154, 249, 249, 307, 63, 23, 23, 238, 238, 420, 23, 23, 23, 275, 13, 23, 118, 420, 238, 249, 42, 23, 238, 238, 307, 238, 249, 6, 238, 13, 238, 238, 379, 249, 91, 105, 238, 344, 170, 62, 249, 23, 122, 238, 238, 238, 320, 146, 105, 136, 249, 61, 23, 238, 170, 238, 249, 249, 199, 161, 238, 238, 238, 249, 238, 13, 238, 23, 244, 249, 249, 302, 238, 23, 23, 238, 61, 13, 238, 23, 420, 238, 249, 303, 86, 415, 238, 23, 238, 13, 238, 136, 86, 238, 23, 249, 238, 23, 229, 23, 136, 238, 249, 249, 238, 189, 238, 23, 238, 23, 13, 238, 411, 171, 238, 238, 23, 375, 23, 23, 23, 42, 23, 23, 23, 249, 154, 189, 249, 333, 146, 238, 238, 249, 23, 238, 296, 23, 23, 238, 23, 249, 296, 249, 23, 238, 238, 249, 238, 249, 23, 249, 238, 109, 249, 23, 413, 109, 214, 238, 238, 238, 368, 23, 23, 249, 271, 23, 249, 321, 238, 23, 171, 249, 220, 23, 13, 249, 249, 249, 189, 23, 238, 249, 339, 249, 249, 249, 420, 249, 238, 249, 65, 23, 255, 23, 200, 136, 23, 249, 238, 238, 238, 13, 249, 200, 249, 189, 238, 249, 186, 189, 238, 238, 249, 8, 170, 238, 249, 238, 422, 249, 249, 238, 238, 249, 238, 109, 136, 411, 303, 14, 411, 13, 411, 411, 411, 411, 296, 320, 411, 44, 13, 263, 411, 13, 192, 411, 13, 186, 86, 411, 411, 65, 216, 154, 154, 154, 13, 13, 13, 132, 200, 15, 200, 7, 200, 303, 244, 65, 428, 65, 91, 42, 418, 6, 13, 91, 233, 62, 62, 62, 13, 47, 38, 199, 136, 13, 13, 229, 201, 242, 13, 13, 91, 431, 204, 192, 47, 86, 6, 91, 248, 285, 58, 293, 241, 86, 47, 152, 390, 181, 13, 192, 87, 24, 86, 192, 13, 13, 89, 13, 13, 58, 192, 303, 47, 130, 13, 42, 30, 146, 233, 110, 13, 86, 47, 58, 96, 109, 52, 303, 13, 6, 153, 13, 38, 152, 297, 149, 13, 89, 324, 13, 13, 186, 154, 186, 13, 13, 223, 165, 324, 370, 192, 31, 13, 47, 13, 42, 91, 43, 427, 38, 13, 244, 13, 13, 110, 46, 393, 57, 244, 229, 304, 13, 311, 182, 13, 13, 13, 13, 13, 182, 24, 296, 24, 414, 83, 365, 309, 13, 146, 165, 203, 24, 186, 91, 13, 13, 384, 13, 154, 136, 223, 13, 13, 13, 152, 124, 186, 13, 15, 82, 186, 186, 428, 89, 200, 13, 204, 244, 38, 57, 47, 200, 154, 205, 293, 91, 13, 384, 13, 13, 91, 83, 13, 229, 91, 233, 13, 365, 154, 13, 42, 89, 42, 89, 170, 42, 296, 199, 244, 82, 89, 13, 13, 241, 13, 296, 82, 136, 62, 248, 201, 58, 303, 82, 30, 82, 245, 304, 86, 86, 86, 242, 244, 13, 390, 62, 82, 42, 165, 192, 13, 303, 165, 280, 296, 3, 319, 305, 303, 205, 396, 199, 136, 82, 303, 43, 136, 91, 411, 13, 153, 130, 13, 13, 143, 142, 13, 330, 146, 86, 303, 13, 42, 52, 192, 192, 192, 47, 6, 13, 154, 146, 91, 192, 13, 13, 87, 431, 109, 13, 62, 91, 13, 13, 182, 13, 83, 13, 13, 82, 172, 13, 6, 13, 148, 13, 136, 414, 47, 110, 24, 182, 47, 62, 13, 47, 13, 58, 58, 6, 6, 186, 73, 165, 311, 73, 311, 73, 405, 73, 136, 217, 303, 411, 6, 387, 223, 13, 427, 165, 181, 182, 223, 165, 24, 136, 140, 244, 152, 152, 154, 170, 152, 223, 13, 13, 154, 152, 152, 296, 13, 244, 370, 203, 13, 47, 13, 152, 167, 13,