{"Run": 5, "K": 299, "WCSSD": 2300.660203098618, "Purity": 0.47924420269109647, "Time": 16.18079710006714, "Kmeans_Labels": [287, 0, 166, 279, 216, 0, 0, 179, 158, 0, 0, 31, 0, 0, 216, 0, 0, 61, 0, 172, 0, 17, 231, 0, 250, 113, 0, 61, 172, 199, 0, 0, 172, 61, 175, 0, 31, 0, 31, 278, 121, 0, 95, 115, 185, 0, 250, 158, 20, 0, 158, 51, 51, 0, 253, 149, 121, 44, 279, 279, 0, 61, 0, 206, 149, 92, 250, 92, 278, 149, 61, 134, 0, 158, 284, 0, 287, 0, 211, 0, 0, 0, 198, 61, 179, 0, 121, 223, 0, 0, 0, 0, 1, 259, 216, 0, 158, 0, 179, 175, 179, 5, 0, 71, 71, 80, 182, 71, 0, 284, 156, 144, 156, 216, 287, 284, 143, 0, 285, 275, 0, 158, 264, 279, 279, 93, 158, 279, 51, 121, 93, 93, 231, 0, 0, 172, 0, 158, 158, 158, 65, 279, 279, 172, 93, 264, 0, 0, 0, 279, 93, 52, 0, 172, 0, 273, 0, 0, 279, 20, 0, 93, 93, 0, 0, 93, 134, 121, 46, 0, 211, 0, 0, 51, 93, 0, 206, 104, 135, 0, 0, 134, 0, 0, 93, 0, 93, 0, 0, 51, 0, 65, 201, 93, 11, 94, 203, 121, 0, 198, 179, 231, 231, 206, 93, 179, 93, 179, 0, 175, 231, 0, 179, 77, 179, 0, 93, 198, 31, 287, 179, 0, 0, 31, 121, 93, 0, 198, 51, 93, 0, 0, 179, 0, 179, 121, 198, 172, 0, 216, 93, 0, 65, 179, 51, 54, 0, 271, 121, 93, 198, 198, 0, 145, 240, 231, 93, 94, 93, 271, 134, 287, 31, 15, 71, 0, 121, 71, 121, 198, 0, 80, 12, 94, 152, 66, 216, 66, 93, 71, 93, 287, 287, 216, 216, 80, 206, 71, 0, 207, 93, 80, 0, 185, 80, 80, 80, 27, 185, 216, 158, 80, 0, 80, 83, 80, 80, 80, 174, 277, 65, 13, 80, 80, 198, 287, 0, 156, 185, 216, 185, 156, 51, 185, 206, 31, 0, 287, 65, 185, 172, 93, 93, 287, 51, 0, 93, 287, 231, 93, 0, 134, 65, 121, 93, 0, 0, 93, 216, 175, 65, 0, 51, 0, 62, 287, 15, 46, 102, 101, 131, 158, 175, 131, 185, 65, 252, 131, 93, 0, 131, 131, 252, 93, 252, 93, 93, 45, 134, 211, 134, 216, 93, 0, 0, 51, 51, 61, 279, 0, 0, 20, 211, 0, 95, 0, 206, 120, 134, 129, 65, 0, 279, 0, 0, 65, 0, 279, 143, 0, 0, 0, 149, 134, 0, 216, 80, 121, 0, 93, 121, 279, 239, 0, 221, 71, 0, 287, 102, 131, 131, 95, 0, 134, 296, 134, 134, 172, 172, 0, 279, 0, 52, 52, 198, 198, 192, 192, 0, 185, 31, 31, 185, 295, 134, 131, 131, 175, 101, 101, 0, 0, 0, 149, 149, 172, 95, 95, 279, 149, 149, 149, 82, 149, 120, 65, 21, 198, 0, 0, 179, 179, 0, 198, 198, 0, 0, 147, 147, 147, 52, 0, 198, 198, 0, 60, 0, 52, 52, 0, 81, 137, 65, 63, 63, 0, 198, 198, 71, 166, 166, 0, 0, 0, 0, 0, 216, 0, 216, 279, 71, 171, 71, 71, 71, 71, 171, 0, 279, 156, 156, 80, 254, 254, 80, 80, 198, 198, 156, 31, 185, 80, 80, 198, 198, 216, 216, 156, 156, 156, 156, 71, 71, 156, 156, 0, 52, 52, 52, 52, 270, 0, 65, 65, 31, 0, 0, 31, 31, 0, 0, 0, 0, 0, 0, 0, 0, 65, 0, 0, 0, 0, 0, 216, 0, 0, 111, 111, 134, 131, 131, 52, 216, 52, 0, 0, 252, 252, 30, 30, 48, 48, 101, 101, 101, 101, 216, 131, 131, 252, 252, 3, 3, 131, 131, 101, 101, 131, 0, 99, 120, 216, 175, 34, 34, 34, 34, 34, 34, 34, 34, 34, 31, 31, 34, 34, 34, 121, 34, 34, 34, 34, 51, 34, 34, 34, 34, 206, 115, 115, 0, 101, 95, 95, 211, 211, 149, 149, 158, 140, 149, 149, 158, 0, 0, 0, 149, 0, 279, 115, 206, 279, 0, 0, 158, 95, 115, 134, 198, 225, 198, 198, 0, 198, 198, 0, 0, 149, 211, 97, 149, 0, 0, 0, 0, 68, 198, 268, 268, 115, 198, 298, 0, 147, 176, 96, 198, 0, 298, 198, 176, 158, 158, 0, 198, 0, 0, 63, 198, 198, 68, 0, 63, 63, 0, 0, 115, 0, 0, 0, 71, 71, 269, 15, 85, 71, 0, 185, 85, 71, 185, 156, 133, 71, 50, 156, 198, 50, 198, 0, 254, 287, 185, 33, 144, 71, 280, 185, 185, 287, 185, 287, 185, 198, 52, 156, 156, 156, 0, 134, 185, 185, 185, 156, 156, 156, 156, 156, 185, 156, 156, 156, 185, 185, 185, 156, 185, 31, 185, 185, 185, 0, 185, 185, 185, 65, 52, 185, 185, 185, 0, 0, 0, 52, 185, 185, 185, 185, 61, 61, 185, 259, 0, 158, 0, 212, 234, 65, 212, 0, 0, 0, 0, 287, 287, 111, 141, 185, 287, 158, 134, 42, 0, 0, 0, 0, 0, 121, 0, 0, 0, 0, 261, 131, 131, 216, 30, 131, 101, 252, 206, 131, 101, 211, 101, 48, 131, 158, 48, 48, 0, 101, 211, 211, 121, 131, 131, 131, 156, 0, 156, 131, 3, 42, 180, 159, 159, 159, 131, 172, 0, 149, 0, 121, 149, 172, 149, 158, 0, 0, 0, 0, 263, 0, 0, 68, 0, 68, 15, 15, 211, 0, 185, 80, 185, 51, 185, 0, 175, 211, 226, 211, 202, 0, 279, 172, 0, 211, 0, 46, 61, 51, 37, 287, 259, 131, 287, 259, 0, 136, 222, 0, 274, 276, 0, 71, 276, 262, 89, 89, 274, 274, 131, 70, 274, 128, 134, 128, 274, 128, 128, 78, 22, 22, 73, 128, 276, 175, 128, 276, 128, 128, 128, 89, 121, 130, 274, 276, 128, 128, 128, 22, 276, 128, 89, 89, 128, 246, 276, 22, 128, 276, 73, 0, 128, 73, 128, 274, 106, 0, 51, 160, 73, 128, 0, 233, 125, 274, 274, 128, 121, 206, 235, 73, 276, 73, 0, 128, 22, 0, 258, 128, 128, 128, 0, 0, 128, 128, 258, 69, 45, 172, 278, 128, 128, 128, 128, 74, 276, 128, 128, 73, 128, 51, 128, 128, 73, 128, 128, 194, 0, 175, 274, 128, 128, 92, 121, 0, 167, 0, 274, 128, 274, 95, 235, 128, 175, 246, 274, 128, 128, 73, 61, 274, 120, 128, 276, 276, 276, 128, 276, 128, 201, 128, 128, 274, 22, 260, 95, 276, 276, 274, 73, 201, 128, 274, 274, 73, 112, 134, 128, 128, 218, 274, 128, 104, 136, 186, 128, 120, 274, 235, 128, 201, 73, 128, 128, 274, 274, 128, 235, 128, 65, 105, 128, 235, 244, 52, 235, 128, 128, 169, 278, 64, 0, 274, 282, 0, 0, 276, 235, 73, 128, 151, 276, 235, 276, 128, 0, 276, 289, 222, 128, 274, 115, 67, 128, 22, 51, 128, 183, 0, 128, 0, 128, 128, 274, 244, 0, 235, 73, 235, 51, 175, 274, 276, 89, 128, 73, 128, 201, 68, 235, 121, 274, 0, 235, 128, 274, 128, 274, 274, 15, 78, 22, 73, 22, 274, 128, 0, 128, 276, 0, 274, 274, 128, 128, 276, 276, 128, 0, 0, 128, 276, 151, 128, 274, 0, 71, 276, 73, 276, 22, 216, 128, 170, 71, 128, 276, 274, 128, 276, 287, 235, 211, 128, 274, 274, 274, 51, 128, 276, 128, 235, 0, 274, 51, 121, 128, 128, 276, 128, 204, 276, 276, 262, 276, 276, 276, 274, 0, 128, 274, 46, 68, 22, 128, 274, 89, 274, 119, 276, 235, 128, 235, 274, 0, 274, 276, 177, 128, 274, 128, 274, 235, 274, 128, 73, 274, 276, 0, 172, 172, 73, 128, 202, 276, 235, 163, 274, 274, 276, 274, 276, 128, 235, 121, 274, 89, 235, 0, 274, 274, 274, 51, 276, 188, 274, 92, 274, 274, 274, 151, 274, 128, 274, 101, 276, 131, 276, 131, 170, 276, 274, 109, 128, 70, 0, 274, 131, 274, 128, 128, 274, 0, 274, 274, 128, 274, 175, 51, 22, 274, 274, 274, 274, 274, 128, 128, 274, 128, 19, 134, 51, 121, 121, 51, 0, 51, 51, 51, 51, 121, 201, 51, 49, 279, 51, 51, 172, 31, 51, 0, 211, 279, 51, 51, 101, 0, 121, 121, 121, 37, 0, 40, 193, 131, 215, 131, 40, 131, 158, 131, 101, 3, 101, 4, 115, 0, 198, 0, 234, 185, 0, 158, 0, 0, 0, 0, 15, 134, 279, 0, 287, 0, 158, 241, 216, 0, 147, 216, 31, 0, 71, 198, 0, 156, 279, 198, 121, 121, 71, 51, 209, 0, 0, 158, 31, 0, 65, 71, 200, 0, 0, 156, 157, 185, 198, 31, 0, 149, 145, 279, 237, 0, 68, 185, 149, 0, 53, 175, 146, 0, 172, 60, 0, 0, 198, 31, 0, 252, 120, 215, 95, 0, 185, 0, 0, 0, 121, 0, 159, 0, 0, 92, 206, 0, 120, 31, 121, 0, 0, 0, 115, 0, 0, 0, 252, 158, 158, 158, 134, 149, 0, 117, 30, 0, 84, 156, 175, 198, 61, 158, 0, 279, 158, 0, 61, 65, 121, 65, 0, 52, 287, 102, 213, 191, 206, 158, 65, 0, 211, 0, 154, 0, 216, 240, 121, 153, 0, 0, 0, 120, 175, 158, 0, 215, 134, 159, 0, 3, 185, 131, 0, 216, 131, 0, 30, 0, 131, 0, 255, 121, 4, 0, 0, 0, 0, 234, 52, 0, 287, 0, 185, 216, 287, 240, 259, 115, 184, 237, 156, 175, 115, 76, 15, 0, 134, 156, 185, 0, 121, 216, 0, 134, 121, 0, 156, 0, 198, 0, 134, 0, 134, 134, 156, 53, 71, 71, 158, 15, 134, 0, 158, 134, 237, 206, 200, 0, 51, 206, 198, 127, 134, 0, 134, 0, 255, 134, 15, 121, 15, 0, 0, 121, 0, 51, 158, 31, 145, 0, 0, 31, 61, 0, 104, 191, 71, 189, 0, 115, 60, 31, 31, 31, 175, 198, 158, 121, 68, 0, 31, 213, 154, 0, 147, 172, 157, 216, 0, 0, 0, 61, 0, 52, 0, 241, 134, 198, 134, 61, 0, 60, 0, 0, 0, 0, 149, 65, 61, 149, 18, 0, 0, 0, 146, 198, 198, 198, 121, 232, 206, 0, 60, 198, 60, 0, 60, 121, 46, 0, 51, 61, 165, 88, 216, 0, 172, 0, 61, 0, 206, 65, 211, 0, 279, 120, 120, 175, 0, 209, 92, 0, 61, 51, 120, 120, 51, 175, 158, 120, 158, 0, 0, 279, 120, 0, 121, 0, 65, 243, 175, 61, 158, 279, 0, 294, 0, 134, 0, 0, 65, 0, 0, 175, 149, 279, 279, 158, 172, 0, 0, 0, 158, 0, 61, 288, 0, 61, 196, 0, 279, 0, 95, 84, 0, 65, 61, 206, 0, 198, 15, 0, 189, 0, 232, 134, 120, 185, 78, 224, 134, 211, 134, 0, 243, 175, 259, 52, 120, 0, 88, 0, 