{"Run": 3, "K": 454, "WCSSD": 2150.720296055475, "Purity": 0.5213283710277699, "Time": 25.951798915863037, "Kmeans_Labels": [412, 222, 63, 67, 7, 217, 222, 206, 222, 127, 7, 149, 248, 248, 403, 7, 410, 189, 225, 189, 256, 7, 146, 248, 7, 72, 225, 366, 214, 208, 225, 225, 214, 189, 225, 7, 268, 138, 268, 60, 225, 122, 87, 143, 138, 7, 225, 407, 7, 7, 7, 217, 217, 446, 121, 7, 391, 222, 67, 67, 7, 189, 304, 274, 7, 107, 205, 222, 138, 222, 222, 225, 54, 241, 142, 7, 266, 7, 405, 200, 7, 391, 153, 359, 206, 7, 241, 41, 189, 7, 7, 7, 154, 127, 7, 122, 238, 7, 206, 7, 206, 142, 7, 309, 309, 122, 122, 309, 54, 142, 318, 54, 318, 362, 121, 142, 217, 344, 446, 291, 446, 238, 291, 67, 67, 291, 446, 67, 98, 445, 291, 431, 417, 362, 446, 214, 62, 446, 285, 369, 366, 67, 67, 214, 291, 291, 424, 446, 7, 364, 291, 216, 241, 214, 446, 291, 7, 313, 67, 7, 446, 291, 291, 446, 122, 291, 258, 391, 163, 241, 405, 7, 7, 217, 291, 346, 276, 434, 291, 362, 446, 362, 446, 362, 157, 347, 291, 446, 362, 347, 7, 366, 114, 291, 446, 193, 226, 136, 7, 127, 206, 146, 405, 276, 291, 206, 291, 206, 241, 446, 146, 446, 206, 206, 103, 215, 291, 127, 360, 366, 206, 142, 7, 360, 202, 291, 446, 236, 217, 291, 446, 7, 206, 7, 206, 225, 127, 247, 362, 446, 291, 7, 366, 206, 217, 206, 7, 320, 136, 291, 122, 122, 7, 291, 362, 146, 291, 193, 291, 320, 446, 7, 360, 63, 133, 7, 115, 309, 7, 276, 269, 122, 273, 193, 122, 189, 446, 146, 291, 309, 291, 122, 444, 7, 100, 122, 276, 134, 122, 98, 291, 122, 7, 122, 7, 122, 7, 122, 309, 189, 7, 122, 7, 7, 46, 122, 122, 49, 7, 318, 207, 444, 7, 7, 318, 444, 330, 318, 318, 189, 318, 318, 217, 231, 332, 446, 7, 121, 366, 121, 214, 291, 291, 412, 217, 330, 291, 121, 146, 291, 446, 445, 366, 136, 291, 446, 446, 291, 399, 446, 366, 446, 217, 7, 446, 7, 63, 70, 8, 96, 30, 445, 382, 30, 382, 366, 156, 30, 168, 446, 30, 382, 445, 168, 445, 168, 291, 291, 446, 405, 446, 189, 291, 274, 61, 217, 217, 189, 67, 62, 7, 446, 405, 273, 87, 7, 276, 176, 7, 143, 366, 446, 67, 90, 62, 366, 291, 189, 67, 7, 189, 391, 380, 241, 222, 7, 122, 136, 150, 291, 241, 7, 7, 7, 143, 340, 7, 318, 8, 30, 30, 87, 330, 241, 7, 120, 120, 214, 214, 391, 250, 7, 216, 216, 127, 127, 318, 318, 391, 318, 7, 7, 318, 143, 189, 382, 382, 62, 156, 156, 396, 396, 62, 7, 7, 214, 87, 87, 67, 447, 447, 62, 67, 189, 176, 366, 7, 54, 127, 127, 206, 206, 131, 127, 127, 7, 7, 71, 71, 71, 216, 7, 7, 7, 62, 48, 222, 216, 216, 362, 206, 329, 277, 127, 127, 62, 127, 127, 309, 63, 63, 189, 189, 189, 445, 445, 137, 38, 137, 194, 309, 121, 194, 309, 309, 194, 121, 54, 67, 18, 18, 151, 13, 13, 309, 309, 352, 352, 318, 7, 414, 186, 186, 318, 318, 362, 362, 173, 173, 203, 203, 309, 309, 318, 318, 362, 216, 216, 216, 216, 176, 62, 249, 249, 360, 225, 225, 7, 7, 7, 7, 7, 7, 362, 7, 445, 445, 366, 62, 362, 362, 62, 62, 62, 330, 62, 7, 7, 98, 30, 30, 216, 225, 216, 445, 445, 445, 445, 350, 350, 445, 445, 156, 156, 156, 156, 7, 30, 30, 156, 156, 156, 156, 445, 284, 156, 156, 30, 62, 7, 176, 189, 241, 99, 363, 211, 99, 99, 99, 177, 99, 99, 116, 116, 99, 99, 99, 138, 99, 99, 99, 99, 62, 99, 99, 99, 99, 276, 7, 143, 7, 156, 87, 87, 349, 349, 422, 422, 238, 121, 366, 366, 238, 7, 7, 7, 189, 121, 67, 143, 326, 67, 7, 225, 7, 87, 143, 121, 67, 405, 127, 127, 7, 54, 54, 7, 7, 127, 405, 7, 127, 7, 106, 106, 127, 41, 127, 127, 127, 143, 127, 87, 7, 71, 127, 127, 127, 127, 87, 175, 127, 127, 7, 127, 127, 127, 7, 127, 127, 127, 41, 305, 127, 127, 127, 127, 143, 54, 221, 221, 309, 366, 309, 165, 230, 309, 62, 318, 230, 85, 85, 18, 147, 309, 18, 18, 318, 18, 54, 309, 54, 309, 318, 290, 54, 341, 7, 54, 341, 318, 318, 54, 414, 7, 216, 318, 318, 318, 62, 362, 318, 16, 16, 318, 318, 318, 318, 318, 318, 173, 318, 318, 318, 318, 318, 318, 24, 7, 318, 7, 318, 7, 436, 24, 24, 404, 216, 404, 404, 404, 404, 225, 225, 216, 318, 318, 318, 404, 189, 189, 404, 7, 189, 330, 189, 445, 7, 366, 445, 362, 62, 7, 7, 318, 318, 7, 330, 7, 366, 7, 445, 80, 7, 7, 445, 183, 183, 330, 445, 445, 356, 356, 88, 223, 223, 121, 350, 30, 156, 350, 276, 30, 156, 405, 156, 30, 30, 445, 30, 30, 62, 156, 7, 7, 445, 281, 30, 281, 445, 251, 318, 30, 156, 80, 142, 445, 445, 445, 30, 77, 7, 7, 405, 7, 189, 214, 189, 7, 271, 7, 7, 7, 7, 301, 7, 41, 7, 41, 5, 63, 405, 7, 7, 309, 290, 95, 445, 217, 289, 405, 405, 405, 25, 241, 4, 214, 362, 405, 362, 70, 405, 217, 7, 412, 318, 30, 412, 318, 7, 7, 240, 7, 240, 104, 62, 423, 104, 143, 104, 315, 240, 240, 30, 25, 167, 25, 120, 25, 25, 25, 25, 20, 36, 36, 65, 198, 104, 62, 195, 104, 25, 25, 25, 315, 315, 25, 240, 104, 25, 25, 25, 25, 104, 25, 315, 315, 319, 104, 104, 451, 25, 104, 190, 418, 25, 190, 25, 240, 240, 7, 98, 104, 25, 25, 330, 274, 446, 240, 190, 25, 40, 276, 104, 25, 104, 25, 274, 190, 36, 7, 25, 25, 25, 25, 7, 7, 25, 25, 190, 240, 217, 214, 107, 25, 25, 25, 21, 25, 104, 25, 190, 190, 25, 315, 25, 25, 25, 25, 130, 240, 222, 329, 190, 25, 25, 107, 7, 7, 434, 7, 190, 25, 190, 374, 104, 25, 62, 104, 190, 25, 25, 25, 189, 240, 176, 25, 104, 104, 104, 25, 104, 25, 114, 25, 25, 240, 36, 7, 87, 104, 104, 158, 25, 25, 25, 240, 240, 161, 62, 7, 25, 190, 218, 25, 25, 434, 7, 25, 25, 176, 240, 104, 190, 25, 25, 319, 25, 293, 84, 25, 104, 210, 366, 7, 25, 190, 25, 216, 104, 190, 25, 25, 368, 25, 7, 240, 240, 7, 190, 104, 104, 19, 25, 240, 453, 104, 104, 25, 7, 104, 219, 240, 25, 240, 143, 395, 25, 65, 347, 383, 240, 7, 25, 7, 25, 25, 240, 240, 446, 104, 388, 104, 315, 217, 240, 104, 315, 25, 25, 25, 114, 41, 104, 120, 240, 329, 104, 25, 190, 25, 240, 240, 63, 20, 25, 25, 36, 240, 25, 62, 190, 104, 189, 240, 240, 25, 25, 104, 104, 25, 329, 7, 25, 423, 240, 25, 240, 7, 309, 213, 161, 104, 36, 121, 25, 391, 309, 25, 104, 240, 25, 104, 318, 104, 283, 25, 240, 240, 25, 78, 25, 104, 232, 172, 7, 190, 62, 40, 25, 25, 104, 25, 104, 104, 104, 143, 272, 104, 104, 240, 225, 190, 190, 70, 41, 25, 25, 240, 104, 25, 217, 104, 104, 25, 104, 240, 217, 190, 104, 25, 25, 190, 25, 190, 197, 443, 425, 214, 240, 104, 7, 214, 214, 25, 190, 25, 104, 197, 420, 240, 240, 104, 190, 104, 129, 104, 40, 240, 315, 181, 330, 190, 373, 190, 78, 104, 25, 190, 274, 240, 190, 292, 104, 233, 25, 240, 156, 104, 30, 104, 190, 391, 104, 280, 25, 440, 25, 445, 240, 281, 128, 190, 25, 240, 445, 190, 190, 82, 240, 62, 315, 36, 240, 368, 190, 167, 190, 25, 316, 240, 25, 214, 120, 217, 391, 391, 217, 7, 217, 217, 217, 217, 217, 114, 217, 94, 67, 98, 217, 214, 360, 217, 225, 405, 67, 217, 217, 156, 241, 202, 202, 202, 7, 330, 28, 445, 162, 12, 3, 121, 30, 382, 445, 156, 156, 156, 62, 143, 222, 127, 62, 7, 404, 121, 7, 7, 7, 382, 445, 63, 189, 387, 7, 121, 428, 330, 170, 259, 126, 71, 445, 225, 362, 309, 153, 57, 318, 67, 352, 445, 14, 309, 7, 176, 112, 152, 225, 27, 7, 366, 309, 122, 7, 7, 203, 439, 445, 127, 225, 7, 127, 189, 67, 143, 7, 41, 224, 127, 7, 309, 225, 54, 222, 421, 48, 448, 7, 153, 360, 7, 282, 176, 12, 87, 7, 318, 62, 189, 7, 446, 7, 156, 446, 159, 107, 276, 62, 176, 225, 10, 7, 127, 7, 143, 7, 122, 7, 445, 7, 189, 7, 120, 189, 7, 217, 350, 189, 444, 18, 189, 261, 72, 120, 62, 196, 225, 7, 359, 366, 217, 366, 7, 216, 257, 8, 7, 41, 276, 222, 366, 445, 405, 225, 225, 62, 7, 362, 263, 398, 7, 7, 7, 176, 445, 445, 189, 12, 390, 156, 445, 156, 318, 30, 225, 445, 445, 445, 350, 382, 3, 7, 225, 445, 62, 413, 62, 7, 62, 7, 216, 7, 121, 57, 404, 259, 257, 362, 120, 143, 318, 143, 318, 189, 143, 330, 63, 189, 120, 203, 445, 7, 14, 259, 7, 120, 217, 7, 318, 428, 352, 330, 120, 7, 120, 120, 18, 309, 309, 309, 330, 322, 120, 112, 7, 120, 143, 276, 122, 7, 362, 276, 122, 120, 120, 445, 97, 448, 225, 120, 63, 445, 120, 217, 122, 391, 7, 217, 120, 360, 189, 7, 7, 7, 189, 7, 434, 41, 309, 330, 189, 143, 48, 225, 27, 225, 382, 127, 225, 62, 41, 7, 225, 7, 225, 7, 71, 421, 439, 121, 127, 7, 7, 72, 121, 216, 225, 170, 120, 7, 120, 127, 7, 48, 7, 7, 7, 127, 127, 366, 72, 127, 217, 159, 362, 7, 54, 127, 153, 153, 446, 9, 276, 261, 48, 261, 48, 385, 48, 263, 70, 7, 217, 31, 225, 107, 7, 7, 214, 152, 72, 107, 276, 366, 405, 7, 67, 176, 176, 391, 222, 176, 107, 7, 189, 217, 176,