{"Run": 0, "K": 445, "WCSSD": 2189.3236335750507, "Purity": 0.4992842828514171, "Time": 24.697288990020752, "Kmeans_Labels": [314, 28, 391, 100, 1, 1, 28, 32, 28, 1, 1, 427, 104, 104, 20, 1, 1, 17, 25, 105, 25, 1, 435, 104, 381, 17, 25, 17, 369, 55, 381, 25, 363, 17, 105, 1, 145, 104, 427, 104, 25, 381, 189, 26, 104, 139, 381, 25, 1, 1, 142, 435, 435, 1, 314, 1, 376, 17, 93, 100, 1, 17, 1, 273, 230, 421, 104, 28, 104, 186, 381, 25, 1, 1, 240, 1, 314, 1, 1, 1, 1, 1, 1, 17, 32, 1, 110, 1, 319, 1, 1, 1, 1, 1, 1, 1, 348, 25, 32, 1, 32, 103, 1, 413, 413, 222, 222, 413, 1, 240, 302, 354, 302, 197, 314, 240, 358, 269, 435, 18, 1, 348, 18, 100, 100, 18, 1, 100, 192, 358, 18, 430, 358, 1, 1, 369, 405, 1, 1, 1, 155, 100, 100, 203, 54, 18, 1, 436, 1, 100, 18, 78, 110, 369, 1, 18, 1, 1, 100, 1, 353, 18, 18, 353, 222, 353, 1, 376, 33, 110, 18, 1, 442, 435, 18, 1, 200, 53, 320, 1, 1, 1, 353, 62, 18, 1, 18, 1, 353, 1, 376, 311, 141, 18, 1, 428, 1, 358, 1, 1, 32, 1, 1, 273, 18, 32, 18, 32, 376, 92, 1, 143, 32, 32, 32, 18, 198, 199, 427, 311, 32, 240, 1, 427, 358, 18, 1, 427, 435, 18, 1, 1, 32, 1, 32, 1, 1, 369, 358, 1, 18, 30, 211, 32, 435, 32, 435, 1, 358, 18, 222, 222, 1, 22, 358, 25, 386, 428, 18, 1, 1, 1, 427, 1, 413, 1, 358, 413, 376, 273, 319, 222, 376, 428, 222, 319, 435, 319, 18, 56, 18, 314, 121, 1, 222, 222, 148, 342, 222, 192, 18, 222, 1, 50, 1, 222, 1, 222, 124, 267, 1, 222, 1, 435, 1, 222, 222, 222, 222, 302, 61, 314, 1, 1, 323, 314, 1, 191, 302, 158, 302, 323, 435, 441, 273, 427, 1, 314, 311, 314, 369, 18, 18, 314, 435, 1, 43, 314, 17, 18, 1, 435, 32, 358, 18, 435, 1, 18, 1, 1, 76, 290, 435, 1, 427, 1, 95, 33, 182, 101, 416, 31, 1, 101, 302, 311, 101, 101, 278, 1, 101, 101, 206, 278, 3, 278, 18, 18, 435, 1, 428, 435, 18, 1, 1, 435, 435, 17, 100, 1, 1, 1, 1, 376, 189, 381, 273, 12, 1, 175, 311, 1, 100, 1, 435, 241, 9, 422, 100, 319, 95, 1, 439, 110, 28, 353, 222, 358, 1, 431, 376, 1, 1, 1, 26, 413, 1, 302, 182, 101, 438, 189, 1, 110, 1, 358, 358, 369, 369, 1, 100, 1, 58, 58, 1, 1, 351, 351, 1, 302, 66, 66, 302, 26, 376, 1, 1, 1, 101, 101, 1, 1, 1, 439, 439, 49, 189, 189, 100, 1, 1, 1, 100, 439, 12, 311, 1, 1, 1, 1, 223, 223, 1, 1, 1, 1, 1, 1, 1, 1, 271, 1, 22, 22, 209, 59, 1, 58, 58, 1, 32, 22, 311, 1, 1, 1, 1, 1, 413, 1, 1, 95, 95, 95, 319, 319, 319, 319, 319, 100, 413, 435, 413, 413, 413, 413, 435, 1, 1, 60, 60, 222, 302, 302, 253, 253, 302, 302, 302, 427, 302, 222, 222, 302, 302, 1, 1, 334, 334, 80, 80, 413, 413, 60, 116, 95, 58, 58, 58, 58, 12, 1, 311, 311, 427, 151, 151, 427, 427, 1, 1, 1, 1, 284, 418, 1, 1, 311, 10, 1, 1, 76, 76, 1, 95, 288, 1, 1, 358, 101, 101, 58, 25, 58, 25, 25, 47, 47, 47, 47, 444, 444, 47, 47, 101, 101, 1, 355, 355, 47, 47, 47, 47, 21, 3, 420, 420, 47, 95, 1, 91, 17, 1, 379, 379, 379, 326, 379, 379, 379, 379, 379, 427, 427, 213, 379, 227, 104, 379, 379, 379, 379, 25, 409, 379, 379, 379, 273, 26, 26, 1, 101, 189, 189, 292, 292, 439, 439, 348, 314, 12, 12, 348, 319, 1, 319, 439, 143, 100, 26, 273, 100, 1, 25, 1, 189, 26, 1, 100, 28, 261, 261, 95, 261, 261, 1, 1, 1, 178, 353, 1, 1, 1, 1, 1, 402, 1, 1, 1, 26, 1, 189, 358, 1, 1, 1, 1, 1, 189, 1, 1, 1, 1, 1, 1, 1, 1, 1, 1, 1, 402, 1, 1, 1, 1, 1, 270, 176, 1, 319, 413, 311, 413, 244, 413, 413, 1, 302, 413, 413, 375, 160, 302, 162, 60, 60, 60, 60, 60, 1, 302, 413, 302, 302, 354, 413, 1, 302, 302, 302, 302, 302, 302, 1, 58, 302, 302, 302, 1, 1, 302, 302, 302, 334, 80, 80, 302, 80, 302, 334, 334, 373, 302, 60, 302, 334, 133, 344, 60, 1, 302, 1, 302, 302, 302, 417, 58, 417, 417, 417, 417, 151, 151, 58, 302, 302, 365, 302, 17, 17, 302, 1, 95, 95, 95, 1, 1, 311, 1, 1, 183, 372, 372, 85, 85, 1, 1, 226, 174, 146, 1, 279, 1, 1, 435, 1, 1, 184, 1, 1, 2, 2, 101, 101, 101, 84, 47, 101, 134, 47, 273, 166, 47, 1, 101, 444, 166, 1, 444, 444, 95, 101, 133, 133, 1, 355, 101, 355, 435, 341, 1, 101, 47, 279, 240, 39, 39, 39, 88, 1, 1, 439, 1, 319, 378, 369, 195, 1, 1, 1, 1, 1, 118, 1, 1, 402, 1, 1, 95, 391, 1, 1, 185, 413, 302, 60, 302, 319, 1, 178, 238, 178, 15, 1, 100, 369, 301, 1, 1, 33, 17, 435, 1, 314, 302, 101, 314, 302, 353, 1, 119, 1, 119, 138, 117, 413, 399, 26, 130, 130, 119, 119, 101, 15, 119, 357, 335, 393, 393, 15, 15, 286, 393, 393, 15, 15, 44, 117, 15, 229, 15, 15, 15, 130, 435, 393, 119, 44, 15, 393, 15, 393, 44, 15, 130, 130, 393, 130, 44, 393, 15, 44, 15, 1, 147, 15, 15, 119, 371, 353, 192, 44, 14, 15, 1, 395, 1, 119, 119, 393, 319, 273, 44, 15, 44, 15, 1, 15, 393, 1, 15, 15, 15, 393, 1, 1, 15, 15, 15, 119, 435, 369, 381, 15, 15, 393, 15, 15, 44, 15, 15, 15, 15, 382, 15, 15, 15, 393, 15, 194, 28, 287, 382, 15, 15, 421, 268, 250, 400, 1, 51, 15, 119, 189, 44, 15, 117, 130, 15, 15, 167, 15, 17, 119, 12, 15, 44, 44, 383, 15, 44, 15, 141, 15, 393, 181, 393, 1, 189, 44, 44, 15, 15, 141, 15, 119, 82, 119, 435, 1, 15, 15, 44, 69, 15, 53, 1, 15, 15, 12, 119, 44, 15, 141, 15, 15, 15, 119, 119, 29, 259, 15, 311, 353, 393, 1, 15, 29, 259, 382, 15, 15, 381, 15, 1, 119, 119, 1, 176, 44, 44, 15, 15, 119, 44, 259, 44, 205, 429, 114, 1, 119, 15, 119, 26, 44, 15, 393, 435, 15, 119, 1, 15, 1, 15, 393, 119, 119, 1, 79, 15, 44, 382, 358, 119, 138, 382, 15, 15, 202, 141, 402, 79, 95, 119, 287, 44, 15, 15, 15, 119, 119, 391, 265, 393, 15, 393, 119, 393, 117, 15, 44, 95, 119, 308, 393, 393, 44, 44, 15, 1, 1, 15, 44, 119, 15, 119, 1, 413, 44, 15, 44, 393, 20, 15, 358, 221, 15, 44, 330, 15, 44, 314, 44, 193, 15, 119, 119, 15, 435, 15, 44, 15, 44, 1, 15, 435, 319, 15, 15, 44, 15, 44, 399, 44, 26, 44, 44, 44, 119, 25, 15, 119, 33, 402, 15, 15, 264, 130, 403, 144, 44, 44, 15, 44, 119, 368, 119, 57, 15, 15, 119, 15, 119, 165, 119, 393, 369, 119, 44, 1, 369, 336, 0, 15, 15, 44, 44, 44, 119, 119, 137, 289, 44, 393, 44, 319, 119, 130, 44, 401, 119, 119, 119, 165, 44, 15, 119, 1, 119, 212, 115, 44, 119, 15, 119, 101, 44, 101, 44, 101, 358, 44, 119, 15, 15, 15, 435, 119, 355, 190, 15, 393, 119, 1, 119, 149, 15, 410, 358, 382, 393, 119, 313, 119, 119, 362, 357, 15, 119, 357, 369, 260, 435, 358, 389, 435, 1, 435, 435, 435, 435, 319, 141, 435, 1, 100, 192, 435, 1, 427, 435, 25, 358, 100, 435, 435, 101, 381, 358, 358, 358, 1, 1, 319, 25, 101, 338, 101, 297, 101, 255, 173, 101, 3, 101, 340, 73, 28, 1, 1, 226, 417, 1, 1, 1, 163, 25, 319, 391, 435, 319, 1, 314, 1, 95, 299, 1, 1, 1, 3, 312, 376, 413, 1, 1, 302, 392, 302, 1, 25, 413, 358, 12, 319, 25, 25, 427, 1, 311, 413, 370, 36, 1, 80, 17, 302, 261, 427, 367, 1, 22, 100, 26, 1, 402, 302, 1, 353, 413, 25, 317, 358, 369, 59, 1, 1, 1, 208, 42, 3, 12, 338, 189, 1, 302, 1, 353, 1, 358, 1, 39, 1, 1, 421, 142, 1, 12, 426, 358, 1, 1, 1, 26, 1, 307, 1, 3, 1, 12, 13, 171, 195, 1, 358, 47, 319, 314, 160, 41, 1, 17, 1, 159, 100, 25, 1, 153, 311, 435, 311, 1, 58, 314, 248, 1, 402, 273, 107, 311, 1, 1, 25, 25, 25, 1, 358, 358, 239, 315, 1, 1, 132, 310, 1, 319, 338, 335, 39, 1, 3, 390, 101, 25, 3, 173, 319, 47, 25, 101, 1, 25, 1, 340, 1, 25, 163, 1, 226, 58, 1, 314, 1, 417, 1, 314, 358, 1, 26, 302, 26, 334, 267, 73, 95, 391, 319, 335, 80, 302, 404, 25, 1, 358, 335, 95, 1, 302, 1, 302, 1, 243, 1, 335, 435, 160, 413, 413, 413, 95, 95, 171, 319, 1, 243, 26, 273, 370, 105, 358, 142, 222, 319, 243, 319, 95, 1, 25, 220, 391, 95, 95, 1, 307, 358, 1, 435, 1, 208, 22, 1, 358, 427, 268, 1, 53, 402, 413, 164, 319, 26, 59, 426, 427, 312, 1, 1, 25, 435, 402, 1, 427, 1, 25, 1, 1, 369, 17, 1, 25, 1, 1, 17, 1, 58, 25, 299, 335, 291, 1, 17, 315, 59, 319, 1, 1, 1, 1, 311, 17, 1, 319, 1, 376, 1, 317, 261, 1, 1, 358, 59, 273, 1, 59, 1, 129, 376, 59, 358, 33, 367, 435, 17, 319, 321, 1, 1, 273, 25, 17, 319, 273, 311, 376, 1, 100, 12, 12, 376, 358, 12, 421, 1, 17, 358, 12, 12, 232, 41, 12, 12, 107, 1, 327, 100, 12, 319, 376, 376, 311, 215, 25, 17, 25, 100, 358, 170, 36, 435, 353, 42, 311, 1, 358, 310, 195, 319, 392, 1, 369, 435, 1, 77, 1, 358, 153, 358, 1, 381, 1, 1, 100, 159, 189, 314, 1, 311, 17, 273, 283, 291, 95, 344, 164, 327, 59, 220, 12, 390, 168, 16, 335, 273, 435, 77, 215, 67, 1, 58, 12, 233, 321, 1, 129, 96, 276, 319, 1, 435, 439, 376, 95, 25, 435, 358, 1, 81, 95, 95, 25, 437, 189, 1, 1, 376, 297, 