{"Run": 8, "K": 379, "WCSSD": 2266.386201089346, "Purity": 0.3693655808704964, "Time": 20.532958030700684, "Kmeans_Labels": [221, 147, 310, 20, 20, 20, 147, 80, 147, 369, 20, 234, 17, 17, 20, 20, 255, 20, 217, 239, 20, 20, 217, 17, 17, 20, 17, 26, 239, 20, 17, 376, 239, 31, 20, 20, 17, 17, 67, 17, 217, 17, 70, 204, 322, 20, 17, 20, 20, 20, 20, 217, 217, 20, 267, 145, 20, 147, 146, 65, 20, 197, 20, 51, 145, 93, 17, 147, 17, 145, 17, 20, 20, 146, 31, 20, 267, 20, 255, 20, 20, 217, 213, 141, 80, 20, 146, 130, 20, 369, 20, 20, 145, 20, 20, 20, 226, 20, 80, 20, 80, 31, 20, 363, 363, 171, 171, 363, 20, 350, 70, 70, 70, 17, 267, 31, 217, 366, 20, 35, 20, 20, 35, 20, 20, 35, 20, 20, 217, 168, 35, 35, 372, 20, 20, 239, 20, 20, 20, 193, 26, 20, 146, 239, 35, 35, 175, 20, 20, 20, 35, 23, 146, 239, 20, 35, 20, 20, 20, 20, 20, 286, 35, 20, 271, 35, 146, 217, 82, 146, 255, 20, 20, 217, 35, 20, 51, 131, 35, 20, 20, 20, 20, 20, 35, 164, 35, 20, 218, 164, 20, 26, 217, 105, 284, 20, 273, 217, 266, 369, 80, 20, 255, 51, 35, 237, 35, 80, 146, 334, 20, 20, 296, 80, 237, 35, 35, 369, 234, 26, 80, 31, 20, 234, 217, 35, 248, 234, 217, 35, 20, 20, 80, 20, 80, 148, 369, 239, 172, 20, 35, 20, 26, 342, 217, 80, 236, 20, 217, 35, 369, 369, 20, 35, 52, 20, 140, 20, 35, 20, 20, 20, 234, 318, 363, 20, 217, 363, 20, 369, 217, 171, 217, 20, 171, 25, 20, 20, 35, 363, 35, 267, 267, 20, 171, 171, 51, 363, 202, 217, 35, 25, 20, 70, 20, 171, 20, 171, 70, 239, 20, 329, 20, 20, 234, 171, 171, 171, 171, 70, 26, 267, 234, 20, 369, 267, 20, 300, 70, 239, 70, 70, 217, 70, 51, 234, 20, 43, 26, 342, 239, 35, 35, 221, 217, 336, 35, 267, 20, 35, 20, 217, 26, 217, 35, 20, 20, 328, 20, 20, 26, 217, 217, 20, 234, 20, 19, 82, 99, 207, 117, 20, 20, 117, 70, 26, 22, 117, 35, 76, 42, 373, 22, 35, 22, 35, 35, 35, 217, 194, 20, 217, 330, 255, 20, 217, 217, 20, 370, 20, 20, 20, 255, 217, 20, 20, 51, 43, 20, 204, 26, 20, 20, 20, 217, 26, 35, 20, 20, 20, 217, 20, 145, 146, 147, 371, 171, 217, 146, 35, 113, 20, 146, 100, 204, 363, 20, 267, 99, 117, 117, 325, 20, 146, 20, 217, 217, 239, 239, 217, 33, 20, 23, 23, 277, 277, 364, 364, 70, 70, 234, 234, 70, 204, 239, 20, 20, 217, 207, 207, 14, 14, 20, 145, 145, 20, 145, 145, 145, 145, 145, 145, 201, 145, 43, 26, 20, 163, 20, 20, 80, 80, 20, 369, 369, 20, 20, 369, 369, 20, 23, 20, 173, 173, 20, 32, 20, 23, 23, 20, 80, 259, 26, 369, 369, 20, 369, 369, 363, 310, 310, 20, 20, 20, 20, 20, 20, 20, 20, 20, 363, 20, 363, 363, 363, 363, 20, 20, 20, 278, 278, 291, 70, 70, 20, 20, 18, 18, 70, 234, 70, 171, 171, 369, 369, 20, 20, 337, 337, 20, 20, 268, 268, 70, 70, 92, 174, 174, 174, 174, 43, 20, 26, 26, 234, 20, 20, 234, 234, 20, 20, 116, 116, 169, 20, 20, 20, 26, 20, 20, 20, 20, 20, 137, 20, 20, 20, 20, 217, 117, 117, 23, 20, 23, 20, 20, 22, 22, 252, 252, 89, 89, 15, 15, 207, 207, 239, 58, 58, 22, 22, 22, 22, 42, 22, 207, 207, 161, 20, 20, 43, 20, 146, 122, 122, 78, 122, 122, 122, 122, 122, 122, 234, 234, 122, 122, 315, 17, 142, 122, 122, 122, 217, 122, 122, 122, 122, 51, 20, 204, 20, 207, 325, 325, 255, 255, 145, 145, 20, 267, 145, 145, 20, 20, 20, 20, 145, 20, 20, 204, 51, 360, 20, 20, 20, 325, 204, 20, 360, 255, 344, 344, 20, 344, 344, 20, 20, 151, 255, 20, 145, 20, 20, 20, 66, 130, 369, 294, 294, 204, 369, 108, 20, 20, 97, 369, 97, 20, 108, 369, 369, 20, 20, 97, 369, 97, 199, 369, 97, 97, 367, 20, 369, 369, 369, 342, 204, 20, 20, 20, 363, 26, 363, 310, 363, 24, 20, 5, 363, 363, 20, 278, 70, 365, 70, 278, 70, 70, 70, 20, 70, 267, 70, 70, 70, 363, 20, 70, 70, 267, 101, 267, 70, 20, 23, 70, 357, 70, 20, 20, 70, 54, 54, 337, 337, 70, 70, 337, 70, 337, 337, 337, 70, 342, 70, 337, 10, 232, 70, 342, 70, 20, 70, 10, 10, 342, 23, 342, 342, 342, 342, 20, 20, 23, 341, 341, 70, 70, 239, 239, 70, 138, 170, 20, 170, 20, 20, 26, 20, 20, 20, 20, 20, 2, 2, 20, 342, 358, 26, 20, 217, 20, 20, 20, 20, 20, 20, 217, 20, 20, 20, 20, 117, 117, 117, 20, 252, 117, 207, 22, 51, 117, 15, 255, 207, 89, 117, 20, 57, 57, 20, 207, 371, 371, 42, 58, 117, 117, 20, 127, 20, 117, 22, 217, 31, 20, 20, 20, 117, 239, 20, 145, 255, 20, 145, 239, 90, 20, 20, 307, 20, 20, 20, 20, 20, 130, 20, 75, 20, 310, 255, 20, 70, 363, 70, 20, 70, 20, 217, 49, 255, 49, 288, 146, 20, 20, 20, 255, 20, 82, 61, 217, 20, 221, 8, 117, 221, 8, 20, 20, 206, 369, 206, 72, 20, 363, 72, 204, 72, 72, 206, 206, 117, 233, 206, 227, 83, 233, 233, 233, 233, 313, 233, 233, 233, 233, 72, 217, 233, 72, 233, 233, 233, 150, 217, 233, 206, 72, 247, 233, 233, 233, 72, 233, 217, 217, 233, 72, 72, 233, 150, 346, 233, 20, 104, 39, 233, 206, 206, 20, 217, 72, 233, 233, 20, 331, 20, 206, 233, 233, 20, 51, 72, 103, 72, 150, 20, 233, 233, 20, 233, 233, 233, 233, 20, 20, 233, 233, 233, 198, 217, 239, 227, 233, 233, 233, 233, 150, 72, 233, 233, 233, 233, 217, 233, 233, 150, 233, 126, 219, 147, 259, 206, 233, 233, 93, 81, 20, 91, 20, 206, 233, 206, 325, 72, 233, 39, 72, 233, 233, 233, 150, 20, 206, 50, 233, 44, 72, 326, 233, 72, 233, 20, 260, 73, 206, 233, 20, 20, 72, 72, 233, 233, 233, 233, 233, 206, 150, 217, 20, 46, 233, 72, 233, 233, 91, 20, 233, 233, 305, 206, 321, 233, 73, 150, 233, 233, 206, 206, 233, 214, 233, 281, 20, 233, 53, 274, 23, 214, 233, 233, 233, 17, 233, 20, 285, 206, 20, 20, 72, 72, 233, 233, 311, 72, 214, 72, 233, 20, 72, 86, 206, 233, 206, 81, 72, 233, 233, 164, 233, 206, 369, 233, 20, 261, 233, 206, 206, 20, 214, 229, 72, 217, 217, 316, 72, 233, 233, 150, 227, 217, 130, 214, 20, 206, 259, 72, 233, 178, 233, 206, 206, 310, 313, 233, 233, 233, 206, 233, 20, 233, 72, 20, 206, 206, 0, 233, 181, 155, 233, 259, 20, 233, 72, 136, 233, 206, 245, 363, 60, 150, 72, 233, 20, 115, 217, 363, 233, 72, 206, 179, 72, 267, 72, 255, 233, 206, 206, 150, 217, 233, 72, 233, 72, 20, 233, 281, 217, 212, 153, 72, 233, 72, 72, 72, 204, 72, 346, 72, 206, 20, 233, 206, 82, 130, 233, 233, 98, 72, 150, 133, 37, 72, 39, 72, 206, 217, 206, 72, 233, 233, 206, 233, 206, 102, 206, 233, 233, 206, 72, 20, 239, 239, 233, 150, 288, 72, 102, 270, 206, 206, 72, 206, 72, 233, 72, 217, 206, 72, 269, 20, 233, 206, 206, 217, 72, 233, 206, 93, 206, 231, 206, 292, 206, 233, 206, 207, 72, 117, 72, 109, 217, 72, 206, 74, 233, 233, 217, 206, 117, 206, 233, 233, 206, 20, 42, 355, 139, 206, 217, 217, 233, 206, 233, 206, 206, 206, 227, 233, 206, 233, 239, 359, 217, 217, 217, 217, 20, 217, 217, 217, 217, 182, 217, 217, 20, 20, 217, 217, 239, 234, 217, 20, 255, 20, 217, 217, 207, 146, 217, 217, 217, 20, 20, 348, 20, 42, 71, 117, 135, 117, 20, 42, 207, 276, 207, 217, 84, 147, 303, 156, 358, 342, 20, 20, 20, 20, 133, 22, 310, 340, 20, 20, 267, 20, 20, 351, 258, 20, 369, 22, 234, 20, 363, 7, 20, 70, 20, 18, 255, 146, 363, 20, 43, 20, 301, 257, 234, 20, 26, 124, 34, 20, 176, 70, 20, 70, 344, 234, 20, 151, 20, 20, 354, 20, 130, 342, 151, 20, 363, 41, 20, 20, 239, 32, 20, 20, 7, 234, 20, 22, 43, 110, 325, 20, 70, 20, 20, 20, 20, 20, 207, 275, 20, 134, 51, 20, 304, 234, 217, 290, 20, 20, 204, 20, 171, 20, 22, 20, 20, 20, 20, 145, 20, 217, 252, 244, 267, 278, 239, 20, 61, 21, 20, 20, 20, 20, 226, 26, 217, 26, 20, 368, 267, 352, 20, 254, 20, 147, 26, 42, 255, 225, 20, 20, 20, 52, 106, 93, 20, 20, 20, 43, 217, 190, 20, 71, 217, 207, 42, 276, 188, 117, 225, 22, 42, 22, 252, 133, 117, 20, 20, 255, 217, 20, 20, 20, 156, 358, 23, 20, 267, 20, 342, 258, 267, 52, 20, 204, 70, 354, 337, 217, 84, 217, 310, 244, 83, 70, 70, 20, 146, 258, 133, 83, 217, 20, 70, 20, 18, 217, 217, 20, 217, 217, 278, 363, 124, 363, 20, 332, 20, 20, 20, 83, 354, 51, 34, 20, 217, 51, 171, 20, 217, 20, 217, 20, 20, 217, 310, 217, 310, 217, 171, 217, 20, 217, 21, 234, 20, 20, 342, 234, 81, 20, 91, 254, 363, 196, 20, 204, 32, 234, 234, 234, 20, 303, 257, 217, 130, 20, 234, 20, 20, 20, 369, 239, 20, 20, 66, 176, 20, 61, 20, 368, 20, 351, 83, 289, 20, 369, 20, 32, 20, 20, 20, 20, 151, 26, 61, 151, 20, 20, 20, 20, 20, 344, 7, 7, 20, 32, 20, 20, 32, 20, 32, 217, 32, 106, 82, 20, 217, 20, 20, 167, 20, 20, 51, 301, 226, 93, 51, 26, 255, 20, 310, 43, 43, 55, 217, 43, 134, 290, 20, 217, 43, 43, 223, 239, 20, 304, 147, 20, 20, 20, 43, 20, 