{"Run": 3, "K": 509, "WCSSD": 2131.502731627235, "Purity": 0.5147437732608073, "Time": 27.721211910247803, "Kmeans_Labels": [54, 114, 405, 446, 1, 1, 114, 324, 114, 139, 108, 82, 1, 183, 94, 1, 1, 455, 1, 504, 1, 1, 191, 183, 142, 452, 1, 455, 504, 55, 183, 263, 504, 455, 1, 116, 183, 183, 82, 183, 263, 131, 32, 243, 183, 1, 183, 331, 142, 208, 231, 194, 194, 116, 245, 162, 1, 114, 446, 446, 1, 455, 1, 155, 162, 407, 183, 114, 183, 162, 455, 1, 223, 308, 72, 1, 165, 38, 92, 138, 1, 24, 1, 393, 324, 380, 308, 238, 1, 1, 465, 94, 162, 1, 1, 1, 142, 1, 324, 1, 324, 72, 116, 417, 417, 131, 131, 417, 340, 72, 75, 240, 240, 183, 245, 72, 194, 1, 1, 204, 230, 1, 51, 291, 1, 204, 1, 446, 142, 142, 204, 204, 142, 1, 44, 334, 20, 180, 1, 1, 466, 483, 446, 504, 204, 51, 94, 1, 1, 446, 204, 122, 308, 504, 1, 204, 1, 268, 446, 142, 1, 204, 204, 1, 351, 217, 308, 61, 362, 308, 204, 1, 1, 194, 204, 356, 358, 161, 204, 1, 231, 1, 217, 217, 204, 1, 204, 1, 1, 44, 61, 466, 434, 204, 446, 446, 1, 413, 1, 1, 324, 191, 191, 155, 204, 228, 204, 324, 308, 44, 191, 1, 324, 324, 228, 204, 402, 1, 82, 245, 324, 1, 1, 82, 229, 204, 1, 82, 194, 204, 1, 1, 324, 284, 324, 61, 1, 270, 24, 174, 204, 1, 466, 324, 194, 324, 1, 1, 413, 204, 131, 131, 1, 204, 24, 191, 204, 440, 129, 1, 440, 245, 82, 1, 417, 419, 413, 417, 1, 155, 1, 131, 61, 1, 131, 1, 211, 191, 204, 204, 204, 278, 245, 1, 131, 131, 155, 417, 1, 142, 204, 131, 1, 240, 1, 131, 256, 131, 396, 170, 1, 339, 281, 44, 1, 131, 131, 131, 1, 240, 466, 245, 82, 1, 1, 245, 24, 240, 240, 504, 240, 240, 194, 240, 155, 86, 1, 232, 466, 245, 504, 262, 204, 54, 194, 154, 204, 202, 191, 204, 1, 268, 382, 413, 204, 44, 1, 444, 263, 94, 466, 36, 194, 1, 82, 145, 268, 362, 201, 77, 157, 1, 12, 77, 240, 466, 77, 157, 204, 64, 82, 77, 401, 204, 370, 204, 204, 204, 440, 1, 440, 88, 204, 1, 1, 194, 194, 455, 136, 44, 1, 142, 1, 61, 32, 142, 155, 30, 1, 270, 466, 1, 446, 1, 76, 466, 204, 1, 446, 192, 1, 1, 205, 308, 114, 94, 131, 413, 308, 204, 308, 1, 308, 116, 270, 417, 116, 240, 201, 157, 157, 32, 1, 308, 504, 24, 24, 504, 504, 1, 446, 116, 122, 122, 61, 61, 240, 240, 1, 240, 175, 175, 240, 270, 504, 268, 268, 116, 77, 77, 268, 268, 1, 392, 392, 1, 162, 162, 162, 433, 433, 162, 446, 162, 155, 466, 1, 414, 330, 330, 324, 324, 1, 1, 1, 1, 1, 377, 377, 377, 122, 1, 1, 1, 1, 60, 268, 296, 296, 1, 324, 133, 466, 474, 474, 116, 1, 1, 417, 405, 405, 1, 1, 1, 1, 1, 1, 1, 1, 446, 417, 44, 417, 417, 417, 417, 44, 1, 116, 39, 39, 131, 104, 104, 1, 1, 352, 352, 120, 82, 240, 131, 131, 240, 240, 83, 83, 240, 240, 426, 426, 1, 1, 240, 240, 1, 122, 122, 122, 122, 1, 1, 466, 466, 82, 1, 1, 394, 394, 27, 27, 1, 1, 1, 1, 184, 184, 466, 1, 207, 207, 1, 1, 263, 226, 116, 268, 268, 488, 157, 157, 122, 94, 122, 268, 268, 370, 370, 77, 77, 280, 280, 77, 77, 77, 77, 504, 157, 157, 77, 77, 77, 77, 350, 401, 77, 77, 77, 1, 1, 448, 1, 497, 45, 45, 45, 45, 408, 45, 168, 45, 45, 82, 82, 45, 45, 303, 183, 45, 43, 227, 45, 174, 45, 45, 45, 45, 155, 310, 270, 1, 77, 410, 410, 162, 162, 134, 134, 268, 245, 162, 162, 194, 464, 259, 119, 162, 116, 461, 270, 155, 387, 1, 279, 24, 32, 270, 1, 387, 114, 13, 13, 1, 13, 13, 1, 425, 330, 1, 1, 28, 1, 1, 1, 28, 445, 377, 1, 1, 270, 377, 32, 49, 377, 353, 61, 353, 366, 32, 377, 167, 208, 1, 451, 1, 254, 1, 474, 353, 208, 238, 1, 474, 474, 268, 1, 302, 213, 1, 1, 417, 466, 242, 240, 34, 251, 1, 240, 34, 274, 274, 343, 240, 417, 39, 166, 166, 39, 240, 1, 216, 245, 240, 240, 104, 181, 383, 240, 181, 245, 240, 245, 240, 1, 122, 240, 240, 240, 174, 1, 240, 240, 240, 240, 75, 240, 75, 75, 240, 263, 39, 240, 240, 240, 240, 268, 240, 70, 9, 240, 240, 1, 151, 240, 240, 1, 122, 240, 240, 240, 268, 1, 1, 122, 240, 240, 9, 33, 504, 504, 33, 268, 268, 1, 268, 184, 268, 268, 268, 1, 268, 472, 472, 240, 240, 268, 268, 268, 245, 1, 488, 268, 1, 1, 194, 367, 367, 268, 268, 268, 1, 1, 157, 157, 157, 268, 77, 77, 77, 401, 155, 56, 77, 1, 77, 237, 56, 1, 237, 237, 4, 77, 1, 1, 346, 157, 157, 157, 273, 53, 1, 157, 77, 275, 206, 420, 420, 420, 157, 503, 116, 162, 1, 1, 162, 504, 162, 1, 1, 116, 1, 1, 94, 94, 116, 238, 143, 238, 1, 1, 1, 1, 240, 417, 240, 39, 240, 194, 268, 1, 1, 1, 6, 308, 446, 1, 1, 1, 1, 362, 455, 194, 1, 54, 240, 456, 54, 240, 1, 186, 171, 1, 338, 29, 1, 417, 29, 270, 29, 29, 171, 171, 77, 6, 171, 277, 24, 6, 171, 424, 6, 24, 297, 297, 283, 84, 22, 24, 6, 29, 6, 6, 6, 6, 24, 6, 171, 29, 467, 435, 282, 506, 29, 6, 24, 24, 297, 29, 29, 297, 6, 349, 283, 1, 6, 171, 6, 171, 171, 1, 142, 29, 6, 6, 196, 234, 1, 171, 171, 6, 499, 155, 29, 6, 29, 6, 1, 6, 6, 1, 6, 6, 6, 6, 1, 427, 359, 6, 6, 171, 174, 504, 277, 431, 368, 6, 6, 355, 29, 6, 6, 221, 6, 248, 6, 6, 6, 277, 160, 171, 114, 335, 248, 6, 6, 407, 1, 1, 161, 1, 171, 6, 171, 99, 29, 287, 24, 29, 65, 320, 462, 6, 102, 171, 448, 6, 463, 158, 29, 6, 29, 400, 434, 6, 6, 125, 6, 1, 32, 29, 29, 6, 6, 6, 6, 171, 171, 507, 194, 1, 6, 309, 29, 6, 6, 161, 186, 6, 6, 96, 171, 29, 6, 434, 6, 266, 6, 171, 171, 6, 29, 6, 384, 1, 6, 1, 6, 395, 29, 248, 6, 301, 183, 6, 1, 171, 171, 1, 213, 29, 198, 6, 6, 171, 29, 198, 29, 6, 128, 29, 3, 171, 197, 171, 270, 225, 6, 297, 44, 6, 507, 1, 79, 1, 6, 6, 338, 171, 1, 29, 6, 29, 248, 194, 171, 29, 248, 6, 6, 277, 434, 238, 198, 70, 171, 318, 29, 6, 171, 388, 171, 171, 1, 24, 6, 386, 6, 171, 297, 1, 6, 29, 116, 171, 171, 6, 6, 29, 29, 6, 133, 47, 6, 29, 171, 6, 171, 1, 417, 29, 210, 29, 435, 412, 379, 24, 417, 6, 141, 171, 6, 29, 307, 85, 24, 6, 171, 171, 6, 24, 6, 29, 292, 85, 1, 171, 384, 1, 6, 432, 29, 6, 29, 29, 29, 270, 29, 349, 317, 171, 61, 6, 214, 362, 238, 283, 6, 171, 29, 6, 44, 29, 169, 6, 430, 171, 44, 171, 29, 6, 6, 171, 6, 171, 29, 171, 6, 6, 171, 188, 1, 504, 504, 6, 6, 6, 29, 29, 29, 171, 171, 349, 171, 29, 6, 172, 499, 171, 29, 457, 209, 171, 171, 67, 24, 29, 6, 171, 407, 171, 171, 171, 29, 171, 6, 171, 294, 29, 77, 7, 157, 24, 29, 171, 381, 6, 6, 263, 171, 157, 171, 6, 297, 171, 1, 171, 6, 6, 171, 194, 248, 6, 171, 6, 126, 171, 171, 277, 6, 171, 6, 130, 219, 194, 24, 164, 194, 1, 194, 194, 194, 194, 1, 434, 194, 1, 378, 142, 194, 504, 82, 194, 1, 24, 378, 194, 194, 77, 308, 229, 229, 229, 1, 1, 1, 374, 157, 10, 157, 23, 418, 12, 77, 77, 401, 77, 437, 270, 114, 1, 1, 268, 240, 268, 1, 1, 1, 44, 406, 1, 142, 446, 1, 176, 501, 1, 1, 1, 268, 377, 401, 82, 61, 417, 1, 116, 240, 446, 181, 18, 308, 473, 116, 1, 1, 1, 185, 475, 116, 466, 327, 82, 321, 1, 240, 455, 240, 241, 82, 116, 162, 1, 446, 270, 1, 238, 240, 330, 1, 252, 61, 1, 114, 504, 372, 116, 146, 1, 82, 1, 401, 30, 314, 32, 116, 240, 1, 1, 1, 142, 268, 420, 1, 1, 69, 155, 1, 466, 82, 24, 1, 140, 1, 270, 1, 116, 428, 401, 468, 222, 1, 116, 162, 1, 239, 77, 1, 245, 39, 504, 261, 455, 1, 174, 446, 1, 128, 455, 466, 263, 466, 116, 395, 245, 201, 116, 238, 155, 114, 466, 1, 1, 1, 1, 174, 94, 24, 44, 407, 1, 436, 505, 448, 1, 142, 1, 10, 94, 420, 1, 401, 95, 418, 1, 401, 77, 406, 77, 44, 157, 268, 250, 18, 437, 1, 174, 1, 1, 268, 122, 116, 176, 116, 240, 1, 245, 24, 70, 270, 195, 270, 240, 170, 270, 94, 44, 1, 24, 240, 240, 1, 308, 1, 44, 24, 219, 1, 240, 501, 181, 263, 142, 1, 360, 268, 39, 252, 327, 473, 1, 1, 116, 1, 1, 24, 270, 155, 82, 1, 44, 155, 131, 1, 92, 1, 502, 116, 250, 35, 1, 219, 1, 391, 116, 24, 1, 194, 1, 82, 1, 1, 80, 127, 290, 436, 161, 238, 417, 152, 1, 270, 372, 82, 475, 82, 268, 1, 185, 268, 238, 24, 82, 116, 1, 116, 377, 504, 455, 116, 28, 1, 1, 455, 1, 395, 116, 1, 360, 423, 1, 455, 1, 68, 1, 1, 116, 140, 330, 466, 455, 162, 1, 1, 61, 1, 1, 241, 1, 1, 142, 121, 155, 261, 68, 261, 60, 356, 60, 44, 342, 116, 194, 455, 270, 407, 94, 428, 155, 1, 455, 407, 155, 466, 133, 1, 446, 1, 1, 94, 305, 1, 69, 1, 455, 44, 448, 448, 496, 504, 222, 466, 114, 128, 46, 446, 30, 1, 61, 61, 466, 32, 61, 1, 1, 446, 114, 24, 321, 142, 1, 1, 466, 1, 24, 1, 162, 446, 446, 469, 504, 44, 505, 263, 468, 142, 455, 398, 1, 455, 1, 116, 446, 174, 32, 245, 1, 466, 455, 155, 1, 423, 1, 70, 152, 46, 121, 35, 448, 95, 1, 17, 268, 155, 268, 263, 32, 94, 70, 122, 1, 178, 407, 263, 60, 311, 155, 270, 1, 194, 