{"Run": 10, "K": 588, "WCSSD": 2041.4513288815353, "Purity": 0.4496747020608845, "Time": 34.01644277572632, "Kmeans_Labels": [125, 115, 10, 140, 10, 557, 115, 223, 493, 165, 10, 176, 10, 134, 224, 10, 247, 71, 10, 569, 10, 10, 482, 134, 84, 71, 84, 71, 548, 10, 84, 389, 132, 71, 10, 10, 134, 134, 176, 572, 237, 373, 50, 25, 134, 10, 134, 541, 103, 10, 75, 553, 553, 319, 125, 206, 319, 115, 140, 262, 10, 317, 10, 50, 206, 89, 134, 115, 134, 206, 71, 124, 10, 43, 196, 10, 125, 10, 277, 10, 10, 6, 121, 71, 223, 199, 43, 95, 10, 10, 10, 224, 501, 10, 319, 430, 541, 10, 223, 10, 223, 196, 175, 102, 102, 373, 373, 102, 10, 196, 422, 395, 395, 572, 125, 200, 569, 546, 224, 167, 224, 224, 167, 224, 140, 298, 224, 140, 470, 10, 167, 167, 344, 224, 10, 132, 224, 224, 224, 224, 133, 140, 149, 132, 353, 167, 418, 224, 10, 140, 167, 152, 485, 132, 541, 167, 10, 541, 140, 224, 224, 167, 571, 224, 207, 167, 43, 221, 90, 485, 215, 482, 10, 553, 167, 10, 37, 118, 558, 10, 224, 224, 10, 10, 167, 6, 167, 84, 10, 541, 221, 133, 242, 167, 224, 140, 10, 46, 224, 498, 223, 482, 482, 37, 468, 223, 411, 223, 456, 224, 482, 224, 223, 223, 223, 167, 167, 10, 176, 218, 549, 196, 10, 505, 151, 167, 224, 176, 553, 482, 10, 224, 223, 10, 223, 10, 10, 132, 224, 579, 568, 321, 133, 223, 553, 223, 395, 10, 46, 167, 373, 373, 10, 222, 6, 190, 167, 224, 167, 10, 224, 10, 176, 140, 102, 10, 46, 102, 569, 37, 482, 373, 224, 224, 373, 482, 224, 482, 167, 102, 362, 125, 125, 224, 373, 373, 37, 102, 373, 470, 167, 373, 10, 363, 10, 373, 224, 373, 395, 372, 10, 373, 10, 194, 194, 373, 373, 373, 395, 395, 133, 125, 395, 569, 395, 125, 10, 171, 395, 319, 395, 395, 553, 395, 37, 176, 395, 80, 133, 395, 132, 266, 167, 125, 553, 394, 167, 125, 482, 167, 328, 369, 133, 46, 167, 224, 569, 183, 224, 224, 133, 224, 553, 395, 176, 10, 541, 90, 164, 265, 26, 10, 369, 166, 395, 193, 225, 272, 167, 224, 26, 26, 225, 167, 225, 167, 167, 167, 224, 277, 224, 151, 167, 277, 10, 553, 553, 71, 140, 6, 10, 177, 277, 6, 10, 10, 37, 68, 448, 25, 133, 224, 140, 224, 216, 133, 10, 319, 140, 10, 541, 10, 206, 150, 115, 221, 373, 46, 22, 208, 43, 10, 43, 368, 25, 260, 10, 395, 164, 26, 327, 118, 10, 43, 10, 6, 6, 393, 393, 584, 140, 10, 152, 152, 10, 10, 395, 395, 395, 395, 176, 176, 395, 25, 10, 369, 369, 319, 181, 181, 369, 369, 400, 206, 206, 213, 50, 50, 140, 293, 293, 206, 140, 367, 68, 133, 84, 10, 501, 501, 223, 223, 10, 10, 10, 10, 10, 255, 255, 408, 152, 10, 222, 222, 10, 61, 10, 152, 152, 10, 81, 222, 133, 32, 32, 10, 318, 10, 102, 10, 10, 10, 10, 10, 319, 319, 392, 102, 491, 140, 163, 469, 102, 163, 163, 102, 469, 10, 10, 171, 171, 373, 395, 395, 102, 102, 511, 511, 275, 176, 473, 373, 373, 498, 498, 6, 6, 302, 302, 73, 73, 178, 178, 171, 395, 10, 152, 152, 152, 152, 405, 319, 133, 133, 176, 66, 66, 176, 176, 395, 395, 10, 10, 10, 395, 369, 369, 202, 569, 371, 371, 569, 569, 389, 569, 569, 270, 270, 212, 198, 198, 152, 224, 152, 369, 369, 225, 225, 461, 461, 319, 319, 142, 142, 504, 504, 10, 303, 303, 225, 225, 552, 552, 225, 225, 141, 141, 26, 319, 541, 68, 10, 43, 11, 11, 11, 40, 11, 11, 11, 11, 11, 176, 402, 11, 11, 11, 457, 11, 62, 11, 11, 319, 62, 11, 11, 11, 37, 10, 25, 10, 380, 354, 354, 24, 24, 206, 206, 541, 364, 206, 206, 541, 10, 532, 10, 367, 10, 140, 25, 37, 140, 10, 319, 10, 118, 47, 10, 140, 274, 10, 10, 10, 10, 10, 10, 487, 501, 277, 10, 206, 10, 10, 10, 10, 95, 10, 105, 105, 25, 10, 536, 10, 408, 476, 10, 211, 10, 536, 211, 476, 10, 386, 10, 211, 10, 10, 32, 384, 10, 95, 194, 32, 32, 228, 10, 172, 10, 319, 10, 102, 102, 102, 395, 102, 102, 451, 38, 102, 102, 459, 171, 395, 186, 171, 171, 171, 171, 171, 566, 395, 102, 395, 171, 395, 566, 471, 395, 566, 125, 395, 125, 473, 145, 120, 395, 395, 395, 6, 192, 395, 395, 395, 428, 422, 73, 422, 73, 395, 171, 171, 301, 395, 171, 98, 428, 395, 375, 171, 395, 395, 203, 440, 395, 395, 395, 152, 395, 395, 395, 395, 66, 66, 152, 285, 285, 395, 290, 4, 4, 290, 526, 369, 6, 369, 270, 369, 369, 369, 410, 569, 569, 569, 395, 395, 101, 395, 395, 395, 21, 212, 369, 221, 221, 389, 369, 369, 541, 153, 153, 319, 319, 26, 26, 26, 280, 205, 265, 265, 5, 478, 162, 142, 277, 398, 319, 162, 319, 319, 319, 319, 398, 209, 209, 541, 303, 26, 26, 541, 10, 395, 26, 552, 100, 196, 319, 319, 319, 26, 503, 319, 206, 10, 221, 72, 391, 206, 10, 10, 10, 541, 84, 224, 194, 543, 370, 10, 95, 497, 10, 277, 10, 395, 102, 395, 171, 314, 437, 369, 277, 277, 277, 520, 43, 140, 132, 116, 277, 84, 565, 71, 553, 6, 125, 395, 26, 125, 395, 113, 195, 27, 334, 92, 336, 84, 148, 336, 299, 336, 336, 92, 92, 26, 520, 27, 109, 6, 458, 520, 520, 520, 421, 117, 117, 109, 520, 336, 191, 520, 336, 520, 520, 520, 109, 569, 520, 559, 336, 520, 484, 520, 484, 336, 520, 569, 569, 484, 336, 336, 349, 423, 307, 435, 10, 109, 8, 520, 92, 279, 113, 470, 336, 8, 520, 10, 131, 10, 559, 109, 484, 221, 37, 336, 109, 336, 8, 10, 109, 484, 281, 109, 520, 109, 520, 113, 10, 376, 520, 109, 92, 151, 132, 109, 520, 294, 520, 433, 8, 336, 109, 109, 109, 520, 30, 109, 477, 8, 520, 528, 88, 114, 6, 27, 484, 520, 89, 10, 10, 144, 10, 92, 109, 109, 50, 336, 109, 191, 336, 27, 520, 520, 8, 387, 92, 68, 520, 336, 336, 336, 520, 336, 520, 242, 109, 484, 92, 484, 10, 10, 336, 336, 454, 520, 366, 520, 27, 559, 8, 319, 10, 520, 407, 336, 109, 126, 118, 195, 520, 520, 68, 92, 336, 109, 366, 8, 520, 520, 92, 92, 520, 308, 520, 133, 10, 484, 365, 520, 109, 308, 109, 109, 520, 134, 520, 151, 92, 92, 10, 109, 336, 336, 187, 520, 27, 336, 489, 336, 323, 10, 311, 155, 27, 520, 92, 221, 336, 520, 117, 6, 575, 92, 334, 520, 10, 520, 484, 92, 92, 10, 308, 109, 336, 30, 509, 92, 336, 109, 109, 8, 520, 242, 161, 308, 6, 92, 10, 336, 559, 27, 109, 92, 92, 10, 464, 520, 8, 484, 483, 484, 84, 109, 336, 463, 92, 92, 520, 520, 336, 336, 109, 374, 10, 520, 336, 27, 520, 92, 10, 102, 336, 8, 529, 484, 389, 520, 6, 109, 109, 336, 92, 520, 158, 560, 336, 277, 520, 92, 92, 520, 30, 520, 337, 520, 336, 10, 27, 389, 221, 520, 524, 336, 520, 336, 336, 336, 299, 336, 307, 336, 495, 369, 109, 92, 41, 95, 117, 520, 92, 336, 109, 30, 336, 336, 307, 336, 449, 374, 229, 336, 520, 520, 109, 520, 85, 336, 109, 484, 8, 495, 336, 6, 132, 132, 159, 109, 520, 336, 336, 336, 92, 92, 336, 27, 336, 520, 336, 221, 92, 336, 336, 221, 27, 92, 27, 30, 434, 520, 27, 89, 92, 27, 27, 336, 92, 520, 92, 265, 336, 26, 529, 135, 6, 336, 109, 520, 520, 520, 562, 92, 26, 27, 109, 484, 92, 10, 109, 27, 520, 92, 509, 30, 484, 92, 520, 27, 27, 27, 109, 109, 92, 520, 130, 6, 553, 6, 221, 553, 10, 553, 553, 553, 553, 221, 242, 553, 18, 306, 470, 553, 453, 176, 553, 541, 517, 140, 553, 553, 265, 43, 151, 151, 151, 6, 515, 296, 369, 356, 14, 26, 243, 26, 538, 265, 265, 64, 265, 176, 372, 115, 10, 522, 386, 290, 369, 194, 188, 569, 10, 225, 541, 374, 542, 10, 525, 395, 10, 10, 282, 369, 408, 225, 176, 466, 102, 263, 395, 395, 346, 511, 369, 43, 102, 67, 68, 541, 10, 10, 176, 10, 226, 102, 176, 512, 10, 171, 71, 314, 10, 176, 10, 452, 222, 396, 25, 10, 370, 395, 501, 10, 102, 237, 10, 545, 360, 244, 10, 569, 263, 176, 10, 254, 68, 174, 492, 10, 51, 400, 10, 10, 54, 369, 265, 10, 10, 89, 581, 400, 68, 176, 517, 10, 539, 10, 486, 10, 373, 10, 225, 10, 10, 10, 49, 206, 10, 10, 205, 395, 563, 171, 541, 10, 71, 10, 10, 140, 305, 10, 71, 133, 553, 133, 573, 152, 413, 164, 204, 508, 10, 115, 210, 369, 277, 10, 84, 10, 224, 6, 6, 89, 10, 10, 10, 68, 194, 10, 541, 14, 569, 265, 369, 64, 395, 26, 10, 225, 265, 225, 205, 10, 26, 369, 326, 369, 176, 569, 10, 569, 522, 386, 152, 10, 525, 395, 290, 282, 413, 6, 10, 25, 395, 25, 395, 10, 372, 6, 6, 395, 519, 171, 314, 496, 43, 282, 6, 519, 319, 188, 395, 395, 511, 94, 345, 10, 397, 230, 171, 102, 102, 102, 10, 587, 49, 541, 194, 519, 25, 37, 176, 569, 389, 581, 373, 535, 6, 541, 509, 10, 326, 6, 541, 450, 6, 10, 373, 6, 10, 553, 10, 176, 222, 10, 569, 176, 53, 10, 118, 508, 102, 10, 541, 25, 244, 176, 176, 176, 369, 10, 10, 184, 370, 10, 176, 204, 84, 10, 408, 360, 71, 10, 211, 10, 10, 71, 10, 152, 10, 10, 519, 406, 10, 160, 10, 61, 10, 10, 573, 539,