{"Run": 12, "K": 25, "WCSSD": 2891.178345895153, "Purity": 0.2971657600916118, "Time": 1.3324918746948242, "Kmeans_Labels": [4, 12, 24, 24, 4, 4, 12, 10, 12, 10, 4, 4, 12, 4, 13, 12, 4, 4, 4, 22, 4, 4, 4, 12, 4, 4, 4, 4, 22, 10, 4, 4, 22, 4, 4, 4, 4, 4, 4, 4, 4, 4, 4, 4, 4, 4, 4, 4, 13, 4, 4, 4, 4, 4, 4, 4, 4, 12, 24, 24, 4, 4, 4, 4, 12, 6, 12, 12, 4, 12, 12, 13, 4, 4, 4, 13, 4, 4, 4, 4, 4, 4, 10, 13, 4, 4, 4, 4, 4, 10, 4, 4, 10, 10, 13, 4, 13, 4, 4, 4, 4, 4, 4, 4, 10, 4, 10, 10, 10, 4, 4, 10, 4, 13, 10, 4, 4, 4, 4, 4, 4, 4, 24, 24, 24, 24, 4, 24, 4, 4, 4, 4, 4, 4, 4, 21, 4, 4, 4, 4, 4, 24, 24, 22, 24, 24, 4, 4, 13, 24, 4, 2, 24, 22, 4, 4, 4, 4, 24, 13, 4, 4, 4, 4, 4, 4, 4, 4, 4, 4, 4, 4, 4, 4, 4, 4, 13, 4, 4, 4, 4, 4, 24, 4, 4, 4, 4, 4, 4, 4, 4, 4, 4, 4, 24, 24, 4, 4, 4, 10, 10, 4, 4, 4, 10, 4, 4, 10, 10, 10, 4, 4, 4, 4, 4, 4, 10, 10, 4, 4, 10, 4, 4, 4, 4, 4, 4, 10, 4, 4, 4, 13, 4, 4, 10, 4, 10, 22, 4, 4, 4, 4, 4, 10, 4, 10, 4, 10, 4, 4, 10, 10, 4, 4, 4, 4, 4, 4, 10, 10, 4, 10, 4, 24, 24, 13, 4, 4, 4, 10, 4, 4, 4, 4, 4, 4, 4, 13, 4, 4, 4, 4, 4, 13, 13, 4, 4, 24, 4, 4, 4, 4, 4, 4, 24, 10, 4, 10, 4, 4, 4, 10, 4, 4, 4, 10, 4, 4, 4, 4, 4, 4, 10, 4, 10, 4, 4, 10, 4, 22, 4, 10, 4, 4, 4, 4, 4, 4, 4, 4, 22, 22, 4, 4, 4, 14, 4, 4, 4, 4, 4, 4, 4, 4, 13, 4, 4, 4, 13, 4, 4, 4, 4, 4, 4, 4, 4, 4, 8, 15, 15, 4, 4, 15, 4, 15, 15, 15, 4, 4, 15, 15, 15, 4, 9, 4, 4, 4, 4, 4, 4, 4, 4, 24, 4, 4, 4, 4, 24, 4, 4, 13, 4, 4, 4, 4, 4, 4, 4, 4, 4, 4, 24, 4, 4, 4, 4, 24, 24, 4, 4, 4, 4, 4, 12, 4, 4, 4, 4, 4, 4, 24, 4, 4, 22, 10, 4, 10, 8, 15, 15, 4, 4, 4, 4, 4, 4, 22, 22, 4, 24, 4, 2, 2, 10, 10, 4, 4, 4, 4, 4, 4, 4, 4, 22, 4, 4, 4, 15, 15, 4, 4, 4, 4, 4, 22, 4, 4, 24, 4, 4, 4, 24, 22, 4, 4, 4, 10, 10, 10, 10, 10, 10, 10, 10, 10, 10, 10, 10, 10, 2, 4, 10, 10, 4, 4, 12, 2, 2, 12, 4, 4, 4, 10, 10, 4, 10, 10, 10, 24, 24, 4, 4, 4, 4, 4, 13, 24, 13, 24, 4, 4, 24, 4, 4, 24, 4, 10, 24, 10, 10, 10, 0, 0, 18, 18, 10, 10, 10, 4, 4, 10, 10, 10, 10, 4, 4, 4, 4, 4, 4, 4, 4, 10, 4, 4, 2, 2, 2, 2, 4, 4, 4, 4, 4, 4, 4, 4, 4, 4, 4, 4, 4, 4, 4, 4, 4, 4, 4, 4, 4, 4, 4, 22, 4, 4, 4, 4, 13, 15, 15, 2, 4, 2, 4, 4, 9, 9, 9, 9, 9, 9, 9, 9, 15, 15, 13, 15, 15, 9, 9, 9, 9, 15, 15, 15, 15, 9, 4, 4, 4, 13, 4, 4, 4, 4, 4, 4, 4, 4, 4, 4, 4, 10, 4, 4, 4, 4, 4, 4, 4, 4, 4, 4, 4, 4, 4, 4, 4, 4, 4, 15, 4, 4, 4, 4, 24, 24, 4, 4, 4, 4, 4, 4, 12, 4, 22, 4, 24, 4, 4, 24, 4, 4, 4, 4, 4, 4, 10, 12, 10, 10, 4, 10, 10, 10, 10, 10, 4, 4, 4, 4, 10, 10, 10, 4, 10, 10, 10, 4, 10, 4, 4, 10, 10, 10, 10, 10, 4, 10, 10, 4, 4, 10, 10, 10, 10, 10, 10, 10, 4, 4, 10, 10, 4, 10, 10, 10, 4, 4, 4, 4, 4, 4, 4, 4, 4, 4, 4, 10, 4, 10, 4, 4, 4, 10, 10, 4, 10, 10, 0, 10, 4, 4, 10, 10, 4, 10, 10, 4, 4, 10, 4, 10, 2, 4, 10, 4, 4, 4, 4, 4, 4, 4, 4, 4, 4, 4, 4, 4, 4, 4, 4, 4, 4, 4, 4, 4, 4, 4, 4, 4, 4, 4, 4, 16, 2, 16, 16, 16, 16, 4, 4, 2, 4, 4, 4, 4, 22, 22, 4, 4, 4, 4, 4, 4, 4, 4, 4, 4, 4, 4, 4, 4, 4, 4, 4, 4, 4, 4, 4, 4, 4, 4, 4, 4, 4, 4, 4, 4, 4, 4, 15, 15, 15, 4, 9, 15, 15, 9, 4, 9, 9, 4, 9, 9, 9, 9, 9, 9, 4, 9, 4, 4, 4, 15, 15, 15, 4, 4, 4, 15, 9, 4, 4, 4, 4, 4, 15, 22, 4, 4, 4, 4, 4, 22, 4, 4, 4, 4, 4, 4, 4, 4, 4, 4, 4, 4, 4, 13, 4, 4, 4, 4, 4, 4, 4, 4, 4, 4, 13, 4, 3, 4, 24, 22, 4, 4, 4, 4, 4, 4, 4, 4, 4, 15, 4, 4, 4, 4, 17, 10, 17, 20, 4, 4, 20, 4, 20, 20, 17, 17, 15, 3, 17, 6, 4, 3, 17, 3, 3, 4, 3, 3, 3, 3, 20, 4, 3, 20, 3, 3, 3, 3, 4, 3, 17, 20, 3, 3, 3, 3, 20, 3, 20, 4, 3, 20, 20, 3, 3, 20, 3, 4, 3, 17, 3, 17, 17, 4, 4, 20, 3, 3, 4, 4, 4, 17, 17, 3, 4, 4, 20, 3, 20, 3, 4, 24, 3, 4, 3, 3, 3, 3, 4, 4, 3, 3, 3, 17, 4, 22, 6, 3, 3, 3, 3, 3, 20, 3, 3, 3, 3, 4, 3, 3, 3, 3, 3, 17, 12, 4, 17, 3, 3, 6, 4, 4, 4, 4, 17, 3, 17, 4, 20, 3, 4, 20, 3, 3, 3, 3, 4, 17, 4, 3, 20, 20, 20, 3, 20, 3, 4, 3, 3, 17, 3, 4, 4, 20, 20, 3, 3, 3, 3, 17, 17, 17, 4, 4, 3, 3, 20, 3, 3, 4, 4, 3, 3, 4, 17, 20, 3, 3, 3, 3, 3, 17, 17, 3, 20, 3, 4, 4, 3, 20, 3, 3, 20, 3, 3, 3, 3, 3, 4, 17, 17, 4, 4, 20, 20, 3, 3, 17, 20, 20, 20, 3, 4, 20, 4, 17, 3, 17, 4, 20, 3, 3, 4, 3, 17, 10, 3, 4, 3, 3, 17, 17, 4, 20, 3, 20, 3, 4, 17, 20, 3, 3, 3, 3, 4, 4, 20, 4, 17, 4, 20, 3, 20, 3, 17, 17, 4, 4, 3, 3, 3, 17, 3, 4, 3, 20, 4, 17, 17, 3, 3, 20, 20, 3, 4, 4, 3, 20, 17, 3, 17, 13, 4, 20, 3, 20, 3, 13, 3, 4, 3, 3, 20, 17, 3, 20, 10, 20, 4, 3, 17, 17, 17, 4, 3, 20, 3, 20, 4, 17, 4, 4, 3, 3, 20, 3, 20, 20, 20, 4, 20, 20, 20, 17, 4, 3, 17, 3, 4, 3, 3, 17, 20, 3, 4, 20, 20, 3, 20, 17, 4, 17, 20, 3, 3, 17, 3, 17, 20, 17, 3, 22, 17, 20, 4, 22, 22, 3, 3, 3, 20, 20, 20, 17, 17, 20, 17, 20, 3, 20, 4, 17, 20, 20, 4, 17, 17, 17, 4, 20, 3, 17, 6, 17, 17, 17, 1, 17, 3, 17, 15, 20, 15, 20, 15, 4, 20, 17, 3, 3, 3, 4, 17, 15, 17, 3, 3, 17, 4, 17, 3, 3, 17, 4, 4, 3, 17, 17, 17, 17, 17, 6, 3, 17, 3, 22, 4, 4, 4, 4, 4, 4, 4, 4, 4, 4, 12, 4, 4, 4, 24, 4, 4, 22, 4, 4, 4, 4, 24, 4, 4, 15, 6, 4, 4, 4, 4, 4, 8, 4, 15, 13, 15, 8, 15, 4, 15, 15, 9, 15, 4, 6, 12, 10, 4, 4, 16, 4, 4, 4, 4, 4, 4, 4, 6, 24, 4, 4, 4, 4, 10, 13, 15, 10, 15, 10, 4, 4, 10, 4, 4, 24, 10, 4, 4, 4, 4, 24, 24, 4, 4, 4, 4, 4, 4, 10, 4, 4, 4, 23, 4, 10, 10, 4, 10, 4, 24, 4, 4, 4, 4, 10, 4, 24, 5, 10, 12, 22, 4, 4, 4, 10, 10, 4, 9, 4, 13, 4, 4, 4, 4, 4, 4, 4, 4, 15, 4, 4, 6, 4, 4, 4, 4, 4, 4, 10, 4, 4, 4, 4, 4, 15, 4, 4, 4, 4, 4, 4, 4, 9, 4, 4, 10, 22, 4, 4, 4, 4, 24, 4, 4, 4, 4, 4, 4, 4, 2, 4, 8, 4, 4, 24, 12, 4, 4, 4, 4, 4, 4, 4, 4, 4, 6, 4, 4, 13, 4, 4, 4, 4, 13, 4, 15, 4, 9, 13, 15, 4, 15, 15, 4, 9, 4, 15, 4, 4, 4, 4, 4, 4, 4, 4, 4, 2, 4, 4, 4, 16, 13, 4, 4, 4, 4, 4, 4, 4, 4, 6, 4, 4, 4, 4, 4, 4, 4, 4, 4, 4, 4, 4, 4, 4, 4, 10, 4, 4, 4, 4, 4, 10, 24, 4, 4, 4, 4, 4, 24, 4, 4, 4, 4, 10, 4, 4, 4, 10, 4, 4, 4, 4, 4, 4, 13, 4, 4, 4, 4, 4, 4, 4, 4, 4, 10, 4, 4, 4, 4, 4, 4, 4, 4, 4, 4, 4, 4, 4, 4, 4, 10, 4, 10, 4, 4, 4, 4, 10, 4, 4, 4, 10, 22, 23, 4, 10, 4, 4, 4, 4, 2, 4, 10, 4, 10, 13, 10, 4, 4, 4, 4, 4, 10, 10, 4, 23, 10, 4, 4, 4, 4, 10, 10, 10, 10, 4, 4, 24, 4, 4, 4, 4, 4, 4, 4, 4, 4, 4, 10, 4, 6, 4, 4, 22, 4, 4, 6, 24, 4, 4, 4, 24, 12, 4, 4, 12, 24, 6, 4, 24, 4, 4, 4, 4, 22, 4, 4, 12, 4, 4, 24, 4, 4, 4, 4, 4, 4, 5, 4, 4, 24, 12, 4, 4, 6, 4, 4, 4, 4, 4, 4, 4, 24, 24, 4, 22, 4, 13, 4, 4, 4, 4, 4, 4, 12, 4, 4, 24, 4, 4, 4, 4, 4, 4, 13, 4, 10, 4, 4, 4, 4, 4, 13, 4, 13, 4, 4, 4, 4, 4, 4, 4, 4, 4, 2, 4, 4, 6, 4, 4, 4, 4, 4, 4, 4, 4, 4, 4, 4, 4, 4, 4, 4, 4, 4, 4, 24, 22, 4, 4, 4, 8, 4, 4, 4, 15, 15, 4, 15, 13, 15, 15, 4, 8, 15, 9, 4, 4, 4, 15, 4, 15, 24, 4, 4, 4, 4, 4, 24, 15, 4, 4, 4, 4, 4, 4, 15, 4, 10, 4, 4, 24, 4, 10, 24, 4, 4, 4, 4, 0, 15, 4, 15, 15, 4, 4, 10, 10, 10, 4, 4, 4, 4, 4, 4, 4, 4, 13, 4, 4, 4, 9, 15, 4, 22, 4, 15, 24, 4, 4, 4, 4, 10, 15, 4, 24, 4, 10, 15, 4, 4, 4, 4, 4, 4, 10, 4, 4, 4, 4, 24, 10, 8, 10, 15, 9, 4, 4, 10, 4, 6, 4, 6, 15, 15, 4, 12, 15, 12, 4, 4, 4, 9, 4, 4, 10, 13, 4, 4, 4, 10, 24, 4, 24, 4, 4, 10, 4, 4, 4, 4, 12, 4, 4, 8, 4, 4, 4, 10, 4, 10, 4, 4, 4, 4, 24, 4, 10, 8, 4, 4, 4, 4, 4, 4, 4, 4, 4, 4, 24, 4, 4, 4, 8, 13, 4, 4, 4, 4, 12, 4, 4, 4, 4, 4, 4, 10, 4, 4, 4, 12, 24, 13, 4, 4, 24, 4, 4, 4, 4, 4, 4, 4, 24, 4, 4, 4, 4, 4, 4, 6, 24, 4, 13, 4, 4, 4, 4, 4, 4, 4, 4, 4, 6, 4, 4, 12, 4, 4, 4, 24, 4, 4, 4, 4, 7, 4, 15, 4, 4, 6, 4, 4, 4, 15, 22, 4, 4, 24, 4, 4, 4, 4, 4, 6, 7, 4, 4, 6, 13, 4, 6, 4, 4, 6, 4, 4, 22, 6, 6, 4, 4, 4, 13, 4, 4, 6, 4, 4, 6, 4, 4, 4, 4, 4, 4, 4, 12, 4, 4, 4, 4, 7, 4, 4, 4, 4, 4, 7, 7, 22, 7, 4, 7, 7, 7, 19, 10, 10, 10, 7, 7, 7, 7, 4, 4, 4, 7, 7, 7, 7, 4, 7, 4, 4, 4, 7, 4, 7, 12, 7, 4, 4, 4, 4, 4, 4, 4, 10, 4, 4, 4, 4, 4, 4, 4, 10, 4, 10, 4, 4, 4, 4, 4, 4, 4, 6, 4, 4, 4, 4, 10, 4, 5, 4, 4, 4, 4, 4, 4, 4, 4, 4, 8, 4, 4, 7, 7, 10, 10, 4, 7, 7, 7, 4, 7, 7, 7, 4, 4, 4, 24, 4, 7, 7, 4, 4, 4, 4, 4, 4, 24, 4, 24, 4, 4, 4, 7, 4, 4, 4, 4, 7, 7, 4, 13, 24, 4, 4, 24, 9, 7, 4, 4, 9, 7, 7, 7, 4, 2, 7, 4, 7, 4, 4, 4, 4, 24, 4, 4, 4, 4, 4, 4, 4, 4, 4, 22, 15, 15, 15, 13, 4, 4, 4, 4, 4, 10, 13, 12, 13, 4, 15, 4, 24, 24, 4, 4, 4, 4, 22, 15, 22, 22, 4, 13, 4, 4, 4, 4, 4, 4, 4, 4, 4, 4, 24, 4, 4, 4, 4, 4, 4, 13, 4, 4, 12, 4, 4, 4, 6, 4, 4, 8, 8, 8, 8, 4, 24, 4, 4, 4, 4, 4, 4, 4, 9, 4, 22, 4, 4, 4, 12, 24, 4, 4, 4, 15, 15, 8, 10, 4, 24, 4, 4, 4, 13, 24, 18, 24, 22, 4, 0, 4, 22, 4, 4, 24, 4, 4, 4, 10, 4, 24, 4, 10, 24,