{"Run": 9, "K": 470, "WCSSD": 2161.791512614803, "Purity": 0.416436543813715, "Time": 26.004994869232178, "Kmeans_Labels": [434, 239, 327, 288, 7, 7, 239, 238, 239, 7, 7, 228, 336, 336, 336, 7, 328, 7, 33, 412, 7, 7, 59, 387, 336, 387, 7, 10, 412, 7, 336, 7, 412, 328, 387, 7, 228, 336, 228, 202, 392, 192, 272, 72, 272, 446, 336, 336, 336, 7, 387, 6, 6, 7, 447, 168, 139, 239, 448, 304, 7, 7, 7, 130, 168, 239, 239, 239, 269, 168, 239, 336, 7, 387, 322, 336, 7, 7, 328, 7, 7, 7, 151, 266, 238, 7, 336, 7, 7, 454, 7, 387, 168, 74, 336, 192, 336, 7, 238, 28, 238, 322, 7, 192, 7, 192, 192, 7, 378, 322, 272, 272, 272, 336, 447, 322, 59, 7, 7, 291, 7, 387, 291, 304, 7, 291, 387, 304, 180, 336, 291, 291, 336, 387, 7, 412, 7, 7, 7, 7, 271, 304, 304, 412, 291, 291, 7, 370, 336, 304, 241, 200, 7, 412, 7, 291, 464, 336, 304, 336, 7, 291, 291, 7, 192, 291, 441, 100, 276, 441, 328, 7, 7, 6, 291, 289, 336, 134, 286, 73, 387, 354, 7, 7, 291, 7, 291, 7, 7, 6, 7, 10, 243, 291, 304, 304, 73, 335, 7, 7, 238, 7, 328, 216, 291, 376, 291, 238, 74, 458, 7, 7, 238, 238, 376, 291, 291, 7, 228, 10, 238, 322, 280, 228, 135, 291, 7, 311, 6, 291, 7, 362, 238, 7, 238, 74, 7, 72, 61, 7, 291, 7, 10, 238, 6, 238, 7, 7, 335, 291, 192, 228, 7, 291, 387, 407, 291, 7, 291, 7, 7, 7, 228, 327, 291, 336, 335, 192, 139, 7, 7, 192, 374, 387, 192, 327, 59, 336, 291, 291, 291, 447, 447, 336, 192, 192, 213, 304, 192, 455, 291, 192, 7, 192, 214, 192, 224, 422, 7, 412, 7, 192, 7, 7, 228, 192, 192, 192, 192, 272, 10, 447, 228, 7, 415, 447, 59, 55, 272, 412, 272, 415, 6, 35, 7, 228, 7, 0, 10, 447, 345, 291, 291, 434, 6, 7, 291, 447, 7, 226, 7, 7, 10, 335, 361, 56, 33, 291, 336, 7, 89, 59, 6, 7, 228, 74, 327, 276, 96, 225, 53, 7, 59, 53, 272, 10, 53, 22, 291, 7, 53, 53, 63, 291, 6, 291, 291, 291, 7, 328, 7, 8, 291, 7, 193, 6, 6, 282, 304, 59, 7, 336, 328, 374, 334, 336, 412, 240, 7, 72, 10, 7, 304, 7, 59, 10, 291, 7, 304, 7, 327, 58, 168, 441, 239, 310, 106, 335, 336, 291, 139, 7, 7, 74, 72, 7, 348, 36, 96, 53, 53, 134, 59, 441, 7, 7, 7, 412, 412, 33, 304, 7, 305, 305, 7, 7, 272, 272, 7, 272, 228, 228, 272, 72, 412, 7, 7, 33, 53, 53, 7, 7, 7, 168, 168, 7, 168, 168, 168, 168, 168, 168, 304, 168, 240, 10, 7, 7, 7, 7, 238, 238, 7, 184, 184, 7, 7, 74, 74, 74, 200, 74, 74, 74, 7, 237, 188, 200, 200, 207, 238, 80, 10, 423, 423, 348, 165, 74, 71, 327, 327, 186, 327, 327, 7, 7, 7, 369, 387, 304, 192, 7, 304, 192, 192, 304, 7, 7, 148, 463, 463, 101, 378, 378, 7, 7, 149, 149, 272, 228, 21, 192, 192, 272, 272, 68, 68, 272, 272, 272, 272, 7, 7, 272, 272, 74, 274, 274, 424, 424, 240, 7, 95, 95, 228, 380, 380, 228, 228, 7, 7, 302, 302, 7, 74, 7, 7, 103, 89, 82, 82, 89, 89, 33, 33, 33, 7, 7, 379, 53, 53, 200, 7, 200, 427, 427, 63, 63, 63, 63, 108, 108, 53, 53, 439, 439, 412, 53, 53, 63, 63, 115, 115, 63, 53, 255, 255, 53, 7, 7, 240, 336, 336, 147, 150, 150, 150, 150, 150, 342, 150, 398, 228, 228, 419, 150, 150, 336, 150, 150, 150, 150, 6, 150, 150, 150, 150, 253, 72, 72, 7, 53, 367, 367, 215, 215, 168, 168, 387, 447, 168, 168, 387, 97, 7, 97, 168, 7, 304, 72, 216, 304, 7, 7, 387, 182, 72, 7, 304, 328, 173, 173, 7, 173, 173, 7, 7, 168, 155, 7, 168, 74, 7, 7, 74, 397, 74, 74, 74, 72, 74, 74, 387, 74, 465, 74, 465, 74, 74, 74, 465, 7, 387, 74, 74, 74, 74, 423, 74, 74, 99, 7, 423, 423, 74, 71, 72, 7, 7, 7, 7, 10, 279, 139, 7, 85, 7, 272, 279, 109, 109, 463, 319, 7, 463, 218, 218, 463, 272, 7, 378, 447, 272, 272, 378, 7, 7, 272, 272, 447, 272, 447, 21, 7, 200, 272, 50, 272, 7, 7, 272, 278, 278, 272, 272, 272, 272, 272, 272, 6, 272, 272, 351, 351, 272, 272, 294, 235, 351, 7, 272, 7, 272, 272, 272, 74, 200, 272, 272, 272, 74, 380, 380, 200, 25, 25, 351, 272, 412, 412, 272, 25, 365, 139, 365, 7, 383, 10, 7, 7, 33, 82, 82, 359, 359, 7, 7, 383, 74, 74, 379, 48, 74, 74, 7, 74, 74, 336, 7, 7, 7, 7, 53, 167, 167, 74, 63, 53, 53, 63, 216, 53, 63, 328, 53, 189, 53, 7, 189, 189, 74, 53, 7, 7, 336, 53, 53, 53, 260, 7, 272, 53, 63, 122, 322, 436, 436, 436, 53, 412, 6, 168, 410, 7, 168, 412, 168, 7, 7, 7, 7, 7, 7, 6, 7, 99, 7, 336, 327, 327, 328, 7, 272, 195, 272, 463, 272, 6, 7, 328, 328, 328, 90, 208, 185, 7, 236, 328, 387, 276, 328, 6, 7, 204, 272, 53, 204, 272, 7, 420, 417, 7, 417, 31, 7, 169, 31, 72, 31, 31, 417, 17, 93, 301, 417, 90, 61, 90, 14, 90, 14, 307, 443, 443, 90, 90, 219, 6, 90, 31, 90, 90, 14, 90, 6, 90, 417, 31, 14, 90, 14, 90, 31, 14, 6, 6, 443, 31, 31, 443, 90, 31, 90, 7, 90, 421, 90, 417, 417, 7, 180, 31, 90, 90, 387, 130, 7, 417, 161, 11, 6, 7, 31, 90, 31, 90, 7, 90, 90, 7, 90, 90, 332, 90, 7, 7, 90, 90, 90, 66, 6, 412, 90, 90, 90, 90, 90, 90, 31, 90, 90, 246, 90, 401, 90, 90, 421, 90, 90, 417, 239, 54, 401, 90, 90, 19, 231, 7, 134, 387, 417, 90, 417, 7, 31, 90, 6, 31, 14, 90, 90, 27, 7, 417, 240, 90, 31, 31, 31, 90, 31, 360, 7, 90, 14, 417, 90, 7, 7, 31, 31, 405, 90, 90, 90, 417, 417, 417, 6, 7, 90, 90, 31, 90, 90, 134, 420, 425, 90, 240, 417, 31, 90, 90, 90, 443, 90, 417, 111, 90, 15, 90, 10, 7, 90, 7, 90, 200, 31, 401, 90, 90, 90, 152, 7, 17, 417, 254, 7, 31, 31, 90, 90, 417, 31, 347, 31, 14, 131, 31, 153, 417, 90, 417, 72, 363, 90, 90, 59, 90, 417, 7, 90, 7, 90, 90, 417, 330, 7, 49, 39, 31, 401, 6, 45, 31, 401, 90, 90, 90, 243, 99, 15, 235, 417, 20, 371, 14, 14, 90, 417, 417, 117, 307, 90, 421, 90, 417, 14, 7, 90, 31, 327, 330, 57, 90, 90, 31, 31, 34, 7, 7, 90, 31, 91, 90, 417, 336, 84, 31, 90, 31, 90, 336, 90, 170, 90, 90, 31, 417, 90, 31, 447, 31, 328, 90, 417, 417, 295, 119, 90, 31, 90, 31, 7, 90, 377, 74, 90, 90, 31, 90, 31, 31, 31, 72, 250, 31, 31, 417, 7, 90, 417, 381, 99, 90, 14, 417, 31, 90, 6, 31, 49, 90, 31, 417, 382, 417, 316, 90, 90, 417, 90, 417, 31, 417, 90, 301, 417, 221, 7, 110, 412, 90, 90, 90, 31, 31, 31, 417, 112, 31, 417, 31, 114, 31, 74, 330, 31, 31, 7, 417, 417, 417, 119, 31, 90, 417, 387, 17, 417, 292, 31, 417, 14, 417, 53, 31, 93, 31, 53, 170, 31, 385, 14, 14, 301, 336, 417, 53, 384, 90, 443, 417, 7, 119, 90, 356, 417, 6, 401, 90, 417, 90, 417, 417, 417, 90, 90, 417, 90, 412, 171, 6, 33, 100, 6, 7, 6, 6, 6, 6, 74, 243, 6, 7, 304, 180, 6, 7, 146, 6, 7, 328, 304, 6, 6, 53, 336, 135, 135, 135, 7, 400, 7, 7, 53, 51, 53, 96, 53, 59, 53, 53, 115, 53, 228, 212, 239, 7, 7, 383, 272, 7, 74, 7, 7, 7, 402, 7, 408, 304, 7, 447, 7, 192, 426, 336, 74, 74, 6, 3, 7, 69, 151, 7, 272, 267, 453, 6, 6, 312, 7, 240, 369, 7, 7, 228, 7, 10, 7, 228, 387, 60, 272, 9, 272, 173, 228, 232, 168, 141, 304, 72, 7, 99, 102, 168, 7, 7, 392, 7, 74, 81, 237, 59, 33, 151, 30, 7, 63, 240, 51, 367, 7, 272, 7, 74, 7, 336, 7, 436, 26, 7, 387, 87, 7, 164, 228, 59, 7, 137, 7, 72, 432, 192, 7, 275, 7, 240, 7, 413, 168, 7, 287, 63, 445, 447, 444, 24, 138, 328, 7, 7, 304, 387, 131, 266, 10, 6, 10, 105, 200, 447, 96, 418, 158, 7, 461, 10, 74, 328, 7, 7, 7, 7, 59, 59, 387, 7, 7, 308, 240, 223, 336, 387, 51, 201, 436, 74, 115, 272, 53, 7, 6, 53, 402, 63, 7, 53, 7, 407, 6, 228, 7, 7, 7, 7, 383, 200, 7, 447, 7, 272, 336, 447, 59, 235, 72, 272, 72, 272, 387, 212, 442, 117, 445, 13, 272, 272, 160, 6, 7, 7, 13, 171, 7, 272, 7, 453, 59, 13, 7, 13, 178, 444, 7, 7, 312, 192, 327, 413, 369, 74, 13, 72, 6, 228, 387, 59, 87, 192, 59, 391, 6, 59, 59, 407, 336, 7, 171, 327, 7, 192, 61, 432, 6, 7, 30, 141, 7, 7, 1, 231, 7, 134, 158, 69, 59, 387, 72, 237, 228, 228, 3, 7, 7, 7, 33, 99, 74, 228, 418, 7, 7, 74, 81, 9, 7, 74, 60, 7, 328, 7, 200, 7, 426, 13, 7, 235, 7, 7, 237, 7, 7, 105, 137, 168, 10, 266, 168, 7, 7, 7, 7, 7, 173, 151, 151, 336, 237, 7, 138, 396, 138, 237, 289, 237, 59, 276, 232, 6, 7, 387, 387, 7, 7, 304, 7, 266, 387, 304, 10, 328, 7, 327, 240, 240, 468, 239, 240, 387, 7, 7, 74, 240, 240, 341, 24, 240, 164, 461, 131, 74, 143, 240, 7, 33, 409, 10, 43, 392, 387, 387, 304, 74, 6, 387, 408, 74, 7, 10, 37, 61, 223, 168, 304, 267, 7, 412, 33, 308, 7, 7, 59, 266, 166, 26, 336, 327, 410, 304, 7, 367, 447, 7, 10, 266, 7, 7, 7, 327, 235, 59, 74, 237, 336, 240, 272, 307, 92, 13, 469, 178, 7, 43, 387, 235, 200, 240, 366, 387, 59, 237, 139, 7, 387, 7, 6, 168, 289, 327, 407, 74, 59, 153, 235, 327, 59, 407, 304, 367, 62, 168, 7, 96, 139, 7, 235, 74, 