{"Run": 7, "K": 98, "WCSSD": 2630.52290021693, "Purity": 0.4259948468365302, "Time": 3.0489261150360107, "Kmeans_Labels": [2, 2, 91, 91, 2, 2, 2, 72, 2, 24, 2, 2, 2, 2, 2, 2, 2, 2, 2, 79, 2, 2, 86, 2, 86, 2, 2, 64, 79, 2, 2, 2, 79, 2, 2, 2, 2, 74, 2, 2, 2, 2, 22, 56, 39, 2, 2, 2, 2, 2, 1, 86, 86, 2, 2, 2, 2, 2, 91, 91, 2, 2, 2, 22, 2, 29, 2, 2, 2, 58, 2, 2, 2, 2, 2, 2, 8, 2, 2, 2, 2, 2, 24, 2, 72, 2, 2, 18, 2, 24, 2, 2, 2, 24, 2, 9, 2, 2, 72, 2, 72, 2, 2, 81, 81, 46, 46, 81, 2, 86, 76, 39, 76, 2, 24, 2, 86, 2, 86, 71, 2, 2, 71, 91, 91, 71, 2, 91, 27, 2, 71, 71, 2, 2, 2, 79, 2, 2, 2, 2, 64, 91, 91, 79, 71, 71, 2, 2, 2, 91, 71, 21, 2, 79, 2, 71, 2, 2, 91, 2, 2, 71, 71, 2, 2, 71, 2, 86, 2, 2, 71, 2, 2, 86, 71, 2, 19, 38, 71, 2, 2, 2, 2, 2, 71, 2, 71, 2, 2, 2, 2, 64, 86, 71, 91, 91, 2, 86, 2, 24, 72, 2, 2, 19, 71, 72, 71, 24, 24, 2, 2, 2, 72, 72, 72, 71, 71, 24, 2, 64, 72, 2, 2, 2, 86, 71, 2, 24, 86, 71, 2, 2, 72, 2, 72, 2, 24, 79, 2, 86, 71, 2, 64, 72, 86, 24, 2, 2, 86, 71, 24, 46, 2, 71, 2, 2, 71, 2, 71, 24, 2, 2, 81, 91, 81, 2, 86, 81, 2, 24, 2, 64, 2, 46, 2, 2, 2, 2, 71, 81, 71, 81, 2, 2, 2, 46, 19, 81, 2, 27, 71, 81, 2, 39, 46, 46, 17, 45, 39, 86, 2, 46, 46, 46, 46, 46, 46, 46, 2, 76, 64, 2, 46, 46, 24, 2, 2, 76, 39, 2, 39, 76, 86, 39, 19, 2, 2, 73, 64, 39, 79, 71, 71, 2, 86, 2, 71, 2, 2, 71, 2, 2, 72, 86, 71, 86, 86, 71, 2, 86, 64, 86, 86, 2, 2, 2, 2, 2, 6, 60, 60, 2, 2, 60, 39, 64, 20, 60, 71, 2, 60, 60, 20, 71, 20, 71, 71, 71, 86, 2, 2, 86, 71, 91, 2, 86, 86, 2, 91, 2, 2, 2, 2, 2, 22, 2, 19, 2, 2, 56, 64, 2, 91, 2, 86, 64, 71, 91, 91, 2, 2, 2, 2, 2, 2, 2, 46, 86, 2, 71, 2, 91, 2, 2, 56, 81, 2, 2, 6, 60, 60, 22, 2, 2, 2, 86, 86, 79, 79, 2, 91, 2, 7, 7, 24, 24, 39, 39, 2, 39, 2, 2, 39, 56, 2, 60, 60, 86, 60, 60, 2, 2, 2, 2, 2, 79, 22, 22, 91, 2, 2, 2, 91, 2, 2, 64, 2, 24, 24, 24, 72, 72, 24, 24, 24, 24, 24, 24, 24, 24, 21, 2, 24, 24, 2, 94, 2, 21, 21, 2, 72, 2, 64, 24, 24, 2, 24, 24, 81, 91, 91, 2, 2, 2, 2, 2, 2, 81, 2, 91, 81, 86, 81, 81, 81, 81, 86, 24, 91, 13, 13, 13, 24, 24, 46, 46, 24, 24, 76, 2, 39, 46, 46, 76, 76, 26, 26, 13, 13, 13, 13, 81, 81, 76, 13, 2, 21, 21, 21, 21, 2, 2, 64, 64, 2, 59, 59, 2, 2, 2, 2, 2, 2, 2, 2, 2, 2, 64, 2, 2, 2, 2, 2, 86, 86, 2, 2, 2, 2, 60, 60, 21, 2, 21, 2, 2, 20, 20, 47, 47, 22, 22, 60, 60, 20, 20, 2, 60, 60, 20, 20, 20, 20, 20, 20, 60, 60, 60, 86, 2, 2, 2, 2, 69, 69, 69, 69, 69, 69, 69, 69, 69, 69, 24, 69, 69, 69, 2, 69, 69, 69, 69, 86, 69, 69, 69, 69, 19, 56, 56, 2, 60, 22, 22, 2, 2, 2, 2, 2, 2, 64, 64, 2, 2, 2, 2, 2, 2, 91, 56, 19, 91, 2, 2, 2, 22, 56, 2, 24, 2, 24, 24, 2, 24, 24, 24, 24, 24, 2, 2, 2, 2, 24, 24, 24, 48, 24, 24, 24, 56, 24, 22, 2, 24, 24, 24, 24, 2, 22, 24, 24, 2, 2, 24, 24, 24, 24, 24, 24, 24, 18, 2, 24, 24, 24, 24, 56, 2, 2, 2, 81, 64, 81, 39, 46, 81, 2, 39, 81, 81, 81, 13, 39, 81, 39, 13, 13, 39, 13, 24, 39, 81, 39, 39, 39, 81, 93, 39, 39, 13, 39, 24, 39, 92, 21, 76, 76, 76, 2, 2, 39, 31, 31, 13, 13, 13, 76, 13, 39, 13, 13, 13, 39, 39, 39, 13, 39, 2, 39, 39, 39, 2, 49, 39, 39, 64, 21, 39, 39, 39, 2, 59, 59, 21, 39, 39, 39, 39, 79, 79, 39, 54, 2, 86, 2, 2, 2, 64, 2, 2, 85, 2, 2, 39, 39, 2, 2, 39, 64, 2, 2, 2, 2, 2, 2, 2, 2, 86, 2, 2, 2, 2, 60, 60, 60, 2, 47, 60, 60, 20, 87, 60, 60, 2, 60, 60, 60, 2, 60, 60, 2, 60, 38, 38, 86, 60, 60, 3, 76, 2, 76, 60, 20, 2, 2, 2, 2, 60, 60, 79, 2, 2, 2, 2, 2, 79, 2, 2, 2, 2, 2, 2, 2, 2, 2, 18, 2, 18, 2, 2, 2, 2, 39, 46, 39, 13, 80, 86, 2, 2, 2, 2, 82, 2, 91, 79, 2, 2, 2, 2, 2, 86, 2, 39, 54, 60, 39, 54, 2, 2, 16, 24, 16, 23, 2, 81, 23, 52, 23, 30, 16, 16, 60, 82, 16, 35, 86, 82, 82, 82, 82, 86, 82, 82, 82, 82, 23, 86, 82, 23, 82, 82, 82, 30, 30, 82, 16, 23, 82, 82, 82, 82, 23, 35, 30, 30, 82, 23, 23, 82, 82, 23, 35, 2, 82, 35, 82, 16, 16, 2, 27, 23, 82, 82, 2, 25, 2, 16, 35, 82, 86, 19, 23, 82, 23, 82, 2, 35, 82, 2, 82, 82, 82, 82, 2, 2, 82, 82, 35, 16, 86, 79, 35, 82, 82, 82, 82, 82, 23, 28, 90, 35, 82, 35, 82, 82, 82, 82, 35, 16, 2, 86, 16, 82, 82, 29, 2, 2, 38, 2, 16, 35, 16, 22, 23, 82, 2, 23, 35, 82, 82, 82, 2, 16, 2, 82, 23, 23, 23, 82, 23, 42, 2, 82, 82, 16, 82, 2, 22, 23, 23, 35, 82, 82, 82, 16, 16, 18, 86, 2, 35, 35, 23, 35, 82, 38, 2, 82, 82, 2, 16, 23, 35, 82, 82, 0, 82, 16, 16, 82, 23, 82, 64, 2, 82, 35, 82, 21, 23, 35, 82, 82, 35, 82, 2, 16, 16, 2, 35, 23, 23, 82, 82, 16, 23, 23, 23, 35, 2, 23, 38, 16, 82, 16, 56, 23, 82, 82, 86, 82, 16, 24, 82, 2, 82, 82, 16, 16, 2, 15, 35, 23, 35, 86, 16, 23, 30, 82, 82, 35, 86, 18, 15, 86, 16, 2, 23, 82, 35, 35, 16, 36, 2, 86, 82, 82, 82, 16, 82, 2, 35, 23, 2, 16, 16, 82, 82, 23, 23, 82, 2, 2, 82, 23, 16, 82, 16, 2, 81, 23, 82, 23, 82, 2, 82, 86, 35, 35, 23, 16, 82, 23, 76, 23, 86, 82, 16, 16, 82, 86, 82, 23, 82, 23, 2, 35, 86, 2, 82, 82, 23, 82, 23, 23, 23, 52, 23, 23, 23, 16, 2, 35, 16, 82, 18, 82, 35, 16, 23, 82, 86, 23, 23, 82, 23, 16, 86, 35, 23, 82, 82, 35, 82, 16, 23, 16, 82, 79, 16, 23, 2, 79, 79, 82, 35, 82, 23, 23, 23, 16, 16, 23, 16, 23, 82, 23, 86, 16, 30, 23, 86, 35, 16, 35, 35, 23, 82, 14, 29, 16, 35, 35, 23, 16, 82, 16, 60, 23, 60, 23, 60, 86, 23, 16, 82, 82, 82, 2, 16, 60, 16, 35, 82, 16, 2, 35, 35, 82, 16, 86, 86, 82, 16, 82, 16, 16, 16, 35, 82, 16, 35, 79, 86, 86, 86, 86, 86, 2, 86, 86, 86, 86, 86, 86, 86, 2, 91, 27, 86, 79, 2, 86, 2, 86, 91, 86, 86, 60, 2, 86, 86, 86, 2, 2, 6, 2, 60, 2, 60, 6, 60, 2, 50, 60, 20, 60, 2, 56, 2, 24, 2, 2, 39, 2, 46, 76, 2, 86, 20, 2, 86, 91, 2, 2, 2, 2, 2, 2, 60, 24, 20, 24, 2, 81, 24, 2, 2, 91, 24, 2, 2, 46, 2, 2, 81, 2, 2, 2, 2, 64, 81, 24, 2, 2, 13, 2, 80, 24, 24, 2, 24, 2, 91, 56, 13, 18, 39, 24, 2, 81, 2, 24, 2, 79, 94, 2, 2, 24, 2, 2, 20, 2, 2, 22, 2, 39, 2, 2, 2, 86, 2, 60, 89, 24, 29, 19, 2, 64, 2, 86, 2, 24, 2, 56, 2, 81, 2, 70, 2, 2, 2, 2, 2, 2, 65, 47, 2, 2, 13, 86, 2, 2, 2, 2, 91, 2, 2, 2, 64, 86, 64, 2, 21, 2, 6, 2, 18, 91, 2, 64, 2, 2, 2, 2, 2, 2, 2, 86, 29, 2, 2, 2, 86, 86, 2, 2, 2, 86, 60, 2, 20, 39, 60, 2, 20, 50, 20, 47, 86, 60, 2, 2, 2, 2, 2, 2, 2, 2, 2, 21, 2, 2, 2, 39, 2, 2, 2, 54, 56, 76, 56, 13, 86, 56, 86, 86, 2, 86, 13, 80, 2, 2, 2, 86, 86, 86, 76, 2, 2, 24, 86, 2, 13, 2, 86, 13, 81, 81, 46, 2, 2, 2, 81, 46, 86, 56, 19, 24, 2, 86, 19, 24, 2, 2, 86, 86, 2, 2, 86, 2, 86, 2, 2, 81, 86, 2, 86, 2, 2, 2, 2, 2, 2, 41, 2, 38, 18, 81, 2, 2, 56, 94, 2, 2, 24, 2, 24, 2, 86, 18, 86, 24, 2, 2, 2, 24, 79, 2, 2, 2, 2, 2, 2, 2, 21, 2, 2, 86, 24, 2, 24, 2, 94, 12, 2, 2, 24, 24, 64, 2, 24, 2, 24, 2, 2, 24, 24, 24, 24, 86, 94, 91, 2, 94, 2, 94, 2, 94, 86, 2, 2, 86, 2, 56, 29, 2, 2, 79, 2, 2, 29, 19, 64, 2, 2, 91, 63, 2, 86, 2, 2, 29, 2, 2, 86, 2, 2, 86, 86, 2, 64, 2, 2, 2, 91, 2, 2, 86, 67, 64, 22, 2, 2, 2, 91, 2, 86, 2, 86, 2, 2, 64, 2, 86, 86, 2, 91, 91, 2, 79, 86, 2, 2, 2, 2, 2, 64, 89, 2, 2, 2, 91, 2, 22, 2, 2, 64, 2, 19, 2, 24, 2, 86, 2, 2, 94, 86, 2, 39, 86, 86, 86, 19, 86, 2, 22, 86, 54, 21, 2, 2, 29, 86, 94, 86, 22, 56, 2, 86, 2, 2, 2, 2, 86, 65, 2, 86, 2, 86, 2, 91, 22, 2, 78, 2, 6, 86, 2, 86, 60, 60, 2, 70, 2, 60, 60, 62, 6, 60, 20, 62, 72, 62, 60, 62, 60, 91, 62, 62, 86, 62, 81, 91, 60, 54, 62, 72, 62, 2, 62, 20, 62, 24, 97, 62, 19, 62, 62, 91, 2, 62, 86, 2, 24, 60, 24, 20, 60, 62, 62, 39, 24, 24, 62, 2, 49, 62, 86, 21, 62, 2, 62, 62, 62, 62, 76, 60, 38, 79, 62, 60, 91, 2, 62, 62, 39, 62, 60, 2, 62, 81, 62, 20, 62, 86, 62, 62, 62, 62, 62, 62, 62, 46, 62, 62, 62, 6, 24, 60, 60, 86, 62, 76, 62, 29, 86, 29, 62, 60, 2, 62, 60, 64, 62, 62, 62, 47, 62, 62, 62, 62, 62, 62, 62, 24, 62, 62, 62, 62, 62, 24, 62, 62, 62, 72, 62, 62, 62, 6, 62, 62, 62, 62, 62, 62, 62, 62, 62, 81, 91, 62, 24, 62, 62, 86, 62, 62, 62, 62, 19, 62, 2, 86, 2, 86, 62, 62, 6, 62, 62, 62, 62, 62, 62, 62, 62, 62, 62, 62, 62, 62, 62, 62, 62, 2, 22, 62, 94, 62, 62, 86, 62, 62, 22, 62, 62, 62, 62, 62, 62, 62, 62, 62, 62, 62, 62, 5, 62, 62, 56, 62, 62, 62, 62, 62, 72, 94, 62, 62, 62, 2, 62, 62, 62, 62, 2, 2, 2, 2, 4, 2, 60, 2, 2, 2, 2, 64, 2, 60, 2, 5, 2, 91, 86, 2, 2, 86, 86, 29, 4, 22, 2, 29, 2, 46, 29, 2, 86, 29, 2, 86, 79, 29, 29, 86, 2, 56, 2, 2, 56, 29, 2, 56, 29, 2, 86, 64, 2, 86, 38, 2, 2, 86, 2, 2, 86, 4, 37, 86, 86, 38, 2, 4, 4, 79, 4, 38, 4, 4, 4, 10, 24, 24, 64, 4, 4, 4, 