{"Run": 6, "K": 579, "WCSSD": 2023.3120735850546, "Purity": 0.43570717272270076, "Time": 34.239694118499756, "Kmeans_Labels": [183, 171, 0, 21, 162, 4, 171, 80, 171, 83, 4, 138, 4, 419, 344, 4, 409, 146, 94, 94, 94, 545, 562, 419, 115, 146, 94, 395, 175, 382, 561, 94, 362, 146, 94, 4, 535, 535, 138, 115, 94, 322, 293, 17, 533, 272, 115, 526, 55, 4, 232, 573, 573, 147, 183, 386, 4, 146, 21, 21, 4, 146, 4, 24, 386, 105, 115, 171, 115, 386, 115, 94, 4, 144, 463, 4, 180, 4, 4, 4, 307, 569, 471, 487, 80, 4, 59, 262, 4, 4, 4, 4, 63, 166, 4, 4, 487, 133, 80, 4, 80, 463, 4, 544, 544, 235, 8, 402, 4, 463, 533, 233, 549, 115, 183, 463, 274, 4, 569, 57, 294, 487, 57, 184, 4, 57, 487, 21, 307, 55, 57, 57, 562, 4, 4, 119, 130, 530, 569, 569, 395, 21, 76, 119, 57, 57, 4, 569, 4, 21, 57, 537, 59, 497, 4, 57, 497, 4, 21, 55, 569, 57, 57, 569, 8, 57, 59, 548, 478, 59, 57, 320, 4, 573, 223, 4, 206, 37, 550, 4, 232, 219, 4, 4, 57, 497, 57, 4, 4, 497, 4, 395, 199, 57, 21, 22, 4, 170, 4, 471, 80, 562, 562, 206, 407, 80, 57, 80, 59, 569, 77, 569, 80, 80, 80, 549, 57, 471, 138, 395, 80, 4, 4, 138, 61, 57, 569, 471, 573, 57, 66, 523, 80, 4, 80, 4, 471, 119, 569, 147, 57, 4, 395, 83, 573, 80, 83, 4, 170, 57, 471, 471, 4, 406, 573, 562, 57, 22, 57, 471, 569, 183, 437, 248, 544, 4, 170, 544, 4, 347, 4, 8, 351, 22, 8, 120, 569, 120, 57, 544, 289, 446, 183, 4, 8, 8, 206, 544, 8, 307, 57, 331, 4, 533, 402, 8, 460, 505, 533, 238, 4, 220, 4, 402, 4, 354, 8, 8, 549, 533, 395, 183, 402, 402, 471, 183, 4, 533, 533, 358, 533, 533, 573, 533, 206, 494, 4, 183, 395, 533, 119, 57, 57, 183, 573, 4, 57, 183, 562, 57, 4, 543, 475, 170, 57, 442, 535, 57, 99, 535, 475, 569, 573, 535, 138, 4, 307, 49, 10, 34, 34, 4, 147, 34, 533, 395, 557, 454, 57, 4, 138, 34, 348, 57, 348, 57, 57, 227, 199, 4, 569, 543, 57, 24, 4, 573, 573, 146, 21, 497, 4, 569, 307, 351, 24, 115, 242, 65, 4, 17, 395, 497, 21, 569, 358, 395, 4, 358, 274, 4, 307, 569, 305, 59, 171, 4, 8, 170, 124, 316, 59, 4, 125, 4, 17, 544, 493, 183, 10, 34, 34, 24, 4, 59, 4, 239, 239, 334, 334, 4, 21, 4, 417, 417, 471, 471, 574, 574, 533, 533, 138, 138, 533, 260, 301, 170, 170, 360, 34, 34, 170, 170, 559, 386, 386, 119, 24, 24, 21, 386, 386, 386, 21, 386, 65, 395, 4, 471, 308, 308, 80, 80, 4, 166, 166, 4, 4, 403, 403, 278, 74, 300, 471, 471, 232, 97, 147, 537, 537, 147, 80, 81, 395, 462, 462, 493, 422, 166, 544, 363, 363, 4, 307, 307, 358, 358, 492, 338, 492, 551, 544, 497, 287, 544, 544, 287, 497, 402, 21, 40, 40, 8, 233, 233, 402, 402, 212, 212, 471, 138, 533, 575, 575, 471, 471, 4, 4, 40, 40, 35, 35, 420, 420, 531, 40, 4, 537, 537, 537, 537, 65, 535, 395, 395, 138, 304, 304, 138, 138, 4, 4, 4, 4, 4, 4, 90, 90, 395, 535, 535, 535, 475, 475, 535, 535, 535, 83, 83, 307, 34, 34, 452, 94, 452, 170, 170, 557, 557, 485, 485, 192, 192, 34, 34, 34, 34, 468, 46, 46, 557, 557, 323, 323, 75, 321, 459, 459, 34, 569, 4, 50, 4, 59, 106, 563, 563, 563, 563, 486, 563, 563, 563, 138, 443, 306, 563, 563, 535, 563, 563, 563, 563, 355, 563, 563, 563, 563, 206, 4, 17, 4, 34, 217, 217, 386, 386, 386, 386, 509, 410, 386, 386, 3, 358, 543, 4, 386, 4, 21, 457, 206, 21, 4, 94, 487, 37, 270, 4, 471, 168, 166, 166, 4, 166, 166, 4, 520, 501, 4, 4, 386, 4, 4, 4, 197, 155, 166, 374, 374, 17, 64, 4, 232, 278, 276, 471, 104, 4, 4, 166, 327, 232, 232, 166, 166, 166, 4, 462, 166, 104, 262, 477, 462, 462, 166, 83, 103, 92, 4, 4, 544, 395, 544, 307, 402, 544, 150, 533, 544, 402, 402, 542, 533, 402, 40, 40, 40, 40, 40, 402, 92, 183, 418, 233, 233, 402, 198, 533, 402, 411, 533, 183, 533, 4, 555, 436, 533, 533, 160, 291, 533, 533, 533, 40, 40, 6, 533, 6, 533, 40, 40, 40, 533, 40, 533, 40, 161, 141, 533, 83, 533, 543, 201, 161, 161, 111, 555, 111, 111, 111, 111, 304, 304, 555, 533, 533, 533, 533, 146, 146, 533, 170, 307, 4, 307, 90, 170, 149, 170, 535, 170, 535, 535, 183, 183, 170, 83, 170, 183, 356, 170, 91, 4, 4, 4, 170, 170, 170, 170, 170, 4, 4, 46, 426, 426, 170, 366, 34, 34, 557, 206, 34, 34, 4, 34, 192, 34, 358, 192, 192, 4, 34, 4, 4, 358, 46, 46, 46, 565, 61, 549, 46, 323, 170, 463, 4, 4, 4, 46, 203, 253, 386, 339, 256, 386, 119, 386, 369, 4, 4, 4, 4, 573, 147, 483, 152, 4, 262, 307, 353, 4, 4, 533, 402, 533, 67, 467, 358, 147, 4, 4, 4, 251, 527, 21, 4, 4, 4, 199, 49, 146, 573, 307, 183, 499, 46, 183, 499, 4, 4, 466, 471, 519, 159, 131, 544, 159, 17, 159, 159, 364, 413, 539, 296, 315, 404, 101, 243, 243, 251, 251, 70, 455, 455, 72, 251, 159, 131, 428, 368, 251, 251, 251, 251, 131, 251, 352, 159, 251, 154, 251, 25, 159, 251, 131, 131, 243, 159, 281, 72, 251, 159, 251, 396, 251, 378, 251, 315, 315, 4, 307, 176, 296, 251, 232, 61, 4, 315, 96, 243, 358, 206, 159, 251, 188, 251, 61, 461, 16, 4, 251, 251, 251, 251, 4, 4, 251, 251, 251, 315, 227, 439, 115, 251, 251, 243, 251, 296, 159, 251, 521, 251, 251, 131, 251, 251, 296, 251, 251, 315, 171, 81, 131, 243, 251, 458, 503, 88, 37, 4, 196, 251, 315, 24, 159, 251, 131, 159, 251, 251, 251, 72, 146, 315, 65, 251, 159, 159, 159, 251, 159, 251, 245, 251, 243, 364, 72, 4, 24, 159, 159, 251, 332, 251, 251, 315, 514, 296, 147, 4, 251, 251, 159, 251, 251, 491, 4, 296, 296, 65, 315, 159, 283, 199, 251, 251, 251, 364, 315, 251, 159, 251, 318, 4, 541, 131, 167, 251, 159, 131, 251, 251, 115, 251, 481, 163, 370, 497, 425, 159, 39, 251, 251, 315, 159, 159, 159, 251, 4, 159, 324, 466, 251, 315, 55, 159, 251, 72, 497, 51, 315, 471, 251, 4, 554, 243, 519, 315, 94, 448, 251, 508, 131, 147, 532, 159, 131, 251, 251, 404, 199, 262, 522, 450, 315, 81, 522, 251, 131, 251, 315, 315, 353, 70, 243, 238, 243, 315, 243, 131, 251, 159, 518, 364, 315, 251, 251, 159, 159, 251, 81, 4, 251, 159, 213, 251, 315, 4, 544, 295, 476, 336, 154, 4, 296, 94, 357, 251, 159, 315, 361, 159, 183, 313, 573, 251, 315, 315, 251, 47, 251, 159, 251, 159, 4, 315, 384, 256, 251, 251, 159, 251, 159, 159, 159, 17, 159, 159, 159, 370, 94, 47, 315, 345, 262, 72, 251, 26, 159, 315, 136, 159, 448, 251, 159, 315, 55, 315, 326, 251, 251, 315, 251, 315, 342, 315, 243, 296, 370, 159, 110, 119, 119, 296, 390, 251, 159, 342, 159, 315, 315, 159, 38, 159, 243, 159, 256, 315, 159, 159, 4, 240, 297, 315, 47, 159, 251, 315, 105, 413, 315, 38, 288, 315, 251, 315, 34, 159, 539, 336, 34, 94, 159, 315, 302, 251, 296, 569, 315, 46, 315, 251, 243, 388, 549, 47, 296, 251, 364, 147, 131, 243, 315, 234, 315, 315, 315, 404, 251, 364, 251, 119, 204, 573, 569, 548, 573, 307, 573, 573, 573, 573, 61, 199, 573, 4, 21, 307, 573, 4, 138, 573, 94, 140, 21, 573, 573, 34, 59, 61, 61, 61, 307, 358, 358, 100, 46, 11, 34, 218, 52, 147, 109, 34, 323, 34, 317, 17, 171, 471, 535, 170, 111, 170, 402, 549, 535, 414, 375, 307, 229, 358, 4, 183, 549, 399, 4, 4, 170, 502, 557, 138, 4, 544, 471, 4, 549, 21, 212, 170, 59, 544, 4, 65, 338, 277, 231, 138, 4, 249, 517, 138, 54, 4, 35, 146, 467, 166, 138, 4, 513, 435, 21, 17, 40, 152, 533, 501, 4, 438, 94, 547, 171, 119, 570, 55, 535, 471, 284, 358, 557, 65, 178, 217, 4, 533, 559, 94, 4, 129, 170, 34, 79, 4, 105, 472, 559, 65, 138, 350, 4, 166, 4, 17, 4, 8, 424, 557, 4, 307, 4, 4, 386, 4, 4, 366, 566, 183, 14, 153, 471, 146, 487, 4, 21, 487, 4, 146, 395, 573, 395, 189, 537, 183, 10, 4, 262, 206, 171, 395, 549, 4, 94, 94, 535, 4, 569, 94, 105, 4, 4, 4, 65, 4, 358, 358, 11, 239, 34, 549, 323, 533, 52, 94, 557, 109, 375, 366, 414, 34, 170, 94, 170, 317, 535, 535, 535, 535, 170, 537, 4, 183, 4, 111, 4, 183, 569, 450, 17, 533, 17, 40, 147, 17, 61, 353, 566, 239, 35, 467, 4, 59, 4, 535, 504, 204, 549, 549, 549, 212, 569, 239, 40, 134, 185, 14, 438, 517, 544, 399, 307, 4, 338, 402, 239, 17, 206, 138, 55, 573, 472, 8, 358, 239, 358, 543, 55, 94, 116, 307, 1, 108, 543, 8, 94, 4, 573, 487, 284, 435, 535, 83, 202, 146, 4, 37, 262, 544, 280, 358, 17, 570, 138, 138, 138, 535, 471, 231, 535, 152, 4, 138, 4, 94, 4, 502, 119, 146, 4, 166, 4, 4, 146, 4, 537, 94, 4, 239, 471, 450, 146, 4, 97, 4, 4, 189, 166, 501, 395, 146, 513, 4, 4, 4, 4, 547, 166, 471, 471, 129, 267, 206, 4, 97, 471, 27, 4, 97, 94, 49, 4, 573, 146, 94, 105, 4, 424, 206, 277, 146, 358, 30, 249, 497, 4, 21, 65, 65, 55, 449, 65, 105, 4, 