{"Run": 14, "K": 162, "WCSSD": 2485.38043605489, "Purity": 0.3249516820748766, "Time": 5.659902811050415, "Kmeans_Labels": [20, 20, 143, 140, 20, 149, 20, 101, 20, 20, 20, 159, 20, 109, 17, 20, 157, 95, 141, 20, 20, 20, 20, 109, 109, 95, 20, 95, 34, 20, 109, 17, 34, 95, 17, 20, 109, 109, 109, 109, 45, 109, 62, 40, 109, 20, 109, 133, 17, 20, 100, 149, 149, 20, 141, 47, 141, 95, 140, 140, 20, 95, 20, 57, 47, 156, 109, 20, 109, 66, 95, 17, 20, 141, 133, 20, 20, 20, 157, 20, 20, 120, 102, 95, 101, 24, 17, 37, 20, 20, 20, 20, 47, 6, 17, 20, 85, 20, 101, 20, 101, 133, 20, 20, 20, 92, 92, 135, 20, 133, 48, 48, 48, 109, 102, 133, 120, 20, 72, 61, 20, 85, 61, 140, 140, 61, 85, 140, 128, 149, 61, 61, 20, 20, 85, 34, 68, 40, 20, 20, 142, 140, 140, 34, 61, 61, 20, 20, 20, 140, 61, 33, 20, 34, 85, 61, 20, 133, 140, 17, 20, 61, 61, 20, 20, 61, 141, 141, 17, 141, 157, 20, 20, 149, 61, 20, 57, 62, 61, 20, 85, 10, 7, 7, 61, 20, 61, 20, 20, 20, 85, 142, 128, 61, 140, 9, 20, 114, 20, 102, 101, 20, 157, 57, 61, 101, 61, 102, 20, 20, 20, 20, 101, 101, 101, 61, 61, 102, 20, 142, 101, 133, 20, 149, 85, 73, 20, 102, 149, 61, 20, 20, 101, 20, 101, 141, 102, 34, 20, 20, 61, 128, 142, 101, 149, 101, 20, 20, 114, 61, 102, 102, 20, 87, 149, 17, 61, 9, 61, 102, 85, 20, 20, 146, 61, 20, 114, 20, 141, 102, 20, 142, 85, 9, 20, 146, 20, 17, 61, 61, 61, 20, 20, 141, 20, 105, 57, 92, 20, 128, 61, 146, 20, 48, 92, 92, 80, 92, 20, 149, 62, 92, 20, 92, 92, 92, 105, 92, 20, 48, 142, 20, 92, 92, 102, 48, 153, 48, 48, 20, 48, 48, 149, 48, 57, 20, 20, 14, 142, 48, 34, 61, 61, 20, 149, 20, 61, 20, 95, 61, 20, 149, 101, 114, 61, 85, 20, 61, 20, 85, 142, 141, 149, 20, 20, 20, 146, 17, 28, 99, 99, 20, 20, 99, 48, 142, 19, 99, 61, 20, 134, 134, 50, 61, 50, 61, 61, 61, 85, 157, 85, 149, 61, 157, 20, 149, 149, 95, 140, 20, 20, 17, 157, 85, 62, 20, 57, 14, 20, 84, 142, 20, 140, 85, 149, 142, 61, 140, 140, 20, 146, 120, 47, 141, 20, 20, 92, 114, 141, 61, 141, 140, 20, 20, 40, 92, 20, 48, 28, 99, 134, 62, 120, 141, 20, 120, 120, 34, 34, 141, 140, 20, 77, 77, 102, 102, 48, 48, 20, 48, 20, 20, 48, 40, 85, 103, 103, 120, 99, 99, 20, 20, 20, 47, 47, 34, 47, 47, 47, 47, 47, 47, 140, 47, 14, 142, 20, 102, 20, 20, 101, 101, 20, 102, 102, 20, 20, 6, 6, 6, 33, 20, 102, 102, 12, 117, 20, 33, 33, 20, 101, 87, 142, 8, 8, 20, 6, 6, 20, 143, 143, 20, 146, 146, 20, 20, 20, 20, 20, 140, 20, 17, 20, 146, 146, 20, 17, 6, 140, 48, 48, 102, 102, 102, 92, 92, 48, 48, 102, 92, 48, 92, 92, 102, 102, 20, 20, 96, 96, 29, 29, 20, 20, 48, 29, 20, 33, 33, 33, 33, 14, 20, 142, 142, 20, 20, 20, 20, 20, 20, 20, 136, 136, 155, 20, 20, 20, 142, 20, 20, 20, 20, 20, 17, 20, 20, 20, 20, 128, 99, 99, 33, 17, 33, 133, 133, 50, 50, 50, 50, 20, 20, 99, 99, 99, 99, 17, 134, 134, 50, 50, 63, 63, 139, 50, 134, 134, 99, 141, 20, 14, 20, 141, 39, 39, 39, 39, 39, 39, 39, 39, 39, 39, 102, 39, 39, 39, 109, 39, 39, 39, 39, 120, 39, 39, 39, 39, 57, 40, 40, 20, 99, 62, 62, 157, 157, 47, 47, 85, 20, 47, 47, 85, 20, 20, 20, 47, 20, 140, 40, 11, 140, 20, 17, 85, 62, 40, 20, 102, 157, 6, 6, 20, 6, 6, 20, 20, 47, 157, 20, 47, 20, 20, 20, 6, 37, 6, 6, 6, 40, 6, 62, 20, 6, 6, 102, 6, 20, 62, 6, 6, 12, 12, 6, 6, 6, 20, 8, 6, 6, 37, 20, 8, 8, 6, 20, 6, 20, 120, 20, 20, 142, 20, 146, 92, 20, 20, 48, 20, 20, 20, 29, 48, 152, 48, 29, 48, 48, 102, 92, 48, 20, 48, 48, 48, 20, 20, 48, 48, 48, 48, 48, 48, 102, 33, 48, 48, 48, 20, 20, 48, 48, 48, 118, 29, 29, 48, 29, 48, 29, 29, 29, 48, 12, 48, 29, 48, 20, 48, 20, 48, 20, 48, 48, 48, 142, 33, 48, 48, 48, 20, 20, 20, 33, 136, 136, 48, 48, 95, 95, 48, 136, 146, 31, 146, 127, 12, 142, 127, 20, 20, 20, 20, 48, 48, 20, 20, 12, 142, 20, 128, 133, 20, 20, 20, 20, 20, 133, 133, 133, 20, 20, 99, 99, 99, 12, 50, 99, 99, 50, 57, 99, 99, 157, 99, 134, 99, 120, 99, 99, 120, 99, 119, 119, 129, 134, 134, 134, 133, 120, 48, 99, 63, 133, 133, 74, 74, 74, 99, 86, 125, 47, 20, 53, 47, 34, 47, 120, 17, 20, 20, 20, 12, 20, 20, 37, 20, 37, 146, 146, 157, 20, 48, 92, 48, 29, 48, 85, 20, 157, 157, 157, 150, 120, 140, 34, 20, 157, 64, 17, 95, 149, 20, 48, 48, 99, 48, 48, 20, 20, 1, 102, 1, 126, 85, 20, 126, 40, 126, 126, 1, 1, 99, 1, 1, 111, 128, 1, 1, 1, 1, 128, 1, 1, 1, 1, 126, 85, 1, 126, 1, 1, 1, 1, 149, 1, 1, 126, 1, 1, 1, 1, 126, 1, 149, 149, 1, 126, 126, 1, 1, 21, 1, 20, 1, 21, 1, 1, 78, 20, 128, 126, 1, 1, 20, 20, 20, 1, 1, 1, 85, 57, 126, 1, 126, 1, 20, 1, 22, 20, 1, 1, 1, 1, 20, 20, 1, 1, 1, 1, 149, 34, 93, 1, 1, 1, 1, 1, 126, 1, 1, 1, 1, 0, 1, 1, 1, 1, 1, 1, 20, 90, 0, 1, 1, 156, 20, 20, 62, 128, 1, 1, 1, 62, 126, 1, 85, 126, 38, 1, 1, 1, 95, 1, 14, 1, 126, 126, 126, 1, 126, 1, 20, 1, 1, 1, 1, 20, 62, 126, 0, 1, 1, 1, 1, 1, 1, 37, 149, 20, 1, 1, 126, 1, 1, 62, 20, 1, 1, 14, 1, 126, 1, 1, 1, 131, 1, 1, 1, 23, 23, 1, 142, 20, 1, 20, 104, 23, 126, 0, 1, 1, 109, 1, 20, 1, 1, 20, 20, 126, 126, 1, 1, 1, 126, 126, 126, 1, 20, 126, 58, 1, 1, 1, 40, 126, 1, 1, 149, 1, 1, 102, 1, 20, 1, 1, 1, 104, 20, 126, 1, 126, 0, 149, 1, 126, 0, 1, 1, 111, 141, 37, 23, 141, 1, 90, 126, 1, 1, 1, 1, 1, 146, 141, 22, 1, 1, 1, 1, 85, 1, 0, 146, 1, 1, 1, 1, 126, 126, 1, 20, 20, 1, 126, 1, 1, 1, 20, 20, 126, 1, 126, 1, 17, 1, 128, 1, 1, 126, 1, 1, 126, 48, 126, 157, 1, 1, 1, 1, 121, 1, 126, 1, 126, 20, 1, 133, 53, 1, 1, 126, 1, 126, 126, 126, 40, 126, 21, 126, 1, 17, 1, 1, 1, 37, 1, 1, 1, 126, 1, 85, 126, 126, 21, 126, 1, 85, 1, 126, 1, 1, 1, 1, 1, 126, 1, 1, 34, 1, 126, 20, 34, 34, 1, 1, 150, 126, 126, 126, 1, 1, 126, 1, 75, 1, 126, 53, 1, 126, 126, 20, 1, 1, 1, 121, 126, 1, 1, 156, 1, 1, 1, 126, 1, 35, 1, 99, 126, 99, 126, 99, 128, 126, 1, 1, 1, 1, 17, 1, 134, 1, 1, 1, 1, 133, 121, 1, 1, 1, 85, 0, 1, 1, 1, 1, 1, 1, 111, 1, 1, 93, 34, 128, 149, 141, 141, 149, 20, 149, 149, 149, 149, 20, 120, 149, 20, 140, 128, 149, 34, 149, 149, 133, 157, 140, 149, 149, 99, 20, 85, 85, 85, 20, 20, 20, 20, 134, 59, 99, 28, 134, 20, 134, 99, 63, 99, 20, 40, 20, 102, 20, 12, 48, 20, 92, 20, 20, 108, 50, 146, 85, 140, 20, 20, 20, 20, 20, 20, 133, 6, 50, 102, 20, 20, 102, 20, 97, 140, 48, 133, 133, 92, 120, 14, 20, 3, 17, 149, 20, 142, 20, 102, 20, 20, 29, 95, 48, 6, 102, 120, 47, 87, 140, 40, 20, 37, 48, 47, 20, 20, 45, 20, 20, 34, 117, 120, 20, 102, 20, 20, 50, 14, 138, 62, 20, 48, 20, 17, 20, 141, 20, 74, 20, 20, 156, 57, 20, 14, 12, 133, 20, 6, 20, 40, 67, 20, 20, 50, 85, 20, 20, 20, 47, 20, 20, 50, 146, 20, 29, 17, 102, 95, 85, 20, 140, 85, 20, 95, 142, 141, 142, 20, 33, 130, 28, 20, 37, 20, 20, 142, 133, 12, 17, 20, 20, 20, 128, 128, 156, 20, 20, 141, 14, 120, 20, 120, 59, 128, 74, 133, 63, 48, 134, 17, 50, 134, 50, 50, 108, 99, 20, 17, 133, 20, 20, 20, 20, 20, 12, 33, 20, 20, 20, 48, 20, 130, 128, 128, 40, 48, 40, 29, 149, 40, 128, 146, 146, 128, 29, 48, 95, 133, 20, 85, 128, 128, 20, 97, 20, 48, 141, 128, 20, 128, 149, 29, 20, 20, 92, 20, 146, 20, 20, 92, 128, 40, 57, 102, 20, 149, 57, 102, 120, 128, 85, 128, 120, 17, 128, 146, 128, 146, 149, 20, 128, 67, 149, 85, 20, 87, 20, 20, 94, 95, 20, 62, 37, 20, 120, 120, 40, 117, 12, 149, 102, 133, 102, 17, 133, 37, 128, 102, 20, 20, 20, 6, 34, 95, 20, 6, 20, 20, 95, 20, 33, 17, 20, 128, 102, 20, 95, 20, 117, 20, 20, 20, 6, 47, 142, 95, 47, 20, 20, 20, 20, 20, 6, 102, 102, 141, 117, 20, 20, 117, 102, 117, 141, 117, 128, 17, 120, 149, 95, 40, 98, 20, 20, 34, 3, 95, 156, 95, 142, 157, 20, 146, 14, 160, 141, 128, 14, 156, 20, 95, 160, 14, 14, 85, 17, 20, 14, 20, 20, 20, 140, 14, 20, 141, 141, 142, 62, 45, 95, 85, 140, 20, 88, 20, 85, 17, 20, 142, 20, 85, 120, 47, 140, 140, 20, 34, 128, 141, 17, 85, 120, 95, 142, 20, 95, 146, 20, 140, 20, 62, 20, 20, 142, 95, 57, 20, 102, 146, 141, 120, 20, 117, 128, 14, 48, 128, 128, 149, 157, 149, 17, 62, 85, 128, 33, 160, 20, 98, 141, 117, 128, 57, 40, 20, 149, 47, 141, 146, 17, 141, 120, 58, 120, 146, 128, 17, 140, 62, 20, 47, 85, 28, 128, 20, 128, 133, 134, 20, 50, 138, 144, 99, 76, 28, 99, 50, 157, 101, 110, 145, 76, 99, 140, 76, 110, 133, 133, 146, 143, 134, 20, 76, 101, 110, 110, 110, 50, 157, 102, 48, 110, 57, 157, 76, 140, 87, 76, 149, 110, 102, 99, 12, 139, 134, 110, 110, 48, 47, 20, 76, 