{"Run": 2, "K": 448, "WCSSD": 2171.4071933470655, "Purity": 0.39664995247405616, "Time": 24.230125904083252, "Kmeans_Labels": [245, 42, 11, 209, 11, 328, 42, 234, 42, 143, 11, 216, 85, 85, 11, 11, 443, 119, 429, 105, 11, 247, 11, 85, 85, 146, 105, 119, 371, 429, 85, 101, 371, 119, 105, 101, 85, 85, 216, 85, 105, 267, 21, 213, 85, 11, 85, 247, 11, 13, 361, 284, 284, 328, 245, 426, 11, 119, 209, 209, 410, 172, 11, 336, 48, 71, 85, 42, 85, 48, 91, 361, 11, 361, 203, 11, 11, 11, 136, 11, 11, 421, 260, 119, 234, 11, 51, 11, 11, 11, 11, 11, 48, 241, 101, 247, 11, 11, 234, 11, 234, 203, 247, 178, 178, 267, 267, 178, 11, 203, 21, 38, 21, 85, 216, 203, 284, 11, 11, 79, 11, 11, 79, 209, 209, 79, 187, 209, 2, 284, 79, 223, 432, 11, 11, 137, 11, 108, 447, 11, 60, 209, 49, 371, 79, 79, 417, 11, 11, 209, 79, 168, 51, 371, 11, 79, 11, 11, 209, 11, 11, 79, 79, 11, 11, 79, 125, 173, 121, 51, 443, 11, 11, 284, 79, 11, 336, 182, 79, 11, 361, 439, 13, 378, 79, 11, 155, 11, 11, 101, 11, 60, 347, 79, 209, 209, 11, 173, 11, 260, 234, 11, 443, 336, 79, 234, 79, 260, 11, 11, 11, 89, 234, 234, 234, 79, 79, 260, 216, 60, 234, 203, 11, 216, 215, 79, 11, 216, 284, 79, 11, 11, 357, 11, 240, 11, 260, 371, 11, 11, 79, 247, 60, 6, 284, 234, 143, 11, 173, 79, 260, 260, 11, 431, 105, 123, 269, 11, 79, 260, 11, 180, 216, 11, 178, 11, 173, 178, 11, 260, 11, 394, 249, 111, 267, 446, 24, 446, 219, 178, 79, 245, 245, 11, 267, 267, 336, 178, 267, 2, 79, 267, 379, 176, 11, 267, 11, 192, 21, 371, 66, 267, 11, 429, 216, 267, 332, 267, 11, 21, 3, 245, 216, 318, 202, 245, 328, 21, 148, 11, 21, 420, 284, 21, 128, 216, 11, 245, 60, 143, 371, 79, 79, 245, 284, 11, 79, 245, 119, 79, 11, 173, 60, 173, 79, 11, 11, 79, 11, 11, 60, 425, 284, 11, 216, 11, 11, 121, 12, 65, 65, 11, 328, 65, 328, 60, 407, 65, 115, 11, 65, 407, 407, 115, 385, 115, 79, 79, 11, 443, 11, 346, 79, 224, 11, 284, 284, 119, 209, 11, 11, 11, 270, 249, 247, 11, 107, 80, 11, 212, 60, 11, 209, 11, 411, 60, 11, 90, 209, 376, 11, 11, 48, 51, 42, 284, 267, 173, 51, 79, 429, 209, 11, 11, 212, 178, 11, 31, 12, 65, 32, 112, 328, 51, 371, 400, 400, 371, 371, 29, 209, 242, 168, 168, 260, 260, 21, 21, 11, 154, 216, 216, 21, 212, 11, 328, 328, 101, 252, 252, 11, 11, 235, 430, 430, 371, 48, 48, 209, 204, 204, 129, 209, 48, 80, 60, 105, 260, 140, 140, 196, 196, 403, 260, 260, 277, 277, 241, 241, 351, 168, 11, 260, 260, 94, 173, 328, 168, 168, 328, 234, 431, 60, 260, 260, 11, 241, 241, 178, 11, 11, 11, 11, 11, 131, 131, 11, 11, 111, 209, 178, 376, 178, 178, 178, 178, 376, 11, 209, 191, 191, 267, 38, 38, 68, 68, 188, 188, 21, 216, 21, 267, 267, 260, 260, 130, 130, 239, 239, 257, 257, 143, 143, 21, 21, 429, 296, 296, 64, 64, 317, 11, 60, 60, 216, 11, 11, 216, 216, 11, 11, 11, 11, 11, 11, 11, 11, 60, 11, 11, 11, 60, 60, 427, 377, 11, 76, 76, 335, 190, 190, 168, 11, 168, 11, 11, 407, 407, 222, 222, 19, 19, 407, 407, 407, 407, 11, 65, 65, 407, 407, 407, 407, 407, 407, 65, 65, 65, 105, 247, 138, 119, 361, 40, 40, 40, 40, 40, 40, 40, 40, 254, 216, 216, 40, 40, 40, 85, 40, 40, 40, 40, 120, 40, 40, 40, 40, 336, 212, 212, 11, 401, 256, 256, 443, 443, 430, 430, 292, 245, 48, 48, 284, 11, 11, 11, 48, 89, 209, 212, 336, 209, 11, 284, 247, 182, 397, 11, 260, 369, 314, 314, 11, 383, 383, 11, 11, 140, 443, 11, 48, 11, 403, 403, 241, 263, 241, 241, 241, 212, 260, 11, 361, 351, 241, 260, 241, 11, 11, 92, 241, 323, 323, 259, 92, 259, 226, 260, 241, 241, 263, 11, 260, 260, 241, 143, 391, 374, 376, 11, 178, 60, 178, 11, 319, 178, 11, 39, 319, 178, 11, 191, 21, 178, 21, 191, 21, 21, 21, 429, 38, 178, 21, 21, 38, 178, 11, 21, 21, 21, 21, 21, 21, 11, 73, 21, 21, 21, 11, 18, 21, 21, 21, 239, 257, 257, 21, 257, 21, 239, 239, 239, 62, 62, 21, 239, 21, 35, 62, 143, 373, 11, 414, 21, 21, 60, 434, 143, 143, 143, 143, 11, 11, 434, 409, 409, 21, 86, 119, 119, 86, 409, 11, 328, 11, 299, 11, 60, 299, 11, 11, 11, 11, 132, 132, 76, 143, 5, 289, 11, 11, 301, 11, 11, 284, 11, 11, 247, 11, 11, 11, 11, 106, 65, 65, 11, 222, 65, 65, 407, 336, 65, 407, 443, 65, 0, 65, 11, 0, 0, 11, 65, 11, 11, 169, 65, 65, 65, 11, 11, 21, 65, 407, 22, 203, 248, 248, 248, 65, 15, 11, 48, 159, 329, 48, 371, 358, 102, 101, 11, 11, 11, 11, 284, 101, 361, 11, 11, 11, 243, 443, 11, 21, 178, 21, 376, 21, 11, 328, 443, 443, 443, 100, 328, 209, 11, 166, 272, 306, 121, 119, 284, 11, 245, 21, 65, 245, 21, 247, 406, 161, 218, 295, 390, 173, 178, 205, 212, 205, 167, 295, 295, 65, 100, 295, 265, 429, 100, 100, 100, 100, 69, 100, 100, 36, 100, 205, 173, 100, 205, 100, 100, 100, 167, 167, 100, 295, 205, 100, 100, 100, 100, 205, 36, 167, 167, 100, 205, 205, 100, 100, 205, 36, 11, 100, 36, 100, 295, 295, 247, 2, 205, 36, 100, 44, 105, 11, 295, 290, 100, 329, 336, 205, 404, 205, 412, 105, 290, 211, 11, 100, 95, 36, 100, 11, 11, 100, 100, 290, 207, 173, 371, 265, 100, 384, 100, 100, 36, 114, 36, 36, 36, 100, 16, 36, 100, 36, 100, 36, 295, 42, 279, 16, 100, 100, 227, 101, 11, 144, 11, 290, 36, 290, 303, 205, 100, 284, 205, 290, 100, 100, 17, 309, 295, 80, 100, 205, 205, 205, 342, 205, 100, 11, 100, 100, 295, 100, 11, 182, 205, 16, 290, 23, 36, 100, 290, 295, 36, 247, 11, 28, 36, 205, 290, 100, 182, 406, 36, 100, 80, 295, 205, 36, 290, 100, 126, 100, 295, 295, 100, 205, 229, 60, 11, 100, 304, 36, 36, 205, 16, 100, 100, 85, 100, 11, 295, 295, 221, 374, 205, 205, 36, 100, 250, 205, 205, 205, 100, 11, 205, 206, 161, 100, 150, 212, 205, 220, 100, 284, 100, 295, 218, 100, 11, 100, 100, 295, 295, 11, 205, 36, 205, 16, 173, 295, 390, 167, 36, 36, 265, 347, 263, 216, 355, 295, 367, 205, 100, 290, 36, 295, 295, 243, 69, 100, 170, 100, 295, 100, 173, 100, 16, 287, 295, 295, 100, 100, 205, 205, 36, 101, 11, 100, 205, 165, 283, 295, 11, 178, 205, 98, 205, 100, 11, 100, 284, 290, 413, 205, 295, 100, 205, 245, 205, 443, 100, 295, 295, 438, 312, 100, 205, 100, 205, 11, 290, 284, 185, 100, 308, 205, 100, 205, 205, 205, 212, 205, 205, 205, 295, 284, 290, 290, 121, 263, 100, 100, 295, 205, 386, 284, 205, 205, 36, 116, 280, 101, 290, 205, 100, 100, 445, 100, 290, 205, 290, 100, 36, 295, 311, 11, 371, 371, 36, 36, 100, 205, 205, 205, 295, 295, 205, 290, 205, 100, 205, 329, 295, 167, 205, 11, 251, 295, 290, 312, 205, 324, 290, 71, 295, 290, 290, 250, 54, 100, 295, 65, 205, 65, 205, 290, 284, 205, 290, 100, 36, 100, 11, 99, 65, 290, 290, 100, 208, 11, 290, 290, 198, 157, 173, 16, 100, 295, 100, 290, 295, 393, 265, 36, 295, 100, 371, 402, 284, 173, 173, 284, 11, 284, 284, 284, 284, 328, 347, 284, 11, 209, 2, 284, 11, 216, 284, 11, 443, 209, 284, 284, 65, 11, 215, 215, 215, 11, 11, 11, 93, 407, 20, 65, 12, 65, 328, 407, 65, 407, 65, 216, 212, 42, 392, 11, 5, 132, 328, 429, 11, 11, 328, 407, 243, 101, 433, 11, 245, 11, 11, 11, 11, 11, 4, 407, 216, 11, 178, 260, 11, 21, 195, 188, 11, 101, 178, 328, 80, 11, 11, 11, 216, 101, 60, 178, 216, 105, 11, 257, 119, 21, 314, 216, 81, 48, 431, 209, 212, 11, 361, 143, 140, 11, 178, 105, 11, 42, 371, 173, 328, 11, 260, 216, 11, 407, 80, 20, 256, 124, 21, 235, 11, 11, 105, 117, 248, 11, 344, 184, 336, 235, 80, 216, 173, 247, 241, 11, 212, 11, 267, 101, 437, 247, 11, 75, 429, 48, 11, 173, 222, 105, 245, 191, 11, 11, 119, 11, 11, 209, 11, 442, 119, 60, 105, 135, 436, 168, 245, 12, 101, 263, 162, 42, 60, 407, 443, 428, 41, 11, 11, 105, 96, 71, 247, 11, 11, 327, 113, 26, 285, 20, 429, 248, 407, 407, 21, 65, 428, 407, 407, 407, 222, 328, 65, 117, 104, 11, 216, 11, 11, 11, 11, 5, 168, 124, 245, 11, 132, 11, 245, 105, 27, 212, 21, 212, 239, 11, 212, 429, 84, 105, 429, 257, 21, 11, 101, 11, 101, 429, 105, 11, 21, 11, 188, 328, 429, 11, 418, 173, 191, 178, 178, 178, 11, 11, 429, 11, 429, 429, 212, 336, 216, 105, 101, 336, 267, 247, 429, 67, 149, 328, 104, 246, 243, 402, 429, 11, 267, 101, 11, 284, 11, 216, 431, 11, 143, 216, 119, 11, 182, 263, 178, 328, 285, 212, 173, 216, 216, 216, 328, 392, 11, 101, 361, 11, 216, 101, 41, 101, 4, 371, 119, 11, 241, 11, 11, 119, 11, 168, 101, 11, 429, 260, 11, 119, 247, 173, 11, 11, 436, 241, 140, 60, 119, 48, 284, 344, 11, 11, 11, 314, 260, 260, 105, 173, 162, 11, 173, 11, 173, 11, 173, 