{"Run": 9, "K": 385, "WCSSD": 2204.722701416511, "Purity": 0.3906060805021876, "Time": 20.793126106262207, "Kmeans_Labels": [360, 97, 23, 139, 14, 14, 97, 219, 97, 14, 14, 234, 381, 381, 14, 14, 14, 180, 14, 144, 14, 14, 26, 381, 366, 66, 14, 165, 144, 14, 366, 14, 144, 180, 90, 377, 14, 14, 234, 366, 280, 366, 343, 52, 343, 152, 366, 94, 14, 218, 218, 328, 328, 253, 61, 271, 14, 97, 139, 139, 14, 180, 14, 171, 271, 98, 366, 97, 366, 179, 366, 14, 14, 201, 40, 14, 14, 14, 149, 14, 14, 345, 6, 166, 313, 14, 110, 177, 14, 14, 14, 168, 271, 14, 14, 14, 14, 14, 313, 26, 313, 40, 14, 81, 81, 379, 310, 81, 14, 40, 367, 343, 367, 366, 6, 40, 311, 14, 14, 226, 293, 14, 226, 139, 14, 226, 76, 139, 333, 253, 226, 226, 14, 186, 76, 144, 14, 14, 14, 14, 349, 290, 139, 157, 226, 226, 14, 14, 14, 139, 226, 348, 110, 144, 14, 226, 14, 104, 139, 14, 14, 226, 226, 14, 14, 226, 110, 21, 162, 110, 149, 14, 14, 328, 226, 14, 171, 279, 226, 14, 186, 186, 14, 14, 226, 76, 226, 14, 14, 76, 14, 58, 214, 226, 14, 139, 14, 76, 327, 6, 313, 14, 149, 171, 226, 313, 226, 6, 110, 14, 14, 14, 313, 313, 313, 226, 226, 6, 234, 349, 313, 40, 14, 234, 14, 226, 70, 257, 328, 226, 14, 14, 313, 14, 313, 14, 6, 144, 186, 94, 226, 14, 349, 6, 328, 313, 14, 261, 76, 226, 6, 6, 14, 248, 186, 191, 226, 14, 226, 261, 14, 6, 234, 370, 81, 14, 76, 81, 2, 6, 345, 310, 175, 379, 310, 14, 14, 14, 226, 81, 236, 61, 61, 14, 310, 310, 171, 81, 310, 333, 226, 310, 14, 343, 379, 310, 379, 137, 343, 218, 279, 310, 14, 379, 379, 359, 310, 310, 310, 367, 349, 61, 379, 379, 6, 61, 218, 367, 343, 76, 343, 367, 328, 343, 171, 234, 14, 123, 349, 343, 144, 226, 226, 360, 328, 14, 226, 14, 180, 226, 218, 14, 220, 76, 226, 60, 14, 226, 26, 218, 349, 186, 328, 14, 234, 14, 370, 162, 22, 12, 309, 14, 253, 12, 343, 374, 83, 309, 316, 14, 309, 309, 278, 238, 278, 316, 226, 226, 14, 149, 14, 325, 226, 14, 14, 328, 328, 180, 139, 14, 14, 14, 149, 175, 14, 366, 171, 74, 14, 52, 349, 218, 139, 14, 186, 349, 14, 14, 311, 318, 370, 345, 271, 110, 97, 14, 260, 76, 110, 226, 110, 14, 110, 14, 52, 81, 14, 14, 22, 309, 309, 279, 14, 110, 14, 345, 345, 144, 144, 345, 139, 14, 348, 348, 6, 6, 343, 343, 115, 343, 234, 234, 343, 52, 14, 253, 253, 76, 12, 12, 193, 193, 14, 271, 271, 144, 271, 271, 139, 268, 268, 244, 139, 138, 123, 349, 14, 372, 14, 14, 85, 85, 14, 156, 156, 14, 14, 95, 95, 95, 348, 14, 6, 6, 14, 223, 253, 348, 348, 253, 313, 256, 349, 68, 68, 14, 6, 3, 81, 23, 23, 14, 370, 370, 14, 14, 14, 14, 14, 139, 81, 218, 81, 81, 81, 81, 218, 14, 14, 367, 367, 310, 6, 6, 379, 379, 301, 301, 367, 234, 343, 142, 142, 265, 265, 94, 94, 367, 367, 367, 367, 81, 81, 367, 367, 73, 348, 348, 348, 348, 123, 14, 15, 15, 234, 14, 14, 234, 234, 14, 14, 202, 202, 186, 331, 249, 249, 349, 26, 26, 26, 26, 26, 14, 26, 26, 14, 14, 377, 12, 12, 348, 14, 348, 94, 94, 278, 278, 101, 101, 205, 205, 12, 12, 12, 12, 345, 12, 12, 12, 12, 12, 12, 94, 309, 12, 12, 309, 82, 14, 123, 14, 182, 229, 229, 229, 116, 229, 229, 252, 229, 229, 234, 6, 229, 229, 229, 76, 229, 229, 229, 229, 76, 229, 229, 229, 229, 171, 52, 52, 14, 12, 14, 14, 16, 16, 271, 271, 14, 61, 271, 271, 328, 14, 376, 14, 138, 14, 139, 52, 171, 139, 14, 14, 218, 279, 52, 14, 6, 149, 86, 86, 14, 86, 86, 14, 14, 271, 149, 377, 50, 14, 14, 14, 113, 177, 6, 13, 13, 131, 6, 14, 370, 95, 13, 6, 13, 380, 14, 6, 6, 14, 14, 13, 6, 13, 287, 68, 13, 13, 177, 14, 68, 68, 62, 14, 52, 14, 340, 96, 81, 349, 81, 370, 379, 81, 14, 343, 81, 81, 343, 270, 343, 81, 343, 367, 367, 343, 343, 81, 343, 81, 343, 343, 343, 81, 14, 343, 343, 367, 343, 6, 343, 14, 348, 367, 367, 230, 14, 14, 343, 10, 10, 367, 367, 330, 367, 330, 343, 270, 270, 270, 183, 183, 343, 270, 343, 78, 183, 343, 343, 235, 343, 343, 343, 364, 348, 323, 323, 323, 206, 14, 14, 348, 343, 343, 343, 343, 0, 0, 343, 343, 345, 326, 345, 249, 94, 14, 285, 186, 26, 14, 14, 100, 100, 14, 14, 94, 349, 233, 94, 94, 14, 14, 26, 14, 14, 299, 94, 94, 377, 377, 309, 309, 309, 94, 101, 12, 12, 101, 171, 130, 12, 149, 12, 205, 130, 14, 205, 205, 14, 12, 332, 332, 53, 12, 309, 309, 367, 14, 367, 309, 12, 240, 40, 14, 14, 94, 309, 315, 94, 271, 149, 353, 271, 144, 271, 345, 14, 14, 14, 14, 218, 377, 14, 177, 14, 177, 370, 370, 149, 14, 343, 379, 343, 328, 343, 14, 169, 149, 149, 149, 54, 110, 139, 144, 14, 149, 14, 162, 180, 328, 14, 360, 343, 309, 360, 343, 14, 14, 29, 6, 247, 121, 224, 81, 339, 52, 264, 217, 247, 247, 12, 54, 247, 29, 370, 54, 54, 54, 54, 342, 54, 54, 29, 54, 264, 345, 54, 264, 54, 185, 54, 217, 217, 288, 247, 39, 54, 54, 54, 54, 251, 54, 217, 217, 54, 264, 264, 54, 54, 264, 29, 14, 54, 29, 54, 247, 247, 14, 333, 264, 108, 54, 14, 211, 14, 247, 29, 54, 353, 171, 264, 54, 46, 54, 14, 99, 242, 14, 54, 54, 54, 54, 14, 14, 54, 32, 29, 247, 328, 144, 48, 54, 54, 54, 54, 54, 264, 54, 29, 29, 54, 29, 54, 54, 54, 54, 54, 247, 97, 256, 29, 54, 54, 98, 14, 14, 176, 14, 247, 29, 247, 14, 264, 154, 224, 217, 29, 54, 54, 80, 180, 247, 123, 54, 264, 264, 264, 54, 264, 54, 214, 54, 54, 247, 55, 14, 44, 264, 264, 29, 54, 54, 54, 384, 63, 29, 94, 218, 54, 29, 264, 54, 54, 279, 14, 54, 54, 123, 247, 24, 29, 214, 54, 210, 54, 247, 247, 54, 264, 54, 349, 14, 54, 7, 54, 348, 264, 29, 54, 54, 366, 54, 14, 247, 247, 14, 29, 264, 264, 54, 185, 247, 264, 264, 264, 54, 14, 264, 105, 29, 136, 247, 161, 264, 54, 54, 76, 54, 247, 6, 54, 14, 320, 54, 247, 247, 76, 264, 29, 264, 29, 328, 247, 121, 217, 54, 54, 55, 214, 177, 264, 78, 247, 256, 264, 54, 29, 54, 247, 247, 370, 263, 54, 54, 54, 247, 54, 224, 54, 264, 14, 247, 247, 150, 54, 264, 264, 54, 256, 14, 54, 264, 247, 54, 247, 186, 81, 264, 54, 264, 54, 14, 54, 76, 81, 29, 264, 247, 277, 264, 61, 264, 149, 54, 247, 247, 54, 148, 54, 264, 54, 264, 14, 29, 253, 353, 195, 54, 264, 54, 264, 339, 264, 52, 264, 264, 264, 247, 107, 148, 29, 162, 177, 54, 54, 247, 264, 41, 76, 264, 264, 54, 264, 247, 218, 29, 264, 54, 167, 29, 54, 247, 264, 29, 54, 144, 241, 264, 14, 144, 143, 54, 29, 54, 264, 264, 264, 247, 247, 264, 247, 264, 54, 197, 353, 247, 217, 264, 14, 29, 247, 29, 148, 264, 54, 247, 98, 247, 91, 29, 264, 247, 54, 247, 12, 264, 12, 264, 126, 76, 264, 247, 54, 54, 54, 14, 247, 12, 247, 148, 54, 247, 14, 148, 29, 54, 247, 26, 328, 54, 247, 54, 29, 247, 247, 29, 54, 247, 54, 144, 153, 328, 345, 345, 328, 14, 328, 328, 328, 328, 94, 214, 328, 14, 139, 333, 328, 144, 234, 328, 14, 149, 139, 328, 328, 170, 110, 345, 345, 345, 14, 75, 14, 14, 309, 28, 309, 22, 12, 253, 259, 17, 367, 254, 26, 52, 97, 45, 103, 365, 206, 253, 379, 367, 14, 76, 14, 370, 186, 9, 14, 61, 14, 310, 255, 14, 94, 95, 94, 6, 26, 81, 6, 14, 367, 357, 301, 94, 240, 81, 14, 123, 14, 14, 14, 234, 14, 349, 81, 234, 14, 14, 367, 180, 343, 347, 6, 218, 271, 248, 158, 52, 14, 177, 343, 271, 14, 188, 356, 14, 93, 144, 25, 14, 14, 6, 234, 14, 278, 123, 28, 279, 14, 343, 14, 361, 184, 14, 47, 12, 14, 14, 98, 171, 14, 123, 234, 370, 14, 14, 14, 282, 14, 310, 14, 278, 218, 19, 14, 186, 271, 14, 276, 106, 192, 61, 367, 26, 6, 227, 14, 14, 139, 14, 36, 180, 56, 186, 349, 89, 348, 61, 22, 14, 177, 171, 97, 349, 383, 149, 14, 218, 5, 14, 186, 76, 98, 341, 14, 4, 123, 370, 14, 14, 28, 159, 12, 383, 367, 343, 12, 14, 94, 259, 14, 106, 76, 309, 47, 191, 94, 26, 14, 5, 14, 103, 365, 348, 14, 61, 14, 206, 14, 61, 186, 78, 52, 367, 52, 367, 26, 52, 370, 370, 192, 306, 367, 343, 180, 240, 14, 76, 306, 190, 367, 367, 14, 301, 186, 306, 14, 306, 178, 367, 188, 81, 81, 310, 345, 186, 14, 379, 306, 52, 171, 234, 90, 186, 171, 310, 370, 306, 14, 76, 14, 191, 76, 370, 153, 345, 186, 310, 76, 14, 328, 14, 234, 248, 14, 186, 234, 180, 14, 279, 177, 81, 163, 14, 52, 25, 234, 234, 6, 253, 45, 14, 76, 177, 14, 6, 14, 218, 14, 95, 144, 180, 94, 113, 14, 14, 227, 14, 348, 186, 255, 306, 27, 78, 117, 341, 262, 237, 14, 89, 14, 271, 56, 180, 271, 14, 14, 26, 218, 14, 347, 6, 6, 14, 25, 171, 14, 363, 6, 112, 14, 25, 76, 162, 218, 328, 180, 52, 98, 14, 14, 171, 14, 180, 14, 171, 349, 149, 14, 139, 123, 123, 345, 97, 123, 98, 14, 180, 93, 160, 160, 218, 26, 19, 123, 97, 36, 14, 139, 123, 76,