{"Run": 12, "K": 229, "WCSSD": 2468.624303135614, "Purity": 0.3373591261041855, "Time": 7.809829950332642, "Kmeans_Labels": [183, 2, 2, 2, 2, 143, 2, 101, 2, 2, 2, 205, 48, 48, 2, 2, 2, 2, 2, 2, 2, 2, 106, 48, 48, 2, 48, 51, 145, 155, 48, 2, 145, 2, 2, 45, 48, 48, 205, 48, 106, 48, 132, 29, 48, 2, 48, 2, 2, 2, 2, 106, 106, 143, 183, 2, 2, 2, 2, 2, 2, 2, 2, 203, 2, 197, 48, 2, 48, 2, 48, 2, 2, 2, 2, 2, 183, 2, 2, 2, 2, 158, 2, 2, 101, 2, 146, 119, 108, 2, 2, 2, 158, 2, 2, 2, 2, 17, 101, 2, 101, 43, 2, 41, 41, 222, 222, 222, 135, 43, 219, 135, 38, 48, 183, 43, 106, 2, 143, 83, 175, 143, 83, 2, 2, 83, 164, 2, 146, 45, 83, 83, 2, 2, 158, 145, 143, 143, 163, 143, 51, 142, 2, 145, 83, 83, 2, 143, 2, 2, 83, 185, 2, 145, 143, 83, 2, 2, 2, 143, 2, 83, 83, 143, 2, 83, 143, 146, 2, 2, 83, 2, 2, 106, 83, 2, 203, 224, 83, 2, 143, 116, 2, 2, 83, 2, 83, 2, 2, 106, 158, 51, 220, 83, 2, 2, 2, 146, 2, 2, 101, 2, 2, 203, 83, 127, 83, 101, 2, 143, 2, 143, 101, 101, 127, 83, 159, 2, 205, 51, 101, 2, 2, 205, 146, 83, 143, 205, 106, 83, 2, 2, 101, 2, 101, 2, 2, 145, 2, 143, 83, 200, 51, 101, 106, 101, 45, 2, 146, 83, 2, 222, 2, 83, 46, 25, 83, 143, 83, 2, 143, 2, 205, 2, 41, 2, 146, 41, 2, 203, 2, 51, 158, 143, 71, 2, 143, 2, 83, 41, 83, 183, 183, 2, 140, 98, 203, 41, 2, 146, 83, 222, 2, 207, 222, 222, 222, 222, 2, 106, 2, 222, 222, 222, 222, 222, 222, 39, 2, 21, 51, 183, 222, 222, 38, 183, 143, 38, 38, 106, 38, 38, 106, 38, 203, 205, 2, 183, 51, 183, 145, 182, 83, 183, 106, 2, 83, 183, 2, 83, 143, 143, 184, 146, 83, 143, 63, 83, 143, 45, 184, 143, 106, 2, 205, 2, 143, 2, 11, 126, 137, 2, 143, 137, 143, 51, 79, 137, 83, 143, 137, 137, 79, 83, 79, 83, 83, 83, 143, 2, 143, 143, 83, 2, 2, 106, 106, 2, 2, 106, 2, 143, 2, 158, 132, 2, 203, 123, 2, 29, 51, 143, 2, 143, 95, 51, 83, 2, 2, 2, 146, 2, 2, 2, 2, 2, 222, 146, 2, 83, 2, 2, 2, 2, 29, 41, 2, 40, 11, 137, 137, 132, 143, 2, 2, 158, 158, 145, 145, 2, 2, 2, 185, 185, 2, 2, 38, 38, 2, 38, 205, 205, 38, 29, 158, 146, 146, 2, 126, 126, 146, 146, 2, 2, 2, 145, 132, 132, 213, 213, 213, 128, 2, 180, 123, 51, 2, 2, 2, 2, 210, 210, 2, 2, 2, 2, 2, 168, 168, 168, 185, 2, 2, 2, 206, 50, 143, 185, 185, 143, 101, 45, 51, 2, 2, 2, 2, 2, 41, 2, 2, 2, 2, 2, 2, 2, 2, 2, 2, 2, 41, 2, 41, 41, 41, 41, 2, 135, 2, 38, 38, 222, 111, 111, 222, 222, 135, 135, 38, 205, 38, 222, 222, 38, 38, 2, 2, 221, 221, 38, 38, 41, 41, 38, 38, 58, 185, 185, 185, 185, 123, 2, 51, 51, 205, 2, 2, 103, 103, 103, 103, 2, 2, 2, 2, 2, 2, 51, 2, 2, 2, 184, 184, 2, 2, 2, 2, 2, 146, 137, 137, 185, 192, 185, 146, 146, 79, 79, 79, 79, 79, 79, 79, 79, 79, 79, 2, 137, 137, 79, 79, 79, 79, 79, 79, 137, 137, 137, 158, 2, 123, 2, 2, 58, 58, 58, 58, 58, 58, 58, 58, 58, 205, 205, 58, 58, 58, 48, 58, 58, 58, 58, 146, 58, 58, 58, 58, 203, 29, 29, 2, 79, 132, 132, 2, 2, 2, 2, 106, 183, 2, 2, 106, 2, 2, 2, 180, 2, 142, 29, 203, 2, 2, 2, 2, 132, 70, 2, 2, 45, 204, 204, 2, 64, 64, 2, 2, 158, 209, 2, 208, 2, 2, 2, 208, 119, 2, 2, 2, 29, 2, 132, 2, 168, 2, 2, 2, 2, 132, 2, 2, 2, 2, 2, 2, 2, 2, 2, 169, 2, 119, 2, 2, 2, 2, 2, 29, 2, 2, 2, 41, 51, 41, 2, 222, 41, 2, 38, 41, 41, 135, 221, 225, 41, 221, 38, 38, 38, 135, 135, 135, 183, 38, 135, 135, 135, 2, 135, 135, 38, 38, 135, 38, 2, 185, 38, 38, 38, 223, 2, 223, 38, 38, 221, 221, 38, 219, 221, 38, 221, 221, 221, 38, 38, 38, 221, 82, 205, 38, 2, 38, 2, 183, 82, 82, 51, 185, 2, 2, 177, 2, 2, 2, 185, 193, 193, 38, 38, 145, 145, 38, 193, 146, 143, 146, 146, 146, 146, 146, 2, 30, 2, 2, 177, 177, 2, 2, 146, 183, 2, 146, 146, 2, 2, 106, 146, 146, 146, 146, 146, 2, 2, 137, 137, 137, 146, 79, 153, 79, 79, 148, 79, 79, 2, 199, 79, 79, 2, 79, 79, 2, 199, 2, 2, 2, 137, 137, 137, 146, 2, 38, 137, 79, 146, 43, 65, 65, 65, 42, 212, 86, 2, 2, 211, 128, 145, 2, 2, 2, 2, 2, 2, 192, 58, 2, 119, 2, 119, 2, 2, 2, 2, 38, 222, 135, 2, 38, 106, 143, 2, 2, 2, 57, 143, 2, 145, 2, 2, 2, 45, 2, 106, 2, 183, 38, 137, 183, 38, 2, 2, 14, 23, 84, 5, 2, 41, 5, 29, 5, 5, 84, 84, 137, 57, 84, 57, 158, 57, 57, 57, 57, 75, 57, 57, 57, 57, 5, 106, 57, 5, 57, 57, 57, 57, 106, 198, 14, 5, 57, 54, 57, 57, 5, 57, 106, 106, 57, 5, 5, 57, 57, 5, 57, 2, 57, 57, 57, 84, 84, 2, 146, 5, 57, 57, 143, 2, 2, 14, 84, 57, 106, 203, 5, 190, 5, 57, 2, 57, 92, 2, 57, 57, 57, 57, 2, 2, 57, 57, 57, 84, 45, 145, 57, 57, 57, 57, 57, 57, 5, 57, 57, 152, 57, 0, 157, 57, 57, 57, 57, 84, 2, 45, 0, 57, 57, 197, 2, 2, 122, 2, 84, 57, 84, 132, 5, 57, 189, 5, 57, 57, 57, 57, 45, 84, 123, 57, 5, 5, 5, 57, 5, 57, 220, 57, 57, 84, 57, 2, 132, 60, 0, 57, 57, 93, 57, 84, 14, 119, 106, 2, 57, 57, 5, 57, 57, 122, 2, 57, 57, 123, 24, 5, 57, 93, 57, 57, 57, 84, 84, 144, 144, 57, 51, 2, 117, 2, 57, 144, 5, 0, 57, 57, 48, 57, 146, 84, 84, 2, 2, 5, 5, 57, 57, 84, 5, 5, 5, 57, 2, 5, 19, 14, 57, 84, 29, 5, 57, 57, 106, 57, 84, 23, 147, 2, 57, 57, 84, 84, 158, 5, 57, 5, 0, 106, 84, 5, 0, 57, 57, 57, 220, 119, 144, 2, 84, 45, 5, 150, 0, 57, 84, 84, 2, 75, 57, 57, 57, 84, 57, 2, 57, 0, 2, 84, 84, 57, 57, 5, 5, 57, 2, 2, 57, 5, 84, 57, 84, 2, 41, 5, 57, 20, 57, 2, 57, 158, 41, 57, 37, 84, 57, 5, 183, 5, 158, 57, 84, 84, 57, 106, 57, 5, 56, 99, 2, 84, 158, 211, 57, 57, 5, 57, 5, 5, 5, 29, 5, 5, 5, 84, 146, 57, 84, 93, 119, 57, 57, 84, 5, 57, 158, 5, 5, 57, 5, 84, 45, 84, 5, 57, 57, 84, 57, 84, 5, 84, 154, 145, 172, 5, 191, 145, 145, 57, 57, 57, 5, 5, 5, 84, 171, 5, 84, 5, 47, 5, 211, 84, 5, 5, 2, 84, 84, 84, 106, 5, 57, 84, 197, 84, 84, 84, 20, 84, 57, 84, 137, 20, 137, 77, 137, 158, 5, 84, 57, 57, 57, 2, 84, 137, 84, 57, 57, 84, 2, 84, 57, 57, 84, 106, 0, 57, 84, 57, 84, 84, 84, 57, 57, 84, 57, 145, 158, 106, 158, 146, 106, 2, 106, 106, 106, 106, 45, 220, 106, 2, 2, 146, 106, 145, 205, 106, 146, 45, 41, 106, 106, 79, 2, 146, 146, 146, 2, 2, 2, 2, 137, 3, 137, 11, 137, 143, 79, 137, 79, 67, 205, 29, 55, 2, 118, 146, 177, 143, 222, 2, 2, 158, 79, 2, 158, 2, 68, 183, 2, 2, 2, 2, 146, 168, 79, 69, 2, 41, 2, 2, 38, 2, 135, 88, 146, 222, 45, 123, 2, 2, 2, 205, 134, 51, 41, 205, 2, 2, 38, 2, 38, 204, 205, 2, 2, 2, 2, 29, 2, 119, 38, 158, 2, 41, 25, 2, 138, 145, 50, 143, 2, 2, 205, 2, 79, 123, 3, 132, 149, 38, 2, 2, 2, 45, 146, 65, 2, 2, 197, 203, 2, 123, 205, 45, 2, 2, 2, 73, 2, 2, 2, 156, 2, 2, 2, 85, 158, 2, 45, 79, 2, 161, 38, 106, 228, 2, 2, 2, 2, 2, 2, 112, 51, 45, 51, 2, 185, 87, 11, 2, 119, 203, 2, 105, 2, 2, 25, 2, 2, 2, 46, 158, 197, 2, 2, 2, 123, 106, 2, 2, 3, 62, 65, 2, 79, 188, 137, 25, 79, 79, 79, 79, 158, 137, 146, 25, 88, 205, 2, 2, 2, 118, 146, 185, 149, 183, 2, 177, 2, 87, 46, 2, 29, 38, 29, 221, 106, 29, 158, 158, 2, 158, 38, 38, 2, 146, 2, 158, 158, 106, 2, 38, 2, 135, 143, 158, 2, 158, 143, 38, 41, 41, 222, 2, 2, 85, 2, 222, 158, 29, 203, 205, 106, 45, 203, 72, 2, 158, 106, 158, 143, 25, 158, 2, 106, 158, 158, 2, 158, 2, 106, 2, 205, 2, 2, 2, 205, 45, 2, 122, 119, 41, 143, 2, 29, 50, 205, 205, 69, 143, 2, 2, 146, 119, 2, 205, 2, 2, 134, 168, 145, 2, 2, 2, 2, 2, 2, 2, 185, 2, 2, 158, 2, 2, 2, 2, 50, 2, 2, 2, 2, 158, 51, 2, 2, 2, 2, 2, 2, 2, 204, 2, 2, 45, 50, 203, 228, 50, 228, 50, 2, 50, 158, 2, 2, 106, 2, 29, 197, 2, 2, 145, 2, 112, 197, 203, 51, 158, 2, 2, 123, 123, 146, 146, 123, 197, 2, 136, 138, 123, 123, 45, 106, 2, 123, 2, 2, 2, 53, 123, 2, 146, 2, 51, 132, 25, 2, 2, 2, 138, 106, 2, 158, 2, 2, 51, 2, 2, 106, 158, 2, 2, 2, 145, 158, 2, 2, 2, 45, 112, 51, 2, 2, 2, 2, 2, 2, 132, 161, 2, 51, 2, 203, 2, 2, 2, 2, 143, 2, 50, 158, 123, 188, 75, 186, 158, 203, 143, 2, 132, 158, 2, 185, 123, 2, 197, 143, 50, 2, 132, 29, 2, 106, 2, 2, 2, 25, 2, 45, 146, 2, 158, 158, 25, 2, 132, 45, 2, 158, 11, 2, 2, 158, 146, 137, 143, 156, 3, 137, 137, 215, 11, 137, 79, 215, 101, 215, 79, 215, 137, 2, 96, 183, 43, 43, 41, 2, 79, 2, 183, 101, 215, 205, 215, 167, 96, 135, 38, 215, 203, 215, 96, 74, 2, 215, 106, 2, 111, 137, 2, 79, 137, 215, 215, 135, 2, 2, 215, 2, 183, 96, 143, 185, 162, 183, 70, 215, 215, 123, 2, 137, 122, 212, 96, 137, 2, 215, 96, 215, 183, 96, 137, 2, 96, 41, 96, 79, 96, 106, 215, 96, 215, 96, 96, 215, 227, 225, 96, 96, 96, 2, 215, 79, 79, 123, 178, 38, 215, 197, 45, 197, 96, 137, 45, 215, 137, 51, 215, 215, 96, 