{"Run": 6, "K": 229, "WCSSD": 2430.0914607990085, "Purity": 0.4612081305468079, "Time": 9.966284990310669, "Kmeans_Labels": [109, 136, 11, 11, 11, 11, 186, 44, 11, 158, 11, 32, 136, 136, 11, 11, 199, 84, 126, 11, 11, 11, 11, 136, 136, 84, 136, 78, 117, 11, 136, 11, 117, 84, 136, 136, 136, 203, 32, 136, 11, 186, 131, 33, 165, 11, 136, 11, 11, 36, 136, 126, 126, 64, 109, 108, 126, 84, 11, 11, 11, 84, 136, 57, 108, 223, 136, 136, 136, 108, 84, 11, 11, 136, 6, 11, 109, 11, 199, 11, 116, 11, 225, 84, 44, 11, 136, 137, 11, 158, 11, 11, 108, 158, 11, 200, 11, 11, 44, 11, 44, 6, 11, 219, 219, 186, 186, 219, 11, 6, 165, 165, 165, 136, 109, 6, 64, 11, 11, 88, 11, 11, 88, 11, 11, 88, 200, 11, 126, 11, 88, 88, 11, 11, 11, 11, 11, 11, 11, 11, 164, 11, 11, 11, 88, 88, 11, 11, 11, 11, 88, 80, 136, 11, 11, 88, 11, 11, 11, 11, 11, 88, 88, 11, 186, 159, 166, 64, 26, 136, 199, 11, 11, 126, 88, 11, 57, 9, 88, 11, 136, 126, 159, 159, 88, 11, 88, 11, 11, 64, 11, 164, 64, 88, 11, 11, 11, 210, 11, 158, 44, 11, 199, 57, 88, 44, 88, 44, 136, 11, 11, 11, 44, 44, 44, 88, 88, 172, 32, 109, 44, 6, 11, 32, 126, 88, 11, 32, 126, 88, 11, 11, 44, 11, 109, 11, 158, 33, 6, 6, 88, 11, 164, 44, 126, 158, 64, 11, 210, 88, 186, 32, 11, 88, 188, 11, 88, 11, 88, 11, 136, 109, 32, 11, 219, 11, 210, 219, 11, 11, 220, 186, 11, 11, 186, 11, 6, 11, 88, 219, 88, 109, 109, 11, 186, 186, 57, 219, 186, 126, 88, 186, 11, 165, 11, 186, 11, 186, 165, 126, 11, 186, 11, 200, 32, 186, 186, 186, 186, 165, 164, 85, 32, 200, 122, 109, 199, 165, 165, 200, 165, 122, 126, 165, 57, 32, 11, 139, 164, 109, 11, 88, 88, 109, 126, 11, 88, 97, 84, 88, 11, 64, 164, 210, 88, 126, 35, 88, 11, 6, 164, 136, 126, 11, 32, 109, 11, 26, 52, 79, 79, 11, 6, 79, 165, 164, 79, 79, 88, 11, 79, 79, 79, 88, 64, 88, 88, 88, 136, 199, 11, 8, 88, 199, 11, 126, 126, 84, 11, 64, 170, 11, 199, 11, 131, 136, 57, 69, 11, 33, 164, 11, 11, 11, 11, 164, 88, 11, 11, 11, 11, 11, 108, 136, 136, 11, 186, 210, 136, 88, 136, 11, 136, 136, 33, 219, 11, 109, 52, 79, 79, 131, 11, 136, 11, 50, 50, 64, 64, 11, 11, 11, 80, 80, 158, 158, 165, 165, 11, 165, 32, 32, 165, 33, 11, 79, 79, 11, 79, 79, 11, 11, 11, 108, 108, 136, 76, 76, 108, 108, 108, 108, 11, 108, 69, 65, 11, 11, 158, 158, 44, 44, 158, 158, 158, 11, 11, 158, 158, 23, 80, 11, 158, 158, 11, 71, 11, 80, 80, 11, 44, 176, 164, 158, 158, 11, 158, 158, 219, 11, 11, 11, 11, 11, 11, 11, 141, 219, 141, 11, 219, 126, 219, 219, 219, 219, 126, 200, 200, 87, 87, 186, 165, 165, 200, 200, 165, 165, 37, 32, 165, 186, 186, 158, 158, 6, 6, 37, 37, 37, 37, 189, 189, 165, 37, 11, 174, 174, 174, 174, 69, 11, 164, 164, 32, 11, 11, 32, 32, 11, 11, 11, 11, 17, 227, 11, 11, 164, 11, 11, 11, 11, 11, 11, 11, 11, 11, 11, 126, 162, 162, 80, 11, 80, 6, 6, 14, 14, 14, 14, 131, 131, 39, 39, 79, 79, 11, 79, 79, 14, 14, 169, 169, 79, 79, 79, 79, 14, 11, 11, 69, 11, 136, 100, 100, 100, 100, 100, 100, 100, 100, 100, 32, 32, 100, 100, 114, 136, 100, 100, 82, 100, 64, 100, 100, 100, 100, 57, 33, 33, 11, 79, 131, 131, 199, 199, 108, 108, 11, 109, 108, 108, 118, 11, 11, 11, 108, 11, 11, 33, 57, 127, 11, 11, 11, 131, 33, 11, 127, 199, 158, 158, 11, 158, 158, 11, 11, 108, 199, 11, 108, 11, 11, 11, 158, 137, 158, 158, 158, 33, 158, 34, 136, 23, 158, 158, 158, 158, 34, 158, 158, 36, 11, 158, 158, 158, 158, 158, 158, 36, 137, 11, 158, 158, 158, 158, 33, 11, 11, 11, 219, 219, 219, 165, 219, 219, 11, 165, 219, 215, 200, 87, 165, 219, 165, 87, 165, 165, 165, 200, 165, 109, 165, 165, 165, 219, 11, 165, 200, 190, 134, 109, 165, 200, 80, 165, 165, 165, 64, 11, 165, 165, 165, 37, 37, 130, 165, 130, 165, 37, 37, 37, 125, 67, 165, 129, 165, 32, 165, 165, 165, 11, 165, 165, 165, 171, 184, 222, 222, 222, 171, 11, 11, 184, 165, 165, 165, 165, 84, 84, 165, 165, 11, 11, 11, 11, 11, 164, 6, 6, 11, 11, 11, 109, 109, 11, 11, 11, 109, 11, 126, 6, 11, 11, 64, 11, 11, 6, 200, 200, 11, 11, 79, 79, 79, 64, 14, 79, 79, 14, 57, 183, 39, 199, 79, 79, 183, 11, 79, 79, 11, 79, 199, 199, 11, 79, 79, 79, 64, 11, 11, 79, 169, 6, 6, 11, 11, 11, 79, 11, 11, 108, 11, 64, 108, 108, 108, 11, 63, 11, 11, 11, 11, 6, 11, 107, 11, 137, 144, 11, 199, 11, 165, 219, 165, 128, 165, 64, 11, 199, 199, 199, 157, 136, 11, 11, 11, 199, 136, 26, 84, 126, 11, 109, 165, 79, 109, 165, 11, 11, 123, 11, 123, 106, 11, 49, 106, 33, 106, 94, 123, 123, 79, 157, 123, 157, 50, 157, 157, 157, 149, 167, 157, 157, 149, 157, 106, 64, 157, 106, 157, 19, 157, 94, 94, 157, 123, 106, 157, 157, 157, 157, 106, 157, 94, 94, 157, 106, 106, 157, 157, 224, 149, 11, 157, 149, 157, 123, 123, 11, 126, 106, 149, 157, 11, 136, 11, 123, 123, 157, 64, 81, 106, 157, 106, 149, 11, 149, 157, 11, 157, 157, 157, 157, 11, 11, 157, 157, 149, 123, 126, 11, 157, 157, 157, 157, 157, 149, 106, 157, 149, 149, 157, 149, 157, 157, 149, 157, 157, 123, 140, 176, 123, 157, 157, 223, 6, 11, 21, 11, 123, 157, 123, 131, 106, 157, 193, 106, 123, 157, 157, 149, 72, 123, 69, 157, 106, 106, 106, 157, 106, 157, 11, 157, 157, 123, 157, 11, 131, 106, 106, 157, 157, 157, 157, 123, 123, 149, 200, 11, 157, 163, 106, 157, 157, 21, 11, 157, 157, 69, 123, 106, 149, 157, 157, 157, 157, 123, 123, 157, 106, 157, 164, 11, 70, 149, 157, 80, 106, 149, 157, 157, 157, 157, 11, 123, 123, 11, 11, 106, 106, 149, 19, 123, 106, 106, 106, 157, 196, 106, 9, 123, 214, 123, 33, 106, 157, 157, 64, 157, 123, 11, 157, 11, 157, 157, 123, 123, 64, 106, 149, 106, 149, 126, 123, 106, 94, 157, 157, 157, 136, 137, 179, 11, 123, 176, 28, 157, 175, 157, 123, 123, 11, 167, 157, 149, 157, 123, 157, 11, 157, 106, 11, 123, 123, 157, 157, 106, 106, 149, 176, 136, 157, 106, 123, 157, 123, 11, 219, 106, 149, 106, 157, 43, 157, 64, 219, 157, 106, 123, 157, 106, 198, 106, 199, 157, 123, 123, 157, 3, 157, 106, 157, 106, 11, 123, 126, 64, 157, 157, 106, 157, 106, 106, 106, 33, 106, 224, 106, 123, 11, 157, 123, 26, 137, 157, 157, 123, 106, 157, 126, 106, 106, 149, 106, 187, 6, 123, 106, 157, 157, 123, 157, 123, 106, 123, 157, 149, 123, 106, 11, 117, 117, 149, 149, 157, 106, 106, 106, 123, 123, 106, 91, 106, 157, 105, 64, 123, 94, 106, 11, 123, 123, 123, 3, 106, 157, 123, 223, 123, 123, 123, 106, 123, 157, 123, 79, 106, 79, 106, 79, 64, 106, 123, 157, 157, 157, 11, 123, 79, 123, 157, 157, 123, 11, 3, 204, 157, 123, 64, 126, 157, 123, 157, 123, 123, 123, 157, 149, 123, 157, 117, 68, 126, 64, 126, 126, 11, 126, 126, 126, 126, 64, 126, 126, 11, 11, 126, 126, 11, 32, 126, 11, 199, 219, 126, 126, 79, 136, 126, 126, 126, 11, 11, 60, 11, 79, 11, 79, 54, 79, 48, 79, 79, 169, 79, 32, 33, 136, 158, 11, 11, 171, 11, 200, 11, 11, 151, 11, 11, 126, 11, 11, 201, 11, 7, 45, 11, 79, 23, 64, 32, 11, 219, 225, 11, 165, 160, 165, 6, 136, 219, 6, 69, 11, 11, 11, 32, 11, 152, 219, 32, 11, 11, 165, 84, 165, 158, 32, 11, 108, 11, 11, 33, 207, 107, 165, 108, 11, 1, 11, 11, 6, 84, 71, 11, 11, 225, 51, 11, 169, 132, 108, 131, 11, 165, 11, 11, 11, 64, 11, 79, 11, 158, 223, 57, 11, 69, 32, 64, 11, 158, 11, 155, 11, 186, 11, 64, 11, 11, 11, 200, 108, 11, 136, 14, 11, 109, 87, 11, 11, 102, 11, 11, 11, 11, 196, 84, 164, 64, 164, 11, 80, 109, 143, 11, 137, 11, 136, 65, 11, 199, 11, 11, 73, 11, 188, 64, 223, 11, 11, 11, 69, 11, 11, 136, 11, 50, 79, 11, 169, 165, 79, 11, 64, 79, 11, 14, 151, 79, 11, 11, 6, 32, 11, 73, 11, 11, 11, 80, 11, 201, 11, 171, 11, 109, 188, 50, 228, 165, 10, 37, 11, 33, 126, 64, 11, 50, 165, 165, 84, 136, 11, 11, 50, 68, 11, 165, 11, 165, 136, 50, 207, 50, 64, 87, 1, 219, 219, 7, 11, 200, 11, 200, 50, 33, 57, 32, 11, 126, 57, 59, 136, 50, 11, 50, 11, 11, 50, 11, 68, 50, 136, 186, 64, 11, 126, 11, 51, 11, 11, 11, 32, 84, 11, 9, 137, 219, 173, 136, 33, 71, 32, 32, 32, 6, 158, 11, 6, 107, 11, 32, 11, 11, 11, 23, 84, 84, 6, 158, 11, 11, 102, 11, 80, 11, 45, 50, 2, 11, 84, 11, 71, 11, 6, 11, 158, 108, 164, 84, 108, 11, 158, 11, 11, 11, 158, 225, 225, 64, 71, 11, 11, 71, 11, 212, 11, 71, 64, 26, 11, 126, 84, 120, 223, 11, 11, 150, 11, 84, 223, 84, 152, 199, 11, 11, 69, 69, 6, 178, 69, 223, 11, 84, 6, 69, 69, 6, 11, 11, 69, 136, 196, 11, 11, 132, 11, 64, 126, 164, 131, 11, 93, 11, 11, 6, 126, 11, 126, 11, 