{"Run": 14, "K": 593, "WCSSD": 2034.1961623579095, "Purity": 0.44447088327956086, "Time": 34.78706479072571, "Kmeans_Labels": [96, 44, 23, 455, 8, 8, 504, 426, 44, 8, 8, 165, 8, 33, 165, 8, 8, 8, 8, 546, 51, 8, 402, 33, 527, 255, 264, 414, 423, 94, 33, 30, 423, 36, 337, 370, 33, 33, 25, 33, 264, 138, 433, 41, 33, 8, 527, 264, 12, 8, 168, 523, 523, 481, 151, 8, 415, 44, 455, 455, 8, 255, 353, 84, 8, 551, 397, 44, 33, 44, 44, 256, 165, 183, 61, 8, 8, 8, 8, 8, 256, 430, 207, 286, 426, 8, 173, 40, 350, 8, 8, 165, 8, 579, 8, 8, 556, 584, 426, 541, 426, 61, 8, 349, 349, 138, 138, 349, 55, 61, 545, 545, 545, 33, 139, 61, 586, 70, 8, 107, 8, 142, 107, 455, 38, 107, 8, 455, 256, 8, 107, 107, 277, 370, 481, 423, 8, 243, 165, 165, 414, 455, 455, 423, 107, 107, 8, 8, 8, 455, 107, 404, 173, 573, 8, 107, 8, 417, 455, 12, 8, 107, 107, 8, 8, 107, 173, 533, 103, 173, 107, 8, 52, 523, 107, 8, 262, 147, 107, 370, 36, 80, 437, 437, 107, 8, 107, 8, 177, 412, 248, 414, 2, 107, 8, 351, 8, 306, 8, 139, 426, 402, 402, 84, 107, 426, 107, 426, 173, 8, 402, 8, 426, 426, 426, 107, 107, 57, 25, 414, 426, 61, 8, 25, 257, 107, 36, 139, 523, 576, 8, 384, 426, 74, 426, 8, 139, 423, 152, 8, 107, 8, 414, 426, 523, 356, 248, 8, 306, 107, 513, 139, 163, 377, 370, 402, 107, 351, 107, 139, 8, 139, 25, 570, 349, 8, 306, 349, 8, 139, 8, 138, 323, 351, 138, 570, 514, 8, 171, 117, 327, 151, 386, 8, 590, 369, 120, 349, 138, 256, 107, 138, 491, 545, 572, 441, 407, 138, 335, 248, 165, 138, 8, 572, 510, 138, 138, 138, 77, 545, 414, 151, 8, 8, 139, 151, 8, 545, 545, 30, 545, 545, 523, 545, 84, 25, 8, 151, 414, 545, 423, 107, 107, 96, 523, 96, 577, 151, 402, 107, 8, 8, 567, 306, 482, 36, 304, 107, 8, 8, 448, 488, 523, 8, 25, 8, 570, 103, 364, 492, 102, 165, 252, 492, 545, 414, 575, 544, 107, 8, 102, 102, 575, 107, 393, 107, 107, 107, 36, 8, 351, 586, 107, 264, 8, 523, 523, 8, 455, 306, 525, 105, 570, 323, 433, 250, 84, 153, 8, 41, 414, 8, 455, 8, 30, 414, 107, 8, 455, 8, 570, 8, 90, 311, 44, 434, 572, 306, 173, 107, 173, 8, 202, 129, 41, 349, 297, 545, 364, 398, 102, 433, 8, 338, 8, 306, 306, 423, 423, 47, 455, 8, 419, 419, 53, 53, 545, 545, 66, 545, 345, 345, 545, 41, 8, 387, 387, 481, 492, 492, 8, 8, 8, 299, 299, 423, 433, 433, 455, 570, 570, 519, 455, 90, 153, 414, 264, 55, 508, 508, 530, 530, 8, 478, 478, 561, 561, 560, 560, 560, 321, 422, 63, 63, 168, 9, 8, 50, 50, 370, 426, 0, 414, 139, 139, 297, 139, 139, 242, 23, 23, 8, 195, 195, 198, 198, 8, 424, 8, 10, 349, 248, 10, 349, 349, 10, 248, 8, 8, 545, 545, 138, 55, 55, 443, 443, 267, 267, 139, 510, 579, 138, 138, 139, 139, 128, 128, 352, 352, 534, 534, 349, 349, 545, 545, 520, 210, 210, 429, 429, 153, 8, 414, 414, 25, 8, 8, 25, 25, 8, 8, 8, 8, 370, 8, 8, 8, 414, 8, 370, 370, 448, 448, 30, 8, 8, 113, 113, 256, 102, 102, 276, 165, 276, 264, 264, 575, 575, 575, 575, 239, 239, 492, 492, 575, 575, 8, 102, 102, 575, 575, 230, 230, 102, 575, 492, 492, 102, 481, 8, 153, 8, 173, 19, 19, 19, 73, 280, 19, 19, 19, 110, 25, 25, 19, 19, 19, 33, 19, 378, 19, 19, 348, 19, 19, 19, 19, 84, 41, 41, 8, 492, 433, 433, 8, 8, 470, 470, 556, 151, 517, 517, 556, 366, 8, 366, 90, 8, 455, 41, 27, 167, 8, 8, 36, 179, 41, 8, 379, 44, 449, 449, 156, 449, 449, 8, 8, 508, 433, 8, 501, 8, 8, 8, 501, 40, 139, 236, 236, 41, 139, 315, 36, 560, 139, 139, 139, 8, 315, 501, 139, 168, 168, 8, 139, 8, 8, 139, 236, 236, 40, 8, 139, 139, 8, 242, 92, 55, 109, 109, 349, 349, 349, 545, 349, 435, 8, 545, 349, 349, 5, 545, 545, 349, 545, 99, 99, 545, 545, 8, 55, 443, 545, 545, 545, 349, 385, 545, 545, 545, 545, 185, 545, 537, 404, 432, 545, 545, 30, 8, 459, 545, 545, 238, 534, 224, 545, 224, 591, 352, 238, 238, 71, 238, 545, 427, 434, 25, 71, 319, 545, 8, 319, 434, 434, 411, 258, 411, 411, 411, 411, 8, 8, 258, 545, 545, 545, 545, 367, 367, 545, 579, 570, 165, 570, 113, 428, 414, 264, 370, 264, 8, 8, 545, 545, 113, 8, 428, 414, 8, 256, 396, 8, 8, 541, 30, 30, 264, 30, 30, 370, 370, 166, 102, 102, 3, 575, 492, 492, 575, 115, 331, 492, 213, 180, 239, 331, 8, 363, 363, 36, 180, 434, 434, 264, 102, 340, 102, 264, 8, 545, 102, 230, 396, 61, 8, 8, 8, 102, 423, 8, 90, 72, 248, 519, 399, 309, 8, 30, 8, 8, 8, 30, 8, 101, 376, 8, 324, 570, 526, 201, 566, 545, 349, 545, 248, 545, 248, 248, 8, 8, 8, 244, 587, 455, 423, 370, 370, 226, 103, 255, 523, 217, 96, 579, 102, 96, 579, 8, 8, 234, 165, 420, 131, 334, 125, 131, 41, 235, 13, 234, 539, 102, 244, 234, 244, 306, 244, 244, 244, 244, 480, 244, 244, 17, 244, 361, 306, 244, 131, 244, 260, 244, 13, 512, 244, 234, 131, 244, 79, 244, 307, 131, 244, 13, 562, 244, 582, 131, 244, 244, 131, 157, 8, 244, 97, 244, 234, 468, 8, 256, 131, 244, 162, 8, 264, 8, 234, 244, 553, 248, 84, 131, 193, 131, 97, 264, 244, 244, 8, 244, 244, 244, 244, 8, 552, 244, 244, 144, 234, 30, 423, 551, 244, 244, 244, 244, 244, 131, 244, 389, 244, 190, 339, 244, 244, 244, 244, 244, 457, 44, 0, 339, 244, 465, 551, 8, 8, 147, 8, 234, 244, 234, 433, 131, 244, 334, 582, 244, 588, 244, 244, 8, 234, 153, 186, 131, 131, 131, 325, 502, 244, 302, 244, 244, 211, 244, 21, 433, 131, 131, 244, 244, 244, 244, 234, 234, 97, 30, 8, 244, 244, 29, 244, 503, 147, 8, 244, 244, 153, 160, 131, 244, 2, 244, 244, 244, 234, 234, 244, 131, 507, 221, 8, 244, 8, 209, 172, 131, 339, 244, 244, 33, 244, 54, 539, 234, 8, 165, 131, 131, 244, 244, 234, 131, 131, 131, 244, 8, 28, 78, 234, 244, 234, 41, 131, 244, 244, 412, 244, 234, 165, 244, 274, 244, 244, 420, 522, 481, 131, 244, 131, 339, 306, 82, 131, 13, 244, 244, 244, 2, 40, 172, 264, 234, 0, 131, 244, 131, 244, 234, 234, 526, 480, 471, 244, 244, 234, 244, 334, 244, 131, 570, 234, 234, 244, 362, 204, 131, 244, 8, 8, 244, 131, 234, 141, 234, 8, 349, 131, 244, 346, 79, 30, 244, 481, 349, 244, 131, 234, 244, 131, 151, 18, 248, 244, 234, 234, 244, 18, 244, 131, 244, 131, 8, 244, 248, 248, 244, 244, 131, 244, 131, 131, 131, 41, 131, 131, 131, 234, 264, 18, 234, 103, 40, 157, 244, 565, 235, 244, 58, 131, 131, 244, 131, 234, 481, 234, 131, 244, 244, 234, 253, 234, 131, 234, 569, 423, 234, 131, 8, 228, 423, 244, 244, 244, 131, 131, 131, 59, 234, 131, 234, 131, 244, 131, 248, 498, 13, 131, 288, 234, 234, 234, 18, 346, 585, 234, 551, 539, 234, 234, 374, 234, 244, 234, 492, 346, 102, 346, 102, 481, 496, 234, 244, 244, 244, 542, 234, 492, 234, 244, 244, 234, 8, 18, 244, 244, 98, 306, 339, 244, 234, 244, 234, 234, 234, 244, 244, 234, 244, 423, 295, 523, 306, 533, 523, 256, 523, 523, 523, 523, 248, 2, 523, 8, 259, 256, 523, 423, 25, 523, 8, 36, 259, 523, 523, 559, 173, 257, 257, 257, 217, 8, 248, 8, 102, 317, 383, 284, 492, 413, 492, 492, 263, 492, 541, 41, 44, 368, 8, 428, 411, 8, 8, 8, 388, 481, 524, 526, 481, 455, 308, 151, 8, 8, 46, 8, 264, 560, 575, 25, 370, 126, 347, 8, 545, 570, 267, 8, 173, 349, 306, 153, 424, 8, 165, 25, 300, 414, 146, 25, 394, 8, 534, 165, 545, 449, 25, 8, 181, 377, 328, 41, 154, 376, 545, 508, 8, 349, 271, 165, 44, 423, 446, 481, 8, 207, 25, 8, 575, 153, 333, 433, 8, 545, 8, 8, 8, 481, 264, 492, 592, 8, 551, 84, 8, 425, 25, 36, 8, 8, 8, 41, 8, 138, 344, 575, 8, 570, 8, 8, 309, 8, 371, 575, 570, 151, 545, 30, 8, 255, 8, 8, 455, 165, 8, 165, 414, 586, 414, 329, 404, 151, 364, 254, 40, 212, 490, 343, 8, 8, 8, 165, 8, 165, 370, 481, 551, 8, 8, 8, 153, 306, 481, 87, 317, 466, 492, 8, 263, 549, 492, 8, 575, 492, 524, 575, 481, 383, 264, 402, 8, 541, 574, 8, 388, 8, 428, 404, 8, 151, 8, 411, 8, 151, 370, 579, 41, 545, 41, 545, 8, 41, 306, 526, 570, 481, 534, 545, 8, 173, 8, 481, 481, 256, 8, 545, 8, 267, 586, 481, 154, 481, 529, 545, 349, 146, 349, 8, 570, 8, 424, 8, 481, 41, 84, 25, 337, 306, 84, 138, 481, 481, 248, 481, 481, 402, 481, 526, 256, 570, 184, 138, 359, 8, 523, 8, 25, 377, 8, 8, 25, 11, 8, 147, 40, 126, 247, 87, 41, 446, 25, 25, 25, 100, 368, 165, 541, 376, 36, 25, 254, 165, 300, 560, 423, 165, 481, 501, 8, 8, 255, 8, 404, 8, 46, 481, 314, 8, 139, 8, 9, 8, 8, 329, 8, 508, 414, 255, 181, 8, 8, 370, 8, 165, 449, 207, 347, 481, 9, 212, 8, 9, 8, 557, 8, 9, 481, 103, 8, 523, 139, 581, 268, 165, 344, 423, 8, 255, 475, 84, 414, 8, 8, 570, 495, 298, 30, 81, 