{"Run": 7, "K": 521, "WCSSD": 2092.572519354951, "Purity": 0.4285499184587818, "Time": 27.8268940448761, "Kmeans_Labels": [138, 106, 279, 335, 1, 1, 106, 174, 106, 170, 213, 104, 74, 74, 97, 1, 1, 329, 95, 56, 1, 1, 391, 74, 415, 62, 244, 452, 56, 373, 71, 1, 56, 1, 480, 1, 20, 20, 104, 20, 212, 20, 203, 36, 20, 1, 415, 1, 1, 330, 207, 474, 474, 1, 209, 306, 1, 106, 98, 335, 1, 62, 1, 286, 306, 63, 20, 106, 20, 306, 106, 1, 1, 1, 58, 1, 1, 1, 26, 1, 1, 480, 88, 246, 41, 1, 480, 67, 1, 1, 1, 329, 306, 147, 1, 1, 1, 1, 41, 1, 41, 58, 1, 68, 68, 275, 275, 165, 1, 206, 203, 203, 203, 20, 196, 58, 474, 142, 1, 187, 1, 1, 249, 512, 335, 249, 172, 335, 95, 514, 199, 249, 336, 1, 1, 56, 1, 1, 224, 1, 452, 335, 335, 56, 249, 249, 329, 1, 1, 335, 249, 83, 1, 56, 1, 249, 1, 1, 335, 1, 1, 249, 249, 1, 1, 249, 1, 95, 102, 1, 1, 391, 1, 474, 249, 334, 286, 87, 249, 1, 1, 1, 438, 111, 249, 1, 249, 1, 114, 95, 1, 452, 192, 249, 335, 506, 1, 95, 1, 500, 41, 391, 391, 286, 249, 41, 249, 450, 1, 219, 391, 1, 41, 41, 41, 249, 249, 170, 104, 452, 41, 58, 1, 104, 329, 249, 329, 148, 474, 391, 1, 1, 41, 1, 41, 147, 170, 56, 1, 1, 249, 405, 452, 41, 474, 41, 172, 1, 95, 242, 275, 500, 1, 416, 212, 391, 217, 506, 249, 1, 1, 1, 471, 404, 68, 1, 95, 68, 201, 500, 391, 275, 427, 506, 275, 490, 395, 391, 249, 68, 249, 240, 307, 391, 391, 275, 286, 261, 197, 95, 249, 275, 1, 203, 1, 297, 1, 275, 203, 56, 1, 275, 1, 1, 1, 275, 275, 122, 1, 203, 374, 307, 1, 172, 500, 307, 1, 203, 203, 172, 151, 203, 474, 203, 301, 120, 1, 307, 452, 203, 56, 249, 249, 138, 474, 138, 249, 307, 18, 249, 1, 1, 278, 95, 134, 474, 1, 249, 1, 1, 278, 219, 474, 1, 1, 1, 444, 102, 327, 513, 55, 1, 329, 257, 203, 452, 508, 55, 249, 1, 55, 55, 508, 249, 508, 249, 249, 249, 391, 131, 1, 172, 249, 263, 1, 474, 474, 329, 60, 95, 1, 1, 383, 421, 312, 1, 286, 428, 1, 36, 452, 1, 335, 391, 95, 452, 1, 335, 335, 1, 401, 480, 306, 480, 264, 329, 275, 95, 329, 249, 95, 1, 1, 1, 36, 68, 1, 1, 40, 55, 55, 87, 1, 480, 258, 480, 480, 56, 56, 1, 335, 1, 83, 83, 121, 121, 311, 311, 203, 203, 104, 104, 203, 36, 1, 230, 230, 133, 513, 513, 1, 1, 377, 456, 456, 1, 306, 306, 335, 472, 472, 306, 335, 48, 52, 452, 1, 1, 147, 147, 41, 41, 42, 147, 147, 1, 1, 147, 147, 147, 83, 1, 1, 1, 375, 70, 1, 83, 83, 1, 41, 416, 452, 295, 295, 1, 147, 147, 158, 279, 279, 1, 222, 222, 1, 1, 110, 1, 110, 344, 497, 1, 344, 497, 497, 344, 1, 1, 1, 282, 282, 275, 203, 203, 460, 460, 203, 203, 1, 104, 203, 275, 275, 500, 500, 64, 64, 188, 188, 191, 191, 1, 1, 203, 203, 1, 300, 300, 300, 300, 52, 1, 452, 452, 104, 412, 412, 104, 104, 1, 1, 1, 1, 1, 1, 488, 488, 452, 1, 1, 1, 387, 387, 78, 1, 1, 1, 1, 95, 55, 55, 83, 329, 83, 1, 1, 508, 508, 508, 508, 169, 169, 469, 469, 513, 513, 480, 55, 55, 398, 398, 508, 508, 128, 128, 55, 55, 55, 454, 3, 52, 1, 219, 442, 274, 269, 269, 269, 433, 269, 269, 269, 233, 104, 269, 9, 269, 20, 269, 269, 269, 269, 95, 269, 269, 269, 269, 286, 1, 36, 1, 513, 313, 313, 1, 1, 456, 456, 388, 25, 306, 306, 353, 129, 1, 129, 48, 147, 335, 36, 286, 335, 1, 1, 1, 87, 36, 130, 500, 106, 147, 147, 143, 147, 147, 1, 1, 306, 235, 1, 306, 1, 42, 42, 147, 67, 147, 147, 147, 36, 147, 237, 418, 147, 147, 170, 147, 147, 237, 147, 147, 330, 1, 147, 214, 147, 1, 295, 147, 147, 67, 1, 295, 295, 147, 152, 147, 419, 1, 1, 68, 452, 68, 203, 68, 68, 1, 203, 68, 68, 302, 282, 203, 378, 282, 282, 282, 282, 91, 432, 203, 1, 203, 203, 203, 505, 1, 203, 505, 307, 203, 203, 203, 1, 83, 485, 203, 203, 219, 1, 203, 203, 203, 203, 191, 191, 203, 191, 481, 329, 434, 329, 203, 203, 203, 107, 296, 147, 203, 1, 203, 262, 203, 296, 296, 216, 83, 216, 216, 216, 216, 412, 412, 83, 124, 124, 203, 342, 62, 62, 342, 124, 210, 480, 210, 488, 1, 1, 488, 1, 1, 315, 315, 319, 319, 488, 1, 1, 452, 1, 95, 1, 1, 1, 172, 1, 1, 1, 1, 1, 1, 1, 55, 55, 55, 441, 508, 55, 298, 508, 286, 55, 469, 1, 513, 496, 55, 1, 496, 496, 172, 513, 1, 1, 1, 92, 55, 501, 1, 1, 329, 55, 508, 359, 58, 455, 455, 309, 55, 56, 424, 306, 245, 1, 306, 56, 306, 1, 1, 1, 1, 147, 329, 95, 1, 168, 1, 67, 401, 401, 1, 347, 203, 68, 203, 172, 203, 219, 329, 1, 1, 1, 402, 1, 335, 56, 1, 463, 463, 46, 62, 474, 1, 138, 203, 55, 138, 203, 178, 519, 123, 12, 31, 15, 480, 68, 15, 200, 299, 299, 31, 31, 55, 159, 31, 159, 303, 159, 190, 159, 159, 189, 159, 159, 159, 159, 15, 272, 159, 15, 159, 45, 11, 159, 480, 159, 31, 15, 159, 256, 159, 159, 15, 159, 299, 299, 159, 299, 15, 159, 159, 15, 159, 1, 159, 45, 159, 31, 31, 178, 95, 15, 159, 159, 1, 212, 417, 31, 87, 516, 172, 286, 15, 159, 15, 159, 386, 403, 159, 1, 159, 159, 45, 159, 178, 1, 159, 159, 159, 31, 474, 381, 223, 159, 159, 159, 159, 159, 15, 159, 159, 159, 159, 480, 45, 159, 159, 159, 159, 31, 106, 1, 31, 159, 159, 63, 1, 1, 87, 1, 31, 159, 31, 1, 15, 159, 272, 299, 45, 159, 159, 159, 1, 31, 52, 159, 15, 15, 468, 159, 15, 159, 192, 159, 159, 31, 159, 355, 1, 15, 15, 45, 159, 45, 159, 31, 31, 67, 95, 1, 159, 504, 15, 159, 159, 87, 519, 159, 159, 52, 31, 15, 159, 192, 228, 190, 159, 365, 31, 159, 15, 159, 90, 1, 159, 1, 159, 6, 15, 159, 159, 491, 223, 159, 247, 31, 31, 1, 419, 15, 15, 159, 45, 440, 144, 493, 81, 159, 1, 15, 37, 123, 161, 31, 193, 15, 159, 159, 172, 159, 31, 12, 159, 1, 159, 159, 31, 31, 329, 15, 159, 15, 480, 310, 338, 15, 159, 159, 159, 159, 192, 67, 493, 480, 231, 1, 15, 45, 480, 159, 31, 31, 186, 189, 29, 45, 159, 31, 446, 480, 159, 15, 401, 31, 31, 159, 139, 15, 15, 159, 1, 1, 185, 15, 248, 159, 31, 1, 68, 15, 159, 15, 159, 393, 28, 95, 419, 159, 15, 31, 159, 15, 307, 225, 95, 159, 86, 31, 159, 225, 159, 15, 159, 15, 82, 159, 290, 172, 159, 159, 15, 159, 15, 15, 15, 200, 15, 15, 15, 31, 1, 225, 31, 102, 67, 159, 145, 31, 299, 232, 219, 15, 15, 159, 15, 31, 95, 461, 15, 159, 45, 31, 159, 31, 61, 31, 150, 56, 31, 15, 1, 56, 56, 159, 430, 402, 15, 15, 15, 31, 31, 284, 31, 15, 159, 15, 172, 31, 299, 15, 95, 45, 31, 31, 225, 367, 159, 31, 63, 31, 31, 31, 440, 31, 159, 31, 513, 15, 55, 15, 385, 95, 294, 31, 45, 159, 159, 1, 31, 92, 31, 435, 190, 31, 1, 435, 159, 520, 31, 480, 480, 159, 31, 159, 31, 31, 45, 159, 159, 31, 159, 56, 480, 474, 480, 95, 474, 1, 474, 474, 474, 474, 172, 192, 474, 1, 335, 95, 474, 56, 104, 474, 1, 359, 335, 474, 474, 513, 72, 329, 329, 329, 1, 1, 1, 1, 55, 19, 55, 1, 55, 329, 458, 326, 508, 513, 349, 36, 106, 170, 252, 1, 216, 75, 172, 1, 369, 333, 508, 1, 95, 335, 1, 307, 1, 204, 410, 84, 1, 147, 354, 467, 479, 68, 88, 1, 203, 511, 203, 1, 359, 68, 1, 52, 1, 1, 1, 104, 1, 452, 68, 104, 1, 1, 191, 62, 203, 147, 154, 1, 1, 416, 335, 36, 1, 157, 203, 306, 1, 68, 408, 1, 1, 56, 70, 1, 1, 88, 104, 1, 508, 52, 100, 313, 1, 203, 377, 1, 1, 399, 1, 309, 80, 1, 63, 286, 377, 52, 104, 172, 1, 147, 1, 36, 437, 253, 283, 103, 1, 401, 1, 1, 306, 1, 324, 508, 401, 307, 282, 366, 1, 357, 318, 1, 59, 162, 1, 62, 452, 172, 452, 1, 6, 307, 40, 1, 439, 176, 106, 452, 1, 1, 1, 1, 396, 105, 172, 219, 63, 1, 1, 1, 52, 236, 1, 1, 19, 35, 309, 1, 508, 203, 55, 1, 354, 458, 508, 508, 333, 55, 1, 54, 1, 349, 1, 396, 369, 252, 1, 83, 1, 307, 1, 216, 84, 307, 172, 397, 487, 203, 36, 434, 95, 36, 329, 186, 401, 303, 191, 203, 1, 359, 84, 219, 136, 480, 1, 203, 1, 203, 1, 136, 1, 303, 348, 282, 68, 68, 68, 204, 401, 1, 1, 172, 136, 36, 286, 104, 480, 172, 286, 275, 1, 219, 219, 332, 1, 54, 226, 1, 480, 401, 474, 253, 95, 437, 474, 318, 104, 416, 1, 1, 104, 95, 1, 87, 439, 68, 453, 1, 36, 70, 104, 104, 467, 329, 170, 1, 503, 157, 172, 154, 1, 1, 1, 147, 56, 62, 1, 147, 1, 1, 357, 364, 6, 1, 410, 303, 500, 1, 170, 1, 70, 1, 1, 1, 147, 306, 452, 62, 1, 1, 1, 479, 1, 1, 147, 88, 88, 399, 70, 176, 1, 70, 1, 70, 334, 70, 219, 102, 1, 474, 356, 1, 63, 105, 283, 286, 1, 62, 63, 286, 452, 391, 1, 335, 52, 423, 389, 99, 52, 63, 1, 1, 423, 380, 380, 219, 366, 401, 52, 106, 1, 1, 335, 52, 1, 95, 480, 452, 195, 408, 153, 162, 59, 1, 212, 1, 95, 1, 1, 127, 1, 1, 236, 306, 335, 511, 1, 56, 480, 1, 1, 1, 1, 62, 99, 80, 1, 401, 245, 335, 1, 313, 307, 1, 452, 62, 286, 1, 500, 401, 227, 453, 1, 70, 226, 380, 203, 189, 476, 425, 286, 348, 1, 195, 95, 397, 