{"Run": 1, "K": 270, "WCSSD": 2348.5768339665506, "Purity": 0.36072145084466994, "Time": 12.83091688156128, "Kmeans_Labels": [218, 12, 241, 101, 0, 0, 12, 186, 230, 0, 0, 114, 137, 137, 0, 0, 258, 217, 0, 100, 0, 0, 44, 137, 137, 217, 0, 182, 100, 0, 200, 170, 100, 217, 0, 0, 137, 137, 114, 137, 251, 45, 246, 116, 137, 0, 137, 267, 0, 130, 200, 197, 197, 0, 218, 213, 0, 12, 101, 101, 0, 217, 0, 246, 213, 60, 137, 12, 137, 213, 221, 200, 0, 200, 73, 0, 233, 0, 258, 0, 0, 170, 202, 217, 186, 0, 267, 70, 0, 0, 0, 22, 213, 239, 251, 0, 217, 251, 186, 0, 186, 152, 0, 37, 37, 192, 192, 37, 0, 56, 163, 245, 163, 137, 31, 152, 170, 0, 198, 141, 0, 23, 141, 101, 101, 141, 0, 101, 260, 197, 141, 17, 0, 0, 0, 100, 138, 0, 0, 0, 182, 101, 101, 100, 141, 141, 69, 0, 0, 101, 141, 117, 267, 100, 0, 141, 0, 267, 101, 0, 0, 141, 141, 0, 0, 141, 267, 151, 267, 267, 258, 0, 0, 197, 141, 0, 13, 208, 141, 0, 200, 0, 251, 251, 141, 0, 141, 0, 40, 0, 0, 182, 107, 141, 101, 75, 0, 236, 0, 31, 186, 44, 258, 13, 141, 186, 126, 31, 0, 0, 44, 0, 186, 186, 186, 141, 141, 31, 114, 182, 186, 152, 121, 114, 260, 141, 0, 31, 197, 141, 0, 0, 186, 0, 186, 170, 31, 100, 0, 20, 141, 0, 182, 186, 197, 186, 0, 0, 236, 92, 31, 31, 155, 28, 197, 44, 141, 75, 141, 31, 21, 0, 114, 241, 37, 0, 236, 37, 170, 31, 0, 192, 197, 75, 192, 241, 197, 0, 141, 37, 141, 218, 218, 0, 192, 192, 13, 37, 192, 260, 141, 192, 0, 245, 0, 192, 0, 192, 245, 20, 0, 192, 0, 170, 0, 192, 192, 192, 192, 163, 182, 218, 0, 170, 31, 218, 258, 163, 245, 0, 245, 163, 197, 245, 13, 114, 0, 5, 182, 245, 100, 141, 141, 218, 197, 135, 141, 218, 44, 141, 210, 170, 182, 236, 141, 0, 134, 141, 0, 267, 182, 267, 197, 0, 114, 0, 241, 0, 66, 71, 242, 0, 0, 71, 245, 182, 38, 242, 141, 0, 71, 71, 38, 141, 38, 141, 141, 141, 0, 258, 21, 170, 141, 258, 103, 197, 197, 2, 101, 0, 0, 0, 258, 197, 246, 0, 13, 77, 0, 116, 182, 0, 101, 187, 260, 182, 0, 101, 101, 0, 241, 0, 213, 267, 12, 69, 192, 236, 267, 254, 267, 101, 0, 0, 116, 37, 0, 0, 66, 242, 242, 246, 0, 267, 20, 267, 267, 100, 100, 0, 223, 0, 11, 11, 31, 31, 245, 245, 0, 245, 114, 114, 245, 116, 20, 242, 242, 0, 71, 71, 0, 0, 220, 213, 213, 100, 246, 246, 213, 213, 213, 213, 101, 213, 6, 182, 128, 31, 0, 0, 186, 186, 109, 31, 31, 0, 0, 130, 130, 130, 11, 0, 31, 31, 200, 108, 62, 11, 11, 62, 186, 28, 182, 31, 31, 0, 130, 130, 37, 241, 241, 0, 241, 241, 0, 0, 173, 0, 173, 74, 164, 115, 74, 164, 164, 74, 115, 130, 235, 163, 163, 192, 31, 31, 0, 0, 31, 31, 189, 114, 245, 192, 192, 31, 31, 0, 0, 146, 146, 250, 250, 37, 37, 163, 163, 0, 11, 11, 11, 11, 6, 0, 182, 182, 114, 0, 0, 114, 114, 0, 0, 0, 0, 0, 0, 0, 0, 182, 0, 0, 0, 182, 182, 0, 0, 0, 0, 0, 260, 242, 242, 11, 251, 11, 177, 177, 38, 38, 178, 178, 0, 0, 71, 71, 38, 38, 0, 242, 242, 38, 38, 38, 38, 38, 38, 71, 71, 178, 0, 0, 6, 0, 200, 18, 18, 18, 18, 18, 18, 18, 18, 18, 114, 114, 18, 18, 18, 137, 18, 18, 18, 18, 138, 18, 18, 18, 18, 13, 116, 116, 0, 71, 246, 246, 258, 258, 213, 213, 217, 218, 213, 213, 217, 0, 171, 0, 213, 130, 101, 116, 13, 128, 0, 216, 0, 208, 131, 0, 128, 259, 130, 130, 251, 130, 130, 0, 0, 213, 258, 0, 213, 0, 109, 109, 130, 70, 130, 130, 130, 116, 31, 0, 200, 130, 130, 31, 39, 130, 0, 130, 130, 130, 200, 15, 130, 15, 0, 31, 39, 39, 70, 251, 31, 31, 130, 130, 116, 0, 0, 0, 37, 37, 37, 245, 37, 37, 0, 245, 37, 37, 245, 163, 245, 37, 245, 192, 31, 245, 245, 0, 245, 37, 245, 245, 245, 37, 20, 245, 245, 218, 245, 218, 245, 195, 11, 163, 163, 163, 20, 20, 245, 245, 245, 163, 163, 245, 163, 163, 245, 251, 163, 163, 245, 245, 245, 163, 245, 55, 245, 245, 245, 0, 245, 245, 245, 182, 11, 245, 245, 245, 0, 0, 0, 11, 245, 245, 245, 245, 100, 100, 245, 0, 241, 26, 241, 0, 256, 182, 0, 0, 0, 0, 0, 0, 0, 0, 0, 256, 182, 0, 260, 251, 0, 0, 170, 0, 0, 267, 0, 0, 0, 0, 242, 242, 242, 251, 178, 242, 71, 38, 13, 242, 16, 258, 71, 242, 242, 0, 242, 242, 0, 71, 0, 0, 234, 242, 242, 242, 163, 251, 163, 242, 38, 249, 152, 9, 9, 9, 242, 175, 0, 213, 258, 0, 213, 100, 213, 0, 95, 0, 0, 130, 0, 0, 138, 70, 0, 70, 241, 241, 258, 0, 245, 37, 245, 197, 245, 251, 0, 258, 258, 258, 165, 267, 97, 100, 19, 258, 188, 20, 217, 197, 0, 218, 245, 242, 218, 245, 133, 200, 47, 0, 47, 139, 260, 37, 139, 116, 139, 139, 47, 47, 242, 165, 47, 190, 170, 261, 47, 165, 165, 161, 149, 149, 149, 165, 139, 260, 165, 139, 165, 165, 165, 165, 260, 165, 47, 139, 165, 261, 165, 261, 139, 165, 260, 260, 261, 139, 139, 149, 165, 139, 165, 0, 165, 96, 165, 47, 47, 133, 260, 139, 82, 165, 76, 140, 0, 47, 165, 261, 251, 244, 139, 165, 139, 165, 138, 165, 261, 0, 165, 165, 165, 165, 133, 0, 165, 185, 165, 47, 197, 100, 190, 165, 165, 261, 165, 165, 139, 165, 165, 165, 165, 260, 165, 165, 165, 165, 165, 47, 12, 20, 47, 261, 165, 60, 0, 0, 208, 0, 47, 165, 47, 246, 46, 165, 96, 139, 165, 165, 24, 165, 99, 47, 6, 165, 139, 139, 139, 165, 139, 165, 107, 165, 261, 47, 149, 0, 246, 139, 139, 165, 165, 165, 165, 47, 47, 70, 260, 251, 165, 165, 139, 165, 165, 208, 200, 165, 165, 6, 47, 86, 49, 107, 165, 165, 165, 47, 47, 165, 139, 165, 48, 0, 261, 0, 165, 11, 139, 165, 165, 165, 137, 165, 260, 47, 47, 200, 0, 139, 139, 160, 165, 47, 139, 139, 139, 165, 181, 139, 29, 47, 165, 47, 116, 139, 165, 149, 197, 165, 47, 0, 165, 0, 81, 261, 47, 47, 170, 139, 165, 139, 260, 170, 47, 139, 165, 165, 165, 165, 107, 70, 139, 55, 47, 0, 139, 165, 139, 165, 47, 47, 10, 161, 261, 165, 261, 47, 261, 260, 165, 139, 241, 47, 47, 165, 261, 139, 139, 165, 0, 0, 165, 139, 47, 165, 47, 0, 37, 139, 165, 139, 261, 0, 165, 170, 37, 165, 139, 47, 209, 139, 218, 139, 258, 165, 47, 47, 165, 30, 80, 139, 165, 139, 0, 165, 48, 251, 165, 165, 139, 165, 139, 139, 139, 116, 139, 139, 139, 47, 251, 165, 47, 165, 70, 149, 165, 47, 139, 165, 170, 139, 139, 96, 139, 47, 197, 47, 139, 165, 165, 47, 165, 47, 139, 47, 261, 100, 47, 139, 0, 112, 100, 165, 165, 165, 139, 139, 139, 47, 47, 139, 47, 139, 165, 139, 197, 47, 139, 139, 0, 47, 47, 47, 30, 139, 165, 47, 60, 47, 47, 47, 139, 47, 165, 47, 71, 139, 242, 139, 242, 170, 166, 47, 165, 165, 165, 197, 229, 242, 47, 165, 261, 47, 0, 30, 165, 165, 47, 170, 260, 261, 47, 165, 47, 47, 47, 190, 165, 47, 190, 100, 260, 197, 170, 232, 197, 0, 197, 197, 197, 197, 197, 107, 197, 0, 101, 260, 197, 201, 114, 197, 0, 258, 101, 197, 197, 71, 267, 260, 260, 260, 0, 0, 243, 227, 205, 32, 242, 243, 71, 0, 241, 71, 38, 71, 41, 116, 12, 31, 0, 256, 245, 0, 251, 0, 0, 255, 38, 0, 170, 101, 0, 59, 0, 0, 0, 0, 0, 130, 38, 114, 0, 37, 202, 0, 163, 241, 31, 258, 249, 37, 138, 6, 0, 0, 0, 114, 0, 182, 37, 114, 0, 0, 245, 217, 245, 130, 114, 0, 213, 28, 143, 116, 0, 70, 245, 213, 65, 37, 105, 0, 12, 100, 108, 252, 0, 202, 114, 0, 38, 6, 7, 246, 0, 245, 220, 251, 0, 0, 251, 9, 251, 130, 60, 13, 220, 6, 114, 170, 0, 238, 0, 116, 199, 192, 0, 38, 0, 241, 0, 0, 213, 180, 197, 178, 241, 218, 163, 267, 31, 217, 0, 138, 101, 0, 0, 217, 182, 197, 182, 124, 11, 218, 66, 0, 70, 0, 12, 182, 0, 258, 0, 85, 0, 0, 20, 211, 60, 0, 130, 0, 6, 267, 0, 0, 32, 170, 9, 0, 38, 245, 71, 0, 38, 241, 38, 178, 255, 242, 251, 25, 258, 41, 0, 0, 0, 0, 256, 11, 0, 59, 0, 245, 0, 218, 20, 55, 116, 163, 116, 163, 267, 116, 267, 10, 241, 224, 245, 245, 0, 249, 200, 170, 224, 260, 0, 163, 0, 31, 0, 224, 0, 224, 170, 163, 37, 37, 37, 0, 241, 0, 0, 251, 224, 116, 13, 114, 0, 197, 13, 192, 206, 20, 154, 267, 252, 25, 200, 0, 260, 241, 0, 192, 170, 199, 197, 0, 114, 28, 0, 0, 114, 217, 130, 191, 70, 37, 159, 0, 116, 108, 114, 114, 114, 0, 31, 0, 267, 70, 0, 114, 0, 85, 0, 130, 100, 217, 0, 52, 0, 64, 217, 130, 11, 0, 0, 224, 31, 55, 31, 0, 108, 0, 0, 124, 238, 213, 182, 217, 213, 0, 130, 0, 0, 0, 130, 202, 202, 0, 108, 0, 0, 108, 31, 108, 0, 108, 211, 4, 0, 197, 31, 116, 183, 0, 0, 13, 0, 217, 147, 13, 182, 258, 0, 241, 6, 6, 267, 12, 6, 60, 0, 217, 267, 6, 6, 197, 267, 241, 6, 12, 0, 34, 101, 6, 0, 151, 200, 182, 246, 105, 217, 0, 101, 12, 197, 0, 170, 251, 0, 182, 0, 170, 267, 213, 101, 241, 0, 100, 0, 0, 0, 0, 0, 217, 182, 251, 217, 241, 258, 143, 138, 246, 218, 180, 182, 217, 13, 0, 31, 241, 55, 159, 34, 108, 200, 6, 