{"Run": 9, "K": 539, "WCSSD": 2142.7124705221217, "Purity": 0.42362927195902894, "Time": 29.31364607810974, "Kmeans_Labels": [99, 236, 344, 522, 154, 347, 95, 37, 534, 5, 5, 246, 82, 82, 534, 75, 5, 452, 5, 136, 534, 5, 187, 82, 138, 70, 138, 70, 136, 5, 63, 5, 136, 70, 181, 5, 82, 82, 246, 82, 150, 95, 200, 115, 82, 5, 82, 5, 5, 399, 479, 94, 94, 337, 99, 5, 158, 70, 522, 522, 158, 70, 5, 120, 5, 102, 82, 513, 82, 70, 70, 62, 5, 151, 24, 5, 5, 5, 49, 5, 5, 5, 5, 70, 37, 5, 151, 252, 5, 5, 5, 534, 428, 385, 5, 95, 68, 516, 37, 373, 37, 24, 5, 254, 254, 95, 95, 254, 471, 24, 61, 61, 61, 82, 99, 24, 217, 5, 138, 91, 5, 5, 91, 522, 133, 91, 5, 522, 351, 534, 91, 91, 187, 76, 138, 136, 5, 207, 5, 5, 248, 522, 522, 523, 91, 91, 5, 347, 158, 522, 91, 429, 151, 5, 5, 91, 347, 5, 260, 5, 5, 91, 83, 5, 95, 91, 151, 504, 52, 151, 5, 187, 5, 94, 91, 158, 120, 489, 219, 411, 479, 5, 355, 355, 91, 347, 91, 138, 5, 347, 217, 248, 502, 91, 522, 292, 411, 534, 5, 5, 37, 187, 187, 120, 91, 37, 91, 37, 151, 5, 187, 530, 37, 37, 37, 91, 66, 5, 246, 248, 37, 24, 536, 246, 285, 91, 5, 237, 94, 187, 338, 5, 37, 5, 37, 217, 140, 115, 5, 5, 91, 5, 267, 179, 94, 37, 302, 5, 534, 91, 95, 95, 403, 91, 76, 187, 158, 292, 91, 5, 138, 5, 246, 5, 254, 5, 534, 254, 5, 120, 187, 95, 217, 203, 95, 187, 534, 187, 91, 254, 91, 476, 99, 5, 512, 412, 120, 254, 95, 153, 91, 487, 92, 95, 5, 95, 5, 95, 5, 87, 5, 95, 5, 60, 277, 95, 95, 95, 95, 61, 248, 99, 5, 5, 5, 50, 5, 61, 61, 136, 330, 61, 94, 61, 120, 246, 5, 35, 248, 302, 136, 91, 91, 99, 94, 373, 91, 99, 187, 275, 5, 373, 517, 534, 91, 38, 373, 91, 373, 16, 517, 24, 94, 5, 246, 208, 5, 52, 274, 448, 448, 337, 5, 448, 5, 248, 448, 448, 91, 5, 448, 448, 185, 91, 185, 91, 91, 524, 138, 5, 138, 373, 91, 347, 5, 94, 94, 70, 522, 373, 5, 5, 308, 217, 200, 5, 120, 121, 5, 115, 248, 534, 522, 309, 92, 248, 5, 522, 5, 5, 350, 379, 5, 445, 5, 5, 95, 534, 151, 91, 151, 5, 151, 5, 115, 254, 421, 61, 274, 448, 448, 200, 5, 151, 136, 24, 24, 136, 136, 5, 522, 5, 429, 429, 217, 217, 61, 61, 5, 377, 213, 213, 5, 115, 136, 212, 212, 281, 448, 448, 5, 5, 5, 354, 354, 339, 408, 408, 522, 5, 5, 5, 522, 389, 121, 297, 5, 5, 5, 5, 37, 37, 5, 5, 5, 225, 225, 5, 5, 217, 429, 5, 5, 5, 479, 17, 5, 429, 429, 5, 37, 5, 340, 5, 5, 421, 5, 5, 254, 344, 344, 5, 5, 5, 329, 329, 5, 5, 5, 522, 127, 183, 254, 127, 127, 254, 183, 5, 353, 61, 61, 95, 386, 386, 5, 5, 61, 61, 61, 246, 61, 95, 95, 61, 61, 364, 364, 61, 61, 307, 307, 302, 302, 61, 169, 217, 429, 429, 429, 429, 121, 5, 491, 491, 246, 217, 217, 246, 246, 5, 5, 241, 241, 5, 5, 336, 336, 248, 5, 5, 5, 517, 517, 347, 456, 337, 180, 180, 153, 448, 448, 9, 534, 9, 176, 176, 185, 185, 387, 387, 170, 170, 448, 448, 448, 448, 5, 454, 454, 387, 387, 261, 261, 448, 486, 448, 448, 448, 5, 473, 121, 5, 151, 144, 144, 251, 286, 144, 144, 144, 144, 144, 300, 246, 144, 144, 144, 82, 144, 144, 144, 144, 347, 144, 144, 443, 144, 120, 243, 115, 5, 448, 408, 408, 10, 10, 354, 354, 60, 494, 146, 146, 60, 5, 5, 5, 389, 530, 522, 115, 120, 522, 5, 534, 5, 200, 115, 5, 522, 534, 5, 5, 5, 5, 5, 461, 5, 428, 5, 5, 217, 5, 5, 5, 217, 252, 5, 5, 5, 115, 5, 200, 5, 217, 5, 217, 290, 5, 200, 290, 5, 479, 479, 5, 290, 5, 5, 5, 5, 5, 252, 5, 5, 5, 495, 302, 85, 5, 5, 5, 254, 369, 254, 5, 254, 254, 5, 61, 254, 254, 5, 61, 425, 272, 61, 416, 416, 61, 61, 113, 386, 99, 61, 61, 386, 306, 5, 61, 113, 99, 61, 100, 61, 5, 429, 61, 61, 61, 81, 5, 81, 5, 5, 61, 61, 61, 61, 61, 61, 373, 61, 537, 61, 323, 61, 537, 168, 296, 462, 302, 61, 5, 397, 168, 168, 5, 429, 302, 302, 302, 5, 217, 217, 429, 74, 74, 462, 61, 70, 70, 61, 241, 337, 5, 337, 336, 5, 5, 5, 5, 419, 5, 5, 388, 388, 420, 302, 204, 248, 5, 5, 5, 5, 5, 337, 5, 5, 422, 5, 5, 5, 5, 448, 448, 448, 534, 387, 448, 448, 185, 484, 448, 5, 5, 448, 222, 448, 5, 222, 222, 5, 448, 5, 5, 5, 454, 55, 448, 60, 5, 61, 448, 261, 45, 24, 5, 5, 5, 465, 136, 67, 155, 5, 5, 155, 136, 155, 158, 5, 5, 5, 138, 534, 5, 5, 252, 5, 252, 325, 344, 5, 444, 435, 254, 61, 24, 107, 5, 60, 500, 534, 500, 255, 151, 522, 178, 5, 322, 138, 52, 70, 94, 5, 99, 381, 448, 99, 381, 202, 5, 214, 5, 214, 123, 152, 254, 123, 115, 532, 532, 214, 214, 448, 255, 214, 242, 217, 175, 175, 255, 436, 215, 175, 175, 112, 147, 123, 152, 255, 123, 255, 255, 255, 532, 373, 255, 214, 123, 255, 175, 255, 175, 123, 255, 532, 532, 175, 123, 123, 175, 255, 123, 255, 5, 255, 282, 255, 214, 214, 202, 351, 123, 255, 250, 5, 347, 5, 214, 214, 20, 60, 327, 123, 255, 123, 194, 508, 255, 175, 488, 255, 255, 278, 255, 202, 5, 343, 255, 255, 214, 524, 136, 255, 255, 255, 175, 255, 255, 123, 255, 255, 255, 255, 24, 255, 482, 341, 255, 255, 214, 534, 43, 214, 255, 255, 102, 5, 5, 489, 5, 214, 255, 214, 200, 123, 255, 257, 123, 255, 103, 255, 255, 70, 214, 130, 255, 129, 123, 123, 255, 123, 255, 502, 255, 175, 214, 175, 5, 200, 123, 123, 255, 255, 255, 255, 214, 214, 282, 92, 5, 255, 255, 123, 380, 255, 489, 5, 255, 255, 121, 214, 123, 255, 502, 255, 255, 255, 214, 214, 255, 123, 255, 426, 5, 175, 5, 255, 429, 123, 255, 255, 255, 82, 255, 11, 214, 315, 5, 5, 123, 123, 255, 255, 224, 123, 123, 123, 255, 5, 123, 33, 214, 88, 214, 256, 123, 255, 311, 347, 255, 214, 5, 255, 360, 255, 175, 214, 214, 534, 123, 255, 123, 24, 337, 214, 123, 255, 263, 255, 255, 400, 252, 246, 296, 214, 5, 123, 255, 392, 255, 214, 214, 5, 215, 346, 453, 410, 29, 175, 152, 255, 123, 5, 214, 214, 255, 175, 123, 123, 255, 5, 5, 255, 123, 224, 255, 413, 5, 254, 418, 71, 123, 410, 5, 477, 174, 254, 255, 123, 214, 255, 123, 99, 123, 534, 255, 214, 214, 280, 342, 255, 123, 255, 123, 5, 255, 41, 60, 526, 255, 116, 496, 123, 123, 123, 115, 123, 123, 123, 214, 5, 342, 214, 52, 19, 255, 72, 214, 532, 255, 138, 123, 123, 255, 273, 214, 64, 214, 123, 255, 255, 249, 255, 214, 123, 214, 175, 71, 214, 123, 5, 227, 136, 284, 84, 255, 123, 123, 123, 214, 214, 123, 214, 374, 175, 123, 60, 316, 532, 123, 285, 214, 214, 214, 342, 123, 255, 214, 102, 214, 291, 214, 224, 214, 255, 214, 448, 123, 448, 123, 65, 174, 123, 214, 255, 255, 255, 92, 214, 448, 214, 342, 175, 214, 5, 131, 255, 255, 214, 94, 24, 175, 214, 255, 214, 214, 214, 242, 255, 214, 255, 521, 197, 94, 24, 373, 94, 5, 94, 94, 94, 94, 534, 23, 94, 522, 522, 351, 94, 5, 246, 94, 5, 534, 522, 94, 94, 448, 151, 285, 285, 285, 5, 463, 5, 5, 448, 18, 448, 48, 331, 60, 533, 448, 261, 448, 125, 115, 513, 5, 347, 204, 388, 60, 5, 373, 5, 138, 185, 5, 60, 522, 5, 99, 64, 5, 5, 5, 514, 5, 185, 246, 5, 124, 5, 337, 262, 522, 61, 5, 151, 254, 347, 121, 5, 5, 5, 246, 157, 248, 254, 246, 5, 519, 61, 70, 107, 5, 199, 5, 5, 5, 522, 115, 5, 252, 323, 428, 5, 254, 150, 5, 337, 136, 17, 337, 0, 5, 246, 5, 185, 172, 201, 408, 5, 61, 217, 5, 5, 534, 5, 448, 5, 5, 191, 120, 217, 371, 246, 24, 5, 5, 5, 115, 347, 95, 337, 287, 5, 384, 5, 5, 155, 210, 24, 387, 5, 99, 61, 337, 5, 70, 149, 5, 522, 5, 164, 497, 248, 92, 248, 337, 429, 459, 30, 5, 252, 120, 534, 248, 5, 5, 469, 5, 347, 534, 285, 138, 102, 5, 5, 5, 121, 534, 337, 5, 18, 217, 448, 5, 261, 61, 331, 469, 185, 533, 185, 387, 138, 448, 5, 220, 5, 125, 347, 347, 5, 347, 204, 429, 5, 99, 337, 388, 5, 459, 285, 296, 115, 61, 115, 61, 87, 115, 217, 217, 5, 217, 61, 107, 5, 151, 5, 402, 234, 197, 373, 262, 64, 61, 24, 234, 5, 158, 60, 61, 254, 254, 254, 5, 5, 5, 5, 5, 234, 115, 120, 246, 181, 347, 120, 95, 5, 217, 5, 337, 337, 220, 138, 5, 197, 34, 92, 95, 60, 347, 94, 149, 246, 5, 5, 302, 246, 70, 5, 489, 252, 124, 5, 5, 115, 17, 246, 246, 246, 5, 5, 5, 347, 252, 58, 199, 5, 5, 157, 5, 136, 70, 79, 290, 519, 5, 70, 534, 429, 5, 5, 234, 5, 296, 70, 5, 17, 5, 5, 337, 5, 428, 248, 70, 5, 373, 5, 5, 5, 5, 5, 5, 5, 534, 483, 120, 5, 490, 5, 362, 158, 17, 138, 52, 5, 94, 349, 5, 102, 534, 337, 161, 5, 46, 5, 120, 248, 187, 5, 159, 121, 121, 24, 5, 121, 191, 5, 40, 24, 121, 121, 217, 337, 384, 371, 534, 164, 440, 522, 172, 5, 504, 217, 248, 303, 150, 110, 5, 522, 337, 60, 5, 60, 5, 5, 248, 5, 285, 534, 155, 522, 522, 5, 136, 138, 5, 89, 5, 60, 497, 248, 5, 70, 5, 5, 522, 5, 408, 99, 210, 248, 70, 120, 5, 5, 5, 296, 5, 440,