{"Run": 14, "K": 318, "WCSSD": 2322.057586541483, "Purity": 0.48296593186372744, "Time": 17.097316026687622, "Kmeans_Labels": [289, 57, 38, 196, 2, 2, 57, 248, 57, 2, 2, 274, 152, 152, 243, 2, 2, 122, 278, 48, 2, 2, 269, 152, 152, 2, 2, 105, 48, 2, 152, 243, 48, 2, 243, 269, 152, 152, 274, 152, 243, 99, 47, 204, 152, 2, 152, 243, 243, 2, 92, 181, 181, 95, 289, 2, 2, 57, 196, 2, 2, 2, 2, 76, 2, 106, 280, 57, 152, 57, 152, 243, 2, 2, 71, 243, 135, 2, 2, 2, 2, 2, 117, 243, 248, 2, 269, 127, 2, 2, 2, 2, 2, 111, 243, 99, 243, 2, 248, 2, 248, 71, 2, 99, 196, 99, 173, 2, 132, 71, 202, 300, 202, 152, 289, 71, 181, 2, 196, 174, 2, 210, 174, 2, 2, 174, 2, 2, 269, 269, 174, 174, 2, 200, 2, 48, 2, 2, 2, 2, 105, 196, 2, 48, 174, 174, 2, 2, 243, 2, 174, 80, 196, 48, 2, 174, 2, 269, 2, 243, 2, 174, 174, 2, 99, 174, 269, 269, 64, 2, 174, 2, 2, 181, 174, 2, 76, 55, 174, 2, 92, 2, 2, 2, 174, 2, 174, 2, 219, 181, 2, 105, 181, 174, 2, 128, 2, 273, 2, 165, 248, 2, 2, 93, 174, 248, 174, 248, 283, 181, 2, 2, 248, 248, 248, 174, 174, 34, 274, 105, 248, 71, 2, 274, 269, 98, 95, 274, 181, 174, 2, 2, 248, 179, 248, 243, 2, 48, 2, 2, 147, 2, 105, 248, 181, 248, 243, 2, 273, 174, 99, 99, 2, 145, 200, 243, 174, 128, 174, 2, 2, 2, 274, 2, 174, 2, 273, 99, 2, 76, 256, 99, 269, 228, 99, 2, 181, 243, 174, 174, 174, 289, 289, 243, 99, 99, 76, 99, 99, 269, 174, 99, 2, 99, 223, 99, 2, 99, 2, 2, 2, 99, 2, 223, 223, 99, 99, 99, 99, 202, 105, 289, 2, 188, 73, 289, 269, 202, 99, 2, 202, 73, 181, 202, 76, 274, 2, 289, 105, 289, 48, 174, 174, 289, 181, 2, 138, 289, 243, 174, 2, 2, 105, 273, 174, 269, 2, 174, 243, 269, 8, 269, 181, 2, 79, 2, 2, 64, 94, 13, 252, 243, 269, 149, 114, 105, 136, 252, 174, 2, 252, 252, 136, 174, 136, 174, 174, 174, 181, 269, 128, 196, 174, 196, 2, 181, 181, 196, 2, 181, 2, 243, 2, 269, 203, 2, 76, 206, 2, 70, 105, 2, 2, 2, 2, 105, 275, 16, 2, 2, 269, 196, 2, 2, 57, 2, 223, 273, 181, 174, 181, 2, 2, 293, 70, 2, 2, 202, 94, 63, 252, 47, 2, 95, 2, 181, 181, 88, 88, 2, 224, 2, 80, 80, 111, 111, 202, 202, 2, 202, 274, 274, 202, 70, 2, 252, 252, 95, 149, 149, 2, 2, 2, 2, 2, 48, 86, 86, 266, 266, 266, 2, 196, 2, 206, 105, 196, 56, 2, 2, 248, 248, 72, 165, 165, 2, 2, 165, 165, 165, 80, 245, 2, 2, 92, 29, 57, 80, 80, 57, 248, 208, 105, 165, 165, 2, 165, 232, 309, 38, 38, 243, 2, 2, 24, 24, 243, 99, 243, 156, 257, 2, 156, 257, 257, 156, 2, 165, 249, 202, 202, 99, 202, 202, 223, 223, 202, 202, 202, 274, 111, 99, 99, 202, 202, 2, 2, 202, 202, 202, 202, 2, 2, 202, 202, 2, 80, 80, 80, 80, 206, 2, 105, 105, 274, 243, 243, 274, 274, 2, 2, 2, 2, 2, 243, 2, 2, 105, 2, 2, 2, 8, 8, 48, 2, 2, 7, 7, 269, 124, 124, 60, 243, 60, 243, 243, 136, 136, 136, 136, 47, 47, 124, 124, 124, 124, 243, 37, 37, 213, 213, 136, 136, 136, 136, 124, 124, 252, 2, 2, 206, 243, 181, 18, 18, 18, 294, 246, 18, 18, 18, 19, 103, 274, 18, 18, 18, 152, 18, 18, 18, 18, 181, 18, 18, 18, 18, 76, 2, 70, 2, 149, 47, 47, 2, 2, 2, 2, 2, 289, 105, 105, 269, 2, 95, 2, 2, 243, 2, 70, 76, 196, 2, 243, 2, 47, 70, 2, 196, 317, 165, 165, 2, 165, 165, 2, 2, 2, 47, 2, 2, 196, 72, 72, 165, 127, 165, 165, 165, 70, 165, 47, 2, 165, 165, 165, 77, 165, 47, 141, 165, 92, 92, 165, 141, 165, 2, 165, 165, 77, 127, 305, 165, 165, 165, 309, 70, 221, 2, 2, 196, 105, 270, 2, 2, 2, 2, 202, 270, 99, 2, 202, 120, 2, 202, 202, 202, 202, 202, 150, 202, 289, 202, 300, 300, 150, 2, 202, 150, 289, 202, 289, 202, 2, 80, 202, 84, 202, 2, 2, 202, 202, 202, 202, 202, 202, 202, 202, 202, 186, 202, 202, 202, 202, 202, 202, 202, 274, 202, 2, 202, 196, 202, 202, 202, 105, 202, 202, 202, 202, 202, 243, 243, 202, 23, 23, 202, 202, 48, 48, 202, 111, 2, 2, 2, 7, 243, 105, 243, 2, 2, 2, 2, 46, 46, 7, 2, 2, 105, 243, 243, 243, 40, 40, 45, 2, 2, 269, 2, 2, 2, 2, 252, 252, 252, 243, 136, 124, 149, 136, 76, 252, 124, 2, 124, 252, 252, 2, 252, 252, 180, 124, 2, 2, 269, 37, 37, 37, 269, 2, 202, 252, 136, 243, 71, 2, 2, 2, 252, 48, 2, 2, 2, 2, 2, 48, 2, 2, 2, 2, 2, 2, 2, 181, 95, 127, 2, 127, 36, 49, 187, 2, 202, 223, 74, 2, 196, 181, 2, 2, 243, 2, 123, 95, 54, 48, 2, 2, 2, 298, 2, 181, 2, 289, 111, 252, 289, 111, 2, 195, 110, 2, 110, 272, 215, 2, 218, 70, 272, 276, 172, 110, 37, 123, 110, 51, 118, 170, 170, 123, 123, 81, 170, 170, 3, 123, 272, 215, 123, 272, 123, 123, 123, 276, 276, 123, 110, 272, 59, 170, 123, 170, 272, 123, 276, 276, 170, 272, 169, 170, 3, 272, 3, 2, 3, 3, 123, 110, 110, 2, 269, 272, 3, 123, 2, 95, 2, 110, 3, 123, 181, 76, 272, 123, 272, 83, 95, 3, 170, 2, 102, 123, 139, 140, 2, 2, 123, 123, 3, 316, 181, 134, 3, 130, 123, 123, 3, 83, 272, 3, 3, 3, 123, 303, 3, 123, 83, 123, 3, 110, 57, 208, 303, 123, 123, 106, 269, 2, 55, 2, 110, 101, 110, 47, 272, 3, 215, 272, 3, 123, 123, 83, 2, 129, 206, 242, 272, 272, 272, 123, 272, 123, 2, 3, 170, 110, 238, 2, 47, 272, 272, 110, 123, 3, 123, 110, 110, 83, 196, 142, 6, 3, 272, 110, 123, 55, 195, 123, 123, 308, 110, 272, 3, 3, 123, 123, 123, 110, 110, 123, 214, 123, 105, 2, 170, 3, 123, 3, 272, 303, 3, 123, 152, 123, 269, 110, 110, 2, 221, 272, 272, 123, 123, 110, 272, 272, 272, 123, 279, 272, 58, 110, 123, 110, 163, 272, 123, 170, 181, 123, 110, 2, 123, 2, 123, 170, 110, 110, 181, 315, 3, 272, 303, 181, 110, 272, 303, 3, 83, 123, 2, 127, 315, 112, 110, 208, 272, 1, 198, 3, 110, 110, 2, 81, 123, 123, 170, 110, 170, 215, 3, 272, 2, 110, 110, 123, 123, 272, 218, 3, 2, 2, 123, 272, 110, 123, 110, 243, 2, 272, 83, 272, 170, 243, 123, 181, 3, 3, 272, 110, 123, 272, 289, 230, 95, 43, 110, 110, 110, 230, 123, 272, 123, 272, 2, 110, 95, 181, 123, 123, 272, 123, 272, 218, 272, 70, 272, 272, 272, 110, 243, 230, 110, 64, 127, 3, 123, 110, 272, 3, 33, 272, 272, 123, 272, 110, 181, 110, 272, 123, 123, 3, 123, 110, 272, 110, 170, 48, 110, 272, 2, 48, 244, 123, 3, 123, 272, 272, 272, 110, 110, 272, 110, 272, 123, 272, 181, 110, 276, 272, 2, 4, 110, 110, 230, 272, 123, 110, 106, 110, 110, 65, 272, 172, 123, 110, 124, 272, 37, 272, 252, 181, 272, 110, 123, 123, 123, 2, 110, 37, 110, 207, 170, 110, 2, 207, 110, 123, 172, 181, 303, 170, 110, 123, 110, 110, 110, 51, 3, 110, 123, 48, 199, 181, 196, 269, 181, 2, 181, 181, 181, 181, 181, 181, 181, 2, 2, 269, 181, 48, 274, 181, 196, 107, 2, 181, 181, 124, 152, 269, 269, 269, 2, 157, 2, 243, 37, 15, 252, 254, 37, 269, 37, 149, 136, 149, 108, 70, 57, 261, 2, 243, 202, 2, 2, 95, 2, 33, 136, 227, 181, 2, 2, 289, 2, 2, 2, 243, 95, 165, 136, 274, 2, 2, 117, 95, 202, 190, 202, 243, 243, 223, 2, 158, 2, 194, 243, 274, 95, 105, 99, 274, 2, 2, 202, 2, 196, 165, 274, 95, 2, 145, 2, 70, 2, 127, 202, 2, 2, 2, 243, 30, 57, 48, 29, 95, 95, 117, 274, 2, 136, 206, 89, 47, 2, 202, 2, 243, 2, 269, 2, 124, 2, 2, 106, 76, 2, 206, 274, 107, 291, 162, 2, 70, 2, 265, 95, 136, 2, 2, 2, 66, 2, 32, 269, 136, 2, 289, 202, 243, 196, 2, 2, 2, 2, 243, 2, 2, 105, 269, 151, 95, 80, 289, 94, 95, 127, 125, 229, 105, 160, 2, 196, 243, 50, 253, 200, 271, 106, 2, 2, 243, 206, 269, 2, 2, 15, 118, 124, 160, 136, 202, 37, 196, 136, 37, 136, 136, 33, 252, 2, 243, 243, 108, 2, 50, 2, 2, 243, 80, 2, 289, 95, 202, 243, 289, 200, 111, 155, 202, 70, 202, 269, 70, 177, 49, 2, 118, 202, 196, 306, 243, 243, 33, 118, 181, 95, 202, 2, 202, 269, 118, 2, 239, 69, 202, 2, 99, 223, 2, 2, 66, 2, 2, 118, 70, 76, 274, 181, 181, 76, 99, 181, 118, 181, 95, 95, 243, 243, 227, 196, 118, 2, 265, 181, 2, 181, 2, 274, 145, 68, 2, 274, 269, 2, 55, 127, 2, 269, 2, 70, 29, 274, 274, 274, 2, 261, 243, 181, 127, 2, 274, 95, 243, 95, 165, 48, 2, 95, 141, 2, 2, 2, 2, 80, 243, 2, 118, 111, 2, 2, 2, 281, 2, 2, 95, 162, 2, 105, 2, 2, 2, 2, 2, 2, 30, 165, 117, 117, 269, 29, 125, 2, 29, 196, 29, 196, 29, 271, 64, 95, 181, 2, 2, 106, 253, 95, 48, 194, 243, 166, 76, 105, 2, 2, 2, 206, 206, 269, 57, 158, 106, 291, 67, 181, 206, 206, 269, 243, 2, 206, 229, 2, 243, 2, 206, 2, 269, 2, 151, 47, 243, 2, 243, 2, 57, 181, 2, 181, 243, 2, 105, 2, 181, 269, 2, 2, 190, 220, 48, 181, 243, 2, 2, 269, 2, 105, 2, 2, 2, 2, 2, 2, 47, 289, 32, 105, 2, 76, 2, 111, 2, 112, 269, 243, 29, 243, 206, 202, 81, 11, 216, 76, 69, 2, 47, 269, 111, 80, 206, 2, 106, 269, 29, 181, 47, 2, 243, 