{"Run": 14, "K": 453, "WCSSD": 2148.0366276651516, "Purity": 0.40939234388766726, "Time": 25.855304956436157, "Kmeans_Labels": [435, 209, 42, 89, 2, 447, 209, 25, 209, 424, 163, 114, 2, 86, 23, 2, 344, 33, 38, 38, 2, 2, 138, 86, 86, 33, 413, 60, 312, 38, 224, 38, 312, 33, 38, 138, 204, 86, 262, 244, 38, 86, 334, 67, 325, 2, 86, 38, 2, 83, 138, 370, 370, 2, 435, 2, 2, 209, 89, 89, 2, 33, 2, 441, 2, 209, 86, 209, 86, 2, 366, 38, 2, 324, 57, 254, 435, 440, 313, 2, 2, 137, 246, 33, 25, 155, 324, 43, 94, 246, 2, 56, 99, 99, 2, 77, 138, 2, 25, 192, 25, 57, 2, 415, 152, 11, 11, 152, 2, 57, 325, 325, 325, 86, 435, 57, 370, 2, 2, 96, 2, 138, 188, 446, 89, 96, 435, 89, 191, 2, 96, 96, 339, 137, 2, 312, 108, 2, 2, 2, 60, 89, 89, 312, 96, 188, 251, 2, 2, 89, 96, 141, 324, 312, 2, 96, 2, 2, 89, 2, 2, 96, 96, 138, 2, 96, 324, 196, 54, 324, 313, 2, 125, 370, 96, 2, 340, 107, 96, 2, 138, 2, 405, 405, 96, 137, 96, 137, 167, 137, 243, 382, 137, 96, 2, 362, 2, 344, 2, 268, 25, 2, 313, 26, 96, 25, 96, 25, 324, 370, 2, 344, 25, 25, 25, 435, 96, 246, 114, 60, 158, 57, 95, 114, 200, 96, 2, 114, 370, 96, 2, 2, 25, 2, 25, 2, 246, 312, 46, 2, 96, 2, 60, 246, 370, 91, 2, 2, 344, 96, 326, 330, 2, 265, 137, 38, 96, 121, 10, 2, 46, 435, 114, 333, 264, 2, 344, 152, 2, 26, 2, 11, 358, 362, 11, 333, 137, 2, 96, 152, 96, 435, 435, 2, 335, 11, 26, 152, 11, 289, 96, 11, 2, 325, 330, 11, 330, 11, 325, 370, 2, 11, 64, 330, 330, 11, 11, 73, 11, 325, 60, 435, 330, 330, 268, 435, 2, 325, 325, 2, 325, 325, 370, 325, 26, 114, 2, 435, 60, 435, 312, 345, 96, 435, 370, 435, 96, 435, 33, 96, 2, 370, 307, 344, 131, 370, 2, 96, 200, 2, 60, 46, 370, 2, 114, 435, 333, 54, 303, 72, 66, 2, 2, 66, 325, 60, 72, 66, 96, 2, 66, 258, 258, 96, 258, 96, 96, 96, 137, 313, 2, 344, 96, 441, 2, 370, 370, 33, 89, 106, 2, 2, 313, 2, 407, 86, 26, 139, 2, 67, 133, 2, 89, 2, 46, 60, 2, 410, 2, 2, 333, 2, 172, 324, 209, 2, 330, 344, 324, 96, 324, 2, 324, 2, 381, 152, 2, 435, 303, 66, 66, 334, 2, 324, 2, 46, 46, 312, 312, 2, 38, 2, 141, 141, 390, 390, 325, 325, 2, 325, 114, 114, 325, 67, 2, 248, 248, 2, 72, 72, 175, 175, 379, 2, 2, 312, 3, 3, 414, 414, 414, 2, 318, 2, 361, 60, 2, 246, 99, 99, 25, 25, 212, 99, 99, 2, 2, 99, 99, 181, 141, 38, 265, 265, 2, 119, 2, 141, 141, 2, 25, 265, 60, 285, 285, 2, 99, 99, 152, 42, 42, 235, 333, 333, 2, 2, 2, 211, 2, 89, 152, 435, 152, 152, 152, 152, 435, 99, 2, 325, 325, 11, 143, 143, 330, 330, 325, 325, 325, 114, 325, 247, 247, 325, 325, 137, 137, 92, 92, 325, 325, 152, 152, 325, 325, 46, 141, 141, 141, 141, 361, 2, 60, 60, 114, 38, 38, 373, 373, 373, 373, 198, 198, 2, 2, 2, 2, 60, 2, 2, 2, 2, 2, 2, 2, 2, 384, 384, 289, 66, 66, 269, 38, 269, 170, 170, 258, 258, 13, 13, 104, 104, 72, 72, 72, 72, 2, 164, 164, 72, 72, 258, 258, 258, 258, 72, 72, 66, 46, 2, 361, 200, 324, 352, 336, 352, 352, 404, 372, 352, 352, 352, 114, 157, 352, 352, 352, 86, 352, 352, 129, 352, 2, 299, 352, 352, 352, 26, 67, 67, 2, 20, 3, 3, 313, 313, 2, 2, 138, 435, 60, 60, 138, 2, 2, 2, 2, 344, 89, 67, 26, 78, 2, 38, 2, 334, 67, 2, 78, 313, 99, 99, 2, 99, 99, 124, 2, 2, 255, 2, 99, 2, 212, 212, 99, 82, 99, 99, 99, 67, 99, 334, 272, 181, 99, 246, 346, 2, 334, 99, 99, 83, 2, 99, 99, 99, 197, 285, 346, 346, 82, 2, 285, 285, 99, 246, 99, 375, 2, 2, 152, 152, 152, 2, 152, 152, 2, 325, 152, 152, 2, 325, 325, 152, 325, 44, 44, 325, 325, 422, 375, 435, 325, 325, 325, 423, 2, 325, 423, 325, 325, 325, 325, 2, 141, 74, 325, 325, 223, 200, 325, 325, 325, 317, 325, 325, 325, 325, 325, 92, 325, 325, 325, 317, 325, 317, 325, 321, 325, 2, 325, 34, 325, 325, 325, 257, 141, 332, 332, 332, 257, 38, 38, 141, 325, 325, 325, 325, 33, 33, 325, 2, 333, 138, 333, 2, 2, 60, 2, 145, 2, 368, 368, 435, 435, 384, 435, 2, 435, 2, 2, 137, 2, 2, 435, 2, 2, 137, 2, 2, 138, 138, 66, 66, 66, 2, 13, 66, 72, 258, 26, 149, 72, 313, 322, 104, 149, 2, 104, 104, 2, 322, 2, 2, 258, 164, 164, 164, 2, 2, 325, 343, 258, 137, 57, 371, 371, 371, 66, 312, 2, 2, 313, 184, 2, 312, 2, 2, 2, 21, 2, 137, 2, 370, 344, 82, 2, 82, 333, 12, 313, 2, 325, 330, 325, 138, 305, 319, 2, 313, 313, 313, 68, 324, 89, 312, 2, 313, 137, 54, 33, 370, 2, 435, 378, 350, 435, 378, 2, 2, 134, 246, 51, 110, 2, 152, 183, 67, 75, 75, 51, 51, 164, 201, 51, 68, 46, 68, 128, 68, 377, 151, 68, 68, 68, 68, 297, 46, 68, 183, 68, 68, 68, 75, 138, 68, 51, 183, 68, 68, 68, 68, 183, 68, 75, 75, 68, 183, 183, 68, 68, 109, 68, 2, 68, 109, 68, 51, 136, 2, 191, 183, 68, 68, 2, 441, 2, 51, 51, 68, 319, 112, 183, 68, 183, 68, 441, 241, 68, 2, 68, 68, 68, 420, 2, 2, 68, 68, 68, 369, 370, 203, 86, 130, 68, 68, 68, 68, 183, 68, 68, 274, 68, 150, 68, 68, 68, 68, 68, 37, 209, 138, 150, 68, 68, 2, 411, 2, 237, 2, 51, 286, 51, 334, 162, 68, 109, 183, 68, 68, 68, 68, 33, 51, 361, 68, 183, 183, 183, 301, 183, 68, 137, 68, 231, 51, 68, 2, 334, 183, 183, 68, 68, 68, 275, 51, 51, 82, 370, 2, 68, 68, 183, 68, 68, 107, 2, 103, 68, 361, 51, 183, 68, 68, 68, 128, 68, 51, 51, 68, 183, 68, 60, 2, 68, 2, 401, 141, 183, 150, 68, 68, 86, 68, 200, 323, 51, 2, 375, 183, 183, 267, 68, 51, 337, 183, 183, 365, 2, 183, 58, 134, 68, 51, 67, 183, 68, 68, 137, 195, 51, 246, 282, 2, 68, 190, 51, 51, 137, 156, 68, 183, 150, 370, 51, 110, 150, 68, 68, 68, 137, 82, 156, 46, 210, 138, 183, 279, 51, 68, 51, 51, 12, 151, 15, 68, 68, 51, 128, 2, 68, 183, 7, 51, 51, 68, 68, 183, 183, 276, 138, 2, 68, 183, 51, 68, 51, 2, 152, 183, 68, 100, 68, 2, 68, 137, 152, 68, 183, 51, 68, 183, 435, 183, 313, 68, 51, 51, 68, 138, 68, 374, 68, 183, 2, 51, 50, 184, 68, 68, 183, 68, 309, 183, 183, 67, 183, 109, 183, 51, 19, 68, 51, 256, 82, 68, 68, 418, 75, 68, 344, 183, 183, 109, 291, 245, 137, 51, 183, 68, 68, 51, 68, 51, 304, 51, 68, 312, 51, 183, 46, 312, 312, 68, 68, 68, 90, 304, 186, 51, 51, 183, 214, 225, 68, 183, 184, 51, 75, 183, 2, 51, 51, 51, 138, 183, 68, 51, 441, 51, 51, 214, 183, 51, 68, 51, 72, 100, 164, 100, 394, 137, 183, 51, 128, 436, 201, 2, 416, 164, 51, 68, 128, 51, 2, 51, 32, 68, 51, 46, 150, 68, 51, 68, 51, 51, 51, 68, 68, 51, 68, 312, 49, 370, 230, 138, 370, 65, 370, 370, 370, 370, 319, 137, 370, 2, 47, 191, 370, 312, 114, 370, 38, 313, 47, 370, 370, 72, 324, 200, 200, 200, 2, 2, 2, 38, 258, 31, 66, 35, 164, 138, 258, 72, 258, 72, 114, 67, 383, 246, 2, 2, 257, 2, 330, 435, 2, 38, 258, 178, 137, 89, 2, 435, 344, 2, 403, 388, 2, 181, 258, 114, 2, 152, 246, 2, 325, 333, 325, 370, 324, 152, 344, 361, 250, 38, 38, 315, 127, 60, 152, 114, 2, 2, 325, 132, 305, 99, 114, 2, 2, 389, 89, 67, 2, 82, 325, 2, 2, 152, 38, 2, 46, 312, 399, 2, 2, 246, 114, 406, 258, 361, 161, 3, 2, 325, 379, 38, 2, 2, 451, 371, 137, 2, 33, 26, 379, 361, 114, 153, 52, 99, 2, 293, 2, 11, 425, 72, 2, 333, 2, 46, 2, 2, 449, 13, 333, 435, 325, 38, 2, 33, 2, 2, 89, 38, 189, 33, 60, 46, 60, 327, 141, 435, 303, 2, 82, 26, 209, 60, 258, 2, 38, 38, 2, 2, 200, 137, 137, 417, 2, 2, 376, 200, 2, 137, 31, 46, 371, 258, 258, 325, 164, 38, 258, 258, 258, 13, 38, 66, 451, 38, 370, 114, 2, 2, 2, 2, 2, 141, 2, 435, 2, 257, 388, 435, 200, 46, 67, 325, 67, 325, 2, 67, 46, 208, 333, 46, 325, 305, 2, 324, 388, 331, 46, 137, 435, 325, 344, 325, 46, 46, 2, 46, 370, 325, 152, 152, 152, 2, 160, 46, 250, 330, 46, 67, 26, 114, 200, 137, 26, 11, 46, 46, 319, 79, 2, 38, 46, 178, 137, 333, 46, 11, 320, 2, 370, 2, 114, 389, 2, 46, 114, 120, 2, 107, 82, 152, 126, 137, 67, 399, 114, 315, 114, 2, 246, 38, 85, 82, 354, 114, 2, 38, 127, 181, 312, 132, 2, 99, 2, 2, 33, 2, 141, 38, 403, 46, 246, 46, 33, 417, 119, 2, 2, 327, 99, 2, 60, 33, 2, 2, 2, 2, 2, 2, 99, 246, 246, 2, 119, 26, 2, 119, 2, 119, 2, 119, 137, 54, 2, 370, 33, 2, 2, 2, 425, 26, 38, 33, 344, 88, 60, 313, 2, 333, 361, 361, 138, 46, 361, 33, 52, 33, 46, 361, 115, 392, 38, 333, 361, 209, 189, 38, 89, 361, 2, 196, 2, 60, 334, 38, 33, 38, 89, 46, 319, 2, 137, 38, 406, 60, 2, 46, 200, 2, 89, 333, 2, 312, 426, 2, 2, 2, 344, 33, 252, 137, 86, 333, 2, 89, 2, 3, 435, 2, 60, 33, 26, 2, 246, 160, 321, 126, 38, 119, 46, 115, 325, 151, 8, 46, 236, 370, 2, 334, 137, 46, 141, 361, 2, 2, 46, 119, 137, 334, 2, 388, 370, 2, 2, 333, 38, 46, 344, 2, 46, 351, 79, 