{"Run": 2, "K": 644, "WCSSD": 1985.015604744415, "Purity": 0.4700359806812382, "Time": 35.38099503517151, "Kmeans_Labels": [39, 0, 205, 148, 6, 548, 0, 49, 0, 6, 6, 94, 6, 178, 6, 6, 6, 201, 6, 395, 6, 6, 623, 178, 255, 201, 6, 242, 619, 6, 221, 326, 619, 201, 395, 6, 178, 298, 194, 178, 364, 221, 6, 161, 178, 549, 221, 152, 184, 6, 70, 570, 570, 366, 39, 6, 146, 0, 148, 148, 559, 201, 6, 137, 6, 0, 221, 0, 178, 6, 221, 6, 6, 79, 331, 599, 6, 6, 6, 6, 6, 6, 229, 201, 49, 493, 121, 593, 6, 287, 94, 548, 98, 360, 477, 31, 477, 6, 49, 6, 49, 515, 6, 114, 114, 236, 236, 114, 6, 331, 498, 498, 498, 178, 375, 331, 326, 6, 637, 424, 6, 535, 424, 172, 148, 424, 6, 148, 120, 86, 424, 186, 378, 181, 184, 619, 184, 310, 152, 6, 242, 148, 148, 619, 11, 424, 6, 6, 6, 148, 252, 71, 74, 619, 6, 432, 6, 152, 148, 6, 6, 424, 424, 58, 504, 424, 74, 611, 17, 74, 116, 6, 6, 570, 424, 44, 8, 38, 32, 6, 70, 184, 6, 6, 424, 6, 424, 152, 6, 184, 6, 242, 274, 424, 480, 306, 6, 152, 6, 375, 49, 425, 6, 8, 424, 49, 424, 49, 303, 557, 425, 326, 49, 49, 49, 6, 424, 289, 94, 242, 49, 331, 6, 65, 184, 424, 94, 375, 570, 424, 6, 6, 49, 6, 49, 326, 375, 619, 6, 6, 424, 173, 242, 49, 570, 49, 398, 6, 152, 424, 375, 375, 6, 258, 181, 425, 424, 387, 77, 375, 152, 6, 94, 6, 114, 6, 152, 114, 445, 375, 146, 236, 112, 306, 236, 477, 6, 6, 174, 114, 424, 39, 39, 6, 236, 236, 8, 114, 577, 120, 608, 236, 6, 236, 117, 633, 6, 236, 6, 619, 6, 236, 6, 117, 134, 462, 236, 1, 6, 498, 129, 39, 94, 326, 375, 39, 6, 498, 498, 457, 498, 498, 570, 498, 8, 94, 6, 246, 196, 6, 619, 424, 424, 39, 570, 361, 424, 263, 425, 235, 6, 152, 322, 152, 424, 326, 6, 424, 548, 326, 242, 6, 570, 94, 94, 6, 152, 17, 48, 292, 269, 152, 6, 292, 292, 242, 268, 269, 424, 152, 269, 269, 327, 424, 327, 424, 424, 312, 179, 152, 100, 478, 424, 137, 6, 570, 570, 201, 148, 6, 6, 184, 6, 112, 6, 422, 8, 604, 6, 517, 299, 6, 148, 6, 6, 618, 6, 296, 148, 6, 152, 6, 6, 74, 390, 86, 117, 152, 74, 528, 74, 372, 199, 155, 161, 114, 480, 498, 48, 269, 269, 6, 146, 563, 619, 146, 146, 619, 619, 6, 148, 480, 243, 243, 375, 375, 498, 498, 548, 498, 579, 579, 498, 161, 619, 524, 524, 480, 292, 292, 6, 6, 6, 567, 567, 619, 451, 451, 148, 477, 477, 27, 148, 6, 8, 242, 152, 6, 98, 98, 49, 49, 6, 375, 375, 6, 6, 641, 641, 641, 439, 6, 375, 375, 70, 356, 350, 71, 71, 350, 49, 30, 242, 375, 375, 480, 6, 6, 114, 205, 205, 6, 576, 576, 6, 6, 6, 254, 630, 148, 114, 617, 148, 114, 114, 148, 617, 6, 148, 498, 498, 236, 428, 428, 117, 117, 498, 498, 498, 134, 498, 333, 333, 24, 24, 6, 6, 498, 498, 34, 34, 6, 6, 498, 590, 89, 71, 71, 71, 71, 480, 6, 338, 338, 65, 468, 468, 94, 94, 6, 6, 75, 75, 548, 6, 6, 6, 52, 548, 223, 223, 548, 548, 619, 6, 6, 6, 6, 152, 247, 247, 71, 6, 71, 405, 405, 484, 484, 354, 354, 183, 183, 292, 292, 484, 484, 6, 555, 555, 484, 484, 469, 469, 349, 198, 399, 399, 269, 146, 492, 448, 6, 74, 46, 46, 46, 46, 46, 46, 46, 46, 46, 102, 375, 46, 46, 46, 178, 46, 46, 46, 46, 184, 14, 46, 19, 46, 8, 480, 161, 6, 292, 503, 503, 477, 477, 567, 567, 326, 39, 242, 242, 326, 480, 328, 480, 6, 6, 148, 161, 8, 148, 6, 167, 321, 6, 161, 519, 375, 0, 59, 59, 6, 211, 211, 6, 481, 98, 323, 152, 131, 76, 94, 94, 131, 593, 375, 220, 220, 161, 375, 6, 6, 641, 411, 375, 211, 6, 641, 6, 411, 70, 70, 128, 6, 128, 209, 375, 211, 6, 593, 6, 375, 375, 6, 6, 161, 113, 37, 37, 534, 242, 467, 6, 114, 114, 6, 498, 115, 281, 281, 498, 498, 114, 498, 498, 498, 498, 123, 6, 428, 114, 498, 498, 147, 114, 6, 498, 498, 498, 498, 498, 498, 6, 71, 498, 498, 498, 626, 490, 498, 498, 498, 498, 34, 34, 498, 34, 498, 34, 34, 498, 498, 393, 113, 393, 86, 94, 393, 571, 571, 152, 571, 86, 86, 159, 239, 571, 571, 571, 159, 468, 468, 239, 499, 499, 498, 613, 201, 201, 613, 315, 193, 146, 193, 573, 264, 242, 573, 6, 152, 6, 6, 498, 498, 6, 69, 264, 400, 6, 152, 349, 6, 6, 152, 6, 6, 152, 140, 140, 152, 152, 269, 269, 269, 6, 354, 292, 292, 484, 491, 269, 292, 184, 340, 183, 269, 152, 183, 183, 6, 340, 86, 86, 152, 208, 269, 208, 531, 6, 498, 304, 469, 214, 331, 6, 6, 6, 269, 357, 398, 635, 57, 483, 488, 619, 488, 44, 6, 6, 152, 398, 167, 453, 6, 162, 6, 593, 477, 380, 6, 6, 498, 114, 498, 146, 498, 6, 384, 381, 323, 381, 622, 74, 148, 132, 6, 152, 5, 17, 201, 570, 6, 39, 498, 269, 39, 498, 219, 6, 580, 94, 580, 253, 94, 114, 253, 161, 253, 588, 580, 580, 269, 622, 580, 73, 437, 624, 622, 622, 107, 33, 624, 624, 25, 622, 634, 146, 494, 21, 622, 156, 622, 588, 588, 622, 580, 253, 225, 624, 622, 624, 253, 622, 588, 588, 56, 253, 253, 624, 25, 253, 25, 6, 25, 92, 622, 130, 133, 219, 120, 253, 25, 622, 146, 302, 6, 580, 25, 624, 447, 137, 253, 25, 253, 237, 137, 25, 624, 6, 25, 622, 25, 622, 219, 6, 622, 622, 43, 580, 312, 248, 221, 165, 552, 622, 605, 622, 253, 25, 25, 25, 622, 146, 139, 353, 25, 622, 25, 50, 0, 30, 580, 139, 622, 118, 2, 6, 38, 6, 580, 51, 25, 137, 95, 25, 105, 253, 25, 622, 622, 25, 201, 580, 307, 413, 253, 253, 253, 622, 253, 622, 374, 25, 259, 580, 624, 625, 6, 253, 253, 25, 622, 274, 622, 580, 580, 92, 477, 544, 622, 25, 253, 25, 25, 38, 6, 622, 332, 604, 170, 253, 25, 274, 622, 341, 622, 580, 580, 25, 253, 359, 482, 6, 624, 25, 495, 25, 253, 25, 25, 622, 221, 622, 184, 580, 580, 373, 51, 431, 253, 622, 622, 283, 253, 253, 253, 622, 6, 253, 119, 580, 587, 580, 143, 253, 622, 624, 398, 391, 554, 94, 622, 6, 622, 624, 580, 580, 94, 358, 25, 253, 25, 146, 580, 253, 588, 25, 622, 622, 374, 185, 358, 146, 580, 30, 253, 622, 25, 461, 580, 580, 6, 33, 622, 622, 624, 580, 624, 94, 25, 253, 477, 580, 580, 622, 622, 253, 253, 25, 30, 480, 622, 253, 283, 622, 580, 6, 114, 253, 622, 253, 624, 326, 622, 146, 25, 25, 157, 580, 632, 253, 39, 586, 453, 621, 580, 580, 622, 586, 622, 253, 622, 253, 6, 25, 482, 336, 622, 622, 253, 622, 253, 253, 253, 161, 253, 253, 253, 580, 6, 586, 580, 609, 593, 25, 622, 580, 253, 25, 184, 253, 253, 105, 610, 580, 184, 25, 253, 622, 622, 343, 622, 580, 253, 25, 624, 332, 580, 277, 6, 619, 619, 25, 25, 622, 253, 253, 253, 580, 580, 253, 580, 253, 622, 253, 447, 580, 588, 309, 6, 25, 144, 580, 466, 253, 622, 580, 137, 580, 25, 275, 454, 580, 622, 580, 292, 253, 269, 253, 313, 146, 16, 25, 622, 622, 622, 152, 580, 208, 580, 25, 624, 580, 398, 25, 25, 204, 580, 233, 146, 624, 580, 595, 25, 580, 580, 73, 25, 580, 25, 305, 149, 570, 146, 22, 570, 6, 570, 570, 570, 570, 94, 274, 570, 6, 148, 120, 570, 6, 94, 570, 6, 369, 148, 570, 570, 292, 74, 184, 184, 184, 6, 152, 6, 581, 269, 40, 269, 6, 269, 152, 269, 292, 286, 292, 94, 161, 0, 480, 382, 264, 159, 6, 279, 409, 6, 514, 6, 401, 146, 230, 6, 602, 485, 560, 6, 351, 6, 641, 398, 375, 548, 114, 229, 480, 262, 148, 498, 371, 551, 114, 548, 456, 254, 6, 6, 60, 4, 475, 114, 375, 473, 6, 34, 201, 498, 603, 169, 480, 98, 258, 148, 161, 6, 162, 93, 98, 615, 114, 527, 389, 146, 619, 175, 480, 6, 229, 94, 6, 484, 406, 151, 503, 6, 498, 6, 6, 477, 477, 6, 292, 6, 6, 101, 8, 6, 242, 377, 369, 511, 6, 6, 161, 516, 480, 480, 484, 477, 6, 6, 6, 488, 6, 6, 354, 6, 84, 498, 6, 6, 201, 6, 342, 550, 496, 54, 201, 385, 480, 242, 213, 441, 39, 48, 6, 224, 8, 0, 242, 335, 6, 294, 6, 376, 507, 181, 184, 118, 6, 244, 548, 604, 6, 480, 320, 40, 437, 292, 335, 286, 498, 269, 294, 398, 269, 6, 354, 514, 269, 6, 637, 371, 94, 6, 376, 6, 382, 264, 71, 6, 602, 480, 159, 351, 39, 181, 6, 596, 498, 161, 34, 6, 161, 146, 380, 6, 437, 34, 498, 6, 551, 351, 184, 437, 146, 409, 262, 485, 498, 146, 437, 6, 437, 146, 498, 114, 114, 114, 560, 477, 6, 254, 279, 437, 161, 8, 375, 395, 146, 8, 236, 146, 407, 6, 480, 480, 637, 184, 401, 146, 82, 480, 480, 146, 516, 570, 6, 94, 258, 6, 6, 273, 2, 244, 638, 224, 114, 146, 320, 161, 175, 377, 60, 375, 6, 480, 6, 6, 162, 6, 169, 6, 6, 4, 641, 619, 201, 480, 6, 6, 6, 201, 6, 441, 177, 6, 575, 375, 6, 201, 6, 356, 6, 6, 213, 6, 98, 385, 201, 98, 398, 6, 548, 67, 389, 603, 229, 229, 477, 356, 8, 6, 356, 6, 356, 44, 356, 184, 17, 480, 570, 23, 6, 118, 507, 480, 8, 6, 201, 6, 8, 475, 6, 398, 464, 480, 480, 146, 146, 456, 101, 511, 201, 146, 604, 180, 326, 6, 6, 242, 0, 54, 6, 148, 406, 6, 22, 