{"Run": 4, "K": 530, "WCSSD": 2089.422275023439, "Purity": 0.534783853421128, "Time": 30.89090394973755, "Kmeans_Labels": [410, 98, 1, 152, 149, 80, 411, 196, 144, 69, 1, 162, 1, 191, 174, 338, 1, 28, 1, 438, 1, 1, 87, 463, 52, 28, 1, 28, 438, 1, 376, 391, 438, 28, 423, 525, 191, 191, 162, 191, 309, 221, 255, 30, 191, 1, 52, 174, 174, 1, 144, 489, 489, 1, 410, 1, 252, 28, 152, 152, 144, 20, 1, 255, 391, 34, 52, 165, 191, 1, 52, 507, 1, 102, 128, 515, 179, 1, 1, 1, 1, 1, 59, 472, 197, 258, 102, 141, 1, 1, 200, 391, 1, 382, 173, 0, 144, 1, 196, 144, 196, 449, 393, 411, 1, 411, 411, 517, 67, 128, 256, 349, 256, 191, 177, 425, 367, 1, 367, 453, 155, 144, 453, 152, 152, 304, 367, 152, 525, 174, 453, 453, 87, 367, 391, 438, 185, 367, 367, 367, 53, 152, 152, 251, 453, 453, 1, 87, 1, 152, 453, 429, 102, 438, 367, 453, 316, 174, 152, 367, 337, 453, 453, 367, 139, 453, 102, 144, 32, 102, 453, 87, 391, 489, 453, 144, 13, 54, 453, 507, 144, 507, 1, 1, 453, 174, 453, 1, 1, 174, 374, 53, 142, 453, 391, 195, 507, 424, 204, 59, 196, 87, 87, 13, 453, 238, 73, 196, 72, 352, 87, 359, 196, 196, 238, 307, 453, 59, 162, 53, 196, 128, 391, 162, 303, 453, 367, 162, 489, 87, 1, 309, 196, 1, 196, 1, 59, 438, 188, 367, 61, 391, 53, 196, 489, 196, 367, 1, 424, 453, 411, 59, 85, 504, 525, 87, 453, 195, 453, 507, 367, 307, 162, 448, 453, 1, 424, 159, 252, 59, 87, 411, 6, 195, 411, 117, 367, 87, 453, 27, 209, 410, 410, 367, 87, 411, 13, 152, 411, 525, 453, 411, 1, 411, 236, 411, 367, 411, 256, 438, 309, 411, 17, 236, 236, 292, 411, 411, 257, 256, 53, 410, 507, 367, 59, 410, 174, 256, 256, 438, 256, 256, 489, 256, 473, 162, 307, 206, 53, 15, 438, 35, 453, 410, 489, 307, 453, 353, 87, 453, 367, 373, 41, 424, 453, 367, 367, 453, 307, 367, 41, 403, 489, 307, 422, 319, 1, 398, 50, 14, 310, 367, 252, 14, 256, 53, 40, 310, 453, 367, 14, 310, 40, 453, 308, 453, 453, 453, 87, 174, 195, 382, 453, 255, 1, 489, 489, 28, 152, 307, 367, 367, 87, 6, 1, 52, 13, 229, 512, 30, 53, 367, 152, 87, 373, 53, 252, 152, 152, 1, 174, 264, 1, 102, 1, 1, 236, 424, 102, 453, 102, 152, 1, 382, 30, 1, 1, 256, 50, 310, 224, 54, 391, 102, 438, 144, 144, 438, 438, 144, 152, 1, 46, 46, 59, 59, 256, 256, 1, 256, 162, 162, 256, 266, 438, 310, 310, 1, 14, 14, 316, 316, 1, 507, 507, 255, 465, 465, 152, 1, 1, 1, 152, 412, 229, 53, 1, 67, 1, 1, 196, 196, 1, 59, 59, 391, 391, 59, 59, 309, 46, 309, 504, 504, 309, 11, 506, 46, 46, 506, 196, 504, 53, 59, 59, 1, 156, 59, 1, 1, 1, 341, 1, 1, 1, 1, 1, 1, 1, 239, 411, 1, 132, 411, 411, 132, 1, 1, 309, 298, 298, 411, 349, 349, 475, 475, 256, 256, 256, 162, 218, 236, 236, 59, 59, 307, 307, 256, 256, 404, 404, 419, 419, 256, 256, 309, 46, 46, 46, 46, 229, 1, 125, 125, 162, 309, 309, 216, 216, 151, 151, 56, 56, 1, 309, 225, 225, 53, 1, 253, 253, 41, 41, 438, 405, 1, 309, 309, 234, 310, 310, 46, 309, 46, 309, 309, 409, 409, 247, 247, 1, 1, 487, 487, 40, 40, 1, 495, 495, 409, 409, 232, 232, 81, 478, 524, 524, 310, 1, 391, 505, 243, 102, 137, 137, 137, 137, 137, 137, 137, 137, 137, 162, 162, 137, 137, 137, 191, 137, 137, 325, 137, 174, 137, 137, 137, 137, 13, 167, 30, 1, 14, 465, 465, 1, 1, 471, 471, 144, 313, 53, 53, 144, 1, 1, 1, 412, 359, 152, 30, 13, 152, 1, 309, 144, 54, 30, 507, 152, 174, 59, 59, 1, 59, 59, 1, 391, 1, 103, 1, 1, 309, 1, 1, 382, 18, 342, 59, 59, 30, 59, 309, 1, 309, 59, 59, 59, 309, 309, 324, 59, 309, 309, 59, 324, 59, 309, 59, 59, 59, 31, 1, 59, 59, 309, 1, 30, 67, 1, 1, 88, 441, 522, 426, 522, 326, 1, 256, 522, 411, 1, 298, 256, 1, 256, 298, 256, 256, 454, 189, 67, 410, 256, 349, 349, 189, 1, 256, 189, 410, 256, 410, 218, 111, 46, 254, 256, 256, 174, 507, 256, 256, 256, 256, 256, 256, 256, 256, 145, 382, 256, 256, 256, 256, 256, 256, 327, 315, 256, 377, 256, 1, 256, 202, 202, 3, 46, 3, 3, 3, 3, 309, 309, 46, 256, 256, 256, 256, 28, 28, 256, 307, 1, 1, 1, 225, 309, 53, 309, 1, 1, 1, 1, 256, 256, 1, 1, 309, 309, 101, 234, 297, 1, 1, 382, 309, 309, 174, 1, 1, 525, 525, 211, 310, 310, 309, 247, 12, 14, 409, 470, 310, 213, 174, 14, 310, 310, 1, 310, 310, 1, 14, 523, 523, 174, 228, 372, 199, 49, 1, 256, 310, 301, 297, 128, 309, 309, 309, 310, 420, 1, 1, 1, 485, 1, 438, 1, 24, 1, 1, 507, 1, 309, 174, 1, 18, 1, 18, 1, 250, 1, 435, 256, 236, 256, 291, 256, 174, 252, 1, 174, 1, 129, 102, 152, 379, 1, 1, 1, 32, 28, 489, 1, 410, 256, 390, 410, 256, 36, 1, 42, 59, 42, 509, 144, 1, 166, 30, 19, 321, 42, 42, 14, 259, 42, 481, 9, 241, 91, 42, 42, 308, 241, 241, 241, 42, 166, 144, 500, 166, 42, 42, 242, 321, 321, 42, 42, 166, 42, 241, 365, 241, 421, 42, 321, 321, 241, 19, 166, 241, 42, 166, 42, 1, 42, 42, 42, 42, 42, 36, 525, 166, 42, 42, 174, 192, 1, 42, 248, 42, 485, 13, 166, 42, 219, 42, 1, 42, 241, 1, 42, 42, 437, 42, 36, 378, 42, 240, 42, 112, 174, 438, 52, 42, 42, 42, 42, 356, 166, 42, 42, 42, 42, 252, 42, 363, 92, 42, 42, 42, 1, 158, 42, 42, 42, 34, 1, 1, 265, 519, 42, 42, 42, 255, 166, 42, 144, 19, 42, 42, 42, 305, 334, 42, 229, 42, 332, 166, 166, 42, 166, 42, 142, 42, 241, 42, 241, 1, 391, 166, 166, 42, 42, 142, 42, 42, 42, 360, 393, 284, 181, 42, 166, 42, 42, 54, 1, 42, 42, 229, 42, 417, 42, 142, 42, 90, 42, 42, 42, 42, 166, 42, 53, 1, 241, 96, 42, 46, 166, 42, 237, 42, 52, 42, 391, 42, 42, 1, 308, 166, 166, 42, 42, 42, 166, 166, 166, 42, 391, 166, 83, 42, 241, 42, 30, 166, 42, 241, 174, 42, 360, 59, 42, 391, 42, 241, 42, 42, 391, 166, 42, 166, 252, 316, 42, 509, 321, 42, 42, 42, 142, 18, 166, 315, 42, 158, 166, 42, 316, 277, 42, 42, 109, 308, 241, 42, 241, 42, 90, 144, 42, 166, 1, 42, 42, 42, 42, 166, 166, 42, 391, 391, 42, 166, 42, 42, 42, 1, 1, 166, 430, 312, 241, 174, 268, 150, 42, 386, 166, 42, 42, 166, 410, 166, 489, 42, 42, 42, 42, 223, 42, 166, 42, 166, 1, 42, 60, 485, 241, 42, 166, 42, 166, 166, 312, 30, 166, 166, 166, 42, 309, 223, 42, 32, 18, 241, 42, 42, 19, 42, 316, 166, 166, 42, 166, 42, 174, 42, 166, 42, 42, 42, 42, 42, 166, 42, 71, 259, 42, 166, 307, 438, 51, 42, 186, 129, 166, 166, 166, 42, 42, 166, 42, 166, 42, 166, 485, 42, 321, 166, 316, 42, 42, 42, 223, 364, 42, 42, 34, 42, 407, 42, 166, 42, 42, 42, 14, 312, 14, 312, 14, 150, 166, 42, 42, 42, 259, 373, 42, 199, 42, 223, 90, 42, 1, 223, 42, 42, 42, 489, 252, 241, 42, 42, 42, 42, 343, 481, 42, 42, 481, 438, 316, 489, 264, 144, 489, 525, 489, 489, 489, 489, 174, 142, 489, 263, 152, 525, 489, 1, 105, 489, 1, 300, 434, 489, 489, 14, 52, 480, 480, 480, 1, 174, 525, 1, 310, 339, 310, 450, 14, 252, 14, 14, 94, 14, 162, 30, 98, 370, 1, 309, 3, 252, 174, 307, 1, 528, 308, 250, 215, 152, 1, 336, 307, 1, 1, 1, 309, 59, 308, 162, 499, 1, 59, 452, 256, 152, 256, 99, 299, 236, 395, 48, 1, 436, 1, 162, 309, 53, 411, 162, 1, 433, 256, 190, 256, 59, 162, 1, 1, 504, 152, 30, 1, 18, 256, 1, 1, 1, 309, 335, 252, 154, 11, 391, 1, 59, 162, 1, 409, 229, 29, 465, 1, 256, 1, 1, 439, 174, 309, 14, 1, 402, 34, 55, 1, 229, 162, 418, 1, 1, 391, 484, 135, 411, 1, 175, 144, 1, 1, 1, 1, 1, 174, 247, 1, 410, 298, 316, 406, 28, 144, 1, 220, 47, 391, 28, 53, 373, 53, 174, 46, 170, 50, 1, 231, 1, 1, 53, 309, 309, 309, 309, 1, 89, 1, 476, 34, 269, 1, 1, 229, 161, 1, 525, 339, 9, 14, 309, 94, 256, 14, 309, 308, 14, 308, 247, 528, 310, 309, 309, 99, 162, 1, 1, 1, 1, 309, 46, 1, 336, 452, 3, 1, 170, 1, 315, 30, 256, 30, 210, 316, 30, 307, 109, 1, 9, 256, 256, 1, 299, 1, 316, 9, 316, 307, 256, 307, 256, 230, 9, 1, 9, 373, 298, 1, 411, 236, 1, 309, 1, 1, 174, 95, 30, 13, 162, 423, 489, 55, 411, 393, 9, 174, 464, 391, 309, 513, 250, 316, 9, 373, 411, 382, 135, 489, 144, 162, 504, 1, 1, 162, 28, 1, 54, 231, 1, 174, 525, 30, 11, 162, 162, 162, 252, 370, 1, 174, 18, 309, 162, 1, 309, 309, 59, 154, 190, 464, 309, 433, 233, 28, 1, 46, 391, 1, 9, 205, 315, 28, 269, 468, 1, 1, 174, 1, 1, 53, 28, 1, 399, 402, 499, 443, 335, 59, 59, 59, 174, 11, 1, 406, 468, 406, 11, 144, 11, 476, 32, 1, 489, 28, 1, 34, 89, 1, 13, 436, 28, 34, 13, 53, 87, 391, 415, 229, 229, 252, 462, 48, 34, 1, 28, 252, 229, 229, 174, 316, 1, 229, 1, 391, 309, 391, 229, 1, 144, 144, 53, 54, 309, 28, 47, 220, 252, 367, 1, 215, 1, 1, 53, 1, 382, 161, 1, 152, 152, 1, 438, 183, 1, 97,