{"Run": 4, "K": 330, "WCSSD": 2318.185676212046, "Purity": 0.47924420269109647, "Time": 16.44420599937439, "Kmeans_Labels": [6, 109, 257, 200, 6, 6, 109, 199, 109, 6, 181, 116, 81, 81, 216, 6, 127, 280, 6, 222, 6, 6, 61, 174, 81, 280, 6, 280, 211, 6, 81, 254, 6, 280, 6, 6, 81, 81, 116, 81, 135, 98, 4, 114, 81, 164, 81, 312, 108, 3, 252, 310, 310, 123, 6, 30, 192, 280, 200, 200, 6, 280, 6, 53, 192, 136, 81, 109, 81, 192, 280, 6, 6, 6, 192, 6, 6, 6, 127, 49, 6, 108, 6, 280, 199, 6, 312, 166, 6, 6, 239, 245, 192, 3, 275, 98, 108, 181, 199, 6, 199, 192, 6, 98, 235, 98, 98, 235, 6, 192, 82, 82, 82, 81, 318, 192, 134, 6, 235, 23, 178, 312, 23, 200, 192, 23, 108, 200, 312, 113, 23, 23, 108, 6, 235, 6, 123, 6, 6, 123, 175, 200, 200, 192, 23, 23, 6, 123, 6, 200, 23, 38, 192, 6, 6, 23, 6, 6, 200, 108, 6, 23, 23, 6, 98, 23, 219, 173, 24, 192, 23, 41, 6, 310, 23, 6, 53, 286, 23, 6, 6, 6, 6, 6, 290, 222, 23, 197, 6, 222, 6, 175, 197, 23, 200, 200, 6, 134, 6, 267, 199, 61, 127, 53, 23, 199, 23, 199, 6, 214, 61, 222, 65, 199, 199, 23, 23, 6, 116, 175, 199, 192, 6, 116, 298, 23, 123, 116, 310, 23, 6, 6, 199, 6, 199, 222, 6, 236, 6, 123, 23, 6, 175, 301, 310, 199, 113, 6, 134, 97, 98, 98, 6, 117, 18, 61, 23, 123, 23, 6, 123, 6, 116, 200, 23, 6, 134, 98, 192, 53, 108, 98, 113, 6, 98, 39, 222, 39, 23, 23, 23, 98, 123, 6, 98, 98, 53, 235, 98, 312, 23, 98, 6, 98, 6, 98, 6, 98, 82, 113, 6, 98, 6, 135, 92, 191, 98, 98, 98, 82, 79, 6, 6, 134, 267, 6, 108, 82, 82, 108, 82, 82, 310, 82, 53, 116, 6, 206, 175, 82, 6, 138, 23, 6, 310, 6, 23, 6, 61, 23, 123, 123, 164, 134, 23, 235, 6, 164, 6, 164, 175, 108, 310, 164, 116, 6, 123, 24, 306, 22, 22, 6, 123, 22, 123, 175, 22, 22, 23, 6, 22, 22, 87, 23, 87, 23, 23, 23, 123, 127, 123, 181, 23, 127, 108, 310, 310, 132, 200, 181, 6, 108, 127, 222, 4, 6, 53, 206, 6, 236, 79, 108, 200, 6, 197, 175, 23, 6, 200, 6, 312, 6, 192, 192, 109, 6, 98, 134, 192, 23, 192, 200, 192, 6, 236, 235, 6, 82, 306, 196, 22, 110, 113, 219, 6, 197, 197, 108, 108, 6, 200, 6, 38, 38, 6, 6, 2, 2, 6, 82, 116, 116, 82, 236, 113, 123, 123, 292, 22, 22, 6, 6, 198, 192, 192, 192, 4, 4, 200, 192, 192, 192, 200, 192, 206, 328, 6, 6, 6, 6, 64, 64, 112, 10, 10, 6, 6, 51, 51, 51, 38, 6, 6, 6, 252, 212, 123, 38, 38, 123, 199, 117, 175, 56, 56, 6, 3, 3, 235, 179, 179, 6, 232, 232, 6, 6, 6, 160, 6, 200, 98, 113, 200, 98, 98, 200, 113, 3, 200, 185, 185, 98, 157, 157, 98, 98, 82, 82, 82, 116, 82, 98, 98, 82, 82, 6, 6, 8, 8, 8, 8, 6, 6, 82, 151, 6, 38, 38, 38, 38, 58, 6, 175, 175, 116, 6, 6, 116, 116, 6, 6, 6, 6, 6, 6, 6, 6, 79, 164, 67, 67, 164, 164, 133, 6, 164, 6, 6, 312, 22, 22, 38, 130, 38, 261, 261, 87, 87, 0, 0, 4, 4, 85, 85, 22, 22, 108, 22, 22, 85, 85, 85, 85, 141, 22, 22, 22, 22, 6, 6, 206, 280, 192, 226, 226, 226, 226, 226, 226, 226, 220, 226, 116, 116, 226, 226, 226, 81, 83, 226, 226, 226, 123, 226, 226, 226, 226, 53, 236, 236, 6, 22, 4, 4, 127, 127, 192, 192, 312, 6, 175, 175, 312, 79, 6, 79, 192, 222, 200, 236, 53, 200, 6, 197, 6, 4, 236, 6, 200, 127, 3, 3, 6, 3, 3, 6, 6, 293, 127, 6, 192, 6, 112, 112, 3, 237, 3, 3, 3, 236, 3, 4, 6, 51, 3, 6, 3, 3, 4, 3, 3, 3, 252, 34, 3, 34, 241, 56, 3, 3, 237, 6, 56, 56, 3, 6, 3, 63, 6, 6, 235, 79, 156, 192, 235, 235, 197, 82, 156, 98, 108, 185, 266, 235, 230, 8, 8, 8, 8, 145, 157, 6, 82, 82, 82, 145, 113, 82, 145, 82, 82, 244, 82, 6, 38, 91, 82, 82, 181, 6, 82, 82, 82, 8, 8, 8, 82, 8, 82, 8, 8, 8, 82, 8, 247, 8, 82, 116, 165, 6, 82, 235, 59, 82, 82, 57, 38, 40, 40, 40, 57, 6, 6, 38, 82, 82, 165, 82, 122, 122, 82, 6, 326, 6, 326, 123, 123, 222, 123, 6, 164, 164, 164, 82, 82, 6, 6, 6, 6, 6, 312, 123, 6, 6, 6, 123, 123, 123, 123, 123, 6, 6, 22, 22, 22, 123, 0, 22, 22, 0, 168, 22, 235, 127, 22, 22, 22, 235, 22, 22, 6, 22, 235, 235, 235, 22, 22, 22, 213, 6, 82, 22, 85, 123, 192, 111, 111, 111, 22, 6, 197, 192, 6, 6, 192, 192, 192, 47, 6, 6, 6, 126, 130, 310, 6, 237, 6, 237, 249, 312, 127, 192, 82, 8, 82, 8, 82, 292, 123, 127, 127, 127, 115, 6, 200, 72, 6, 127, 6, 24, 280, 310, 182, 82, 82, 22, 82, 82, 6, 6, 7, 6, 7, 150, 192, 235, 150, 236, 150, 262, 203, 7, 94, 21, 128, 225, 197, 54, 54, 62, 62, 124, 54, 54, 169, 62, 150, 108, 62, 150, 62, 62, 62, 262, 262, 54, 7, 150, 62, 54, 62, 54, 150, 62, 262, 262, 54, 150, 150, 54, 62, 150, 169, 6, 62, 62, 62, 7, 7, 6, 312, 150, 62, 62, 108, 192, 6, 7, 7, 54, 108, 53, 150, 62, 150, 62, 6, 62, 54, 6, 62, 62, 62, 54, 6, 6, 62, 62, 161, 7, 310, 6, 225, 62, 62, 54, 62, 62, 150, 62, 62, 62, 62, 113, 62, 62, 62, 54, 62, 7, 109, 108, 128, 54, 62, 136, 113, 305, 159, 6, 284, 62, 7, 4, 150, 62, 6, 150, 62, 62, 62, 62, 280, 7, 206, 62, 150, 150, 150, 62, 150, 62, 197, 62, 54, 7, 54, 6, 4, 150, 150, 62, 62, 62, 289, 7, 7, 237, 197, 6, 62, 62, 150, 62, 62, 286, 6, 62, 62, 206, 7, 150, 62, 62, 62, 62, 62, 7, 7, 62, 150, 62, 175, 6, 54, 6, 62, 38, 150, 62, 62, 62, 81, 62, 6, 7, 7, 6, 218, 150, 150, 62, 62, 7, 150, 150, 150, 36, 16, 150, 286, 7, 62, 7, 42, 300, 62, 62, 222, 62, 7, 6, 62, 6, 62, 307, 7, 7, 312, 189, 62, 150, 113, 108, 7, 150, 262, 62, 62, 324, 197, 237, 189, 135, 7, 6, 150, 62, 150, 62, 321, 7, 312, 52, 54, 62, 54, 7, 54, 192, 62, 150, 6, 7, 95, 62, 54, 150, 150, 62, 6, 6, 62, 150, 7, 62, 7, 235, 235, 150, 62, 150, 54, 125, 62, 312, 63, 62, 150, 7, 62, 150, 274, 150, 127, 62, 7, 7, 62, 147, 62, 150, 62, 150, 123, 62, 5, 108, 146, 62, 150, 62, 150, 150, 150, 236, 150, 150, 150, 7, 123, 62, 7, 24, 237, 169, 62, 7, 150, 62, 312, 150, 150, 62, 150, 7, 135, 7, 150, 62, 62, 7, 62, 7, 150, 7, 54, 211, 7, 150, 6, 211, 24, 62, 303, 115, 150, 150, 150, 7, 153, 101, 7, 150, 54, 150, 108, 7, 262, 150, 6, 62, 7, 7, 147, 150, 62, 7, 96, 7, 7, 270, 150, 7, 62, 240, 22, 150, 94, 150, 22, 312, 150, 7, 62, 62, 21, 6, 7, 22, 7, 62, 162, 7, 235, 147, 62, 62, 205, 108, 113, 54, 7, 62, 7, 128, 7, 225, 62, 7, 62, 211, 135, 310, 108, 173, 310, 192, 310, 310, 310, 310, 108, 197, 310, 6, 200, 312, 310, 192, 116, 310, 6, 127, 200, 310, 310, 22, 192, 298, 298, 298, 182, 6, 197, 6, 22, 152, 22, 197, 27, 123, 22, 22, 85, 22, 116, 236, 109, 6, 6, 6, 57, 123, 259, 68, 164, 123, 235, 312, 154, 200, 6, 250, 158, 234, 6, 6, 323, 51, 235, 116, 6, 195, 6, 6, 82, 200, 82, 123, 221, 235, 6, 206, 160, 15, 6, 116, 6, 79, 235, 116, 6, 6, 8, 280, 82, 3, 116, 6, 293, 117, 190, 236, 8, 237, 223, 293, 6, 235, 6, 6, 233, 280, 180, 108, 164, 6, 116, 6, 87, 206, 55, 4, 6, 82, 198, 6, 6, 108, 123, 111, 6, 3, 136, 53, 198, 206, 228, 290, 6, 3, 6, 236, 6, 98, 6, 87, 6, 6, 6, 108, 192, 188, 71, 0, 6, 6, 185, 6, 6, 280, 6, 6, 200, 6, 6, 280, 175, 108, 175, 6, 242, 273, 306, 6, 237, 53, 288, 79, 20, 127, 6, 6, 6, 6, 18, 312, 136, 6, 263, 222, 206, 6, 108, 6, 152, 154, 111, 20, 85, 82, 27, 6, 235, 22, 235, 0, 123, 22, 123, 6, 123, 116, 123, 6, 164, 6, 6, 38, 6, 250, 6, 57, 6, 273, 18, 6, 236, 82, 236, 8, 108, 236, 6, 312, 6, 197, 8, 82, 6, 221, 6, 312, 197, 135, 68, 82, 158, 82, 108, 197, 8, 197, 215, 185, 235, 235, 235, 234, 6, 108, 160, 259, 197, 236, 53, 116, 113, 113, 53, 98, 6, 197, 197, 246, 108, 6, 312, 312, 135, 6, 6, 98, 312, 6, 310, 6, 116, 117, 192, 6, 116, 280, 263, 286, 237, 195, 123, 6, 236, 180, 228, 116, 116, 123, 6, 6, 123, 237, 6, 116, 6, 6, 6, 51, 280, 280, 6, 3, 6, 6, 280, 222, 242, 6, 6, 197, 6, 6, 280, 6, 212, 6, 6, 6, 3, 293, 175, 280, 293, 6, 3, 6, 6, 6, 3, 6, 6, 108, 212, 53, 6, 212, 6, 212, 192, 212, 312, 285, 6, 310, 280, 236, 136, 6, 6, 53, 15, 280, 136, 183, 79, 127, 6, 200, 206, 206, 108, 104, 206, 136, 6, 280, 233, 206, 206, 325, 6, 6, 206, 288, 6, 6, 200, 206, 192, 173, 6, 175, 4, 6, 280, 6, 200, 233, 310, 6, 154, 6, 6, 175, 6, 135, 6, 192, 200, 200, 26, 6, 222, 222, 222, 6, 75, 280, 104, 6, 280, 6, 6, 190, 6, 4, 6, 188, 79, 172, 53, 6, 6, 6, 229, 123, 6, 212, 312, 206, 82, 52, 25, 215, 127, 215, 222, 4, 108, 6, 38, 206, 6, 136, 108, 212, 314, 4, 236, 6, 310, 192, 192, 312, 6, 197, 71, 6, 6, 6, 246, 6, 200, 4, 113, 192, 6, 197, 314, 6, 229, 323, 22, 123, 87, 55, 22, 22, 194, 197, 22, 107, 163, 199, 287, 29, 194, 1, 200, 194, 107, 192, 192, 98, 257, 141, 6, 194, 164, 107, 116, 107, 22, 127, 194, 82, 197, 53, 163, 