{"Run": 13, "K": 281, "WCSSD": 2365.508859682424, "Purity": 0.46636129401660464, "Time": 14.840562105178833, "Kmeans_Labels": [242, 214, 5, 5, 5, 5, 214, 181, 214, 94, 5, 251, 5, 147, 5, 5, 5, 115, 265, 263, 152, 5, 5, 147, 263, 115, 265, 115, 207, 265, 265, 265, 154, 115, 265, 5, 58, 263, 58, 192, 265, 93, 170, 25, 44, 5, 265, 265, 127, 81, 5, 263, 263, 5, 175, 5, 158, 214, 5, 5, 1, 115, 5, 92, 5, 35, 214, 214, 263, 214, 115, 265, 5, 5, 280, 5, 175, 5, 5, 5, 5, 192, 94, 115, 181, 5, 14, 194, 5, 5, 5, 5, 224, 94, 5, 93, 263, 265, 181, 87, 181, 233, 5, 93, 5, 93, 93, 100, 2, 233, 44, 241, 44, 5, 175, 233, 14, 5, 5, 17, 132, 263, 17, 5, 178, 17, 263, 5, 192, 263, 17, 17, 5, 5, 5, 154, 5, 5, 5, 263, 218, 129, 5, 154, 17, 17, 5, 245, 5, 5, 17, 205, 5, 171, 5, 17, 37, 5, 5, 127, 5, 17, 17, 5, 93, 17, 158, 65, 14, 158, 17, 5, 123, 263, 17, 11, 92, 80, 17, 5, 5, 5, 5, 81, 17, 5, 17, 5, 5, 263, 5, 218, 14, 17, 5, 5, 5, 263, 21, 94, 181, 5, 5, 162, 17, 181, 17, 181, 5, 5, 5, 5, 181, 181, 181, 267, 17, 94, 58, 218, 181, 233, 5, 58, 14, 274, 5, 58, 263, 17, 5, 5, 181, 5, 128, 5, 19, 36, 158, 5, 17, 5, 218, 181, 263, 181, 5, 5, 263, 17, 93, 100, 5, 29, 261, 265, 17, 5, 17, 5, 5, 176, 58, 5, 17, 5, 263, 93, 14, 92, 5, 93, 5, 100, 93, 5, 5, 5, 17, 17, 106, 175, 175, 5, 93, 93, 92, 100, 93, 192, 17, 93, 5, 44, 100, 93, 100, 93, 44, 263, 239, 93, 5, 100, 100, 93, 93, 93, 93, 44, 218, 175, 100, 100, 44, 175, 5, 44, 44, 14, 44, 44, 263, 44, 92, 58, 5, 12, 252, 44, 154, 17, 17, 242, 263, 242, 17, 175, 115, 17, 5, 263, 85, 263, 17, 263, 5, 17, 5, 14, 85, 14, 263, 5, 58, 5, 5, 14, 142, 148, 4, 263, 5, 4, 44, 218, 71, 4, 17, 5, 4, 4, 71, 17, 71, 17, 17, 17, 5, 5, 263, 263, 17, 5, 5, 263, 263, 115, 5, 263, 5, 127, 5, 5, 170, 5, 92, 109, 158, 25, 218, 5, 5, 158, 14, 218, 17, 5, 5, 5, 5, 5, 5, 158, 214, 5, 100, 263, 158, 17, 40, 5, 5, 158, 25, 5, 5, 44, 142, 4, 4, 170, 5, 158, 5, 192, 192, 154, 154, 158, 82, 5, 205, 205, 94, 94, 44, 44, 5, 44, 58, 58, 44, 25, 5, 4, 4, 158, 209, 209, 5, 5, 5, 5, 5, 154, 170, 170, 5, 5, 5, 5, 5, 5, 109, 218, 5, 2, 125, 125, 181, 181, 94, 94, 94, 22, 22, 52, 52, 52, 205, 5, 29, 29, 5, 158, 214, 205, 205, 214, 181, 29, 218, 243, 243, 5, 94, 159, 13, 5, 5, 5, 5, 5, 5, 5, 5, 183, 5, 5, 93, 5, 5, 93, 93, 5, 5, 94, 5, 44, 44, 93, 2, 2, 100, 100, 166, 166, 44, 58, 44, 100, 100, 44, 44, 160, 160, 44, 44, 44, 44, 187, 187, 44, 44, 5, 205, 205, 205, 205, 109, 5, 218, 218, 58, 265, 265, 139, 139, 139, 139, 5, 5, 8, 5, 5, 5, 218, 5, 5, 5, 85, 85, 263, 158, 158, 5, 5, 192, 4, 4, 205, 265, 205, 265, 265, 71, 71, 71, 71, 170, 170, 135, 135, 184, 184, 5, 4, 4, 71, 71, 258, 258, 78, 71, 135, 135, 4, 158, 5, 109, 115, 158, 15, 15, 15, 15, 15, 15, 15, 15, 15, 174, 58, 15, 15, 15, 263, 15, 15, 202, 15, 263, 15, 15, 15, 15, 92, 25, 25, 5, 135, 170, 170, 5, 5, 5, 5, 263, 175, 218, 218, 240, 5, 5, 5, 5, 5, 129, 25, 92, 5, 5, 265, 5, 170, 25, 5, 94, 214, 94, 94, 5, 94, 94, 94, 5, 224, 5, 5, 94, 5, 5, 5, 94, 194, 94, 102, 102, 25, 61, 170, 5, 52, 94, 94, 168, 94, 170, 94, 94, 168, 5, 94, 94, 94, 94, 243, 168, 168, 194, 5, 243, 243, 94, 13, 94, 2, 5, 5, 5, 218, 5, 5, 100, 263, 5, 44, 5, 5, 5, 44, 44, 100, 44, 44, 44, 44, 44, 100, 2, 175, 44, 44, 241, 166, 28, 44, 166, 44, 44, 117, 44, 5, 30, 151, 44, 44, 263, 5, 44, 44, 44, 44, 44, 44, 44, 44, 44, 263, 44, 44, 262, 44, 44, 44, 44, 58, 44, 44, 44, 263, 44, 44, 44, 218, 70, 44, 44, 44, 5, 265, 265, 70, 44, 44, 44, 44, 39, 39, 44, 5, 5, 158, 5, 5, 146, 218, 5, 5, 5, 5, 5, 164, 164, 5, 5, 244, 203, 5, 192, 5, 5, 5, 263, 5, 5, 5, 5, 5, 116, 116, 4, 4, 4, 14, 71, 4, 135, 71, 92, 4, 135, 5, 135, 4, 4, 5, 4, 4, 5, 135, 5, 5, 5, 4, 4, 4, 5, 5, 44, 4, 71, 42, 233, 263, 5, 263, 182, 5, 263, 5, 55, 5, 5, 154, 5, 5, 14, 5, 5, 5, 5, 263, 5, 194, 5, 194, 5, 161, 5, 5, 221, 100, 44, 263, 44, 14, 263, 5, 273, 5, 197, 5, 5, 154, 5, 5, 5, 14, 115, 263, 5, 242, 44, 4, 242, 44, 5, 5, 206, 254, 206, 238, 31, 5, 238, 25, 238, 33, 206, 206, 4, 0, 206, 0, 158, 0, 206, 0, 0, 89, 0, 0, 0, 0, 238, 158, 0, 238, 0, 248, 0, 33, 33, 0, 206, 238, 0, 0, 0, 0, 238, 0, 33, 33, 0, 238, 238, 0, 0, 137, 0, 5, 196, 3, 0, 206, 206, 5, 192, 238, 217, 0, 5, 5, 5, 206, 206, 0, 14, 92, 238, 0, 238, 0, 5, 0, 0, 5, 0, 0, 0, 0, 5, 272, 0, 0, 0, 206, 263, 154, 24, 72, 0, 222, 0, 0, 238, 201, 0, 0, 0, 246, 0, 0, 0, 0, 0, 206, 214, 14, 246, 9, 0, 35, 5, 5, 80, 158, 206, 0, 206, 170, 238, 0, 3, 238, 0, 0, 0, 0, 115, 206, 109, 0, 238, 238, 238, 0, 238, 0, 5, 59, 0, 206, 0, 5, 170, 235, 238, 0, 0, 0, 0, 206, 206, 206, 192, 5, 0, 0, 238, 0, 0, 34, 5, 0, 0, 109, 206, 238, 0, 0, 0, 0, 0, 206, 206, 0, 238, 0, 218, 5, 0, 5, 0, 112, 238, 246, 0, 0, 24, 0, 14, 206, 206, 5, 113, 238, 238, 0, 248, 206, 238, 238, 238, 0, 5, 238, 14, 206, 0, 206, 25, 238, 0, 0, 263, 0, 206, 254, 0, 5, 0, 276, 206, 206, 192, 238, 95, 238, 246, 278, 206, 238, 246, 0, 0, 0, 158, 194, 58, 158, 206, 158, 238, 0, 0, 0, 206, 206, 153, 89, 0, 0, 0, 206, 0, 31, 6, 238, 5, 206, 206, 0, 0, 238, 238, 0, 5, 253, 0, 238, 206, 0, 206, 5, 5, 238, 0, 238, 0, 5, 0, 192, 0, 0, 238, 206, 0, 238, 175, 259, 204, 0, 206, 206, 0, 259, 0, 238, 0, 238, 5, 0, 131, 14, 0, 0, 238, 0, 238, 238, 238, 25, 238, 137, 238, 206, 265, 259, 206, 0, 194, 0, 0, 206, 238, 0, 263, 238, 238, 3, 238, 206, 158, 206, 238, 0, 0, 206, 0, 206, 238, 206, 0, 154, 206, 238, 190, 154, 154, 0, 0, 197, 238, 238, 238, 206, 206, 238, 206, 238, 0, 238, 14, 206, 33, 238, 14, 206, 206, 206, 259, 238, 0, 212, 35, 206, 0, 206, 238, 206, 0, 206, 135, 238, 4, 238, 4, 192, 238, 206, 0, 0, 0, 14, 206, 4, 206, 53, 0, 206, 5, 53, 0, 0, 206, 263, 246, 0, 206, 24, 206, 206, 206, 0, 0, 206, 0, 154, 158, 263, 192, 65, 263, 192, 263, 263, 263, 263, 14, 263, 263, 5, 5, 192, 263, 154, 58, 263, 49, 210, 5, 263, 263, 135, 5, 14, 14, 14, 5, 5, 5, 265, 4, 265, 4, 142, 4, 263, 4, 135, 258, 135, 163, 25, 214, 94, 179, 244, 44, 5, 97, 66, 133, 265, 71, 192, 158, 275, 5, 175, 236, 5, 94, 249, 5, 52, 71, 58, 23, 5, 94, 158, 44, 5, 166, 5, 42, 100, 5, 109, 183, 265, 265, 76, 158, 218, 195, 266, 5, 5, 44, 115, 44, 94, 58, 5, 224, 29, 5, 25, 5, 194, 44, 224, 5, 5, 265, 94, 214, 154, 158, 118, 5, 94, 58, 5, 32, 109, 5, 170, 5, 44, 5, 265, 5, 14, 5, 135, 173, 5, 35, 199, 5, 109, 90, 210, 5, 94, 5, 25, 5, 93, 158, 71, 5, 5, 5, 14, 5, 5, 14, 71, 5, 175, 44, 68, 5, 115, 5, 5, 105, 263, 91, 115, 218, 14, 218, 5, 112, 175, 142, 5, 194, 92, 214, 198, 5, 5, 265, 265, 265, 5, 261, 192, 35, 5, 5, 5, 109, 158, 5, 14, 265, 158, 135, 5, 258, 44, 4, 265, 71, 4, 71, 71, 265, 4, 5, 265, 5, 163, 193, 265, 133, 179, 244, 122, 5, 175, 158, 44, 249, 175, 261, 158, 25, 44, 25, 44, 158, 25, 158, 153, 5, 158, 44, 44, 5, 42, 249, 14, 158, 158, 66, 44, 236, 166, 14, 158, 5, 158, 14, 44, 5, 195, 100, 5, 5, 14, 183, 97, 158, 25, 92, 266, 263, 263, 199, 93, 14, 158, 14, 158, 118, 265, 192, 192, 158, 158, 14, 93, 108, 5, 263, 5, 58, 29, 5, 158, 58, 115, 5, 80, 194, 5, 14, 14, 25, 158, 90, 76, 58, 5, 94, 265, 14, 194, 5, 58, 5, 265, 158, 52, 154, 115, 5, 94, 5, 5, 115, 5, 112, 265, 94, 158, 5, 5, 115, 5, 158, 5, 5, 5, 94, 224, 218, 115, 224, 5, 5, 23, 5, 94, 94, 94, 94, 14, 158, 92, 5, 158, 5, 158, 11, 158, 192, 192, 5, 263, 115, 25, 35, 5, 158, 154, 265, 115, 35, 143, 218, 5, 5, 143, 109, 109, 158, 257, 109, 35, 5, 115, 263, 109, 109, 263, 68, 5, 109, 214, 91, 265, 5, 109, 136, 65, 79, 218, 170, 265, 115, 263, 105, 214, 263, 5, 158, 265, 5, 218, 5, 158, 158, 5, 275, 5, 5, 154, 14, 5, 5, 5, 5, 115, 257, 173, 115, 5, 55, 5, 5, 170, 175, 5, 218, 115, 92, 5, 5, 5, 169, 14, 265, 158, 192, 109, 44, 89, 141, 14, 92, 14, 5, 170, 158, 158, 122, 109, 5, 35, 14, 158, 263, 170, 25, 249, 263, 5, 11, 5, 265, 263, 14, 14, 158, 5, 158, 265, 165, 170, 5, 5, 26, 142, 263, 265, 169, 5, 4, 5, 71, 5, 4, 4, 114, 142, 4, 71, 114, 181, 114, 135, 114, 4, 5, 114, 103, 233, 233, 93, 5, 4, 5, 175, 16, 114, 58, 5, 223, 114, 114, 44, 99, 92, 114, 114, 5, 260, 114, 263, 5, 2, 4, 168, 78, 4, 114, 114, 44, 94, 58, 114, 5, 44, 114, 263, 155, 114, 5, 114, 73, 114, 109, 263, 135, 80, 154, 114, 4, 5, 5, 114, 114, 175, 114, 4, 5, 114, 114, 114, 71, 