{"Run": 9, "K": 281, "WCSSD": 2329.6605553794725, "Purity": 0.36100636093813876, "Time": 13.824128150939941, "Kmeans_Labels": [13, 72, 58, 236, 13, 13, 72, 9, 72, 13, 13, 91, 51, 51, 144, 13, 108, 136, 13, 136, 13, 13, 187, 51, 51, 136, 13, 255, 154, 13, 51, 13, 154, 22, 13, 13, 51, 51, 91, 51, 115, 119, 192, 100, 51, 13, 51, 136, 144, 229, 190, 115, 115, 13, 163, 34, 13, 176, 236, 236, 13, 136, 136, 220, 34, 127, 51, 72, 51, 34, 51, 13, 13, 163, 22, 13, 13, 13, 218, 13, 13, 252, 234, 179, 243, 13, 163, 124, 13, 13, 13, 13, 34, 28, 144, 119, 179, 13, 9, 13, 9, 22, 13, 142, 142, 119, 119, 142, 63, 22, 189, 189, 189, 51, 234, 22, 275, 32, 144, 135, 246, 13, 139, 236, 236, 135, 93, 236, 137, 93, 135, 135, 187, 13, 13, 13, 13, 13, 144, 144, 255, 236, 236, 154, 135, 139, 13, 144, 13, 236, 135, 16, 163, 13, 13, 135, 13, 13, 236, 144, 144, 135, 135, 13, 13, 135, 163, 118, 137, 163, 108, 187, 13, 115, 135, 13, 220, 260, 135, 194, 13, 144, 258, 258, 135, 87, 151, 13, 13, 13, 13, 255, 144, 135, 236, 236, 194, 262, 13, 234, 9, 187, 187, 220, 135, 9, 135, 9, 163, 144, 187, 232, 9, 9, 9, 135, 135, 234, 62, 255, 9, 22, 13, 91, 165, 135, 144, 91, 115, 187, 13, 13, 9, 13, 9, 13, 234, 100, 150, 144, 135, 13, 255, 9, 115, 9, 144, 13, 184, 135, 234, 234, 13, 135, 137, 187, 135, 144, 198, 234, 144, 13, 91, 236, 142, 13, 184, 142, 137, 234, 187, 119, 74, 187, 119, 187, 144, 187, 135, 142, 135, 119, 144, 144, 119, 119, 220, 142, 119, 137, 135, 119, 13, 119, 13, 119, 13, 119, 142, 115, 13, 119, 13, 93, 91, 119, 119, 119, 13, 189, 255, 13, 91, 93, 234, 13, 13, 189, 103, 13, 189, 26, 115, 189, 220, 91, 13, 144, 255, 189, 154, 135, 135, 13, 115, 13, 135, 13, 187, 135, 144, 115, 226, 262, 135, 272, 13, 135, 144, 144, 167, 144, 115, 13, 91, 13, 122, 137, 40, 208, 180, 13, 106, 180, 180, 255, 173, 180, 135, 13, 180, 55, 173, 135, 173, 135, 135, 135, 187, 108, 144, 115, 135, 108, 13, 115, 115, 136, 236, 13, 13, 144, 108, 136, 192, 13, 220, 53, 13, 100, 255, 13, 236, 241, 52, 255, 135, 236, 236, 13, 122, 137, 34, 163, 72, 13, 93, 160, 163, 135, 163, 236, 163, 13, 100, 142, 13, 189, 40, 180, 180, 192, 13, 163, 13, 137, 137, 140, 140, 13, 236, 13, 16, 16, 234, 234, 189, 189, 13, 189, 42, 42, 189, 100, 13, 13, 13, 13, 180, 180, 13, 13, 13, 34, 34, 13, 192, 192, 256, 34, 34, 34, 236, 34, 53, 255, 271, 234, 28, 28, 9, 9, 28, 28, 28, 13, 13, 28, 28, 1, 16, 13, 31, 31, 13, 71, 13, 16, 16, 13, 244, 240, 255, 234, 234, 13, 120, 28, 142, 58, 58, 13, 122, 122, 13, 13, 136, 142, 13, 236, 174, 115, 142, 174, 174, 142, 115, 28, 236, 189, 189, 119, 63, 63, 142, 142, 128, 128, 189, 91, 189, 99, 99, 234, 234, 13, 13, 189, 189, 189, 189, 142, 142, 189, 189, 13, 16, 16, 16, 16, 53, 13, 255, 255, 91, 13, 13, 91, 91, 13, 13, 13, 13, 13, 13, 13, 13, 255, 13, 13, 13, 167, 167, 60, 13, 13, 13, 13, 137, 180, 180, 16, 13, 16, 115, 115, 173, 173, 146, 146, 207, 207, 180, 180, 173, 173, 137, 180, 180, 173, 173, 173, 173, 173, 173, 180, 180, 180, 13, 13, 53, 13, 163, 20, 20, 20, 20, 20, 20, 20, 104, 111, 96, 91, 20, 20, 20, 51, 20, 20, 20, 20, 13, 20, 20, 20, 20, 220, 100, 100, 13, 180, 143, 143, 108, 108, 34, 34, 179, 13, 34, 34, 144, 196, 237, 196, 34, 56, 236, 100, 220, 236, 13, 114, 13, 192, 100, 13, 234, 108, 28, 28, 13, 28, 28, 13, 13, 34, 108, 13, 201, 13, 13, 13, 28, 124, 28, 28, 28, 100, 28, 192, 93, 1, 28, 234, 28, 28, 192, 28, 28, 25, 25, 28, 28, 28, 13, 234, 28, 28, 59, 13, 234, 234, 28, 28, 28, 13, 13, 13, 142, 255, 142, 122, 142, 142, 13, 189, 142, 142, 142, 188, 119, 142, 189, 188, 188, 189, 189, 142, 63, 142, 189, 189, 63, 142, 13, 189, 142, 189, 189, 189, 189, 13, 16, 189, 189, 189, 13, 13, 189, 189, 189, 189, 189, 189, 189, 189, 189, 144, 189, 189, 189, 141, 189, 141, 189, 191, 189, 13, 189, 13, 189, 189, 189, 255, 16, 189, 189, 189, 189, 13, 13, 16, 27, 27, 189, 189, 136, 136, 189, 27, 122, 13, 122, 268, 13, 277, 268, 13, 13, 13, 13, 189, 189, 13, 13, 13, 255, 13, 137, 13, 13, 13, 13, 0, 0, 115, 13, 13, 54, 54, 170, 180, 180, 13, 146, 180, 180, 173, 220, 180, 180, 108, 180, 207, 180, 13, 207, 207, 13, 180, 13, 13, 13, 180, 180, 180, 189, 13, 189, 180, 173, 115, 22, 13, 13, 13, 180, 13, 136, 34, 108, 148, 34, 34, 76, 13, 13, 13, 13, 67, 13, 13, 13, 124, 13, 124, 122, 122, 108, 169, 13, 142, 189, 181, 93, 144, 13, 108, 108, 108, 5, 163, 236, 13, 13, 108, 144, 137, 108, 115, 13, 189, 189, 180, 189, 189, 13, 13, 94, 13, 94, 73, 204, 142, 73, 100, 73, 161, 94, 94, 180, 5, 94, 5, 150, 5, 5, 5, 5, 93, 5, 5, 5, 5, 73, 204, 5, 73, 5, 5, 5, 264, 264, 5, 94, 73, 5, 5, 30, 5, 14, 5, 264, 264, 5, 73, 73, 5, 5, 73, 5, 13, 5, 5, 5, 94, 94, 13, 137, 73, 5, 5, 13, 134, 13, 94, 5, 5, 172, 220, 73, 5, 73, 5, 13, 5, 5, 13, 5, 5, 5, 5, 13, 13, 5, 5, 205, 94, 115, 13, 51, 5, 5, 5, 5, 214, 73, 5, 5, 5, 197, 93, 5, 5, 5, 5, 5, 94, 72, 224, 94, 5, 5, 127, 13, 13, 260, 13, 94, 5, 200, 192, 73, 5, 204, 73, 5, 5, 5, 5, 136, 94, 53, 69, 73, 73, 73, 5, 73, 5, 144, 5, 66, 94, 5, 13, 192, 73, 73, 5, 5, 5, 5, 94, 133, 94, 144, 13, 5, 5, 73, 5, 5, 260, 13, 5, 5, 53, 94, 73, 5, 133, 5, 5, 5, 94, 94, 5, 73, 5, 255, 13, 5, 13, 211, 47, 73, 5, 5, 5, 51, 5, 13, 94, 94, 13, 13, 73, 73, 5, 5, 94, 73, 73, 73, 88, 13, 73, 260, 94, 5, 94, 100, 73, 5, 5, 87, 5, 94, 13, 5, 13, 5, 5, 94, 94, 13, 73, 5, 73, 93, 93, 94, 73, 264, 5, 5, 5, 144, 124, 47, 191, 273, 224, 73, 5, 163, 5, 94, 94, 122, 93, 5, 5, 5, 94, 5, 204, 5, 73, 122, 94, 177, 5, 5, 73, 73, 5, 224, 13, 5, 73, 94, 5, 94, 13, 142, 73, 5, 73, 5, 144, 5, 93, 142, 5, 73, 94, 5, 73, 189, 73, 108, 5, 94, 49, 5, 115, 5, 73, 5, 73, 13, 5, 115, 172, 5, 5, 73, 5, 73, 73, 73, 100, 195, 73, 73, 94, 136, 5, 94, 5, 124, 5, 5, 94, 73, 5, 93, 73, 73, 5, 73, 94, 202, 94, 73, 5, 5, 94, 5, 94, 73, 94, 5, 154, 94, 73, 13, 154, 154, 5, 5, 5, 73, 73, 73, 94, 94, 73, 94, 73, 5, 73, 172, 94, 161, 73, 13, 216, 94, 107, 115, 73, 50, 94, 127, 94, 5, 180, 73, 94, 156, 94, 180, 73, 180, 73, 180, 93, 73, 94, 5, 5, 5, 137, 94, 180, 94, 5, 5, 94, 13, 94, 5, 5, 17, 93, 93, 5, 94, 5, 94, 94, 94, 5, 5, 94, 5, 154, 164, 115, 137, 137, 115, 137, 115, 115, 115, 115, 172, 144, 115, 13, 236, 137, 115, 13, 91, 115, 13, 108, 236, 115, 115, 180, 163, 165, 165, 165, 13, 13, 136, 13, 180, 210, 180, 21, 180, 106, 173, 180, 173, 180, 245, 100, 72, 13, 13, 13, 189, 13, 45, 13, 13, 93, 173, 122, 136, 236, 13, 13, 13, 13, 13, 122, 13, 1, 173, 91, 13, 142, 234, 13, 189, 236, 128, 227, 163, 142, 122, 53, 13, 13, 13, 91, 13, 255, 142, 91, 13, 13, 189, 136, 93, 28, 91, 13, 34, 254, 236, 100, 13, 124, 189, 34, 13, 142, 115, 13, 72, 154, 38, 101, 13, 234, 91, 239, 173, 53, 248, 143, 13, 189, 13, 13, 13, 136, 13, 180, 13, 13, 127, 82, 13, 279, 91, 93, 13, 29, 13, 100, 230, 119, 13, 173, 117, 13, 13, 93, 76, 13, 115, 146, 2, 13, 189, 13, 123, 108, 13, 13, 236, 13, 13, 136, 255, 93, 255, 136, 16, 98, 40, 93, 124, 13, 72, 255, 13, 108, 13, 13, 68, 13, 137, 193, 127, 13, 13, 265, 53, 13, 136, 136, 210, 149, 180, 13, 173, 213, 180, 13, 173, 173, 173, 146, 93, 180, 13, 13, 227, 245, 13, 68, 13, 13, 13, 16, 13, 13, 13, 189, 122, 98, 137, 152, 100, 189, 100, 189, 115, 100, 122, 122, 2, 93, 189, 93, 13, 163, 122, 93, 93, 115, 13, 189, 13, 128, 13, 93, 13, 93, 115, 189, 142, 142, 142, 13, 122, 93, 13, 45, 93, 100, 220, 91, 136, 122, 82, 119, 13, 218, 144, 93, 101, 13, 166, 122, 116, 122, 122, 119, 93, 230, 115, 13, 91, 254, 13, 13, 199, 147, 13, 260, 124, 142, 223, 136, 100, 38, 91, 91, 91, 13, 13, 13, 136, 124, 36, 91, 93, 13, 13, 1, 154, 136, 144, 28, 13, 13, 108, 13, 16, 183, 13, 93, 234, 191, 234, 13, 71, 13, 13, 136, 29, 34, 255, 136, 34, 144, 13, 13, 13, 13, 28, 234, 234, 136, 78, 13, 123, 71, 123, 71, 13, 71, 193, 137, 13, 115, 234, 100, 145, 13, 13, 220, 13, 136, 127, 220, 255, 187, 175, 236, 53, 235, 61, 72, 53, 127, 13, 136, 235, 53, 53, 57, 13, 13, 279, 72, 13, 13, 236, 53, 13, 118, 13, 255, 192, 115, 136, 13, 236, 72, 115, 13, 136, 13, 239, 132, 122, 150, 13, 76, 236, 236, 13, 154, 93, 265, 13, 117, 136, 136, 259, 13, 257, 13, 13, 236, 13, 143, 13, 13, 255, 136, 220, 13, 234, 122, 191, 223, 13, 78, 166, 53, 213, 93, 75, 93, 108, 