{"Run": 4, "K": 549, "WCSSD": 2039.851386786666, "Purity": 0.45680332861766415, "Time": 32.06813597679138, "Kmeans_Labels": [492, 273, 7, 234, 7, 7, 273, 175, 273, 7, 7, 542, 7, 57, 347, 7, 7, 30, 397, 478, 7, 7, 129, 57, 377, 189, 155, 541, 478, 167, 57, 7, 478, 47, 509, 25, 57, 57, 542, 73, 155, 57, 74, 121, 57, 7, 341, 229, 347, 7, 361, 481, 481, 428, 278, 7, 20, 47, 234, 102, 212, 47, 7, 74, 7, 421, 57, 495, 57, 47, 47, 256, 7, 81, 385, 7, 7, 453, 20, 7, 430, 7, 264, 47, 175, 146, 496, 217, 7, 7, 7, 512, 530, 264, 347, 136, 229, 7, 520, 7, 175, 385, 7, 435, 435, 136, 136, 435, 465, 385, 196, 170, 196, 57, 7, 385, 481, 7, 229, 34, 7, 229, 34, 229, 7, 34, 229, 234, 486, 7, 34, 34, 281, 129, 7, 478, 297, 229, 229, 229, 58, 234, 234, 478, 34, 34, 7, 507, 347, 234, 34, 485, 81, 478, 7, 34, 7, 229, 234, 347, 268, 34, 34, 7, 7, 34, 392, 503, 90, 81, 68, 7, 7, 481, 34, 7, 62, 33, 34, 7, 355, 256, 7, 7, 34, 347, 34, 7, 7, 347, 256, 58, 35, 34, 428, 88, 256, 157, 7, 264, 175, 112, 112, 62, 34, 175, 84, 175, 81, 229, 112, 7, 175, 175, 175, 7, 34, 264, 542, 58, 175, 385, 7, 542, 129, 34, 229, 264, 481, 34, 7, 428, 96, 7, 371, 20, 264, 478, 459, 428, 34, 7, 58, 244, 481, 524, 244, 7, 424, 34, 136, 196, 7, 412, 129, 77, 34, 88, 34, 7, 229, 7, 542, 234, 435, 7, 424, 435, 7, 62, 528, 136, 150, 88, 136, 85, 545, 85, 34, 34, 487, 278, 484, 163, 136, 136, 62, 52, 136, 370, 34, 136, 7, 196, 490, 136, 7, 136, 7, 478, 7, 380, 7, 383, 117, 136, 136, 136, 7, 196, 58, 278, 7, 369, 264, 278, 7, 196, 196, 478, 196, 196, 481, 196, 62, 542, 7, 278, 58, 244, 478, 34, 34, 492, 481, 492, 283, 428, 47, 224, 229, 111, 58, 157, 34, 229, 229, 34, 229, 532, 320, 297, 481, 7, 542, 7, 7, 258, 32, 39, 64, 229, 229, 64, 196, 58, 16, 64, 34, 7, 64, 181, 16, 34, 16, 34, 386, 34, 229, 7, 229, 155, 34, 155, 7, 481, 481, 47, 234, 25, 55, 347, 7, 150, 74, 7, 62, 116, 20, 121, 353, 229, 234, 229, 428, 58, 7, 184, 234, 7, 268, 7, 7, 54, 273, 7, 490, 151, 81, 147, 81, 7, 483, 428, 121, 435, 428, 196, 32, 64, 64, 74, 7, 153, 478, 75, 75, 478, 478, 428, 234, 428, 485, 485, 264, 264, 196, 196, 7, 196, 542, 542, 196, 121, 478, 64, 64, 428, 39, 39, 12, 12, 393, 205, 205, 155, 10, 10, 234, 7, 7, 344, 234, 478, 116, 58, 358, 256, 284, 284, 175, 175, 223, 264, 264, 7, 7, 264, 264, 264, 485, 264, 412, 412, 111, 60, 7, 485, 485, 129, 260, 412, 58, 264, 264, 428, 264, 264, 435, 7, 7, 111, 389, 389, 226, 226, 7, 428, 7, 234, 82, 7, 234, 82, 82, 234, 7, 7, 234, 196, 196, 136, 38, 38, 192, 192, 395, 395, 196, 542, 196, 126, 126, 195, 195, 231, 231, 196, 196, 376, 376, 244, 244, 228, 196, 20, 198, 198, 198, 198, 116, 7, 58, 58, 542, 7, 7, 97, 97, 97, 97, 7, 7, 439, 7, 266, 266, 58, 7, 7, 7, 320, 320, 478, 7, 247, 7, 7, 370, 39, 39, 485, 512, 485, 110, 110, 16, 16, 16, 16, 91, 91, 39, 39, 39, 39, 478, 443, 443, 16, 16, 375, 375, 16, 53, 434, 434, 64, 20, 50, 116, 469, 81, 225, 225, 225, 225, 225, 225, 225, 225, 225, 542, 452, 225, 165, 225, 57, 225, 225, 225, 225, 347, 225, 225, 225, 225, 62, 428, 4, 7, 39, 419, 419, 7, 7, 205, 205, 21, 312, 58, 58, 376, 238, 108, 326, 478, 7, 234, 121, 164, 358, 7, 7, 3, 74, 121, 475, 358, 477, 506, 506, 7, 506, 506, 194, 146, 284, 7, 7, 264, 7, 223, 223, 264, 217, 264, 134, 134, 121, 264, 444, 25, 264, 264, 264, 2, 7, 444, 264, 264, 92, 92, 264, 264, 264, 259, 264, 140, 140, 479, 7, 264, 264, 264, 244, 277, 7, 104, 104, 435, 382, 425, 7, 435, 435, 7, 196, 425, 435, 7, 196, 196, 435, 196, 196, 196, 196, 196, 7, 38, 7, 196, 196, 170, 435, 111, 196, 196, 196, 196, 196, 196, 7, 485, 196, 196, 196, 428, 321, 196, 148, 148, 196, 196, 196, 196, 196, 196, 376, 196, 196, 196, 196, 196, 376, 476, 542, 196, 244, 196, 229, 196, 325, 325, 317, 485, 317, 317, 317, 317, 7, 7, 485, 17, 17, 196, 196, 478, 478, 196, 242, 7, 229, 7, 266, 111, 58, 266, 129, 459, 7, 7, 196, 196, 266, 244, 111, 58, 229, 7, 111, 243, 243, 481, 7, 7, 111, 413, 413, 229, 229, 64, 505, 505, 130, 16, 28, 131, 16, 62, 64, 39, 268, 39, 91, 64, 229, 91, 91, 20, 39, 7, 7, 111, 443, 131, 131, 111, 7, 196, 64, 375, 111, 27, 111, 111, 111, 64, 457, 376, 344, 133, 256, 344, 478, 344, 229, 7, 347, 327, 7, 512, 417, 7, 217, 7, 217, 430, 7, 129, 7, 196, 435, 196, 376, 186, 428, 7, 7, 7, 7, 282, 81, 234, 7, 129, 129, 129, 90, 47, 481, 69, 278, 196, 64, 278, 196, 7, 7, 36, 7, 36, 279, 12, 435, 527, 329, 65, 107, 36, 36, 295, 221, 36, 221, 20, 221, 36, 221, 114, 49, 221, 221, 13, 221, 279, 210, 221, 152, 221, 221, 221, 107, 107, 221, 36, 93, 221, 221, 221, 221, 279, 221, 107, 107, 221, 279, 279, 221, 221, 279, 306, 7, 221, 245, 168, 36, 36, 7, 486, 527, 406, 221, 7, 155, 7, 36, 36, 221, 256, 62, 423, 221, 279, 221, 155, 51, 180, 7, 221, 221, 221, 221, 7, 7, 316, 221, 529, 76, 155, 478, 341, 221, 221, 221, 221, 406, 279, 221, 221, 221, 462, 339, 221, 221, 406, 221, 221, 36, 273, 218, 339, 221, 221, 70, 7, 7, 33, 347, 36, 6, 36, 74, 489, 221, 210, 279, 36, 221, 221, 221, 47, 36, 116, 221, 279, 527, 279, 221, 279, 221, 35, 221, 221, 36, 221, 7, 74, 279, 141, 221, 221, 221, 221, 36, 36, 245, 20, 256, 221, 221, 279, 221, 221, 33, 7, 221, 221, 250, 36, 279, 221, 35, 221, 221, 144, 36, 36, 125, 125, 221, 58, 7, 221, 7, 221, 125, 279, 339, 221, 221, 341, 221, 268, 525, 36, 417, 6, 279, 279, 221, 221, 36, 527, 279, 279, 221, 7, 279, 374, 36, 221, 36, 256, 527, 221, 221, 129, 221, 36, 7, 336, 7, 221, 221, 36, 36, 7, 279, 221, 527, 339, 268, 36, 279, 107, 221, 221, 221, 35, 217, 125, 472, 36, 218, 279, 221, 36, 221, 36, 188, 7, 49, 221, 403, 221, 391, 31, 12, 488, 141, 7, 36, 37, 221, 363, 279, 527, 221, 7, 428, 221, 279, 36, 221, 36, 7, 435, 279, 511, 279, 221, 347, 221, 25, 435, 221, 279, 36, 221, 279, 278, 340, 543, 221, 36, 36, 221, 537, 221, 279, 156, 279, 7, 36, 297, 256, 221, 23, 279, 221, 527, 527, 279, 329, 294, 279, 279, 36, 12, 340, 36, 90, 265, 306, 221, 36, 65, 36, 25, 527, 279, 221, 279, 36, 25, 36, 527, 221, 221, 36, 221, 36, 279, 404, 221, 236, 142, 279, 331, 478, 478, 168, 300, 282, 510, 279, 279, 36, 36, 279, 461, 98, 221, 279, 256, 36, 107, 279, 7, 280, 172, 36, 537, 279, 221, 36, 70, 36, 36, 36, 372, 220, 221, 36, 39, 279, 295, 279, 64, 25, 533, 36, 221, 221, 221, 481, 36, 131, 36, 221, 31, 36, 7, 537, 36, 221, 36, 481, 339, 221, 36, 36, 36, 36, 36, 221, 221, 36, 221, 513, 20, 481, 268, 503, 481, 7, 481, 481, 481, 481, 270, 35, 481, 7, 234, 486, 481, 478, 542, 481, 463, 111, 234, 481, 481, 39, 81, 129, 129, 129, 69, 7, 7, 7, 64, 61, 64, 32, 131, 229, 436, 39, 375, 39, 542, 121, 273, 264, 7, 111, 317, 7, 272, 459, 7, 25, 16, 7, 376, 348, 467, 278, 7, 376, 264, 7, 111, 264, 16, 542, 129, 435, 264, 428, 538, 234, 395, 287, 81, 435, 25, 116, 428, 214, 173, 542, 428, 332, 435, 542, 7, 7, 196, 47, 186, 285, 542, 428, 154, 412, 234, 121, 376, 217, 244, 284, 7, 435, 77, 7, 400, 323, 60, 347, 7, 264, 162, 7, 16, 116, 458, 10, 428, 196, 393, 7, 7, 268, 460, 39, 7, 7, 298, 62, 393, 116, 542, 25, 7, 199, 7, 86, 376, 360, 428, 16, 78, 289, 229, 449, 344, 7, 297, 16, 7, 278, 196, 330, 7, 47, 109, 534, 234, 176, 268, 47, 58, 481, 311, 428, 485, 446, 32, 29, 240, 338, 273, 58, 159, 111, 7, 493, 428, 7, 129, 25, 70, 7, 7, 20, 116, 20, 428, 268, 61, 20, 39, 159, 375, 196, 131, 7, 16, 436, 16, 16, 25, 64, 460, 77, 287, 542, 459, 428, 7, 7, 111, 454, 428, 278, 428, 317, 7, 446, 129, 20, 121, 196, 121, 523, 129, 121, 20, 20, 7, 20, 196, 186, 7, 81, 7, 310, 20, 297, 459, 538, 7, 395, 535, 20, 376, 20, 25, 196, 435, 435, 435, 376, 7, 449, 428, 272, 20, 121, 62, 542, 509, 25, 62, 136, 20, 20, 428, 20, 347, 77, 494, 7, 297, 20, 481, 360, 459, 376, 481, 109, 162, 412, 7, 244, 542, 47, 7, 518, 240, 435, 362, 268, 121, 60, 542, 542, 542, 111, 264, 173, 111, 217, 7, 542, 29, 493, 428, 264, 323, 47, 428, 264, 7, 466, 47, 7, 485, 268, 264, 20, 7, 271, 47, 7, 346, 7, 7, 428, 199, 284, 58, 47, 154, 155, 7, 129, 7, 7, 285, 264, 264, 268, 11, 338, 7, 346, 7, 60, 7, 346, 25, 90, 428, 481, 47, 232, 70, 7, 428, 62, 214, 47, 70, 62, 332, 129, 216, 234, 116, 116, 25, 268, 116, 298, 7, 47, 400, 116, 116, 25, 330, 289, 116, 273, 268, 322, 59, 116, 7, 25, 7, 311, 