{"Run": 1, "K": 498, "WCSSD": 2132.585176036789, "Purity": 0.5113083309476095, "Time": 27.625614166259766, "Kmeans_Labels": [8, 191, 274, 122, 367, 8, 191, 51, 191, 72, 412, 452, 8, 420, 8, 8, 8, 10, 120, 405, 8, 8, 417, 8, 107, 10, 134, 10, 116, 8, 8, 8, 116, 359, 8, 8, 420, 420, 252, 157, 283, 153, 225, 24, 93, 8, 107, 8, 170, 407, 8, 425, 425, 8, 147, 115, 8, 191, 122, 122, 8, 400, 8, 364, 42, 55, 420, 191, 420, 115, 10, 8, 8, 147, 300, 8, 8, 8, 8, 8, 8, 66, 251, 10, 51, 8, 147, 83, 211, 8, 8, 8, 115, 8, 8, 153, 268, 8, 51, 8, 51, 300, 8, 166, 166, 153, 153, 295, 113, 300, 225, 225, 225, 8, 251, 300, 125, 8, 120, 236, 8, 268, 236, 122, 8, 236, 268, 122, 125, 268, 236, 236, 268, 8, 85, 116, 8, 110, 8, 8, 100, 122, 122, 116, 321, 236, 8, 8, 8, 122, 236, 353, 324, 8, 8, 236, 8, 8, 122, 170, 8, 236, 236, 8, 8, 236, 147, 119, 91, 324, 236, 8, 8, 425, 236, 384, 364, 76, 236, 8, 8, 198, 8, 399, 236, 8, 236, 120, 8, 8, 12, 337, 120, 54, 8, 8, 8, 421, 8, 251, 51, 417, 417, 364, 236, 51, 236, 310, 147, 251, 417, 12, 51, 51, 51, 236, 236, 89, 252, 337, 51, 300, 8, 252, 404, 236, 331, 251, 425, 473, 8, 8, 51, 8, 51, 125, 251, 116, 8, 120, 236, 125, 337, 178, 425, 51, 78, 251, 474, 236, 220, 37, 443, 282, 129, 417, 236, 8, 236, 251, 8, 251, 252, 297, 166, 8, 474, 166, 196, 251, 125, 153, 12, 268, 153, 377, 272, 377, 236, 166, 236, 153, 368, 393, 153, 153, 364, 166, 153, 125, 236, 204, 268, 225, 295, 153, 8, 153, 225, 116, 8, 153, 8, 295, 295, 153, 153, 153, 8, 225, 242, 323, 251, 125, 251, 323, 119, 225, 225, 117, 225, 225, 425, 225, 289, 252, 251, 99, 337, 78, 116, 236, 236, 8, 425, 8, 236, 8, 417, 236, 8, 12, 45, 421, 236, 119, 8, 236, 424, 82, 71, 85, 425, 8, 252, 251, 297, 91, 39, 286, 46, 138, 438, 374, 225, 46, 38, 46, 236, 424, 46, 228, 38, 236, 38, 236, 236, 236, 120, 8, 12, 269, 236, 8, 8, 425, 425, 10, 8, 8, 8, 170, 297, 12, 8, 8, 364, 99, 8, 24, 337, 268, 122, 8, 8, 337, 236, 8, 122, 8, 297, 125, 115, 147, 191, 8, 85, 474, 147, 236, 147, 8, 461, 8, 24, 166, 8, 415, 39, 46, 46, 226, 119, 147, 116, 125, 125, 189, 189, 125, 122, 12, 353, 353, 251, 251, 97, 97, 125, 225, 252, 252, 225, 24, 410, 362, 362, 272, 286, 286, 290, 290, 8, 115, 115, 116, 115, 115, 122, 115, 115, 115, 122, 115, 99, 337, 8, 251, 129, 129, 51, 51, 8, 482, 482, 8, 8, 251, 251, 120, 353, 8, 251, 251, 8, 444, 120, 406, 406, 120, 51, 118, 337, 428, 428, 8, 262, 467, 166, 396, 396, 8, 297, 297, 120, 120, 120, 8, 8, 122, 370, 119, 166, 370, 370, 166, 119, 295, 8, 102, 102, 102, 113, 113, 295, 295, 84, 84, 251, 252, 225, 153, 153, 251, 251, 8, 8, 130, 130, 460, 460, 78, 78, 457, 225, 144, 188, 188, 188, 188, 99, 8, 337, 337, 252, 120, 120, 252, 252, 8, 8, 265, 265, 8, 8, 336, 336, 337, 19, 8, 8, 71, 71, 116, 120, 8, 78, 78, 125, 286, 286, 353, 12, 353, 495, 495, 38, 38, 38, 38, 292, 292, 286, 286, 98, 98, 169, 18, 18, 38, 38, 38, 38, 352, 273, 132, 132, 46, 371, 8, 99, 8, 147, 69, 69, 69, 69, 69, 69, 69, 383, 69, 252, 251, 69, 69, 69, 420, 69, 69, 69, 69, 129, 69, 348, 69, 69, 364, 24, 24, 8, 286, 226, 226, 115, 115, 115, 115, 268, 8, 111, 111, 268, 8, 8, 8, 115, 8, 122, 24, 364, 199, 8, 120, 268, 226, 24, 8, 199, 191, 251, 251, 8, 85, 85, 8, 8, 333, 8, 8, 115, 8, 8, 8, 180, 408, 329, 8, 8, 24, 251, 8, 8, 8, 44, 464, 44, 8, 8, 180, 251, 44, 8, 8, 251, 8, 8, 428, 44, 44, 83, 8, 428, 428, 8, 78, 24, 85, 156, 156, 166, 337, 166, 125, 166, 166, 8, 225, 166, 166, 295, 102, 225, 166, 225, 102, 225, 225, 225, 295, 113, 8, 225, 225, 113, 295, 8, 225, 295, 225, 225, 429, 225, 317, 353, 225, 225, 225, 8, 8, 225, 225, 225, 225, 460, 460, 225, 460, 225, 283, 327, 225, 225, 225, 225, 78, 225, 252, 233, 78, 225, 424, 225, 225, 225, 335, 353, 78, 78, 78, 335, 8, 8, 353, 304, 304, 233, 225, 10, 10, 225, 304, 297, 119, 297, 212, 12, 8, 192, 129, 129, 47, 47, 105, 105, 212, 78, 8, 8, 390, 125, 186, 48, 48, 424, 8, 8, 201, 8, 8, 424, 424, 46, 67, 67, 12, 38, 81, 286, 38, 364, 46, 286, 8, 286, 292, 46, 8, 292, 292, 483, 286, 8, 8, 345, 18, 312, 18, 12, 8, 12, 46, 38, 12, 300, 129, 129, 129, 46, 8, 283, 115, 151, 8, 115, 116, 115, 8, 8, 8, 8, 120, 120, 425, 85, 83, 8, 83, 297, 297, 8, 8, 225, 238, 225, 272, 225, 85, 241, 120, 303, 120, 20, 147, 122, 8, 339, 8, 8, 91, 10, 425, 5, 225, 225, 46, 225, 225, 8, 175, 164, 8, 164, 287, 125, 166, 227, 24, 287, 264, 164, 164, 18, 20, 164, 20, 388, 20, 108, 20, 20, 131, 139, 139, 77, 20, 287, 26, 20, 287, 20, 20, 20, 264, 264, 20, 164, 287, 20, 20, 20, 20, 287, 20, 264, 264, 20, 287, 287, 77, 20, 287, 20, 8, 20, 164, 20, 164, 164, 8, 125, 287, 257, 20, 119, 272, 8, 164, 164, 20, 119, 364, 287, 313, 287, 20, 64, 15, 77, 8, 20, 20, 20, 281, 8, 8, 20, 20, 276, 164, 306, 346, 194, 20, 20, 20, 20, 20, 287, 20, 20, 20, 20, 240, 20, 20, 20, 20, 20, 164, 191, 119, 240, 20, 20, 55, 263, 8, 76, 8, 164, 20, 164, 8, 287, 20, 26, 287, 20, 20, 20, 20, 10, 164, 167, 20, 287, 287, 287, 234, 287, 20, 120, 366, 20, 164, 77, 8, 8, 287, 240, 20, 20, 20, 20, 164, 164, 1, 338, 8, 20, 20, 287, 20, 20, 76, 175, 20, 20, 99, 164, 287, 20, 20, 20, 20, 20, 164, 164, 484, 458, 165, 337, 8, 20, 8, 20, 484, 287, 240, 229, 20, 194, 20, 8, 164, 164, 319, 85, 380, 287, 20, 20, 230, 287, 287, 287, 20, 8, 287, 35, 164, 20, 164, 154, 287, 20, 77, 391, 431, 1, 8, 20, 145, 20, 20, 164, 381, 8, 458, 20, 287, 240, 283, 164, 287, 264, 20, 20, 20, 120, 83, 458, 8, 164, 8, 287, 20, 287, 434, 164, 164, 297, 222, 375, 56, 77, 164, 108, 125, 20, 240, 297, 381, 164, 20, 20, 287, 287, 20, 8, 8, 9, 287, 230, 20, 164, 8, 166, 287, 20, 287, 77, 119, 20, 182, 166, 20, 287, 164, 330, 365, 251, 287, 345, 20, 164, 164, 20, 142, 20, 287, 258, 287, 8, 164, 345, 119, 20, 20, 287, 20, 287, 227, 287, 24, 334, 287, 133, 164, 12, 142, 164, 91, 83, 77, 318, 164, 287, 20, 361, 287, 287, 20, 287, 164, 85, 164, 287, 20, 20, 164, 20, 164, 287, 164, 20, 20, 164, 287, 8, 116, 32, 20, 307, 20, 287, 287, 287, 164, 164, 287, 164, 287, 20, 287, 119, 381, 264, 287, 8, 164, 164, 356, 142, 287, 20, 164, 55, 164, 164, 164, 230, 164, 20, 164, 286, 287, 18, 287, 286, 182, 287, 164, 108, 20, 20, 272, 164, 18, 158, 270, 108, 164, 8, 142, 20, 20, 164, 268, 240, 77, 164, 20, 164, 164, 164, 20, 20, 164, 20, 116, 36, 425, 125, 119, 425, 125, 425, 425, 425, 425, 268, 120, 425, 272, 360, 125, 425, 8, 223, 425, 8, 268, 360, 425, 425, 286, 147, 404, 404, 404, 5, 8, 8, 88, 18, 325, 46, 148, 207, 119, 18, 286, 38, 286, 252, 127, 191, 251, 120, 12, 335, 8, 411, 331, 8, 85, 38, 8, 149, 8, 8, 8, 430, 244, 440, 86, 8, 251, 239, 252, 285, 166, 251, 8, 225, 297, 84, 12, 147, 166, 129, 99, 8, 8, 8, 299, 8, 337, 166, 252, 8, 8, 460, 10, 225, 85, 252, 8, 333, 118, 217, 24, 250, 83, 78, 333, 8, 320, 409, 291, 191, 116, 444, 119, 129, 251, 252, 8, 38, 43, 34, 226, 8, 225, 8, 8, 401, 268, 8, 286, 8, 8, 55, 364, 8, 99, 252, 268, 8, 8, 8, 31, 8, 153, 8, 309, 8, 297, 255, 378, 115, 8, 85, 38, 297, 323, 225, 120, 8, 10, 85, 8, 122, 8, 8, 10, 337, 268, 294, 8, 293, 8, 39, 8, 83, 364, 191, 337, 8, 8, 8, 8, 112, 8, 129, 85, 55, 8, 8, 8, 99, 338, 268, 8, 325, 268, 286, 8, 38, 225, 207, 8, 239, 18, 38, 38, 85, 46, 8, 409, 12, 252, 8, 112, 8, 120, 12, 353, 8, 8, 8, 335, 86, 8, 129, 363, 24, 225, 260, 485, 62, 127, 268, 297, 297, 268, 460, 225, 8, 147, 86, 85, 268, 36, 331, 225, 430, 84, 119, 268, 250, 268, 268, 225, 320, 166, 166, 244, 297, 378, 8, 411, 268, 24, 364, 252, 405, 283, 364, 153, 119, 120, 8, 369, 119, 409, 85, 8, 106, 297, 261, 153, 256, 8, 425, 85, 252, 118, 8, 78, 252, 263, 8, 33, 83, 166, 119, 8, 24, 444, 252, 299, 252, 8, 251, 8, 345, 83, 8, 252, 8, 8, 8, 251, 116, 10, 120, 180, 8, 8, 10, 8, 293, 8, 440, 268, 251, 8, 10, 8, 444, 65, 8, 8, 8, 333, 337, 10, 333, 338, 8, 285, 331, 291, 85, 251, 251, 268, 444, 364, 8, 444, 8, 444, 384, 444, 85, 91, 8, 425, 10, 24, 55, 8, 8, 364, 8, 10, 0, 364, 337, 8, 8, 297, 99, 475, 13, 191, 99, 55, 8, 10, 475, 99, 280, 119, 120, 297, 99, 191, 8, 129, 8, 43, 8, 119, 8, 294, 226, 409, 10, 8, 122, 191, 283, 8, 149, 8, 8, 337, 8, 8, 338, 115, 8, 297, 486, 116, 85, 8, 8, 8, 129, 10, 125, 8, 10, 297, 382, 217, 8, 226, 323, 8, 208, 10, 