{"Run": 11, "K": 308, "WCSSD": 2301.1424679911856, "Purity": 0.36766217293761994, "Time": 16.285633087158203, "Kmeans_Labels": [225, 26, 276, 16, 16, 16, 174, 132, 16, 281, 16, 215, 16, 131, 182, 16, 297, 237, 118, 94, 16, 16, 16, 16, 255, 237, 118, 237, 94, 199, 118, 118, 94, 237, 118, 16, 82, 131, 82, 131, 118, 290, 187, 81, 92, 16, 118, 118, 16, 16, 16, 255, 255, 16, 231, 7, 16, 237, 16, 16, 16, 237, 16, 47, 7, 17, 131, 26, 131, 7, 237, 118, 199, 16, 238, 16, 16, 16, 153, 16, 98, 162, 76, 237, 132, 16, 118, 300, 16, 281, 16, 16, 7, 16, 16, 174, 16, 118, 132, 16, 132, 238, 16, 174, 16, 174, 174, 69, 199, 238, 92, 199, 92, 16, 231, 238, 255, 16, 16, 274, 16, 16, 274, 1, 16, 274, 16, 16, 278, 162, 274, 274, 162, 16, 16, 94, 220, 16, 16, 16, 42, 16, 16, 94, 274, 274, 16, 16, 16, 16, 274, 51, 16, 94, 16, 274, 16, 118, 95, 16, 16, 274, 274, 16, 174, 274, 16, 105, 146, 16, 297, 16, 16, 255, 274, 16, 196, 20, 274, 16, 16, 16, 16, 16, 274, 61, 274, 16, 16, 61, 16, 42, 255, 274, 16, 16, 16, 162, 16, 281, 132, 16, 297, 196, 274, 132, 274, 281, 16, 16, 16, 16, 132, 132, 253, 120, 274, 281, 243, 42, 132, 238, 16, 71, 162, 274, 16, 71, 255, 274, 16, 16, 132, 16, 132, 16, 281, 81, 16, 16, 274, 16, 42, 132, 255, 281, 118, 16, 162, 274, 174, 281, 16, 188, 255, 118, 274, 16, 274, 281, 302, 296, 71, 276, 274, 16, 162, 174, 16, 281, 16, 174, 260, 16, 174, 276, 251, 16, 274, 274, 274, 231, 231, 238, 174, 174, 196, 289, 174, 278, 274, 174, 16, 92, 69, 174, 185, 174, 92, 94, 277, 174, 263, 69, 69, 174, 174, 174, 174, 92, 42, 231, 69, 69, 4, 231, 297, 92, 92, 94, 92, 92, 255, 92, 196, 71, 16, 231, 42, 92, 94, 274, 274, 225, 255, 225, 274, 231, 237, 274, 16, 170, 252, 162, 274, 255, 16, 274, 16, 58, 42, 16, 255, 16, 134, 115, 273, 146, 169, 126, 126, 16, 16, 126, 92, 42, 57, 126, 266, 77, 126, 126, 57, 266, 57, 266, 274, 274, 16, 297, 302, 255, 274, 47, 16, 255, 255, 286, 16, 16, 16, 16, 297, 260, 187, 16, 210, 90, 16, 81, 8, 16, 16, 16, 16, 42, 274, 16, 16, 16, 276, 16, 7, 16, 26, 16, 69, 162, 16, 274, 16, 16, 16, 16, 81, 69, 16, 92, 169, 126, 232, 187, 16, 16, 94, 162, 162, 94, 94, 16, 118, 16, 51, 51, 158, 158, 92, 92, 16, 92, 144, 144, 92, 81, 94, 126, 126, 16, 126, 126, 16, 16, 16, 85, 85, 47, 47, 47, 7, 7, 7, 7, 16, 7, 90, 42, 16, 199, 16, 16, 132, 132, 150, 281, 281, 16, 16, 298, 298, 298, 51, 16, 281, 281, 16, 64, 16, 129, 129, 16, 132, 188, 42, 281, 281, 16, 281, 281, 199, 276, 276, 16, 276, 276, 16, 16, 16, 238, 16, 16, 174, 16, 16, 174, 174, 16, 16, 199, 16, 204, 204, 174, 199, 199, 69, 69, 199, 199, 92, 71, 92, 69, 69, 281, 281, 16, 16, 92, 92, 92, 92, 16, 16, 92, 92, 16, 51, 51, 51, 51, 90, 16, 42, 42, 71, 254, 254, 71, 71, 16, 16, 13, 13, 16, 16, 16, 16, 42, 16, 16, 16, 16, 16, 94, 16, 16, 16, 16, 121, 141, 141, 51, 118, 51, 118, 118, 57, 57, 57, 57, 187, 187, 232, 232, 57, 57, 16, 232, 232, 57, 57, 27, 27, 181, 39, 232, 232, 126, 162, 118, 90, 16, 255, 41, 41, 41, 41, 41, 41, 41, 41, 41, 71, 71, 226, 41, 41, 131, 41, 41, 41, 41, 255, 41, 41, 41, 41, 196, 81, 81, 16, 126, 47, 47, 297, 297, 85, 85, 16, 231, 179, 179, 16, 238, 127, 238, 7, 16, 16, 81, 196, 16, 16, 118, 16, 187, 81, 16, 281, 297, 281, 281, 22, 199, 199, 199, 16, 7, 297, 16, 7, 16, 150, 150, 16, 300, 281, 16, 16, 81, 281, 187, 16, 298, 50, 281, 50, 248, 187, 281, 257, 16, 16, 16, 281, 16, 281, 281, 50, 50, 300, 16, 281, 281, 281, 16, 81, 199, 16, 16, 69, 42, 238, 16, 69, 238, 5, 92, 238, 69, 16, 204, 268, 69, 92, 204, 92, 92, 279, 69, 199, 231, 92, 92, 199, 176, 16, 92, 176, 231, 92, 199, 92, 16, 51, 92, 92, 92, 16, 16, 92, 92, 92, 68, 33, 92, 92, 92, 92, 118, 33, 33, 92, 92, 92, 33, 92, 167, 92, 16, 92, 16, 92, 92, 92, 118, 113, 113, 113, 113, 118, 254, 254, 113, 13, 13, 92, 92, 237, 237, 92, 13, 276, 16, 276, 16, 118, 42, 16, 16, 118, 16, 16, 92, 92, 16, 118, 209, 42, 16, 16, 162, 46, 46, 16, 16, 16, 118, 16, 16, 16, 16, 236, 126, 126, 16, 57, 126, 126, 57, 196, 126, 232, 297, 126, 232, 126, 16, 232, 232, 16, 126, 118, 118, 118, 232, 232, 232, 118, 16, 16, 126, 27, 162, 238, 118, 118, 118, 126, 16, 16, 7, 201, 238, 7, 94, 7, 16, 16, 259, 16, 140, 16, 16, 16, 300, 16, 300, 276, 276, 297, 16, 66, 69, 92, 255, 92, 49, 16, 293, 70, 293, 78, 16, 16, 16, 16, 297, 16, 146, 237, 255, 16, 225, 92, 126, 225, 92, 16, 16, 216, 281, 216, 86, 16, 19, 86, 128, 86, 189, 216, 216, 126, 78, 216, 78, 162, 78, 78, 78, 78, 83, 78, 78, 65, 78, 86, 162, 78, 86, 78, 78, 78, 75, 75, 78, 216, 86, 78, 78, 78, 78, 19, 78, 75, 75, 78, 86, 86, 78, 78, 19, 65, 16, 78, 212, 78, 216, 216, 16, 278, 86, 78, 78, 16, 47, 223, 216, 65, 78, 238, 196, 86, 78, 86, 78, 16, 87, 78, 16, 78, 78, 78, 78, 16, 16, 78, 78, 65, 216, 255, 94, 65, 78, 78, 78, 78, 78, 15, 106, 291, 65, 78, 65, 78, 30, 78, 78, 78, 216, 16, 255, 216, 78, 78, 17, 16, 16, 20, 16, 216, 65, 216, 47, 19, 78, 212, 86, 65, 78, 145, 65, 237, 216, 90, 78, 44, 86, 86, 78, 86, 78, 16, 78, 78, 216, 78, 16, 187, 19, 19, 78, 78, 78, 78, 216, 216, 222, 255, 16, 78, 65, 86, 78, 78, 20, 16, 78, 78, 90, 216, 86, 65, 78, 78, 78, 138, 216, 216, 78, 250, 78, 42, 16, 78, 65, 78, 65, 86, 65, 78, 78, 78, 78, 16, 216, 216, 16, 65, 247, 19, 78, 78, 216, 218, 86, 86, 78, 139, 19, 114, 216, 78, 216, 81, 86, 78, 78, 61, 78, 222, 281, 78, 16, 78, 78, 216, 216, 178, 250, 65, 86, 65, 255, 216, 86, 75, 78, 78, 78, 255, 300, 250, 167, 216, 16, 86, 78, 19, 78, 216, 216, 276, 83, 78, 78, 78, 216, 78, 16, 78, 19, 276, 216, 216, 78, 78, 86, 86, 78, 16, 16, 78, 19, 216, 78, 216, 238, 69, 19, 78, 86, 78, 182, 78, 162, 65, 65, 86, 136, 78, 19, 231, 19, 297, 78, 216, 168, 288, 154, 78, 86, 78, 135, 16, 78, 162, 255, 78, 78, 86, 78, 86, 86, 19, 128, 19, 19, 86, 216, 118, 154, 216, 146, 300, 242, 78, 216, 86, 78, 203, 234, 294, 212, 86, 216, 162, 65, 86, 78, 78, 65, 78, 216, 86, 65, 78, 78, 216, 86, 16, 94, 94, 78, 65, 78, 86, 86, 86, 216, 216, 19, 216, 86, 78, 86, 255, 59, 189, 86, 238, 65, 43, 216, 154, 86, 78, 216, 17, 216, 216, 126, 86, 216, 78, 216, 126, 86, 126, 86, 126, 162, 86, 65, 78, 78, 78, 16, 216, 232, 216, 78, 78, 216, 227, 154, 78, 102, 216, 162, 255, 78, 216, 78, 171, 216, 216, 78, 65, 216, 78, 94, 162, 255, 162, 105, 255, 16, 255, 255, 255, 255, 255, 255, 255, 16, 16, 278, 255, 272, 71, 255, 118, 6, 16, 255, 255, 74, 16, 162, 162, 162, 16, 118, 16, 118, 232, 12, 126, 169, 232, 16, 232, 126, 27, 126, 71, 81, 26, 88, 299, 209, 92, 16, 235, 16, 16, 118, 57, 276, 255, 16, 16, 231, 16, 16, 100, 16, 16, 298, 57, 221, 93, 16, 76, 282, 92, 276, 199, 297, 162, 69, 255, 90, 238, 118, 118, 71, 16, 42, 238, 124, 110, 37, 92, 237, 92, 199, 71, 16, 7, 188, 9, 101, 16, 300, 197, 7, 16, 55, 118, 199, 16, 94, 64, 89, 16, 76, 71, 16, 57, 90, 175, 47, 16, 92, 16, 190, 16, 162, 16, 126, 16, 16, 32, 196, 16, 90, 71, 6, 16, 16, 137, 81, 16, 174, 16, 57, 16, 276, 16, 16, 7, 16, 255, 57, 276, 14, 204, 249, 16, 237, 16, 16, 80, 16, 16, 237, 42, 255, 42, 16, 51, 231, 169, 16, 300, 16, 26, 42, 16, 297, 118, 97, 118, 183, 255, 162, 17, 194, 16, 238, 90, 162, 238, 238, 12, 162, 126, 16, 27, 92, 232, 118, 57, 232, 57, 57, 118, 126, 16, 118, 297, 71, 16, 118, 16, 299, 209, 23, 16, 231, 282, 92, 16, 231, 255, 167, 81, 92, 101, 261, 162, 81, 162, 276, 276, 162, 92, 92, 237, 162, 16, 162, 122, 162, 16, 92, 16, 199, 238, 122, 16, 267, 162, 204, 55, 238, 69, 16, 276, 16, 238, 235, 122, 101, 196, 124, 16, 255, 196, 306, 238, 153, 238, 162, 89, 118, 162, 276, 162, 45, 16, 174, 162, 16, 255, 16, 71, 188, 16, 118, 84, 237, 16, 20, 300, 16, 287, 238, 81, 64, 71, 71, 221, 16, 88, 118, 162, 300, 16, 71, 16, 97, 16, 298, 94, 237, 283, 118, 37, 16, 237, 16, 51, 118, 100, 122, 281, 167, 237, 194, 64, 16, 16, 16, 16, 7, 42, 237, 7, 16, 16, 93, 16, 199, 199, 76, 76, 162, 213, 16, 16, 64, 16, 64, 16, 64, 162, 146, 16, 255, 237, 81, 17, 183, 16, 196, 118, 237, 17, 237, 42, 297, 16, 276, 245, 90, 255, 16, 90, 32, 16, 237, 255, 90, 90, 177, 249, 276, 90, 26, 16, 118, 16, 90, 16, 105, 16, 42, 187, 118, 237, 16, 80, 16, 255, 110, 255, 190, 16, 2, 16, 162, 162, 7, 16, 276, 16, 94, 162, 238, 238, 16, 255, 237, 42, 16, 237, 276, 201, 9, 16, 47,