{"Run": 4, "K": 600, "WCSSD": 1986.3927017540766, "Purity": 0.46626843511953114, "Time": 35.26377511024475, "Kmeans_Labels": [114, 156, 489, 504, 9, 550, 156, 313, 156, 9, 9, 40, 105, 105, 388, 62, 52, 9, 9, 34, 9, 266, 515, 105, 421, 329, 430, 461, 471, 139, 105, 9, 471, 52, 34, 515, 105, 105, 40, 105, 76, 473, 454, 44, 105, 9, 421, 349, 445, 9, 26, 550, 550, 315, 218, 320, 9, 156, 127, 127, 555, 222, 9, 22, 193, 156, 105, 143, 105, 193, 156, 180, 9, 136, 20, 9, 9, 9, 52, 9, 9, 9, 444, 222, 313, 554, 16, 303, 433, 9, 315, 349, 89, 60, 502, 9, 502, 9, 313, 360, 313, 20, 9, 376, 119, 473, 473, 376, 9, 20, 155, 321, 155, 105, 218, 20, 327, 9, 502, 111, 502, 502, 115, 502, 127, 111, 502, 127, 583, 9, 111, 111, 52, 181, 428, 471, 502, 502, 502, 502, 461, 127, 127, 471, 115, 115, 9, 502, 9, 190, 153, 546, 362, 9, 502, 111, 9, 368, 127, 31, 301, 111, 111, 502, 205, 111, 16, 71, 479, 362, 52, 499, 9, 550, 111, 147, 364, 10, 111, 484, 26, 74, 502, 76, 496, 9, 111, 0, 9, 175, 443, 461, 0, 111, 502, 127, 484, 425, 502, 559, 313, 211, 52, 22, 319, 436, 111, 313, 16, 502, 211, 502, 313, 314, 436, 111, 111, 9, 40, 461, 173, 462, 9, 40, 18, 111, 502, 40, 550, 111, 502, 502, 313, 216, 313, 428, 9, 44, 502, 110, 111, 52, 461, 313, 550, 313, 502, 159, 425, 111, 473, 473, 9, 279, 181, 120, 111, 502, 111, 159, 502, 420, 40, 127, 376, 280, 425, 376, 507, 502, 52, 473, 359, 502, 473, 211, 502, 211, 111, 376, 111, 218, 218, 502, 491, 473, 502, 376, 473, 288, 111, 473, 162, 155, 280, 473, 280, 473, 155, 471, 9, 473, 280, 280, 450, 473, 473, 473, 473, 155, 418, 218, 268, 280, 9, 218, 52, 403, 488, 515, 155, 155, 550, 155, 22, 502, 9, 254, 461, 46, 471, 111, 111, 114, 550, 580, 111, 218, 222, 278, 502, 502, 461, 425, 111, 502, 229, 111, 502, 474, 144, 502, 550, 9, 40, 276, 456, 479, 259, 250, 599, 502, 502, 441, 155, 461, 316, 316, 82, 169, 316, 316, 330, 82, 276, 82, 111, 111, 502, 52, 502, 550, 537, 127, 9, 550, 550, 262, 127, 360, 52, 502, 456, 359, 454, 9, 539, 297, 589, 44, 461, 502, 353, 502, 315, 461, 9, 127, 327, 76, 456, 9, 193, 16, 156, 9, 280, 425, 16, 111, 16, 127, 9, 9, 44, 376, 9, 155, 259, 316, 316, 454, 315, 16, 315, 360, 360, 471, 471, 360, 127, 9, 546, 546, 9, 9, 300, 300, 155, 155, 40, 40, 155, 44, 471, 276, 276, 240, 316, 316, 174, 174, 9, 193, 193, 9, 193, 193, 127, 193, 193, 193, 127, 497, 171, 461, 9, 9, 89, 89, 313, 313, 9, 9, 9, 586, 586, 198, 198, 198, 135, 9, 9, 9, 276, 561, 29, 452, 452, 29, 313, 279, 461, 9, 9, 9, 9, 9, 376, 489, 489, 276, 456, 456, 9, 9, 498, 360, 498, 127, 376, 9, 127, 376, 376, 127, 9, 9, 396, 562, 562, 473, 321, 321, 264, 264, 155, 155, 155, 450, 155, 324, 324, 559, 559, 166, 166, 155, 155, 206, 206, 376, 376, 155, 155, 276, 556, 556, 556, 556, 297, 9, 461, 461, 40, 557, 557, 40, 40, 9, 9, 276, 276, 9, 129, 276, 276, 461, 280, 460, 460, 144, 144, 366, 400, 9, 244, 244, 288, 316, 316, 546, 349, 546, 276, 276, 439, 439, 439, 439, 241, 241, 542, 542, 316, 316, 9, 83, 83, 439, 439, 330, 330, 276, 453, 192, 192, 316, 428, 511, 297, 9, 16, 472, 472, 472, 472, 472, 472, 472, 472, 472, 531, 40, 472, 472, 472, 105, 472, 472, 472, 95, 423, 549, 472, 472, 472, 22, 9, 44, 9, 250, 92, 92, 52, 52, 193, 193, 550, 218, 490, 490, 550, 360, 9, 9, 497, 276, 127, 44, 22, 127, 9, 76, 52, 454, 44, 9, 127, 156, 553, 553, 9, 553, 553, 9, 9, 89, 432, 515, 193, 9, 9, 9, 276, 303, 9, 24, 24, 44, 9, 69, 52, 198, 326, 163, 276, 276, 69, 276, 326, 276, 26, 276, 9, 276, 9, 9, 24, 276, 303, 9, 9, 9, 276, 9, 24, 9, 9, 9, 376, 45, 376, 155, 376, 376, 9, 155, 376, 376, 155, 562, 155, 376, 377, 310, 310, 130, 155, 292, 321, 218, 155, 540, 321, 292, 164, 155, 292, 218, 155, 155, 155, 9, 546, 155, 155, 155, 593, 9, 593, 155, 155, 206, 206, 35, 155, 35, 14, 349, 572, 572, 391, 391, 155, 572, 584, 40, 391, 387, 155, 9, 155, 584, 584, 461, 546, 155, 155, 155, 276, 557, 557, 546, 68, 68, 391, 63, 471, 471, 63, 68, 456, 0, 456, 276, 276, 276, 276, 9, 349, 9, 9, 155, 155, 244, 276, 276, 276, 276, 276, 276, 493, 493, 515, 276, 276, 349, 276, 276, 515, 515, 536, 429, 429, 276, 439, 316, 316, 439, 585, 123, 369, 52, 427, 361, 123, 9, 328, 328, 76, 427, 331, 331, 349, 83, 134, 83, 349, 9, 280, 316, 330, 276, 20, 0, 0, 0, 316, 79, 349, 193, 9, 52, 193, 471, 193, 147, 9, 509, 9, 9, 276, 9, 349, 214, 9, 303, 456, 534, 52, 15, 477, 376, 155, 130, 155, 360, 276, 84, 52, 84, 75, 16, 127, 9, 9, 52, 9, 479, 58, 550, 9, 565, 155, 543, 565, 155, 9, 1, 152, 9, 152, 200, 9, 376, 200, 354, 200, 90, 560, 152, 316, 75, 8, 75, 165, 204, 204, 75, 75, 80, 204, 204, 148, 78, 200, 366, 75, 200, 75, 75, 75, 90, 90, 204, 152, 200, 75, 204, 75, 204, 200, 252, 90, 90, 204, 200, 200, 204, 75, 200, 148, 9, 75, 75, 75, 287, 152, 9, 389, 200, 75, 355, 52, 47, 9, 152, 152, 204, 360, 22, 200, 75, 533, 157, 9, 140, 204, 591, 140, 75, 75, 204, 9, 9, 99, 75, 140, 152, 76, 471, 257, 75, 75, 204, 75, 2, 200, 75, 75, 75, 204, 182, 75, 75, 157, 204, 75, 152, 156, 0, 182, 75, 75, 116, 9, 9, 10, 52, 152, 75, 152, 454, 200, 121, 9, 200, 75, 75, 75, 157, 515, 152, 455, 75, 200, 200, 200, 75, 200, 75, 0, 75, 204, 152, 204, 9, 454, 200, 200, 75, 204, 75, 342, 152, 152, 514, 315, 9, 378, 149, 200, 75, 75, 10, 1, 75, 75, 297, 152, 200, 75, 75, 75, 204, 75, 152, 152, 75, 564, 75, 566, 9, 204, 380, 75, 546, 200, 182, 226, 75, 257, 75, 315, 152, 152, 9, 525, 200, 200, 75, 75, 152, 358, 200, 200, 75, 315, 200, 70, 152, 75, 152, 44, 72, 75, 204, 175, 75, 514, 9, 75, 118, 75, 204, 152, 48, 9, 564, 521, 200, 182, 366, 152, 200, 90, 75, 157, 75, 0, 303, 564, 428, 152, 9, 200, 75, 8, 75, 152, 332, 534, 80, 204, 75, 204, 152, 204, 9, 75, 200, 456, 48, 152, 204, 204, 200, 200, 75, 9, 315, 75, 200, 251, 75, 152, 9, 376, 200, 157, 200, 204, 502, 75, 373, 525, 75, 200, 152, 523, 200, 218, 106, 52, 75, 152, 152, 152, 106, 75, 59, 204, 200, 280, 75, 550, 52, 204, 75, 200, 75, 50, 200, 200, 354, 200, 200, 200, 5, 51, 106, 152, 479, 303, 148, 75, 5, 200, 75, 428, 200, 200, 75, 91, 152, 289, 152, 200, 75, 75, 152, 75, 152, 200, 152, 204, 270, 152, 200, 9, 471, 124, 75, 75, 75, 200, 200, 200, 152, 152, 200, 152, 200, 204, 200, 360, 48, 90, 200, 463, 152, 152, 152, 106, 200, 204, 152, 116, 152, 152, 152, 200, 560, 75, 152, 316, 200, 316, 200, 316, 373, 200, 152, 75, 75, 75, 315, 152, 83, 152, 75, 204, 152, 276, 106, 75, 75, 6, 366, 182, 204, 152, 75, 152, 8, 208, 75, 75, 5, 75, 471, 0, 550, 315, 71, 550, 9, 550, 550, 550, 550, 360, 0, 550, 158, 127, 583, 550, 9, 40, 550, 9, 510, 127, 550, 550, 316, 582, 18, 18, 18, 9, 349, 280, 280, 316, 386, 316, 36, 394, 407, 316, 316, 330, 316, 366, 44, 295, 125, 9, 290, 155, 276, 280, 269, 232, 428, 9, 38, 545, 203, 9, 375, 39, 9, 9, 280, 276, 198, 276, 40, 9, 376, 444, 597, 155, 309, 155, 141, 230, 376, 276, 475, 360, 9, 9, 442, 315, 27, 376, 40, 9, 339, 206, 408, 155, 553, 40, 315, 89, 279, 32, 44, 9, 307, 155, 89, 9, 376, 120, 9, 360, 471, 561, 315, 9, 444, 40, 9, 330, 11, 30, 92, 9, 155, 9, 61, 9, 172, 239, 316, 413, 9, 116, 22, 9, 297, 40, 510, 238, 9, 315, 44, 323, 473, 315, 439, 87, 131, 9, 9, 275, 9, 258, 439, 456, 218, 562, 0, 73, 58, 360, 9, 127, 76, 315, 58, 590, 315, 461, 283, 546, 449, 223, 53, 303, 22, 156, 461, 276, 154, 9, 440, 42, 333, 76, 412, 512, 9, 187, 428, 297, 247, 235, 573, 386, 165, 316, 276, 330, 155, 394, 9, 276, 316, 9, 439, 428, 316, 239, 120, 141, 366, 423, 42, 232, 9, 290, 546, 9, 375, 597, 155, 280, 449, 76, 165, 44, 155, 44, 349, 0, 44, 261, 534, 456, 165, 206, 155, 9, 230, 280, 428, 186, 0, 269, 155, 39, 155, 315, 165, 9, 165, 146, 562, 376, 376, 376, 9, 456, 9, 360, 280, 165, 44, 167, 40, 34, 88, 22, 473, 52, 165, 360, 165, 315, 120, 428, 38, 0, 165, 315, 473, 428, 323, 550, 360, 40, 279, 366, 9, 40, 9, 187, 10, 303, 376, 0, 573, 44, 561, 40, 442, 40, 527, 125, 9, 366, 307, 52, 40, 53, 440, 315, 198, 471, 408, 515, 276, 339, 9, 58, 9, 546, 9, 9, 165, 9, 9, 9, 9, 185, 137, 401, 283, 9, 89, 590, 222, 89, 550, 9, 9, 365, 9, 553, 444, 444, 172, 561, 22, 73, 108, 73, 561, 147, 561, 412, 479, 315, 550, 117, 9, 116, 333, 315, 22, 9, 222, 360, 22, 27, 52, 28, 127, 360, 