{"Run": 3, "K": 466, "WCSSD": 2131.1429139009174, "Purity": 0.4286610773937043, "Time": 25.96349310874939, "Kmeans_Labels": [8, 243, 436, 40, 8, 8, 263, 174, 243, 8, 373, 396, 176, 176, 157, 8, 8, 249, 245, 305, 8, 8, 19, 176, 87, 249, 8, 249, 111, 338, 105, 8, 111, 249, 305, 8, 176, 222, 86, 176, 76, 105, 158, 248, 176, 8, 105, 227, 155, 155, 8, 194, 194, 42, 97, 73, 157, 130, 121, 121, 8, 249, 8, 158, 81, 125, 105, 243, 176, 81, 105, 8, 338, 43, 115, 8, 8, 10, 76, 8, 8, 157, 338, 249, 139, 8, 98, 33, 8, 24, 232, 25, 328, 32, 155, 260, 8, 8, 139, 270, 139, 115, 8, 339, 339, 260, 177, 47, 338, 115, 52, 338, 338, 176, 338, 115, 318, 8, 450, 53, 8, 300, 322, 68, 121, 53, 300, 121, 218, 8, 53, 179, 101, 300, 232, 111, 373, 300, 300, 300, 79, 121, 121, 111, 53, 322, 5, 269, 8, 121, 53, 180, 98, 111, 300, 154, 351, 8, 121, 300, 300, 53, 53, 300, 260, 446, 98, 109, 100, 98, 8, 8, 8, 194, 53, 175, 165, 48, 53, 300, 300, 300, 446, 446, 53, 8, 53, 8, 8, 221, 8, 79, 353, 437, 456, 40, 300, 76, 8, 349, 139, 19, 19, 65, 53, 139, 53, 139, 296, 300, 19, 300, 139, 139, 201, 53, 53, 338, 396, 439, 139, 8, 232, 396, 58, 53, 300, 396, 194, 53, 300, 8, 139, 170, 139, 8, 338, 111, 300, 300, 360, 232, 79, 64, 194, 139, 193, 8, 76, 53, 260, 349, 8, 45, 155, 18, 53, 300, 53, 349, 300, 8, 72, 365, 339, 8, 76, 339, 8, 349, 8, 260, 298, 40, 260, 348, 300, 40, 53, 339, 53, 260, 3, 300, 260, 260, 65, 339, 260, 218, 53, 260, 8, 260, 47, 260, 47, 260, 338, 305, 8, 308, 8, 47, 47, 260, 260, 393, 260, 338, 79, 3, 273, 47, 349, 3, 76, 52, 260, 387, 338, 0, 194, 338, 65, 396, 8, 155, 79, 449, 111, 53, 53, 8, 194, 8, 144, 373, 249, 53, 300, 157, 79, 76, 53, 300, 300, 53, 253, 300, 79, 300, 194, 8, 396, 8, 348, 100, 22, 60, 399, 61, 300, 60, 338, 79, 15, 277, 53, 300, 363, 15, 15, 53, 361, 53, 53, 53, 300, 76, 300, 76, 403, 158, 8, 194, 194, 249, 121, 8, 157, 300, 314, 298, 36, 105, 65, 230, 8, 248, 79, 300, 203, 300, 157, 79, 53, 121, 318, 8, 348, 8, 334, 98, 243, 429, 47, 76, 98, 53, 300, 8, 8, 8, 96, 339, 8, 338, 22, 60, 60, 36, 232, 98, 8, 157, 157, 111, 111, 325, 121, 8, 180, 180, 338, 338, 338, 338, 8, 452, 396, 396, 42, 248, 8, 42, 42, 8, 37, 37, 42, 42, 447, 122, 122, 111, 158, 158, 121, 81, 81, 81, 121, 81, 230, 79, 8, 338, 8, 8, 139, 139, 32, 8, 8, 8, 8, 451, 451, 405, 180, 8, 291, 291, 8, 23, 8, 180, 180, 8, 120, 45, 79, 441, 441, 8, 32, 32, 424, 436, 436, 90, 348, 348, 40, 40, 40, 8, 40, 183, 339, 305, 183, 339, 339, 183, 305, 338, 8, 260, 260, 260, 338, 338, 417, 417, 332, 332, 338, 409, 338, 47, 47, 349, 349, 8, 8, 280, 280, 338, 338, 117, 117, 338, 338, 8, 116, 116, 116, 116, 230, 305, 79, 79, 396, 8, 8, 396, 396, 8, 8, 215, 215, 8, 42, 8, 8, 79, 8, 8, 8, 97, 97, 6, 305, 8, 152, 152, 8, 60, 60, 180, 194, 180, 226, 226, 361, 361, 385, 385, 8, 8, 60, 60, 80, 80, 8, 331, 331, 74, 74, 15, 15, 299, 299, 60, 60, 60, 305, 232, 230, 8, 43, 239, 239, 239, 239, 239, 239, 239, 239, 239, 396, 396, 239, 239, 239, 176, 239, 239, 239, 239, 305, 239, 239, 239, 225, 65, 8, 459, 163, 60, 453, 453, 81, 81, 122, 122, 194, 8, 81, 81, 76, 2, 8, 2, 81, 155, 121, 248, 316, 121, 256, 8, 172, 36, 248, 155, 121, 243, 430, 430, 56, 430, 430, 338, 232, 81, 8, 8, 81, 289, 8, 8, 32, 33, 32, 50, 50, 248, 32, 164, 8, 405, 32, 338, 32, 155, 164, 333, 32, 460, 460, 119, 333, 119, 171, 441, 32, 32, 33, 155, 441, 441, 32, 424, 367, 287, 285, 285, 339, 79, 339, 8, 47, 339, 305, 342, 339, 419, 229, 228, 463, 339, 228, 260, 338, 338, 338, 338, 338, 338, 338, 338, 338, 338, 8, 338, 338, 338, 366, 264, 338, 8, 180, 338, 338, 338, 155, 327, 338, 338, 338, 228, 228, 228, 228, 228, 397, 228, 228, 228, 338, 366, 338, 228, 429, 422, 366, 366, 366, 14, 366, 429, 429, 16, 180, 440, 440, 440, 16, 8, 8, 180, 338, 338, 338, 206, 249, 249, 206, 42, 348, 8, 348, 42, 191, 79, 42, 8, 42, 209, 209, 338, 338, 152, 8, 191, 79, 8, 42, 42, 346, 346, 76, 42, 42, 42, 42, 42, 275, 275, 60, 455, 455, 42, 385, 60, 60, 385, 65, 60, 60, 374, 60, 60, 60, 8, 60, 60, 8, 60, 429, 429, 8, 331, 15, 15, 8, 8, 155, 60, 15, 42, 115, 228, 8, 228, 15, 111, 8, 81, 352, 197, 81, 111, 81, 8, 8, 8, 155, 155, 8, 300, 8, 55, 454, 33, 348, 348, 155, 8, 338, 47, 338, 42, 338, 305, 42, 8, 8, 8, 31, 373, 121, 111, 155, 155, 185, 100, 249, 194, 425, 338, 338, 60, 338, 338, 110, 8, 31, 8, 420, 257, 238, 339, 257, 248, 433, 433, 63, 284, 166, 75, 31, 31, 42, 31, 31, 31, 31, 112, 304, 304, 31, 31, 257, 194, 31, 257, 31, 31, 31, 433, 433, 31, 63, 148, 31, 31, 31, 304, 257, 31, 433, 433, 304, 49, 257, 31, 31, 29, 31, 155, 31, 31, 31, 31, 31, 110, 218, 257, 31, 426, 8, 158, 219, 31, 31, 304, 305, 65, 257, 31, 257, 31, 8, 31, 31, 8, 31, 31, 31, 31, 281, 8, 31, 31, 31, 31, 157, 111, 105, 274, 31, 31, 31, 31, 257, 31, 31, 31, 389, 97, 31, 31, 31, 400, 31, 31, 243, 145, 31, 31, 31, 461, 8, 345, 292, 8, 31, 31, 31, 158, 257, 198, 238, 49, 31, 31, 188, 31, 249, 31, 230, 31, 217, 257, 257, 31, 257, 31, 234, 31, 31, 63, 31, 8, 36, 257, 257, 31, 31, 31, 31, 31, 31, 31, 301, 8, 31, 31, 257, 31, 31, 231, 8, 31, 31, 230, 63, 257, 31, 353, 31, 31, 31, 63, 31, 350, 350, 31, 79, 8, 359, 8, 31, 350, 257, 31, 31, 31, 149, 31, 205, 284, 63, 8, 287, 257, 257, 31, 31, 31, 257, 257, 257, 31, 232, 257, 97, 31, 31, 31, 8, 257, 31, 31, 221, 31, 31, 8, 31, 8, 31, 31, 420, 31, 8, 257, 31, 257, 97, 194, 31, 257, 433, 31, 31, 31, 353, 33, 350, 305, 31, 145, 257, 31, 97, 31, 31, 31, 28, 112, 31, 31, 304, 31, 31, 238, 31, 257, 348, 63, 31, 31, 31, 257, 104, 31, 232, 232, 31, 257, 31, 31, 31, 155, 339, 257, 31, 257, 304, 8, 31, 310, 339, 31, 257, 31, 31, 257, 358, 241, 194, 31, 31, 31, 31, 241, 31, 257, 31, 257, 8, 250, 97, 197, 31, 31, 257, 31, 257, 257, 257, 248, 257, 29, 257, 63, 305, 241, 31, 100, 204, 31, 31, 63, 433, 31, 305, 257, 257, 31, 257, 31, 305, 31, 257, 31, 27, 31, 31, 31, 257, 31, 304, 111, 31, 257, 377, 111, 448, 31, 31, 31, 272, 257, 257, 31, 31, 257, 31, 257, 31, 257, 197, 31, 433, 257, 305, 31, 31, 31, 241, 257, 31, 31, 8, 284, 31, 31, 257, 63, 31, 31, 60, 257, 166, 257, 223, 310, 257, 31, 31, 31, 75, 194, 31, 15, 31, 31, 31, 31, 8, 241, 31, 31, 63, 194, 97, 304, 31, 31, 31, 31, 31, 31, 31, 63, 31, 111, 108, 194, 300, 109, 194, 8, 194, 194, 194, 194, 305, 353, 194, 8, 121, 218, 194, 111, 396, 194, 8, 169, 121, 194, 194, 60, 105, 443, 443, 443, 425, 8, 413, 8, 15, 416, 60, 262, 224, 42, 15, 60, 15, 60, 396, 248, 83, 338, 35, 191, 16, 103, 47, 300, 8, 305, 8, 8, 157, 40, 155, 307, 76, 8, 184, 382, 42, 451, 361, 396, 8, 339, 338, 8, 338, 348, 332, 42, 42, 47, 155, 134, 305, 232, 8, 396, 8, 388, 339, 396, 8, 8, 338, 249, 338, 430, 396, 8, 81, 45, 121, 248, 338, 55, 366, 81, 8, 89, 18, 338, 157, 111, 23, 232, 8, 338, 396, 8, 361, 230, 51, 453, 8, 338, 447, 155, 8, 157, 42, 60, 155, 344, 461, 65, 447, 445, 396, 169, 107, 32, 232, 248, 142, 260, 8, 74, 34, 348, 8, 300, 81, 8, 390, 385, 434, 3, 228, 404, 8, 249, 8, 211, 121, 8, 232, 249, 79, 157, 79, 8, 180, 129, 22, 8, 33, 401, 243, 79, 8, 8, 18, 8, 21, 8, 155, 305, 157, 276, 113, 312, 230, 395, 8, 305, 416, 1, 60, 8, 15, 338, 224, 18, 361, 15, 8, 385, 305, 60, 42, 161, 42, 396, 305, 21, 8, 35, 191, 180, 8, 307, 8, 16, 382, 129, 155, 42, 248, 259, 248, 228, 8, 248, 42, 28, 434, 42, 338, 338, 8, 42, 242, 305, 42, 108, 300, 338, 76, 332, 300, 157, 338, 42, 157, 228, 89, 339, 47, 8, 348, 300, 305, 47, 157, 248, 65, 396, 305, 155, 65, 260, 379, 157, 305, 378, 232, 161, 329, 8, 108, 202, 300, 260, 138, 142, 194, 8, 396, 45, 8, 8, 396, 452, 113, 159, 33, 339, 8, 305, 248, 23, 396, 396, 396, 42, 338, 8, 233, 55, 8, 396, 8, 8, 8, 451, 111, 249, 8, 32, 8, 232, 249, 155, 180, 8, 184, 42, 338, 8, 249, 276, 23, 8, 8, 8, 32, 81, 79, 249, 81, 76, 344, 8, 8, 338, 430, 338, 338, 157, 23, 401, 8, 23, 8, 23, 175, 23, 305, 100, 8, 194, 249, 295, 133, 8, 8, 111, 232, 249, 305, 65, 388, 8, 232, 348, 230, 230, 247, 243, 134, 461, 107, 244, 157, 230, 230, 76, 404, 348, 445, 243, 232, 8, 232, 230, 200, 109, 8, 79, 36, 18, 17, 8, 121, 157, 194, 8, 157, 155, 8, 79, 356, 8, 395, 81, 40, 348, 8, 407, 305, 312, 8, 34, 182, 249, 286, 155, 105, 232, 135, 121, 