{"Run": 4, "K": 195, "WCSSD": 2456.153879251963, "Purity": 0.3271971329490521, "Time": 6.9725141525268555, "Kmeans_Labels": [144, 190, 29, 11, 1, 1, 190, 163, 190, 1, 1, 1, 71, 71, 1, 1, 1, 56, 1, 1, 1, 1, 123, 71, 71, 56, 75, 56, 48, 1, 71, 1, 48, 56, 1, 1, 71, 71, 71, 71, 1, 71, 69, 72, 71, 149, 71, 1, 1, 103, 1, 100, 100, 1, 144, 162, 1, 190, 11, 11, 1, 56, 1, 44, 162, 67, 71, 190, 71, 162, 56, 1, 1, 75, 1, 1, 144, 1, 1, 170, 16, 50, 163, 56, 1, 1, 1, 143, 1, 1, 1, 1, 162, 166, 1, 1, 75, 1, 1, 1, 1, 75, 1, 120, 120, 120, 120, 120, 1, 100, 69, 85, 69, 71, 144, 100, 173, 1, 75, 73, 1, 75, 73, 11, 11, 73, 75, 188, 16, 1, 73, 73, 161, 1, 1, 1, 100, 72, 1, 1, 57, 11, 11, 57, 73, 73, 1, 1, 23, 11, 73, 26, 1, 1, 1, 73, 1, 1, 11, 1, 1, 73, 73, 1, 1, 73, 1, 50, 175, 1, 73, 1, 1, 100, 73, 1, 44, 31, 73, 139, 1, 116, 1, 1, 73, 1, 73, 75, 1, 50, 1, 57, 75, 73, 11, 11, 139, 50, 1, 163, 44, 161, 29, 44, 73, 1, 114, 163, 132, 1, 161, 19, 73, 1, 1, 73, 73, 163, 1, 144, 73, 1, 1, 1, 50, 73, 1, 163, 100, 73, 1, 1, 75, 1, 144, 166, 163, 72, 1, 133, 73, 1, 57, 163, 100, 163, 1, 169, 50, 73, 163, 163, 1, 73, 75, 161, 73, 1, 73, 169, 1, 144, 120, 29, 120, 1, 50, 120, 1, 163, 16, 57, 78, 1, 1, 29, 100, 161, 73, 120, 73, 144, 144, 1, 1, 1, 44, 120, 1, 16, 73, 29, 1, 69, 1, 120, 1, 120, 69, 1, 31, 120, 1, 1, 1, 163, 120, 144, 69, 69, 57, 144, 163, 1, 163, 144, 170, 69, 69, 1, 69, 69, 100, 69, 44, 1, 1, 144, 57, 144, 50, 73, 73, 144, 100, 1, 73, 144, 161, 73, 1, 1, 84, 50, 73, 100, 1, 73, 1, 149, 84, 100, 100, 84, 1, 144, 29, 175, 106, 141, 141, 1, 170, 141, 69, 57, 41, 141, 9, 1, 62, 77, 77, 9, 41, 9, 73, 73, 75, 1, 100, 100, 73, 11, 182, 100, 100, 56, 11, 1, 1, 1, 29, 78, 21, 1, 44, 90, 170, 72, 57, 1, 89, 1, 16, 57, 73, 11, 11, 75, 29, 50, 162, 1, 190, 1, 1, 50, 1, 73, 1, 11, 1, 166, 72, 120, 1, 69, 106, 141, 62, 31, 170, 1, 170, 4, 4, 50, 50, 1, 11, 1, 26, 26, 163, 163, 69, 69, 1, 69, 1, 1, 69, 72, 1, 45, 45, 93, 141, 141, 1, 1, 1, 162, 162, 1, 162, 162, 11, 162, 162, 162, 11, 162, 90, 57, 1, 163, 166, 166, 163, 163, 27, 163, 163, 160, 160, 166, 166, 166, 26, 1, 61, 61, 1, 75, 190, 26, 26, 190, 1, 170, 57, 163, 163, 1, 166, 166, 120, 29, 29, 1, 29, 29, 1, 1, 1, 154, 1, 11, 120, 75, 120, 120, 120, 120, 75, 166, 11, 35, 35, 35, 163, 163, 120, 120, 69, 69, 163, 1, 69, 163, 163, 163, 163, 1, 1, 69, 69, 69, 69, 120, 120, 35, 69, 1, 26, 26, 26, 26, 90, 1, 57, 57, 1, 1, 1, 157, 157, 110, 110, 28, 28, 1, 1, 1, 1, 57, 84, 84, 84, 84, 84, 1, 50, 149, 119, 119, 16, 25, 25, 26, 1, 26, 1, 1, 41, 41, 41, 41, 41, 41, 41, 41, 141, 141, 1, 62, 62, 41, 41, 41, 41, 77, 41, 126, 126, 41, 1, 1, 90, 56, 71, 2, 2, 2, 2, 2, 2, 2, 2, 2, 2, 163, 2, 2, 2, 71, 2, 60, 2, 2, 100, 2, 2, 2, 2, 44, 72, 72, 1, 141, 1, 1, 162, 162, 162, 162, 75, 144, 162, 162, 75, 1, 1, 1, 162, 19, 11, 72, 44, 11, 1, 1, 75, 31, 72, 1, 163, 190, 166, 166, 1, 166, 166, 1, 1, 162, 1, 1, 162, 1, 27, 27, 166, 143, 83, 166, 166, 143, 166, 1, 1, 166, 166, 163, 166, 1, 1, 166, 166, 166, 1, 166, 166, 166, 1, 163, 166, 166, 143, 1, 163, 163, 166, 1, 166, 174, 1, 1, 120, 57, 96, 69, 120, 120, 1, 69, 96, 120, 120, 35, 69, 120, 35, 35, 35, 35, 35, 120, 174, 120, 69, 178, 85, 120, 1, 69, 69, 144, 69, 144, 69, 117, 26, 69, 69, 111, 155, 1, 69, 69, 69, 69, 69, 69, 69, 35, 69, 35, 35, 69, 69, 69, 69, 69, 69, 1, 69, 69, 69, 1, 144, 69, 69, 64, 26, 64, 64, 64, 64, 1, 1, 26, 69, 69, 69, 69, 56, 56, 69, 1, 29, 170, 29, 1, 1, 57, 1, 75, 1, 80, 80, 144, 144, 119, 144, 1, 144, 1, 16, 1, 1, 1, 75, 36, 36, 1, 1, 1, 1, 1, 62, 36, 36, 1, 41, 141, 141, 41, 180, 141, 41, 137, 141, 41, 141, 1, 41, 41, 1, 141, 1, 1, 77, 62, 62, 62, 1, 1, 69, 62, 41, 1, 100, 130, 130, 130, 62, 152, 1, 162, 1, 1, 162, 162, 162, 75, 1, 1, 1, 75, 1, 100, 1, 143, 1, 143, 29, 138, 1, 47, 69, 120, 69, 35, 69, 100, 1, 75, 1, 75, 49, 170, 11, 1, 1, 75, 75, 175, 56, 100, 1, 144, 115, 62, 144, 115, 1, 1, 14, 163, 8, 53, 75, 120, 53, 72, 53, 53, 8, 8, 62, 49, 14, 49, 4, 49, 49, 49, 49, 50, 49, 49, 49, 49, 53, 75, 49, 53, 49, 49, 49, 14, 50, 49, 8, 53, 49, 49, 49, 49, 164, 49, 50, 50, 49, 53, 53, 49, 49, 53, 49, 1, 49, 14, 49, 8, 8, 1, 16, 53, 49, 49, 170, 50, 1, 8, 14, 49, 50, 44, 53, 49, 53, 49, 1, 14, 118, 1, 49, 49, 49, 49, 1, 1, 49, 49, 14, 8, 75, 1, 49, 49, 49, 49, 49, 49, 53, 49, 49, 49, 49, 14, 49, 49, 49, 49, 49, 8, 190, 170, 14, 49, 49, 67, 1, 1, 88, 1, 14, 49, 14, 194, 53, 49, 1, 53, 14, 49, 49, 49, 56, 8, 90, 49, 53, 53, 53, 49, 53, 49, 75, 49, 49, 8, 49, 1, 31, 53, 53, 14, 49, 49, 49, 14, 14, 143, 16, 1, 49, 14, 53, 49, 49, 31, 1, 49, 49, 90, 8, 53, 49, 49, 49, 49, 49, 8, 8, 49, 53, 49, 57, 1, 49, 14, 49, 0, 53, 14, 49, 49, 71, 49, 50, 8, 8, 1, 174, 53, 53, 49, 49, 14, 53, 53, 53, 49, 170, 53, 31, 14, 49, 8, 72, 53, 49, 49, 50, 49, 8, 163, 49, 1, 49, 49, 8, 8, 1, 53, 14, 53, 14, 100, 8, 53, 14, 49, 49, 49, 75, 143, 53, 50, 8, 170, 53, 49, 14, 49, 8, 8, 138, 100, 49, 49, 49, 8, 49, 75, 49, 53, 29, 8, 8, 49, 49, 53, 53, 49, 170, 1, 49, 53, 14, 49, 14, 1, 120, 53, 49, 53, 49, 1, 49, 185, 120, 49, 53, 8, 49, 53, 144, 53, 1, 49, 8, 8, 63, 122, 49, 53, 17, 53, 1, 14, 50, 50, 49, 49, 53, 49, 53, 53, 53, 72, 53, 53, 53, 8, 1, 49, 14, 175, 143, 49, 49, 8, 53, 49, 65, 53, 53, 49, 53, 8, 100, 14, 53, 49, 49, 14, 49, 8, 148, 14, 49, 49, 8, 53, 1, 48, 48, 49, 49, 49, 53, 186, 53, 8, 8, 53, 14, 53, 49, 53, 50, 8, 53, 53, 50, 14, 8, 14, 148, 53, 49, 8, 67, 8, 14, 14, 53, 8, 49, 8, 141, 53, 62, 53, 14, 185, 53, 14, 49, 49, 49, 1, 8, 62, 14, 122, 49, 8, 1, 122, 14, 49, 8, 100, 50, 49, 8, 49, 14, 14, 14, 49, 49, 8, 49, 48, 4, 100, 50, 50, 100, 16, 100, 100, 100, 100, 50, 75, 100, 1, 11, 16, 100, 1, 1, 100, 1, 50, 159, 100, 100, 141, 71, 50, 50, 50, 1, 1, 1, 1, 151, 1, 141, 124, 62, 170, 77, 141, 77, 141, 1, 72, 190, 163, 71, 1, 64, 1, 1, 1, 145, 1, 77, 138, 170, 11, 75, 144, 1, 1, 1, 1, 1, 166, 41, 163, 1, 120, 163, 1, 147, 29, 69, 1, 1, 120, 1, 3, 154, 1, 1, 1, 100, 57, 120, 163, 1, 1, 69, 56, 69, 166, 163, 1, 162, 1, 11, 72, 1, 143, 69, 162, 1, 120, 50, 1, 190, 56, 75, 170, 149, 163, 1, 1, 41, 90, 162, 31, 1, 69, 1, 1, 1, 37, 81, 102, 1, 1, 67, 44, 1, 90, 1, 50, 1, 166, 1, 72, 1, 120, 1, 41, 1, 29, 1, 1, 162, 1, 1, 41, 29, 144, 35, 1, 163, 56, 75, 55, 11, 75, 170, 56, 57, 50, 57, 1, 26, 144, 106, 1, 113, 44, 190, 57, 77, 1, 1, 1, 1, 1, 75, 100, 67, 1, 1, 1, 90, 50, 1, 1, 1, 4, 102, 77, 77, 69, 62, 1, 41, 77, 77, 41, 1, 141, 81, 1, 1, 1, 54, 1, 145, 71, 1, 26, 1, 144, 1, 64, 1, 144, 75, 4, 72, 69, 72, 69, 50, 72, 50, 138, 29, 4, 69, 69, 56, 1, 1, 100, 4, 100, 1, 147, 1, 69, 170, 4, 1, 4, 50, 35, 120, 120, 120, 1, 98, 1, 154, 1, 4, 72, 44, 163, 75, 75, 44, 163, 170, 4, 100, 4, 170, 1, 1, 138, 79, 4, 1, 120, 100, 1, 100, 75, 1, 1, 1, 1, 1, 56, 1, 31, 113, 120, 170, 1, 72, 75, 1, 1, 163, 1, 163, 1, 100, 143, 1, 163, 1, 1, 100, 166, 56, 56, 1, 166, 1, 1, 56, 1, 26, 1, 1, 4, 163, 1, 56, 1, 75, 1, 18, 1, 166, 162, 57, 56, 162, 1, 1, 1, 1, 1, 166, 163, 163, 37, 75, 44, 1, 75, 163, 75, 50, 75, 100, 175, 1, 100, 56, 72, 67, 1, 1, 44, 1, 56, 67, 56, 57, 170, 170, 11, 90, 38, 189, 59, 3, 67, 1, 56, 38, 90, 90, 100, 1, 29, 90, 190, 170, 1, 11, 90, 1, 50, 13, 57, 31, 50, 56, 75, 11, 190, 100, 1, 170, 1, 1, 57, 75, 1, 50, 162, 11, 29, 1, 48, 100, 1, 1, 1, 75, 56, 105, 1, 56, 29, 1, 11, 55, 31, 144, 1, 57, 56, 44, 1, 163, 98, 1, 170, 1, 75, 1, 90, 69, 100, 70, 4, 44, 50, 1, 31, 170, 4, 26, 38, 1, 67, 170, 75, 75, 44, 72, 1, 100, 162, 50, 29, 1, 16, 75, 50, 75, 29, 4, 1, 11, 31, 1, 187, 1, 124, 75, 1, 4, 1, 151, 1, 41, 162, 62, 62, 58, 5, 62, 41, 58, 58, 167, 77, 58, 58, 11, 58, 144, 100, 58, 120, 29, 77, 1, 144, 84, 20, 144, 58, 92, 58, 163, 69, 58, 44, 58, 58, 11, 1, 58, 100, 1, 163, 62, 166, 77, 62, 58, 58, 69, 162, 1, 58, 1, 144, 58, 45, 26, 58, 149, 58, 58, 58, 90, 1, 141, 31, 152, 10, 62, 11, 1, 121, 58, 144, 58, 58, 29, 58, 96, 58, 41, 58, 100, 58, 58, 58, 58, 163, 156, 58, 69, 58, 90, 58, 5, 166, 177, 41, 90, 58, 69, 58, 67, 50, 67, 77, 62, 1, 58, 58, 57, 79, 58, 58, 41, 58, 58, 58, 58, 58, 24, 58, 163, 58, 162, 58, 58, 58, 163, 58, 58, 58, 1, 190, 58, 58, 5, 58, 58, 58, 58, 58, 58, 58, 58,