{"Run": 9, "K": 334, "WCSSD": 2269.393413305312, "Purity": 0.4703693100486688, "Time": 18.769845008850098, "Kmeans_Labels": [318, 8, 118, 76, 8, 8, 48, 197, 8, 296, 8, 120, 8, 113, 8, 8, 290, 186, 8, 8, 8, 8, 120, 8, 113, 186, 132, 186, 240, 206, 113, 8, 240, 264, 113, 310, 2, 113, 2, 113, 34, 48, 132, 7, 312, 168, 113, 8, 8, 8, 8, 106, 106, 321, 117, 196, 295, 186, 76, 76, 8, 186, 8, 132, 196, 21, 113, 8, 113, 196, 186, 8, 8, 113, 148, 8, 318, 8, 290, 90, 8, 8, 228, 186, 197, 132, 313, 285, 8, 8, 8, 8, 196, 8, 8, 48, 8, 8, 197, 8, 197, 67, 8, 331, 331, 48, 48, 331, 228, 67, 312, 312, 312, 113, 228, 67, 113, 8, 8, 79, 27, 8, 79, 76, 76, 122, 8, 76, 93, 8, 79, 79, 22, 8, 68, 8, 8, 8, 8, 8, 85, 76, 76, 65, 79, 79, 8, 279, 233, 76, 79, 55, 313, 8, 8, 188, 8, 8, 76, 8, 8, 302, 79, 8, 48, 79, 313, 113, 230, 313, 290, 8, 8, 106, 79, 154, 25, 124, 315, 8, 8, 8, 173, 173, 79, 8, 79, 8, 8, 106, 8, 85, 164, 79, 76, 76, 8, 106, 8, 228, 197, 8, 290, 25, 79, 197, 79, 45, 8, 8, 8, 18, 197, 197, 197, 79, 79, 228, 329, 85, 79, 67, 8, 329, 254, 79, 8, 110, 106, 79, 8, 8, 197, 8, 197, 8, 228, 8, 42, 8, 300, 321, 85, 296, 106, 228, 126, 8, 106, 79, 228, 228, 8, 299, 8, 223, 79, 8, 79, 228, 249, 36, 329, 118, 331, 8, 106, 331, 8, 14, 321, 48, 8, 120, 48, 8, 106, 120, 92, 263, 79, 318, 318, 8, 48, 48, 25, 331, 77, 93, 245, 48, 132, 312, 8, 48, 8, 48, 312, 178, 132, 48, 8, 294, 8, 48, 246, 48, 48, 312, 85, 318, 228, 113, 228, 318, 204, 312, 312, 8, 312, 312, 106, 312, 25, 8, 8, 274, 85, 296, 8, 205, 79, 318, 106, 8, 79, 318, 186, 79, 8, 8, 197, 106, 79, 106, 8, 79, 8, 168, 85, 321, 106, 168, 8, 8, 118, 230, 38, 95, 119, 8, 8, 119, 312, 85, 224, 119, 147, 8, 119, 119, 224, 147, 127, 147, 79, 79, 211, 290, 211, 106, 58, 132, 8, 106, 106, 28, 76, 8, 170, 8, 290, 8, 132, 8, 25, 43, 295, 79, 85, 8, 76, 8, 8, 85, 8, 76, 76, 8, 321, 8, 19, 313, 8, 5, 200, 106, 16, 79, 8, 76, 8, 113, 8, 331, 153, 312, 38, 119, 119, 132, 321, 313, 8, 295, 295, 8, 8, 321, 76, 8, 220, 220, 228, 228, 56, 56, 321, 312, 8, 8, 312, 7, 8, 8, 8, 321, 95, 95, 8, 8, 157, 196, 196, 132, 196, 196, 76, 196, 196, 196, 76, 196, 43, 85, 325, 228, 8, 8, 197, 197, 8, 228, 228, 8, 8, 228, 228, 8, 55, 8, 228, 228, 8, 64, 50, 55, 55, 50, 197, 299, 85, 228, 228, 153, 174, 228, 331, 118, 118, 8, 321, 321, 8, 8, 120, 8, 120, 76, 331, 132, 76, 331, 331, 76, 132, 8, 97, 312, 312, 48, 228, 228, 158, 158, 228, 228, 63, 329, 40, 287, 287, 228, 228, 11, 11, 194, 194, 312, 312, 296, 296, 312, 312, 295, 149, 149, 256, 256, 43, 321, 238, 238, 329, 8, 8, 72, 72, 185, 185, 103, 103, 8, 8, 8, 8, 85, 168, 168, 168, 85, 85, 8, 78, 168, 296, 296, 281, 119, 119, 55, 13, 55, 8, 8, 224, 224, 224, 224, 102, 102, 95, 95, 229, 229, 8, 119, 119, 224, 224, 224, 224, 224, 224, 119, 119, 107, 295, 8, 189, 8, 313, 198, 198, 198, 198, 262, 198, 198, 198, 198, 329, 228, 198, 198, 198, 113, 198, 198, 198, 29, 321, 198, 198, 198, 198, 25, 8, 7, 8, 95, 132, 132, 290, 290, 196, 196, 113, 318, 196, 196, 113, 8, 8, 8, 196, 18, 76, 7, 25, 76, 8, 8, 8, 132, 7, 8, 228, 290, 252, 252, 8, 252, 252, 8, 82, 196, 290, 8, 196, 268, 8, 8, 8, 285, 123, 84, 84, 285, 228, 132, 8, 8, 202, 260, 276, 8, 132, 228, 202, 8, 8, 37, 228, 37, 8, 228, 276, 276, 316, 293, 228, 228, 8, 296, 8, 8, 8, 8, 331, 85, 331, 118, 331, 159, 321, 312, 331, 331, 8, 312, 312, 331, 312, 314, 314, 312, 228, 228, 312, 318, 312, 312, 312, 331, 8, 312, 331, 318, 312, 318, 53, 228, 55, 312, 317, 312, 8, 8, 312, 312, 312, 312, 312, 312, 312, 312, 312, 194, 283, 283, 312, 312, 312, 283, 312, 295, 312, 296, 312, 8, 253, 312, 312, 296, 55, 296, 296, 296, 296, 8, 8, 55, 103, 103, 312, 312, 186, 186, 312, 103, 8, 6, 8, 8, 8, 320, 8, 8, 321, 270, 270, 312, 312, 8, 296, 8, 318, 8, 281, 8, 8, 8, 106, 8, 8, 138, 8, 8, 8, 8, 119, 119, 119, 8, 224, 119, 119, 224, 25, 119, 95, 290, 95, 102, 119, 8, 102, 102, 321, 95, 8, 8, 8, 119, 119, 119, 8, 132, 312, 119, 224, 199, 67, 8, 8, 8, 119, 301, 120, 196, 8, 113, 69, 240, 196, 8, 8, 8, 8, 8, 13, 120, 8, 285, 8, 285, 118, 118, 290, 8, 312, 331, 190, 106, 312, 113, 8, 290, 290, 290, 219, 8, 76, 76, 8, 290, 192, 230, 186, 106, 8, 318, 312, 119, 318, 312, 8, 8, 99, 228, 291, 222, 8, 331, 222, 321, 222, 259, 99, 99, 119, 195, 99, 73, 295, 219, 219, 191, 219, 87, 219, 219, 86, 219, 222, 295, 219, 222, 219, 219, 219, 259, 259, 219, 99, 222, 219, 219, 219, 219, 222, 219, 259, 259, 219, 222, 222, 219, 219, 222, 121, 8, 219, 165, 219, 99, 99, 8, 93, 222, 219, 219, 8, 132, 8, 99, 99, 219, 113, 25, 222, 219, 222, 219, 132, 219, 219, 8, 219, 219, 219, 219, 8, 8, 227, 219, 219, 99, 106, 8, 73, 219, 219, 219, 219, 219, 222, 219, 219, 219, 219, 113, 219, 332, 219, 219, 219, 99, 261, 321, 99, 219, 219, 21, 113, 41, 124, 8, 99, 144, 99, 132, 222, 219, 165, 222, 99, 219, 219, 219, 186, 99, 43, 219, 222, 222, 222, 219, 222, 219, 8, 219, 219, 99, 219, 8, 132, 222, 222, 219, 219, 125, 219, 99, 99, 285, 106, 8, 219, 219, 222, 219, 219, 124, 8, 81, 219, 43, 244, 222, 219, 125, 219, 257, 219, 99, 99, 219, 222, 219, 85, 8, 219, 8, 219, 55, 222, 219, 219, 219, 73, 219, 181, 99, 99, 8, 144, 222, 222, 219, 219, 99, 222, 222, 130, 219, 8, 222, 124, 99, 219, 99, 113, 222, 219, 219, 106, 219, 99, 228, 219, 8, 219, 219, 291, 99, 8, 222, 219, 222, 113, 120, 99, 222, 259, 219, 219, 219, 8, 285, 222, 295, 99, 321, 222, 219, 99, 219, 99, 99, 118, 280, 4, 219, 219, 99, 219, 8, 284, 222, 8, 99, 99, 219, 219, 222, 222, 219, 321, 8, 219, 222, 99, 219, 99, 8, 70, 222, 219, 222, 219, 8, 219, 113, 331, 219, 222, 99, 219, 222, 318, 222, 290, 219, 193, 99, 219, 106, 219, 222, 219, 222, 114, 219, 106, 113, 219, 219, 222, 219, 222, 222, 222, 321, 222, 222, 222, 99, 8, 219, 99, 230, 75, 219, 219, 99, 222, 219, 91, 222, 222, 165, 222, 99, 120, 99, 222, 219, 219, 99, 219, 99, 222, 99, 219, 17, 163, 289, 295, 240, 240, 219, 219, 219, 222, 222, 222, 99, 99, 222, 99, 222, 219, 222, 113, 99, 259, 222, 321, 99, 99, 99, 106, 222, 219, 99, 21, 99, 99, 255, 222, 99, 219, 99, 95, 222, 119, 222, 119, 113, 222, 99, 183, 143, 195, 8, 99, 119, 99, 219, 219, 99, 8, 99, 219, 219, 99, 120, 113, 219, 99, 219, 99, 99, 99, 73, 219, 99, 73, 17, 160, 106, 321, 113, 106, 8, 106, 106, 106, 106, 113, 164, 106, 76, 76, 93, 106, 8, 329, 106, 8, 290, 76, 106, 106, 105, 113, 254, 254, 254, 8, 8, 236, 8, 119, 239, 119, 236, 119, 8, 224, 95, 224, 95, 8, 8, 8, 228, 8, 8, 296, 8, 113, 322, 168, 200, 224, 118, 113, 76, 8, 52, 59, 8, 282, 8, 8, 228, 224, 228, 8, 235, 228, 8, 278, 76, 228, 8, 199, 331, 106, 43, 8, 8, 104, 329, 8, 85, 331, 228, 113, 8, 312, 186, 312, 252, 228, 273, 196, 299, 76, 7, 8, 285, 296, 196, 8, 331, 34, 8, 8, 248, 64, 295, 168, 228, 329, 8, 224, 43, 239, 132, 8, 312, 157, 8, 8, 106, 8, 95, 132, 8, 21, 25, 157, 43, 98, 328, 8, 8, 8, 247, 8, 48, 297, 224, 8, 8, 8, 295, 196, 8, 89, 224, 8, 171, 312, 226, 8, 186, 295, 8, 76, 8, 8, 186, 85, 106, 217, 8, 55, 318, 234, 8, 292, 132, 8, 85, 8, 323, 8, 132, 8, 218, 8, 113, 21, 8, 80, 112, 43, 106, 8, 208, 239, 295, 95, 8, 224, 312, 119, 8, 224, 224, 224, 224, 200, 119, 8, 223, 8, 8, 321, 8, 168, 8, 8, 55, 8, 52, 8, 296, 8, 318, 8, 295, 7, 312, 7, 277, 178, 8, 115, 118, 8, 295, 312, 312, 186, 199, 8, 200, 295, 160, 322, 278, 59, 228, 321, 295, 8, 295, 61, 312, 331, 331, 331, 8, 150, 295, 8, 113, 295, 7, 140, 228, 113, 106, 25, 48, 295, 295, 106, 295, 295, 223, 295, 118, 160, 295, 139, 48, 113, 8, 106, 295, 329, 299, 8, 296, 146, 186, 80, 295, 292, 235, 44, 208, 8, 64, 98, 329, 228, 8, 228, 104, 106, 285, 120, 228, 8, 132, 8, 228, 248, 186, 8, 8, 8, 8, 186, 8, 55, 8, 282, 295, 228, 295, 186, 8, 64, 8, 8, 8, 8, 196, 85, 186, 196, 8, 8, 8, 8, 8, 252, 228, 228, 106, 64, 132, 8, 64, 8, 64, 133, 64, 113, 230, 273, 106, 186, 8, 21, 218, 297, 25, 8, 186, 186, 186, 85, 290, 8, 76, 43, 43, 113, 212, 43, 21, 8, 186, 321, 43, 137, 120, 226, 8, 43, 8, 8, 132, 76, 43, 113, 113, 8, 217, 132, 34, 186, 8, 76, 8, 106, 113, 113, 8, 8, 85, 8, 295, 106, 196, 76, 76, 8, 240, 106, 112, 8, 8, 106, 186, 321, 132, 186, 8, 8, 76, 8, 132, 171, 8, 85, 186, 25, 8, 228, 150, 184, 44, 132, 64, 295, 137, 312, 87, 12,