{"Run": 14, "K": 56, "WCSSD": 2788.7555600428173, "Purity": 0.3873461208130547, "Time": 2.95910906791687, "Kmeans_Labels": [22, 22, 22, 49, 22, 22, 22, 2, 22, 22, 22, 22, 22, 27, 22, 22, 22, 6, 22, 21, 22, 22, 27, 22, 27, 38, 22, 6, 21, 22, 22, 27, 21, 6, 22, 27, 22, 22, 22, 22, 27, 22, 22, 22, 47, 22, 27, 27, 22, 22, 22, 27, 27, 22, 22, 22, 22, 6, 49, 49, 22, 6, 6, 40, 22, 22, 22, 22, 22, 6, 6, 22, 22, 22, 27, 22, 22, 22, 22, 22, 22, 22, 22, 6, 2, 22, 27, 22, 22, 22, 22, 22, 22, 22, 22, 22, 22, 22, 2, 22, 2, 27, 22, 22, 22, 22, 22, 22, 22, 27, 47, 47, 47, 22, 22, 27, 27, 22, 27, 26, 22, 9, 26, 49, 49, 26, 22, 49, 27, 27, 26, 26, 22, 22, 22, 21, 22, 22, 22, 22, 22, 49, 49, 21, 26, 26, 22, 22, 22, 49, 26, 43, 22, 21, 22, 26, 22, 22, 49, 22, 22, 26, 26, 22, 22, 26, 22, 27, 22, 22, 26, 22, 22, 27, 26, 22, 40, 12, 26, 22, 22, 22, 22, 22, 26, 22, 26, 22, 22, 22, 22, 22, 27, 26, 49, 49, 22, 27, 22, 22, 2, 22, 22, 40, 26, 2, 26, 2, 22, 22, 22, 22, 2, 2, 2, 26, 26, 22, 22, 22, 2, 22, 22, 22, 22, 26, 22, 22, 27, 26, 22, 22, 2, 22, 2, 22, 22, 21, 33, 27, 26, 22, 22, 2, 27, 2, 22, 22, 27, 26, 22, 47, 22, 26, 27, 27, 26, 22, 26, 22, 27, 22, 22, 49, 26, 22, 27, 22, 22, 40, 22, 22, 27, 22, 22, 22, 27, 22, 26, 26, 26, 22, 22, 22, 22, 22, 40, 49, 22, 27, 26, 22, 22, 47, 22, 22, 22, 22, 22, 21, 12, 22, 22, 22, 22, 47, 22, 22, 22, 47, 22, 22, 22, 22, 47, 22, 22, 47, 47, 37, 47, 47, 27, 47, 40, 22, 22, 17, 22, 22, 21, 26, 26, 22, 27, 34, 26, 22, 6, 26, 22, 27, 45, 27, 26, 27, 27, 26, 22, 27, 45, 27, 27, 22, 22, 22, 22, 22, 18, 32, 32, 22, 27, 32, 32, 32, 29, 32, 26, 22, 32, 32, 29, 26, 29, 26, 26, 26, 27, 22, 27, 27, 26, 49, 22, 27, 27, 6, 49, 22, 22, 22, 22, 27, 22, 22, 40, 17, 22, 26, 22, 27, 49, 27, 27, 22, 22, 49, 49, 22, 22, 22, 22, 22, 22, 22, 22, 27, 22, 26, 27, 49, 22, 22, 21, 22, 22, 47, 18, 32, 32, 12, 22, 27, 28, 27, 27, 21, 21, 22, 49, 22, 43, 43, 22, 22, 47, 47, 22, 47, 22, 22, 47, 27, 21, 22, 22, 27, 32, 32, 22, 22, 22, 22, 22, 21, 22, 22, 49, 22, 22, 22, 49, 22, 17, 2, 22, 22, 22, 22, 2, 2, 22, 22, 22, 22, 22, 22, 22, 22, 43, 22, 22, 22, 22, 27, 22, 43, 43, 22, 2, 22, 22, 22, 22, 22, 22, 22, 22, 22, 22, 22, 22, 22, 22, 22, 22, 22, 22, 49, 22, 22, 49, 22, 22, 49, 22, 22, 49, 47, 47, 47, 47, 47, 22, 22, 47, 47, 47, 22, 47, 47, 47, 47, 47, 22, 22, 47, 47, 47, 47, 22, 22, 47, 47, 22, 43, 43, 43, 43, 17, 22, 22, 22, 22, 22, 22, 22, 22, 22, 22, 22, 22, 22, 22, 22, 22, 22, 22, 22, 22, 22, 22, 21, 22, 22, 24, 24, 22, 32, 32, 43, 27, 43, 22, 22, 29, 29, 29, 29, 29, 29, 29, 29, 29, 29, 21, 32, 32, 29, 29, 29, 29, 29, 29, 32, 32, 32, 22, 22, 17, 6, 22, 27, 27, 27, 27, 27, 27, 27, 27, 27, 22, 22, 27, 27, 27, 27, 27, 27, 27, 27, 27, 27, 27, 27, 27, 40, 22, 22, 22, 32, 22, 22, 22, 22, 22, 22, 27, 22, 22, 22, 27, 22, 22, 22, 22, 22, 49, 27, 40, 49, 22, 27, 22, 12, 22, 22, 49, 22, 22, 22, 22, 22, 22, 22, 22, 22, 12, 22, 22, 22, 22, 22, 22, 22, 22, 22, 22, 22, 22, 22, 22, 22, 22, 22, 22, 22, 22, 22, 22, 22, 22, 22, 22, 22, 22, 22, 22, 22, 22, 22, 22, 22, 22, 22, 22, 22, 22, 22, 22, 22, 22, 22, 22, 22, 22, 47, 22, 22, 47, 47, 48, 22, 47, 47, 47, 47, 47, 22, 47, 22, 47, 47, 47, 47, 22, 47, 47, 47, 47, 47, 47, 22, 43, 47, 47, 47, 22, 22, 47, 47, 47, 47, 47, 47, 47, 47, 47, 47, 47, 47, 47, 47, 47, 47, 47, 22, 47, 22, 47, 22, 47, 47, 47, 22, 43, 47, 47, 47, 22, 12, 12, 43, 47, 47, 47, 47, 6, 6, 47, 22, 22, 27, 22, 24, 22, 22, 22, 22, 22, 22, 22, 47, 47, 24, 22, 22, 22, 22, 22, 22, 22, 22, 22, 22, 22, 27, 22, 22, 22, 22, 32, 32, 32, 22, 29, 32, 32, 29, 40, 32, 29, 22, 32, 29, 32, 22, 29, 29, 27, 32, 12, 12, 29, 32, 32, 29, 22, 22, 47, 32, 29, 22, 27, 27, 27, 27, 32, 21, 27, 22, 22, 22, 22, 21, 22, 22, 22, 22, 22, 22, 22, 22, 22, 22, 22, 22, 22, 22, 22, 22, 47, 22, 47, 47, 22, 27, 22, 22, 22, 22, 30, 22, 49, 21, 22, 22, 22, 27, 6, 27, 22, 47, 47, 32, 47, 47, 22, 22, 30, 22, 30, 15, 22, 22, 15, 27, 15, 15, 30, 30, 32, 30, 30, 3, 27, 30, 30, 30, 3, 27, 30, 30, 3, 30, 15, 27, 30, 15, 30, 30, 30, 3, 27, 30, 30, 36, 30, 30, 30, 30, 15, 8, 27, 27, 30, 15, 15, 30, 30, 15, 3, 22, 3, 3, 30, 30, 30, 22, 27, 15, 3, 30, 22, 27, 22, 30, 3, 30, 27, 40, 15, 30, 15, 3, 22, 3, 30, 22, 30, 30, 3, 30, 22, 22, 30, 30, 3, 14, 27, 21, 3, 30, 30, 30, 30, 30, 15, 30, 3, 3, 30, 3, 30, 30, 3, 30, 30, 30, 22, 27, 3, 30, 30, 22, 22, 22, 12, 22, 30, 3, 30, 12, 15, 30, 22, 15, 3, 30, 51, 3, 6, 30, 17, 30, 15, 15, 15, 30, 15, 30, 22, 30, 30, 30, 30, 22, 12, 15, 15, 30, 30, 30, 30, 19, 30, 3, 27, 22, 30, 3, 15, 30, 30, 12, 22, 30, 30, 17, 30, 15, 3, 3, 30, 30, 30, 30, 30, 30, 15, 30, 22, 22, 30, 3, 30, 3, 15, 3, 30, 30, 3, 30, 22, 30, 30, 22, 3, 15, 15, 30, 30, 30, 15, 15, 15, 30, 22, 15, 12, 30, 30, 30, 27, 15, 30, 30, 27, 30, 30, 22, 30, 22, 30, 30, 30, 30, 22, 15, 3, 15, 3, 27, 30, 15, 3, 30, 30, 30, 27, 3, 15, 27, 30, 27, 15, 30, 3, 3, 30, 30, 22, 27, 30, 30, 30, 30, 30, 22, 30, 15, 22, 30, 30, 30, 30, 15, 15, 3, 22, 22, 30, 15, 30, 30, 30, 22, 22, 15, 3, 15, 30, 22, 30, 27, 3, 3, 15, 30, 30, 15, 47, 15, 27, 30, 30, 30, 30, 27, 30, 15, 30, 15, 22, 30, 27, 27, 30, 30, 15, 30, 15, 15, 15, 27, 15, 15, 15, 30, 27, 3, 30, 3, 22, 30, 30, 30, 15, 30, 27, 15, 15, 3, 15, 30, 27, 30, 15, 30, 30, 3, 30, 30, 15, 30, 30, 21, 30, 15, 22, 21, 21, 3, 3, 30, 15, 15, 15, 30, 30, 15, 30, 15, 30, 15, 27, 30, 15, 15, 22, 3, 30, 30, 3, 15, 30, 30, 27, 30, 3, 3, 15, 30, 30, 30, 32, 15, 32, 15, 32, 27, 15, 30, 30, 30, 30, 27, 30, 32, 30, 3, 30, 30, 22, 3, 3, 30, 30, 27, 27, 30, 30, 30, 3, 30, 30, 3, 3, 30, 30, 21, 27, 27, 27, 27, 27, 22, 27, 27, 27, 27, 27, 27, 27, 22, 49, 27, 27, 21, 22, 27, 27, 27, 49, 27, 27, 32, 22, 27, 27, 27, 22, 22, 7, 22, 29, 22, 32, 7, 32, 11, 29, 32, 29, 32, 22, 27, 22, 22, 22, 22, 47, 22, 22, 22, 22, 27, 29, 22, 27, 49, 22, 22, 22, 22, 22, 22, 22, 22, 29, 22, 22, 22, 22, 22, 47, 49, 47, 27, 6, 22, 22, 17, 22, 22, 22, 22, 22, 22, 22, 22, 22, 22, 47, 6, 22, 22, 22, 22, 22, 22, 49, 27, 22, 22, 47, 22, 22, 22, 27, 22, 27, 21, 27, 22, 22, 22, 22, 22, 29, 17, 22, 12, 22, 47, 22, 22, 22, 27, 22, 32, 22, 22, 6, 40, 22, 17, 22, 27, 22, 22, 22, 27, 22, 22, 22, 29, 22, 17, 22, 22, 22, 22, 16, 29, 22, 22, 47, 22, 25, 6, 22, 22, 49, 22, 22, 6, 22, 27, 22, 22, 43, 22, 18, 22, 22, 40, 22, 22, 29, 22, 27, 22, 22, 22, 27, 27, 6, 22, 22, 39, 17, 27, 22, 22, 22, 27, 32, 29, 29, 47, 32, 27, 29, 29, 29, 29, 27, 32, 22, 27, 27, 22, 27, 22, 22, 22, 22, 43, 22, 22, 22, 47, 22, 22, 27, 27, 27, 6, 27, 47, 27, 27, 27, 27, 22, 27, 47, 22, 6, 6, 22, 27, 27, 27, 22, 47, 22, 47, 27, 27, 22, 27, 27, 47, 22, 22, 22, 22, 22, 22, 22, 22, 27, 27, 40, 22, 22, 27, 40, 22, 22, 27, 27, 27, 22, 27, 27, 22, 27, 22, 27, 22, 27, 22, 27, 22, 22, 22, 22, 22, 22, 6, 22, 12, 22, 22, 22, 22, 27, 27, 22, 22, 22, 22, 22, 22, 27, 22, 27, 22, 22, 22, 22, 22, 21, 6, 22, 22, 22, 22, 6, 22, 43, 22, 22, 27, 22, 22, 6, 22, 27, 22, 22, 22, 22, 22, 22, 6, 22, 50, 22, 22, 22, 22, 22, 22, 22, 27, 27, 40, 25, 27, 25, 27, 22, 27, 27, 27, 22, 27, 6, 22, 6, 22, 22, 40, 22, 6, 6, 40, 22, 22, 22, 49, 17, 17, 27, 27, 17, 6, 22, 6, 27, 17, 17, 27, 22, 17, 17, 22, 22, 22, 49, 17, 22, 27, 22, 22, 12, 27, 6, 22, 49, 27, 27, 22, 27, 22, 22, 22, 22, 27, 27, 22, 49, 49, 22, 21, 27, 39, 22, 22, 22, 6, 27, 22, 6, 22, 22, 49, 22, 12, 22, 22, 22, 6, 40, 22, 22, 22, 22, 22, 22, 27, 27, 17, 47, 27, 27, 27, 40, 27, 22, 12, 27, 27, 43, 17, 22, 6, 27, 27, 27, 40, 22, 22, 27, 22, 22, 22, 27, 27, 16, 22, 22, 22, 27, 27, 49, 21, 22, 22, 22, 7, 27, 22, 27, 22, 29, 22, 29, 22, 32, 32, 20, 7, 32, 29, 20, 2, 20, 29, 20, 32, 49, 20, 20, 27, 20, 22, 22, 29, 22, 20, 2, 20, 22, 20, 29, 20, 47, 47, 20, 40, 20, 20, 49, 22, 20, 27, 22, 47, 32, 22, 29, 32, 20, 20, 47, 22, 22, 20, 22, 47, 20, 11, 43, 20, 22, 20, 20, 20, 17, 22, 10, 12, 21, 20, 32, 49, 22, 20, 20, 22, 20, 32, 22, 20, 20, 20, 29, 20, 27, 20, 20, 20, 20, 20, 20, 27, 48, 20, 17, 20, 7, 22, 32, 29, 17, 20, 47, 20, 20, 27, 20, 20, 32, 22, 20, 32, 22, 20, 20, 20, 29, 20, 20, 20, 20, 20, 20, 20, 22, 20, 20, 20, 20, 20, 20, 20, 20, 20, 2, 20, 27, 20, 7, 27, 0, 20, 20, 20, 20, 20, 20, 20, 22, 49, 20, 20, 20, 20, 27, 20, 20, 20, 20, 40, 20, 