{"Run": 10, "K": 56, "WCSSD": 2753.8091577485816, "Purity": 0.3670197537933009, "Time": 3.087783098220825, "Kmeans_Labels": [5, 52, 5, 5, 5, 5, 52, 50, 52, 15, 5, 5, 52, 5, 5, 52, 5, 5, 5, 5, 5, 5, 5, 52, 5, 5, 5, 12, 39, 47, 5, 5, 39, 5, 5, 5, 5, 5, 5, 5, 5, 5, 24, 6, 55, 5, 5, 5, 5, 5, 5, 5, 5, 5, 5, 5, 5, 52, 5, 5, 5, 5, 5, 44, 5, 52, 52, 52, 5, 52, 52, 5, 47, 5, 21, 5, 5, 5, 5, 5, 5, 5, 47, 5, 50, 5, 5, 5, 5, 15, 5, 5, 15, 15, 5, 5, 5, 5, 50, 5, 50, 21, 5, 47, 15, 5, 47, 5, 47, 21, 55, 47, 55, 5, 15, 21, 5, 5, 5, 49, 5, 5, 49, 5, 5, 49, 5, 5, 9, 5, 49, 49, 5, 5, 5, 39, 5, 5, 5, 5, 12, 22, 22, 39, 49, 49, 5, 5, 5, 5, 49, 27, 5, 39, 5, 49, 5, 5, 5, 5, 5, 49, 49, 5, 5, 49, 5, 5, 5, 5, 49, 5, 5, 5, 49, 5, 44, 24, 49, 5, 5, 5, 5, 5, 49, 5, 49, 5, 5, 5, 5, 12, 5, 49, 5, 5, 5, 5, 5, 15, 50, 5, 5, 44, 49, 50, 49, 50, 15, 5, 5, 5, 49, 50, 50, 49, 49, 15, 5, 12, 50, 5, 5, 5, 5, 49, 5, 15, 5, 49, 5, 5, 50, 5, 50, 5, 15, 39, 5, 5, 49, 5, 12, 50, 5, 15, 5, 5, 5, 49, 15, 15, 5, 40, 5, 5, 49, 5, 49, 5, 5, 5, 5, 5, 49, 5, 5, 5, 5, 44, 5, 12, 5, 5, 5, 5, 5, 5, 49, 49, 49, 47, 5, 5, 5, 5, 44, 48, 5, 9, 49, 5, 5, 55, 5, 5, 5, 47, 55, 5, 24, 5, 5, 5, 5, 55, 5, 5, 5, 55, 12, 5, 5, 5, 15, 55, 5, 55, 55, 5, 55, 55, 5, 55, 44, 5, 5, 5, 12, 55, 39, 49, 49, 5, 5, 5, 49, 5, 5, 49, 5, 5, 12, 5, 49, 5, 5, 49, 5, 5, 12, 5, 5, 5, 5, 5, 5, 5, 43, 10, 10, 46, 5, 10, 55, 12, 41, 10, 49, 5, 10, 10, 41, 49, 41, 49, 49, 49, 5, 5, 5, 5, 49, 5, 5, 5, 5, 5, 5, 5, 5, 5, 5, 5, 5, 5, 44, 5, 5, 6, 12, 5, 5, 5, 5, 12, 49, 44, 5, 5, 5, 5, 5, 5, 52, 5, 5, 5, 5, 49, 5, 5, 5, 5, 0, 5, 5, 55, 43, 10, 10, 24, 5, 5, 5, 5, 5, 39, 39, 5, 5, 5, 27, 27, 15, 15, 55, 55, 5, 55, 5, 5, 55, 6, 5, 5, 5, 5, 10, 10, 5, 5, 5, 5, 5, 39, 5, 5, 5, 5, 5, 5, 5, 5, 44, 12, 5, 47, 15, 15, 50, 50, 15, 15, 15, 15, 15, 15, 15, 15, 27, 15, 15, 15, 5, 5, 52, 27, 27, 52, 50, 40, 12, 7, 7, 5, 15, 15, 47, 5, 5, 5, 5, 5, 5, 5, 5, 5, 5, 5, 5, 5, 5, 5, 5, 5, 5, 47, 5, 55, 55, 55, 31, 31, 47, 47, 47, 47, 55, 5, 55, 5, 5, 55, 55, 5, 5, 55, 55, 55, 55, 5, 5, 55, 55, 5, 27, 27, 27, 27, 5, 1, 12, 12, 5, 5, 5, 5, 5, 5, 5, 5, 5, 5, 5, 5, 5, 12, 5, 5, 5, 12, 12, 5, 5, 5, 5, 5, 5, 10, 10, 27, 5, 27, 5, 5, 41, 41, 41, 41, 35, 35, 41, 41, 41, 41, 5, 10, 10, 41, 41, 41, 41, 41, 41, 10, 10, 41, 5, 5, 5, 5, 5, 5, 5, 5, 5, 5, 5, 5, 5, 5, 5, 5, 5, 5, 5, 5, 5, 5, 5, 5, 5, 5, 5, 5, 5, 44, 6, 6, 5, 10, 24, 24, 5, 5, 5, 5, 5, 5, 12, 12, 5, 5, 52, 5, 5, 5, 5, 6, 44, 5, 5, 5, 5, 24, 6, 5, 15, 52, 15, 15, 5, 47, 47, 47, 5, 15, 24, 5, 15, 5, 15, 15, 15, 5, 15, 15, 15, 6, 15, 15, 5, 15, 15, 15, 15, 47, 15, 15, 15, 15, 5, 15, 15, 15, 15, 7, 15, 15, 5, 5, 7, 7, 15, 47, 6, 47, 5, 5, 5, 12, 5, 55, 5, 5, 5, 55, 5, 47, 47, 55, 55, 47, 55, 55, 55, 55, 55, 47, 47, 47, 55, 55, 47, 47, 5, 55, 47, 55, 55, 47, 55, 5, 27, 55, 55, 55, 5, 5, 55, 55, 55, 55, 55, 55, 55, 55, 55, 55, 55, 55, 55, 55, 55, 55, 8, 5, 55, 55, 55, 5, 55, 8, 8, 12, 29, 55, 55, 55, 55, 5, 5, 29, 55, 55, 55, 55, 39, 39, 55, 55, 5, 5, 5, 5, 5, 12, 5, 5, 5, 5, 5, 55, 55, 5, 55, 55, 12, 5, 5, 5, 5, 5, 5, 5, 5, 5, 5, 5, 5, 5, 10, 10, 10, 5, 41, 10, 10, 41, 44, 10, 41, 5, 10, 35, 10, 5, 35, 35, 5, 10, 24, 24, 5, 10, 10, 10, 5, 5, 5, 10, 41, 5, 21, 5, 5, 5, 10, 39, 5, 5, 5, 5, 5, 39, 5, 5, 5, 5, 5, 5, 5, 5, 5, 5, 5, 5, 5, 5, 5, 5, 55, 5, 55, 5, 55, 5, 5, 5, 5, 5, 18, 5, 5, 39, 5, 5, 5, 5, 5, 5, 5, 55, 55, 10, 55, 55, 5, 5, 18, 5, 18, 34, 5, 5, 34, 6, 34, 34, 18, 18, 10, 18, 18, 18, 5, 18, 18, 18, 18, 5, 18, 18, 18, 18, 34, 5, 25, 34, 18, 18, 18, 18, 5, 18, 18, 34, 18, 18, 18, 18, 34, 18, 34, 5, 18, 34, 34, 18, 18, 34, 18, 5, 18, 18, 18, 18, 18, 5, 9, 34, 18, 32, 5, 5, 5, 18, 18, 18, 5, 44, 34, 18, 34, 18, 5, 18, 18, 5, 18, 18, 18, 18, 5, 5, 18, 18, 18, 18, 5, 39, 18, 18, 18, 18, 18, 18, 34, 18, 18, 18, 18, 5, 18, 18, 18, 18, 18, 18, 52, 5, 18, 18, 18, 5, 5, 5, 24, 5, 18, 18, 18, 24, 37, 18, 5, 34, 18, 18, 18, 18, 5, 18, 5, 18, 34, 34, 34, 18, 34, 18, 5, 18, 18, 18, 51, 5, 24, 34, 34, 18, 18, 18, 18, 18, 18, 18, 5, 5, 18, 18, 34, 18, 18, 24, 5, 18, 18, 5, 18, 34, 18, 18, 18, 18, 18, 18, 18, 18, 30, 18, 12, 5, 18, 5, 18, 27, 34, 18, 18, 18, 18, 18, 5, 18, 18, 5, 5, 34, 34, 18, 18, 18, 34, 34, 34, 18, 5, 34, 24, 18, 18, 18, 6, 34, 18, 18, 5, 18, 18, 5, 18, 5, 18, 18, 18, 18, 5, 30, 18, 34, 18, 5, 18, 34, 18, 18, 18, 18, 5, 5, 30, 5, 18, 5, 34, 18, 18, 18, 18, 18, 5, 5, 18, 18, 18, 18, 18, 5, 18, 34, 5, 18, 23, 18, 18, 34, 34, 18, 5, 5, 18, 34, 18, 18, 18, 5, 5, 34, 18, 34, 18, 5, 18, 11, 18, 18, 34, 18, 18, 34, 55, 34, 5, 18, 18, 18, 18, 5, 18, 34, 18, 34, 5, 18, 5, 5, 18, 18, 34, 18, 34, 34, 34, 6, 34, 34, 34, 18, 5, 18, 18, 18, 5, 18, 18, 18, 34, 18, 5, 34, 34, 18, 34, 18, 5, 18, 34, 18, 18, 18, 18, 18, 34, 18, 18, 39, 18, 34, 5, 39, 39, 18, 18, 18, 34, 34, 34, 18, 18, 34, 18, 34, 18, 34, 5, 18, 34, 34, 5, 18, 18, 18, 5, 34, 18, 18, 5, 18, 18, 18, 34, 18, 18, 18, 10, 34, 10, 34, 10, 11, 34, 18, 18, 18, 18, 5, 18, 10, 18, 18, 18, 18, 5, 18, 18, 18, 18, 5, 5, 18, 18, 18, 18, 18, 18, 18, 18, 18, 18, 39, 5, 5, 5, 5, 5, 5, 5, 5, 5, 5, 52, 5, 5, 5, 5, 9, 5, 39, 5, 5, 5, 5, 5, 5, 5, 10, 5, 5, 5, 5, 5, 5, 43, 5, 10, 5, 10, 43, 10, 5, 10, 10, 41, 10, 5, 6, 52, 15, 5, 5, 55, 5, 5, 5, 5, 5, 41, 5, 5, 5, 5, 55, 5, 5, 15, 5, 10, 15, 41, 5, 5, 5, 15, 5, 55, 5, 47, 5, 5, 5, 5, 5, 5, 5, 5, 5, 5, 12, 5, 5, 5, 5, 55, 5, 55, 15, 5, 5, 15, 40, 5, 6, 5, 5, 55, 15, 5, 5, 5, 47, 52, 39, 5, 5, 5, 15, 5, 5, 41, 5, 5, 24, 5, 55, 5, 5, 5, 5, 5, 10, 5, 15, 5, 44, 5, 17, 5, 5, 5, 15, 5, 6, 5, 5, 5, 41, 5, 5, 5, 5, 5, 5, 5, 41, 5, 5, 55, 5, 5, 5, 5, 5, 5, 5, 5, 5, 12, 5, 12, 5, 27, 5, 43, 45, 5, 44, 52, 12, 5, 5, 5, 5, 5, 5, 5, 5, 5, 5, 5, 5, 5, 5, 5, 5, 5, 5, 10, 5, 41, 55, 10, 5, 41, 10, 41, 41, 5, 10, 5, 5, 5, 5, 5, 5, 5, 5, 5, 27, 5, 55, 5, 55, 5, 5, 5, 5, 6, 55, 6, 55, 5, 6, 5, 5, 5, 5, 55, 55, 5, 5, 5, 5, 5, 5, 5, 55, 5, 47, 5, 5, 5, 5, 5, 55, 5, 5, 5, 5, 5, 5, 5, 5, 5, 6, 44, 5, 5, 5, 44, 5, 5, 5, 5, 5, 5, 5, 5, 5, 5, 5, 5, 5, 5, 5, 5, 5, 5, 40, 5, 5, 5, 5, 5, 24, 5, 5, 5, 5, 6, 5, 5, 5, 5, 5, 15, 5, 5, 5, 5, 5, 45, 5, 5, 15, 39, 5, 5, 15, 5, 5, 5, 5, 27, 5, 15, 5, 5, 5, 15, 5, 5, 5, 5, 5, 15, 15, 12, 5, 15, 5, 15, 5, 5, 47, 15, 15, 15, 5, 5, 44, 5, 5, 5, 5, 5, 5, 5, 5, 5, 5, 5, 6, 5, 5, 5, 44, 5, 5, 5, 44, 12, 5, 5, 44, 5, 5, 5, 52, 5, 5, 5, 5, 5, 5, 5, 5, 5, 5, 17, 52, 5, 5, 5, 5, 5, 5, 5, 12, 24, 5, 5, 5, 5, 52, 5, 5, 5, 5, 5, 12, 5, 5, 5, 5, 5, 5, 5, 39, 5, 5, 5, 5, 5, 5, 12, 5, 5, 5, 5, 5, 5, 24, 5, 5, 12, 5, 44, 5, 5, 5, 5, 5, 5, 5, 5, 5, 55, 5, 5, 5, 44, 5, 5, 24, 5, 5, 27, 5, 5, 5, 5, 5, 5, 44, 6, 5, 5, 5, 5, 5, 5, 5, 5, 5, 5, 5, 5, 5, 5, 24, 5, 5, 5, 43, 5, 5, 5, 10, 10, 5, 41, 5, 10, 10, 33, 43, 10, 41, 33, 50, 33, 10, 33, 10, 5, 33, 33, 21, 21, 5, 5, 10, 5, 33, 50, 33, 33, 33, 41, 33, 47, 55, 33, 44, 33, 33, 5, 40, 33, 5, 5, 31, 10, 15, 41, 10, 33, 33, 47, 15, 15, 33, 5, 55, 33, 5, 27, 33, 5, 33, 33, 33, 33, 41, 10, 24, 39, 33, 10, 44, 5, 33, 33, 55, 33, 10, 5, 33, 33, 33, 41, 33, 5, 33, 33, 33, 33, 33, 33, 33, 55, 33, 33, 33, 43, 15, 10, 35, 5, 33, 55, 33, 33, 5, 33, 33, 10, 5, 33, 10, 12, 33, 33, 33, 41, 33, 33, 33, 33, 33, 33, 33, 15, 33, 33, 33, 21, 33, 33, 33, 33, 33, 50, 52, 33, 33, 43, 33, 33, 33, 33, 33, 33, 33, 33, 33, 5, 33, 33, 33, 33, 33, 5, 33, 33, 33, 33, 44, 33, 5, 5, 5, 5, 33, 33, 43, 33, 33, 33, 33, 33, 33, 33, 21, 33, 33, 33, 33, 33, 33, 33, 33, 5, 24, 33, 33, 33, 33, 5, 33, 33, 5, 33, 33, 33, 33, 33, 33, 20, 33, 33, 33, 33, 33, 33, 33, 33, 6, 33, 33, 33, 33, 33, 50, 5, 33, 33, 33, 52, 33, 33, 33, 33, 47, 5, 5, 5, 26, 5, 10, 5, 5, 5, 5, 12, 5, 10, 5, 5, 5, 5, 5, 5, 5, 5, 5, 5, 26, 5, 5, 5, 5, 5, 5, 5, 5, 5, 5, 5, 39, 5, 5, 5, 5, 6, 5, 5, 6, 5, 5, 6, 52, 5, 5, 12, 5, 5, 24, 5, 52, 5, 5, 5, 5, 26, 5, 5, 5, 24, 24, 26, 26, 5, 26, 24, 26, 26, 26, 4, 15, 15, 12, 26, 26, 26, 26, 44, 24, 24, 26, 26, 26, 26, 5, 26, 5, 24, 24, 26, 5, 26, 52, 26, 5, 5, 5, 5, 5, 5, 5, 5, 5, 5, 5, 5, 5, 12, 5, 15, 5, 55, 12, 5, 5, 5, 5, 5, 5, 5, 12, 5, 5, 5, 15, 5, 5, 5, 5, 5, 5, 12, 5, 27, 5, 5, 43, 12, 12, 26, 26, 15, 15, 5, 26, 26, 26, 5, 26, 26, 26, 5, 5, 5, 5, 24, 26, 26, 5, 5, 5, 5, 5, 12, 5, 5, 5, 44, 5, 5, 26, 12, 