{"Run": 13, "K": 464, "WCSSD": 2106.126196375341, "Purity": 0.5336387059833954, "Time": 26.099138975143433, "Kmeans_Labels": [158, 208, 149, 352, 428, 9, 157, 131, 9, 103, 9, 84, 9, 244, 356, 9, 1, 269, 105, 66, 5, 9, 116, 244, 236, 49, 9, 49, 66, 167, 9, 175, 66, 49, 9, 9, 244, 457, 364, 318, 248, 157, 50, 144, 244, 252, 9, 9, 356, 286, 440, 388, 388, 178, 158, 181, 105, 77, 352, 450, 9, 49, 9, 259, 181, 48, 244, 208, 244, 181, 91, 356, 9, 202, 29, 356, 9, 9, 62, 9, 105, 9, 186, 251, 131, 9, 202, 277, 9, 9, 9, 248, 181, 387, 356, 157, 251, 9, 131, 9, 131, 29, 9, 120, 120, 157, 157, 120, 9, 29, 75, 425, 75, 356, 158, 29, 175, 9, 116, 128, 116, 116, 412, 352, 352, 128, 0, 352, 105, 104, 101, 128, 236, 116, 356, 328, 116, 116, 116, 116, 455, 352, 89, 66, 128, 412, 9, 456, 305, 352, 128, 326, 202, 66, 116, 128, 9, 116, 74, 356, 116, 128, 128, 390, 157, 128, 202, 105, 271, 202, 62, 9, 9, 388, 294, 72, 32, 16, 128, 452, 440, 116, 9, 9, 128, 9, 128, 9, 9, 274, 9, 455, 86, 128, 116, 352, 116, 175, 447, 422, 131, 116, 62, 32, 128, 131, 128, 131, 202, 116, 116, 116, 131, 131, 131, 128, 214, 103, 364, 297, 131, 29, 9, 364, 329, 128, 116, 364, 388, 128, 116, 116, 131, 9, 131, 175, 103, 66, 116, 116, 128, 9, 455, 55, 388, 103, 116, 116, 175, 128, 157, 422, 323, 168, 171, 147, 128, 116, 128, 422, 116, 9, 364, 197, 120, 356, 175, 120, 201, 422, 236, 157, 37, 116, 157, 115, 245, 115, 128, 120, 128, 20, 158, 356, 157, 157, 32, 98, 157, 105, 128, 157, 9, 157, 391, 157, 391, 157, 116, 66, 9, 157, 9, 391, 391, 157, 157, 157, 157, 287, 455, 158, 391, 391, 422, 158, 111, 75, 75, 66, 75, 75, 388, 75, 32, 81, 424, 239, 455, 148, 66, 128, 128, 158, 388, 148, 128, 158, 49, 128, 116, 116, 455, 175, 128, 116, 430, 128, 116, 263, 455, 309, 388, 148, 116, 9, 197, 271, 38, 26, 108, 84, 116, 26, 375, 108, 59, 108, 128, 116, 108, 414, 59, 128, 130, 128, 128, 128, 116, 62, 116, 324, 128, 259, 9, 388, 388, 49, 352, 248, 9, 446, 62, 116, 50, 356, 458, 343, 9, 144, 455, 116, 352, 116, 388, 455, 128, 352, 352, 9, 236, 9, 181, 202, 208, 9, 391, 175, 202, 128, 202, 352, 202, 9, 144, 120, 9, 75, 38, 108, 108, 50, 209, 202, 381, 124, 124, 437, 437, 9, 352, 111, 326, 326, 103, 103, 75, 75, 236, 75, 364, 364, 75, 144, 66, 148, 148, 274, 26, 26, 199, 199, 9, 181, 181, 9, 50, 50, 352, 181, 181, 181, 352, 181, 107, 455, 9, 103, 203, 203, 131, 131, 9, 211, 211, 52, 52, 257, 257, 207, 326, 9, 9, 9, 440, 18, 237, 326, 326, 237, 131, 168, 266, 103, 103, 9, 103, 103, 120, 149, 149, 9, 182, 182, 9, 9, 150, 9, 150, 352, 227, 124, 120, 227, 227, 120, 124, 103, 352, 75, 75, 157, 425, 425, 391, 391, 75, 75, 75, 364, 75, 391, 391, 409, 409, 9, 9, 75, 75, 367, 367, 255, 255, 75, 84, 9, 326, 326, 326, 326, 298, 51, 327, 327, 364, 92, 92, 364, 364, 148, 148, 276, 276, 9, 148, 84, 84, 455, 248, 248, 248, 248, 248, 160, 84, 148, 439, 439, 105, 108, 108, 326, 368, 326, 9, 9, 130, 130, 59, 59, 84, 84, 26, 26, 26, 26, 124, 406, 406, 59, 59, 59, 59, 59, 59, 108, 108, 108, 463, 9, 107, 261, 202, 223, 223, 223, 223, 223, 223, 223, 223, 223, 364, 364, 223, 223, 223, 244, 223, 223, 223, 223, 274, 223, 223, 339, 223, 32, 43, 144, 9, 26, 50, 50, 62, 62, 181, 181, 111, 158, 461, 461, 111, 9, 9, 105, 181, 9, 352, 144, 32, 352, 9, 84, 9, 278, 144, 9, 422, 62, 103, 103, 9, 103, 103, 9, 9, 203, 62, 9, 181, 9, 9, 9, 9, 184, 103, 103, 103, 144, 103, 344, 440, 207, 103, 103, 103, 9, 344, 103, 436, 460, 460, 103, 103, 103, 148, 103, 103, 103, 277, 73, 103, 103, 103, 103, 144, 356, 9, 9, 120, 455, 120, 197, 391, 120, 9, 75, 120, 120, 9, 275, 75, 290, 275, 275, 75, 275, 75, 379, 425, 120, 75, 425, 425, 379, 84, 75, 216, 75, 75, 75, 75, 9, 212, 75, 75, 75, 274, 110, 75, 125, 125, 383, 75, 366, 75, 366, 75, 84, 75, 303, 75, 99, 75, 404, 102, 79, 99, 148, 75, 124, 165, 75, 75, 148, 326, 148, 148, 148, 148, 92, 92, 326, 421, 421, 75, 429, 49, 49, 429, 421, 9, 84, 9, 148, 111, 139, 148, 9, 54, 148, 148, 75, 75, 439, 148, 148, 316, 111, 105, 111, 315, 315, 388, 148, 148, 111, 68, 68, 124, 124, 108, 108, 108, 324, 108, 26, 26, 130, 196, 108, 59, 62, 26, 108, 108, 84, 108, 108, 169, 26, 62, 62, 59, 406, 108, 97, 75, 346, 75, 108, 59, 448, 29, 84, 84, 84, 108, 66, 84, 181, 62, 274, 181, 66, 181, 350, 9, 9, 9, 9, 397, 248, 9, 198, 9, 277, 9, 44, 62, 9, 75, 391, 75, 275, 19, 264, 148, 62, 62, 62, 12, 202, 192, 9, 9, 62, 9, 271, 334, 388, 9, 158, 75, 108, 158, 75, 9, 440, 268, 9, 268, 210, 105, 120, 210, 144, 354, 454, 268, 268, 108, 417, 189, 357, 175, 12, 12, 206, 140, 53, 12, 12, 357, 12, 210, 105, 12, 210, 12, 12, 12, 454, 454, 12, 268, 210, 12, 12, 12, 238, 210, 12, 454, 454, 12, 210, 210, 12, 357, 210, 357, 111, 357, 357, 12, 268, 268, 9, 105, 210, 357, 12, 440, 259, 9, 268, 357, 12, 274, 259, 210, 100, 210, 357, 259, 357, 345, 9, 357, 12, 357, 12, 9, 9, 12, 12, 357, 268, 388, 66, 357, 12, 314, 12, 357, 12, 210, 357, 357, 357, 12, 189, 357, 12, 357, 12, 357, 268, 9, 338, 189, 83, 12, 48, 236, 9, 16, 9, 268, 357, 268, 50, 210, 357, 105, 210, 402, 12, 12, 357, 49, 268, 107, 12, 210, 210, 210, 12, 210, 174, 86, 357, 12, 46, 12, 313, 50, 210, 210, 357, 12, 357, 12, 268, 268, 357, 105, 9, 12, 357, 210, 357, 12, 16, 440, 230, 12, 386, 268, 210, 357, 86, 12, 12, 12, 268, 268, 12, 14, 12, 455, 9, 12, 357, 152, 357, 14, 357, 357, 12, 63, 12, 9, 268, 268, 248, 357, 210, 210, 280, 12, 268, 210, 14, 210, 357, 205, 210, 82, 268, 12, 268, 236, 210, 12, 12, 274, 12, 268, 9, 12, 9, 109, 288, 268, 242, 175, 14, 357, 210, 357, 388, 268, 210, 454, 357, 12, 12, 86, 277, 14, 79, 268, 338, 210, 12, 357, 357, 268, 268, 197, 53, 12, 357, 12, 268, 12, 105, 357, 210, 9, 242, 268, 12, 12, 210, 210, 357, 9, 9, 65, 210, 7, 12, 268, 356, 8, 210, 357, 164, 228, 356, 12, 175, 357, 357, 210, 268, 12, 210, 158, 262, 62, 12, 268, 268, 12, 262, 12, 433, 12, 210, 187, 357, 274, 274, 12, 12, 210, 12, 210, 210, 210, 144, 210, 210, 210, 268, 337, 262, 268, 271, 277, 357, 12, 268, 354, 357, 356, 210, 210, 357, 210, 268, 175, 357, 210, 179, 12, 357, 12, 268, 172, 357, 12, 155, 268, 210, 9, 66, 66, 357, 357, 12, 210, 210, 210, 268, 268, 210, 132, 210, 12, 210, 274, 242, 454, 210, 274, 357, 268, 357, 262, 210, 12, 319, 48, 268, 357, 443, 210, 268, 371, 268, 26, 164, 108, 164, 357, 175, 210, 357, 12, 12, 417, 9, 268, 406, 357, 357, 12, 268, 9, 262, 234, 12, 268, 388, 388, 12, 268, 63, 357, 189, 268, 357, 357, 268, 12, 256, 431, 388, 105, 270, 388, 105, 388, 388, 388, 388, 274, 86, 388, 247, 352, 105, 388, 66, 364, 388, 123, 62, 352, 388, 388, 26, 202, 329, 329, 329, 9, 9, 153, 9, 59, 159, 108, 45, 88, 148, 59, 26, 59, 26, 324, 144, 208, 103, 353, 111, 148, 221, 391, 324, 148, 356, 59, 197, 116, 352, 9, 158, 324, 3, 9, 302, 111, 257, 384, 127, 248, 120, 186, 148, 75, 352, 75, 9, 202, 317, 324, 107, 9, 9, 9, 364, 248, 47, 120, 364, 40, 9, 366, 49, 19, 103, 403, 111, 9, 341, 352, 144, 84, 198, 75, 203, 9, 120, 147, 9, 405, 66, 18, 111, 148, 186, 364, 411, 59, 107, 28, 50, 9, 360, 9, 9, 9, 236, 324, 84, 9, 394, 48, 440, 9, 107, 364, 175, 9, 103, 9, 144, 9, 157, 236, 59, 9, 300, 9, 191, 220, 30, 87, 108, 9, 158, 275, 9, 9, 95, 9, 246, 352, 9, 205, 49, 455, 388, 304, 148, 326, 435, 38, 9, 94, 9, 213, 455, 59, 62, 248, 9, 274, 356, 171, 356, 48, 9, 9, 292, 107, 106, 236, 105, 159, 289, 84, 59, 59, 75, 88, 248, 384, 59, 59, 108, 356, 108, 324, 147, 9, 324, 274, 274, 148, 353, 111, 326, 9, 158, 148, 148, 302, 435, 171, 79, 144, 75, 144, 84, 9, 144, 175, 197, 9, 289, 366, 19, 9, 202, 302, 356, 289, 388, 324, 75, 324, 75, 111, 392, 84, 289, 34, 275, 120, 120, 317, 3, 9, 191, 9, 391, 392, 144, 32, 364, 236, 388, 440, 157, 105, 392, 388, 111, 111, 147, 356, 197, 175, 197, 388, 157, 175, 9, 388, 9, 364, 341, 61, 148, 364, 49, 9, 16, 94, 120, 111, 105, 369, 18, 364, 364, 127, 148, 103, 9, 388, 198, 175, 403, 9, 9, 248, 257, 66, 49, 324, 111, 9, 9, 95, 142, 326, 9, 9, 289, 422, 356, 49, 9, 18, 195, 42, 148, 103, 203, 455, 49, 9, 324, 394, 248, 9, 9, 103, 186, 186, 236, 18, 9, 9, 18, 9, 18, 72, 18, 356, 389, 111, 388, 49, 9, 235, 356, 236, 32, 9, 49, 69, 32, 47, 62, 9, 352, 107, 107, 105, 236, 