{"Run": 12, "K": 641, "WCSSD": 2011.125765341587, "Purity": 0.46436102976621413, "Time": 34.74780201911926, "Kmeans_Labels": [90, 185, 56, 88, 1, 1, 185, 81, 1, 1, 311, 96, 1, 82, 614, 1, 1, 60, 593, 183, 1, 1, 296, 82, 85, 60, 1, 60, 49, 1, 82, 8, 49, 60, 183, 296, 82, 82, 96, 82, 46, 82, 135, 129, 82, 1, 82, 605, 0, 274, 1, 282, 282, 352, 90, 59, 239, 60, 88, 88, 254, 60, 1, 61, 1, 40, 82, 185, 82, 427, 60, 1, 1, 1, 238, 1, 1, 1, 47, 1, 593, 345, 549, 609, 81, 1, 628, 513, 1, 1, 1, 1, 1, 1, 1, 1, 609, 1, 81, 1, 81, 238, 534, 566, 566, 195, 195, 57, 1, 238, 95, 450, 95, 82, 90, 238, 282, 1, 477, 20, 1, 296, 20, 489, 88, 20, 1, 271, 355, 296, 293, 20, 344, 1, 518, 442, 21, 338, 256, 1, 215, 88, 192, 49, 20, 20, 1, 1, 239, 88, 20, 368, 628, 1, 1, 20, 1, 1, 88, 0, 1, 20, 299, 1, 187, 20, 419, 21, 189, 628, 20, 1, 1, 282, 20, 239, 34, 92, 20, 123, 1, 1, 1, 1, 20, 353, 20, 296, 65, 353, 236, 215, 504, 20, 88, 88, 123, 38, 353, 549, 81, 407, 407, 34, 20, 81, 20, 81, 1, 296, 407, 494, 81, 17, 81, 20, 20, 549, 96, 215, 81, 380, 481, 361, 322, 20, 46, 96, 282, 20, 296, 1, 81, 1, 81, 170, 549, 49, 1, 1, 20, 1, 215, 81, 282, 81, 494, 1, 38, 20, 195, 195, 172, 20, 205, 33, 239, 296, 20, 47, 296, 176, 96, 1, 566, 1, 38, 566, 414, 549, 462, 195, 400, 315, 252, 315, 344, 315, 20, 288, 152, 90, 90, 315, 252, 252, 34, 566, 413, 355, 20, 252, 1, 353, 195, 252, 1, 195, 353, 554, 1, 195, 1, 195, 195, 195, 252, 483, 1, 95, 215, 90, 195, 1, 549, 90, 47, 95, 353, 296, 353, 95, 282, 353, 34, 96, 1, 618, 215, 213, 49, 20, 20, 90, 282, 198, 20, 90, 60, 20, 47, 296, 215, 38, 20, 282, 305, 20, 347, 1, 215, 1, 282, 1, 555, 1, 1, 189, 74, 516, 179, 296, 1, 580, 353, 215, 350, 179, 20, 296, 179, 179, 409, 20, 350, 20, 20, 146, 296, 47, 296, 344, 20, 135, 1, 282, 282, 60, 88, 353, 296, 629, 1, 400, 1, 161, 550, 178, 1, 129, 215, 315, 88, 1, 202, 215, 239, 88, 88, 1, 38, 345, 427, 628, 185, 1, 263, 38, 375, 20, 419, 1, 1, 1, 129, 566, 175, 1, 74, 179, 624, 92, 1, 628, 49, 419, 419, 49, 49, 1, 88, 269, 368, 368, 549, 549, 353, 353, 353, 353, 96, 96, 353, 129, 49, 494, 494, 465, 516, 516, 1, 1, 1, 512, 512, 135, 294, 294, 545, 545, 545, 1, 88, 427, 178, 215, 296, 608, 457, 457, 81, 81, 1, 1, 1, 1, 1, 611, 611, 398, 332, 1, 47, 47, 172, 519, 1, 29, 29, 1, 66, 47, 215, 128, 128, 175, 1, 1, 566, 56, 56, 172, 1, 1, 67, 67, 315, 1, 315, 88, 566, 315, 566, 566, 566, 566, 315, 168, 172, 575, 575, 252, 608, 608, 195, 195, 472, 472, 95, 96, 353, 112, 112, 381, 381, 490, 490, 365, 365, 95, 95, 349, 349, 30, 95, 172, 78, 78, 78, 78, 178, 1, 215, 215, 96, 487, 487, 571, 571, 571, 571, 344, 344, 475, 307, 1, 1, 215, 1, 498, 498, 21, 21, 1, 1, 1, 278, 278, 494, 516, 516, 368, 47, 368, 1, 1, 350, 350, 63, 63, 565, 565, 516, 516, 516, 516, 569, 179, 179, 350, 350, 110, 110, 350, 350, 516, 516, 63, 1, 1, 178, 406, 419, 589, 117, 117, 117, 117, 117, 117, 117, 117, 96, 96, 117, 117, 117, 82, 363, 117, 117, 104, 202, 117, 117, 117, 117, 218, 129, 129, 637, 603, 625, 625, 1, 1, 590, 590, 593, 90, 1, 1, 593, 1, 1, 1, 427, 494, 88, 129, 34, 88, 1, 1, 1, 92, 129, 296, 549, 197, 461, 461, 1, 461, 461, 1, 1, 457, 47, 296, 199, 47, 1, 1, 199, 513, 611, 563, 563, 257, 549, 334, 419, 229, 611, 549, 274, 172, 334, 494, 1, 384, 384, 1, 1, 1, 1, 128, 274, 274, 513, 296, 128, 128, 613, 1, 129, 466, 503, 503, 566, 402, 287, 353, 602, 342, 315, 353, 602, 566, 353, 26, 353, 566, 26, 478, 478, 26, 353, 1, 608, 574, 353, 168, 168, 566, 1, 353, 168, 95, 340, 90, 95, 1, 368, 639, 95, 527, 495, 1, 353, 353, 353, 95, 95, 95, 95, 95, 353, 172, 532, 95, 95, 172, 353, 532, 139, 274, 95, 353, 353, 296, 353, 139, 139, 422, 577, 422, 422, 422, 422, 487, 487, 577, 353, 353, 95, 353, 60, 60, 353, 353, 171, 171, 171, 586, 494, 290, 626, 419, 388, 1, 1, 95, 95, 585, 296, 172, 494, 494, 494, 217, 369, 369, 296, 1, 1, 440, 1, 1, 296, 296, 179, 179, 179, 172, 488, 516, 516, 607, 34, 179, 63, 47, 211, 500, 179, 296, 500, 500, 296, 211, 14, 14, 1, 179, 179, 179, 95, 1, 95, 179, 110, 217, 238, 188, 188, 188, 259, 408, 172, 427, 517, 1, 427, 49, 427, 485, 296, 1, 296, 1, 172, 47, 186, 513, 1, 513, 76, 315, 1, 173, 353, 566, 353, 171, 333, 593, 494, 47, 47, 47, 247, 25, 88, 1, 1, 296, 296, 189, 60, 282, 431, 90, 95, 623, 90, 95, 594, 1, 55, 1, 622, 640, 1, 566, 640, 433, 370, 339, 622, 492, 179, 319, 622, 203, 419, 247, 247, 247, 247, 606, 357, 357, 2, 247, 640, 38, 247, 640, 247, 247, 247, 544, 544, 247, 55, 640, 247, 247, 247, 247, 640, 247, 544, 544, 247, 370, 9, 357, 247, 499, 247, 1, 247, 7, 583, 622, 622, 594, 355, 640, 7, 247, 1, 251, 1, 55, 622, 303, 593, 34, 640, 635, 640, 7, 1, 247, 12, 62, 247, 247, 247, 247, 610, 1, 247, 247, 247, 622, 164, 49, 85, 148, 247, 247, 247, 7, 640, 247, 247, 247, 247, 600, 196, 247, 7, 247, 247, 622, 185, 21, 103, 390, 247, 40, 38, 1, 464, 47, 622, 514, 622, 166, 640, 247, 200, 370, 247, 247, 247, 7, 60, 622, 178, 44, 640, 640, 640, 247, 640, 247, 504, 247, 247, 622, 357, 1, 1, 640, 640, 247, 7, 504, 247, 622, 55, 7, 202, 494, 247, 247, 640, 622, 247, 92, 1, 286, 286, 193, 622, 640, 247, 504, 7, 247, 247, 622, 622, 247, 640, 247, 511, 1, 247, 1, 247, 467, 640, 103, 247, 247, 85, 247, 1, 366, 622, 46, 466, 640, 640, 7, 247, 622, 522, 640, 640, 247, 1, 230, 210, 55, 247, 622, 632, 640, 247, 357, 353, 247, 622, 1, 247, 1, 247, 247, 622, 622, 79, 640, 247, 640, 103, 264, 622, 640, 103, 247, 7, 562, 504, 513, 147, 171, 622, 21, 147, 55, 640, 247, 622, 622, 1, 606, 247, 7, 247, 622, 247, 1, 426, 640, 1, 622, 622, 247, 247, 596, 640, 247, 1, 1, 247, 640, 309, 247, 622, 1, 105, 640, 7, 640, 247, 315, 286, 593, 566, 520, 640, 622, 599, 28, 90, 415, 47, 247, 622, 622, 622, 415, 247, 640, 247, 392, 223, 622, 282, 205, 247, 247, 640, 247, 640, 640, 45, 433, 640, 499, 640, 286, 47, 415, 169, 189, 513, 357, 247, 622, 370, 379, 411, 640, 640, 200, 279, 622, 593, 622, 640, 247, 247, 622, 247, 622, 640, 622, 247, 286, 286, 640, 36, 49, 49, 286, 247, 247, 640, 640, 640, 622, 622, 640, 622, 640, 247, 107, 205, 622, 339, 640, 1, 622, 622, 421, 377, 376, 247, 622, 40, 492, 622, 622, 640, 622, 247, 622, 516, 640, 179, 640, 622, 593, 640, 622, 247, 247, 319, 296, 622, 179, 622, 247, 247, 622, 1, 415, 247, 131, 535, 38, 600, 247, 622, 247, 622, 622, 622, 203, 247, 622, 203, 49, 171, 282, 345, 21, 282, 382, 282, 282, 282, 282, 205, 504, 282, 153, 88, 355, 282, 1, 96, 282, 1, 47, 88, 282, 282, 516, 419, 322, 322, 322, 431, 1, 1, 353, 179, 52, 179, 494, 516, 494, 516, 436, 110, 443, 172, 129, 185, 1, 1, 109, 422, 494, 86, 1, 1, 593, 567, 593, 27, 88, 23, 90, 1, 172, 1, 124, 494, 611, 350, 96, 1, 289, 549, 172, 151, 88, 472, 47, 53, 566, 321, 268, 1, 362, 1, 96, 1, 215, 566, 324, 234, 1, 95, 60, 333, 461, 96, 1, 1, 47, 88, 129, 172, 513, 31, 457, 1, 566, 428, 1, 227, 260, 120, 524, 537, 549, 616, 258, 350, 178, 209, 294, 100, 243, 1, 240, 1, 344, 42, 188, 460, 1, 40, 34, 1, 16, 96, 162, 330, 1, 1, 129, 172, 315, 1, 350, 298, 474, 1, 588, 427, 1, 419, 488, 315, 90, 26, 171, 367, 60, 1, 1, 64, 1, 620, 572, 215, 419, 215, 160, 368, 90, 6, 1, 513, 420, 358, 215, 1, 172, 477, 1, 1, 1, 205, 593, 40, 424, 1, 292, 178, 171, 296, 593, 52, 419, 188, 1, 110, 315, 516, 477, 350, 516, 567, 488, 593, 179, 42, 33, 47, 172, 202, 1, 1, 1, 109, 417, 100, 90, 172, 422, 124, 90, 205, 419, 429, 95, 155, 505, 554, 129, 171, 21, 315, 419, 95, 333, 60, 53, 327, 593, 241, 171, 1, 151, 1, 472, 419, 241, 172, 239, 21, 26, 566, 566, 566, 172, 267, 588, 1, 86, 241, 129, 34, 324, 183, 638, 34, 252, 21, 145, 593, 419, 524, 33, 593, 593, 171, 419, 419, 315, 593, 172, 282, 1, 616, 47, 441, 1, 96, 60, 1, 92, 513, 289, 150, 593, 329, 120, 96, 96, 96, 416, 1, 1, 245, 513, 132, 96, 1, 1, 1, 611, 260, 60, 344, 344, 1, 1, 60, 1, 368, 1, 1, 241, 549, 1, 60, 424, 120, 1, 1, 160, 1, 457, 215, 60, 1, 344, 1, 1, 1, 1, 461, 549, 549, 344, 207, 420, 367, 120, 367, 120, 239, 120, 593, 189, 1, 282, 60, 1, 40, 1, 1, 34, 362, 60, 419, 60, 215, 32, 1, 88, 178, 617, 21, 38, 268, 40, 330, 60, 313, 54, 54, 21, 171, 474, 16, 358, 620, 19, 88, 178, 593, 21, 21, 215, 167, 428, 60, 1, 