{"Run": 9, "K": 112, "WCSSD": 2584.01209528204, "Purity": 0.2977091146561216, "Time": 3.222421884536743, "Kmeans_Labels": [6, 3, 68, 84, 3, 3, 94, 61, 3, 3, 3, 3, 3, 75, 78, 3, 109, 33, 109, 38, 3, 3, 53, 75, 75, 33, 3, 33, 38, 3, 75, 3, 38, 33, 1, 3, 75, 75, 75, 75, 3, 75, 77, 59, 75, 3, 75, 3, 78, 89, 78, 53, 53, 3, 36, 32, 109, 33, 96, 96, 109, 33, 33, 77, 32, 74, 75, 3, 75, 32, 33, 78, 3, 78, 53, 3, 36, 3, 109, 77, 3, 1, 3, 33, 61, 49, 109, 3, 3, 3, 3, 3, 32, 3, 70, 3, 3, 3, 61, 3, 61, 53, 3, 94, 94, 94, 94, 94, 3, 53, 101, 31, 101, 75, 36, 53, 1, 3, 78, 44, 78, 3, 24, 96, 32, 24, 109, 96, 53, 109, 24, 24, 13, 3, 3, 38, 78, 78, 78, 78, 83, 96, 96, 38, 24, 24, 3, 78, 3, 96, 24, 102, 84, 38, 78, 24, 3, 3, 96, 78, 78, 24, 24, 3, 94, 24, 109, 1, 109, 109, 24, 109, 3, 53, 91, 3, 50, 78, 24, 78, 78, 78, 3, 3, 24, 3, 24, 109, 3, 1, 3, 83, 109, 24, 3, 96, 3, 78, 3, 3, 61, 109, 109, 50, 24, 61, 24, 61, 3, 78, 3, 78, 61, 61, 61, 24, 24, 3, 3, 83, 61, 53, 3, 3, 1, 24, 78, 3, 53, 24, 3, 3, 61, 3, 61, 3, 3, 73, 3, 78, 24, 3, 83, 61, 53, 61, 3, 3, 78, 24, 94, 94, 3, 24, 3, 3, 24, 78, 24, 3, 78, 3, 3, 68, 24, 3, 78, 94, 109, 50, 3, 94, 78, 78, 94, 3, 78, 109, 24, 24, 24, 36, 36, 78, 94, 94, 50, 94, 94, 53, 24, 94, 109, 94, 94, 94, 3, 94, 94, 53, 3, 94, 94, 3, 3, 94, 94, 94, 94, 101, 83, 36, 94, 109, 3, 54, 53, 31, 31, 109, 31, 31, 53, 31, 50, 78, 3, 36, 83, 52, 38, 24, 24, 6, 53, 3, 24, 36, 33, 24, 78, 3, 83, 78, 24, 78, 3, 24, 78, 53, 83, 78, 53, 3, 3, 3, 68, 109, 60, 99, 99, 3, 53, 99, 99, 83, 105, 99, 24, 78, 99, 99, 105, 24, 105, 24, 24, 24, 78, 109, 78, 53, 24, 84, 109, 53, 53, 33, 84, 3, 3, 78, 109, 3, 77, 3, 50, 8, 3, 24, 83, 109, 84, 78, 1, 83, 24, 3, 96, 3, 53, 1, 32, 109, 1, 3, 94, 78, 109, 24, 109, 3, 109, 3, 3, 94, 3, 3, 60, 99, 99, 77, 53, 109, 53, 82, 82, 38, 38, 1, 96, 3, 102, 102, 3, 3, 31, 31, 3, 31, 3, 3, 31, 59, 3, 99, 99, 3, 99, 99, 3, 3, 3, 32, 32, 38, 32, 32, 32, 32, 32, 32, 96, 32, 8, 83, 3, 3, 3, 3, 61, 61, 3, 3, 3, 3, 3, 3, 3, 3, 102, 3, 3, 3, 3, 1, 3, 102, 102, 3, 61, 3, 83, 3, 3, 3, 3, 3, 3, 68, 68, 3, 3, 3, 3, 3, 3, 94, 3, 96, 94, 109, 94, 94, 94, 94, 109, 3, 3, 31, 31, 94, 31, 31, 94, 94, 41, 41, 101, 3, 31, 94, 94, 31, 31, 3, 3, 101, 101, 101, 101, 3, 3, 31, 101, 3, 102, 102, 102, 102, 8, 3, 83, 83, 3, 3, 3, 3, 3, 3, 3, 3, 3, 3, 3, 3, 3, 83, 3, 3, 3, 3, 3, 109, 3, 3, 3, 3, 53, 99, 99, 102, 3, 102, 3, 3, 105, 105, 34, 34, 51, 51, 99, 99, 99, 99, 109, 25, 25, 105, 105, 105, 105, 105, 105, 98, 98, 99, 1, 3, 8, 33, 109, 15, 15, 15, 15, 15, 15, 15, 15, 15, 15, 3, 15, 15, 15, 75, 15, 15, 15, 15, 53, 15, 15, 15, 15, 50, 3, 59, 3, 99, 77, 77, 32, 32, 32, 32, 53, 36, 32, 32, 53, 3, 3, 3, 32, 3, 96, 59, 50, 96, 3, 3, 109, 77, 109, 3, 96, 109, 3, 3, 3, 3, 3, 3, 49, 32, 77, 3, 16, 3, 3, 3, 3, 109, 3, 3, 3, 109, 3, 77, 3, 3, 3, 3, 89, 3, 77, 3, 3, 89, 3, 3, 3, 3, 3, 3, 89, 89, 109, 3, 3, 3, 89, 3, 3, 3, 3, 3, 94, 83, 94, 68, 94, 94, 1, 31, 94, 94, 94, 31, 31, 94, 31, 31, 31, 31, 31, 94, 31, 36, 31, 31, 31, 31, 53, 31, 31, 31, 31, 31, 31, 3, 102, 101, 31, 31, 3, 3, 31, 31, 31, 101, 101, 101, 101, 101, 31, 101, 101, 101, 31, 31, 31, 101, 31, 89, 31, 52, 52, 3, 52, 31, 31, 52, 102, 52, 52, 52, 52, 3, 3, 102, 31, 31, 31, 52, 46, 46, 52, 3, 80, 53, 80, 3, 3, 83, 3, 81, 3, 3, 3, 52, 52, 3, 52, 3, 83, 55, 53, 3, 3, 3, 3, 3, 3, 3, 3, 3, 3, 3, 25, 25, 25, 3, 34, 99, 99, 105, 50, 99, 99, 109, 99, 51, 99, 3, 51, 51, 3, 99, 78, 78, 3, 25, 25, 25, 3, 3, 101, 25, 105, 3, 53, 109, 109, 3, 25, 38, 109, 32, 3, 109, 32, 38, 32, 109, 3, 3, 3, 3, 3, 3, 3, 109, 3, 109, 68, 68, 106, 3, 31, 94, 31, 31, 3, 109, 111, 109, 109, 109, 26, 53, 96, 38, 3, 109, 42, 109, 33, 53, 3, 6, 31, 25, 6, 31, 3, 78, 4, 3, 4, 14, 3, 67, 14, 3, 37, 107, 4, 4, 25, 26, 4, 26, 1, 26, 4, 26, 26, 1, 26, 26, 65, 26, 14, 109, 26, 14, 26, 26, 26, 107, 107, 26, 4, 14, 26, 26, 26, 26, 14, 26, 107, 107, 26, 107, 14, 26, 26, 21, 26, 3, 26, 21, 26, 4, 4, 3, 53, 14, 26, 26, 78, 84, 3, 4, 26, 26, 109, 50, 14, 26, 14, 26, 3, 84, 26, 3, 26, 26, 26, 26, 3, 3, 26, 26, 26, 4, 109, 38, 75, 26, 26, 26, 26, 26, 14, 26, 26, 26, 26, 1, 26, 26, 26, 26, 26, 4, 3, 53, 4, 26, 26, 74, 1, 3, 77, 109, 4, 26, 4, 77, 14, 26, 21, 107, 26, 26, 26, 26, 33, 4, 8, 26, 107, 14, 14, 26, 14, 26, 109, 26, 26, 4, 26, 3, 77, 14, 14, 26, 26, 26, 26, 4, 4, 4, 3, 3, 26, 26, 14, 26, 26, 77, 78, 26, 26, 8, 4, 14, 26, 26, 26, 26, 26, 4, 4, 26, 14, 26, 83, 3, 26, 3, 26, 97, 14, 26, 26, 26, 75, 26, 1, 4, 4, 3, 3, 14, 14, 26, 26, 4, 14, 14, 14, 26, 3, 14, 78, 4, 26, 4, 1, 14, 26, 26, 109, 26, 4, 3, 26, 3, 26, 26, 4, 4, 3, 14, 26, 107, 26, 109, 4, 14, 107, 26, 26, 26, 109, 109, 97, 1, 4, 53, 14, 26, 26, 26, 4, 4, 68, 53, 26, 26, 26, 4, 26, 3, 26, 14, 3, 4, 4, 26, 26, 14, 14, 26, 3, 3, 26, 14, 4, 26, 4, 3, 94, 14, 26, 14, 26, 109, 26, 1, 26, 26, 14, 4, 26, 14, 36, 14, 109, 26, 4, 4, 26, 1, 26, 14, 26, 14, 3, 26, 53, 109, 26, 26, 14, 26, 14, 14, 14, 3, 14, 21, 14, 4, 3, 26, 4, 26, 109, 26, 26, 4, 37, 26, 109, 14, 14, 21, 62, 4, 53, 4, 40, 26, 26, 26, 26, 4, 14, 4, 26, 38, 4, 14, 3, 38, 38, 26, 26, 26, 14, 14, 14, 4, 4, 14, 4, 14, 26, 14, 109, 4, 107, 14, 109, 88, 4, 4, 1, 14, 26, 4, 74, 4, 26, 26, 14, 4, 26, 4, 99, 14, 25, 14, 99, 1, 14, 4, 26, 26, 26, 109, 4, 25, 4, 26, 26, 4, 45, 26, 26, 26, 4, 109, 53, 26, 4, 26, 4, 4, 4, 26, 26, 4, 26, 38, 1, 53, 1, 1, 53, 3, 53, 53, 53, 53, 109, 109, 53, 3, 18, 53, 53, 38, 3, 53, 3, 109, 18, 53, 53, 99, 75, 1, 1, 1, 3, 3, 3, 3, 99, 3, 25, 66, 99, 53, 99, 99, 105, 99, 3, 53, 30, 3, 3, 3, 52, 3, 109, 3, 3, 3, 105, 68, 1, 84, 3, 36, 3, 48, 3, 3, 99, 3, 105, 3, 3, 108, 3, 3, 94, 84, 41, 109, 33, 94, 3, 8, 3, 3, 3, 3, 3, 83, 94, 94, 3, 3, 101, 33, 3, 3, 27, 3, 32, 3, 84, 59, 3, 109, 52, 32, 3, 94, 3, 3, 109, 38, 1, 53, 3, 3, 3, 3, 105, 8, 32, 77, 3, 31, 3, 3, 3, 109, 3, 99, 17, 3, 74, 50, 3, 8, 28, 109, 109, 3, 3, 3, 3, 94, 3, 105, 3, 87, 3, 3, 32, 3, 109, 34, 3, 36, 31, 53, 3, 72, 3, 3, 29, 3, 3, 33, 83, 78, 83, 109, 102, 36, 60, 3, 109, 50, 3, 83, 3, 3, 3, 3, 3, 3, 3, 1, 74, 3, 3, 3, 8, 53, 3, 3, 3, 3, 99, 3, 105, 31, 99, 3, 105, 99, 105, 34, 3, 25, 3, 3, 109, 3, 3, 3, 3, 3, 3, 102, 3, 36, 3, 52, 3, 36, 3, 3, 59, 33, 59, 101, 53, 53, 1, 68, 3, 3, 101, 3, 33, 33, 3, 1, 3, 53, 3, 94, 3, 41, 53, 3, 3, 53, 1, 31, 94, 94, 94, 48, 3, 3, 3, 109, 1, 59, 50, 94, 1, 53, 50, 94, 3, 53, 53, 3, 53, 3, 78, 68, 53, 68, 3, 94, 1, 3, 53, 3, 3, 3, 3, 3, 3, 33, 3, 77, 109, 108, 53, 3, 3, 1, 28, 3, 3, 3, 3, 3, 1, 109, 3, 27, 3, 3, 3, 3, 38, 33, 3, 3, 3, 3, 72, 3, 102, 109, 3, 3, 3, 3, 33, 3, 1, 3, 3, 109, 3, 32, 83, 33, 32, 53, 3, 3, 3, 3, 3, 3, 3, 109, 1, 50, 3, 1, 3, 1, 109, 1, 1, 109, 3, 53, 33, 57, 74, 3, 3, 38, 3, 33, 74, 33, 83, 109, 3, 96, 8, 8, 1, 53, 8, 74, 109, 33, 109, 8, 8, 53, 53, 87, 8, 3, 3, 39, 84, 8, 3, 1, 1, 83, 77, 3, 33, 3, 29, 109, 53, 3, 1, 3, 3, 83, 3, 53, 53, 32, 84, 84, 3, 38, 1, 3, 3, 3, 109, 33, 53, 17, 33, 3, 3, 84, 3, 77, 36, 3, 83, 33, 50, 109, 3, 3, 101, 53, 39, 1, 78, 8, 31, 109, 69, 1, 50, 1, 3, 77, 53, 3, 102, 8, 3, 74, 53, 1, 109, 77, 57, 3, 53, 32, 109, 68, 3, 1, 109, 78, 3, 68, 3, 3, 96, 77, 109, 32, 3, 66, 109, 3, 53, 99, 99, 3, 105, 32, 25, 25, 47, 60, 25, 105, 47, 61, 47, 99, 47, 99, 96, 47, 36, 53, 47, 94, 68, 76, 3, 36, 61, 47, 36, 3, 105, 47, 47, 31, 47, 50, 47, 47, 84, 3, 47, 53, 3, 31, 25, 89, 105, 25, 47, 47, 31, 32, 3, 47, 3, 52, 47, 53, 43, 47, 110, 47, 47, 47, 8, 101, 99, 77, 38, 47, 25, 84, 3, 47, 47, 52, 47, 99, 68, 47, 47, 47, 105, 47, 53, 47, 47, 47, 47, 47, 109, 47, 31, 47, 47, 47, 3, 3, 99, 51, 8, 47, 31, 47, 74, 109, 74, 47, 25, 53, 47, 99, 83, 47, 47, 47, 34, 47, 47, 47, 47, 47, 47, 47, 47, 47, 32, 47, 47, 47, 47, 47, 47, 47, 61, 47, 47, 47, 5, 47, 47, 47, 47, 47, 47, 47, 47, 47, 68, 47, 47, 47, 47, 47, 53, 64, 47, 47, 47, 50, 47, 3, 109, 32, 53, 36, 47, 60, 47, 47, 47, 47, 47, 47, 47, 47, 47, 47, 47, 47, 3, 1, 47, 47, 3, 77, 47, 1, 47, 47, 1, 47, 47, 77, 47, 47, 47, 47, 47, 47, 47, 47, 47, 47, 47, 96, 47, 47, 47, 47, 47, 47, 47, 3, 47, 61, 1, 47, 83, 36, 30, 47, 47, 47, 47, 78, 3, 3, 75, 12, 86, 99, 3, 71, 3, 109, 83, 3, 99, 3, 69, 109, 96, 53, 3, 36, 53, 1, 74, 12, 