{"Run": 1, "K": 186, "WCSSD": 2467.112952988916, "Purity": 0.3241340039102744, "Time": 7.096919059753418, "Kmeans_Labels": [152, 41, 38, 121, 8, 144, 41, 0, 41, 8, 8, 25, 174, 174, 8, 8, 168, 111, 90, 23, 90, 8, 8, 174, 102, 111, 90, 111, 23, 90, 174, 90, 23, 111, 90, 8, 174, 174, 25, 174, 100, 174, 99, 157, 174, 82, 102, 89, 8, 8, 90, 173, 173, 8, 152, 8, 181, 41, 121, 121, 181, 111, 181, 99, 93, 149, 174, 41, 174, 41, 111, 90, 8, 90, 100, 8, 8, 8, 168, 8, 8, 181, 8, 111, 0, 8, 89, 169, 8, 8, 93, 90, 8, 8, 8, 79, 90, 8, 0, 8, 0, 8, 8, 185, 185, 79, 79, 185, 184, 152, 128, 128, 128, 174, 128, 8, 74, 8, 152, 178, 8, 90, 153, 121, 121, 153, 152, 121, 147, 89, 153, 92, 90, 152, 93, 23, 109, 152, 152, 152, 145, 121, 121, 23, 153, 153, 8, 126, 8, 121, 153, 110, 90, 23, 152, 153, 8, 89, 121, 8, 8, 153, 107, 8, 8, 153, 90, 1, 1, 90, 168, 181, 8, 173, 153, 8, 162, 106, 153, 8, 90, 152, 8, 8, 153, 1, 153, 100, 8, 1, 8, 145, 94, 153, 93, 121, 8, 181, 152, 22, 0, 111, 168, 162, 153, 0, 153, 0, 8, 152, 8, 152, 0, 0, 0, 153, 153, 8, 25, 145, 0, 8, 93, 25, 152, 153, 152, 25, 173, 153, 8, 8, 0, 8, 0, 8, 33, 23, 152, 152, 153, 93, 145, 0, 173, 0, 173, 8, 181, 153, 79, 79, 8, 153, 1, 90, 153, 152, 153, 8, 152, 8, 25, 121, 185, 8, 181, 185, 1, 8, 8, 79, 26, 152, 79, 9, 152, 9, 68, 153, 153, 79, 152, 8, 79, 79, 162, 185, 79, 147, 153, 79, 100, 128, 185, 79, 8, 79, 128, 74, 8, 79, 8, 152, 25, 79, 79, 79, 128, 128, 145, 152, 185, 152, 128, 152, 168, 128, 128, 144, 128, 128, 173, 128, 162, 25, 165, 10, 145, 128, 23, 153, 153, 152, 173, 8, 153, 152, 111, 153, 152, 1, 82, 181, 153, 152, 152, 153, 152, 82, 145, 152, 173, 82, 25, 8, 8, 1, 46, 29, 101, 8, 152, 101, 128, 145, 29, 101, 153, 152, 101, 101, 89, 153, 138, 153, 153, 153, 152, 168, 152, 173, 153, 168, 8, 173, 173, 111, 121, 1, 8, 152, 168, 26, 99, 93, 162, 10, 8, 157, 145, 152, 121, 152, 100, 145, 8, 121, 121, 8, 8, 152, 83, 90, 41, 8, 79, 181, 90, 153, 1, 121, 8, 8, 157, 185, 8, 128, 46, 101, 101, 99, 93, 90, 8, 144, 144, 23, 23, 8, 121, 8, 110, 110, 8, 8, 128, 128, 8, 128, 25, 25, 128, 157, 8, 130, 130, 1, 71, 71, 8, 8, 8, 94, 94, 23, 99, 99, 121, 8, 8, 8, 121, 93, 10, 145, 8, 8, 94, 94, 0, 0, 8, 5, 5, 8, 8, 39, 39, 8, 110, 8, 4, 4, 8, 96, 41, 110, 110, 41, 0, 8, 145, 8, 8, 8, 39, 39, 185, 38, 38, 8, 91, 91, 127, 127, 8, 8, 8, 121, 185, 152, 121, 185, 185, 121, 152, 8, 121, 128, 128, 79, 184, 184, 185, 185, 128, 128, 128, 25, 128, 79, 79, 22, 22, 8, 8, 128, 128, 128, 128, 185, 185, 128, 128, 30, 110, 110, 110, 110, 10, 8, 145, 145, 25, 8, 8, 25, 25, 8, 8, 8, 8, 8, 8, 8, 8, 145, 82, 82, 82, 82, 82, 23, 8, 82, 8, 8, 8, 101, 101, 110, 90, 110, 1, 1, 138, 138, 29, 29, 89, 89, 29, 29, 29, 29, 8, 101, 101, 29, 29, 29, 29, 89, 89, 29, 29, 29, 8, 93, 10, 8, 90, 139, 139, 139, 139, 139, 139, 139, 139, 139, 25, 25, 139, 139, 139, 174, 139, 139, 139, 139, 74, 139, 139, 139, 139, 162, 157, 157, 8, 29, 99, 99, 168, 168, 94, 94, 90, 152, 145, 145, 90, 8, 8, 8, 93, 8, 121, 157, 162, 121, 8, 90, 90, 99, 157, 8, 121, 168, 39, 39, 8, 39, 39, 8, 93, 94, 168, 8, 8, 8, 8, 8, 39, 181, 39, 39, 39, 67, 39, 56, 8, 8, 39, 8, 39, 134, 56, 39, 8, 8, 90, 39, 8, 39, 8, 8, 39, 39, 181, 8, 8, 8, 8, 8, 39, 8, 8, 8, 185, 185, 185, 8, 185, 185, 8, 128, 185, 185, 8, 128, 128, 185, 128, 79, 128, 128, 128, 185, 184, 185, 137, 128, 184, 185, 8, 128, 128, 128, 128, 128, 128, 8, 110, 128, 128, 128, 47, 47, 128, 128, 128, 128, 128, 128, 128, 128, 128, 89, 128, 128, 128, 128, 128, 128, 128, 25, 128, 128, 128, 8, 128, 128, 128, 145, 110, 128, 128, 128, 89, 8, 8, 110, 128, 128, 128, 128, 111, 111, 128, 128, 8, 8, 8, 8, 89, 145, 8, 94, 34, 82, 82, 128, 128, 8, 8, 8, 143, 163, 8, 89, 8, 8, 173, 8, 8, 89, 50, 50, 116, 116, 43, 101, 101, 89, 29, 101, 29, 138, 162, 101, 29, 168, 29, 89, 101, 89, 89, 89, 8, 29, 89, 89, 89, 101, 101, 159, 89, 90, 128, 101, 29, 1, 8, 89, 89, 89, 101, 23, 8, 8, 168, 144, 8, 23, 8, 90, 8, 8, 8, 94, 8, 8, 8, 181, 8, 181, 36, 60, 168, 181, 128, 185, 128, 89, 128, 144, 8, 168, 151, 168, 21, 8, 121, 23, 8, 168, 94, 1, 111, 173, 8, 128, 128, 101, 128, 128, 93, 8, 104, 118, 104, 11, 146, 185, 11, 157, 11, 11, 104, 104, 101, 21, 104, 149, 94, 21, 104, 21, 21, 86, 21, 21, 87, 21, 11, 181, 21, 11, 21, 180, 21, 21, 94, 21, 104, 11, 21, 21, 21, 21, 11, 21, 94, 94, 21, 11, 11, 21, 21, 117, 87, 8, 21, 21, 21, 104, 104, 93, 147, 11, 21, 21, 90, 90, 8, 104, 21, 21, 144, 162, 11, 21, 11, 21, 90, 21, 21, 8, 21, 21, 21, 21, 8, 8, 51, 21, 21, 104, 1, 23, 102, 21, 21, 21, 21, 21, 11, 148, 21, 21, 21, 74, 21, 21, 21, 21, 21, 104, 41, 98, 104, 21, 21, 65, 94, 8, 106, 8, 104, 21, 104, 99, 11, 21, 146, 11, 21, 21, 21, 21, 111, 104, 10, 21, 11, 11, 11, 21, 11, 21, 94, 21, 21, 104, 21, 8, 99, 11, 11, 21, 21, 21, 21, 104, 104, 171, 74, 8, 21, 21, 11, 21, 21, 106, 8, 21, 21, 10, 104, 11, 21, 21, 21, 21, 21, 104, 104, 124, 54, 21, 145, 8, 21, 8, 21, 124, 11, 21, 21, 21, 102, 21, 93, 104, 104, 8, 8, 11, 11, 21, 21, 104, 11, 11, 11, 21, 93, 11, 106, 104, 21, 104, 157, 11, 21, 21, 1, 21, 171, 118, 21, 6, 21, 21, 104, 104, 8, 11, 21, 11, 74, 173, 104, 11, 21, 21, 21, 21, 94, 181, 54, 181, 104, 98, 11, 105, 11, 21, 104, 104, 74, 86, 21, 21, 21, 104, 21, 146, 21, 11, 8, 104, 104, 21, 21, 11, 11, 21, 93, 93, 21, 11, 104, 21, 104, 8, 185, 11, 21, 11, 21, 8, 21, 90, 185, 21, 11, 104, 21, 11, 128, 3, 168, 21, 104, 104, 21, 3, 66, 11, 21, 11, 8, 21, 1, 144, 21, 21, 13, 21, 11, 11, 11, 157, 11, 117, 11, 104, 90, 3, 104, 21, 181, 87, 21, 104, 11, 21, 144, 11, 11, 117, 11, 104, 94, 104, 11, 21, 21, 104, 21, 104, 11, 104, 21, 20, 20, 11, 8, 23, 23, 21, 21, 21, 11, 11, 11, 104, 104, 11, 104, 11, 21, 11, 144, 104, 11, 11, 181, 104, 104, 104, 3, 11, 21, 104, 149, 104, 104, 104, 11, 104, 21, 104, 62, 11, 101, 11, 101, 90, 11, 104, 21, 21, 21, 173, 104, 101, 104, 3, 21, 104, 89, 3, 21, 21, 104, 173, 74, 21, 104, 21, 131, 104, 104, 149, 21, 104, 21, 23, 152, 173, 152, 152, 173, 8, 173, 173, 173, 173, 144, 94, 173, 8, 121, 147, 173, 23, 25, 173, 8, 168, 121, 173, 173, 29, 90, 152, 152, 152, 8, 8, 85, 8, 101, 90, 101, 85, 101, 8, 89, 29, 29, 29, 1, 157, 41, 103, 8, 8, 128, 8, 152, 152, 82, 112, 89, 60, 94, 121, 94, 128, 8, 8, 8, 8, 89, 8, 89, 25, 8, 185, 8, 8, 128, 121, 128, 1, 90, 185, 94, 10, 8, 93, 90, 25, 8, 145, 185, 25, 90, 115, 128, 111, 128, 39, 25, 8, 8, 8, 121, 157, 16, 181, 128, 94, 8, 185, 100, 8, 144, 23, 96, 93, 82, 8, 25, 8, 138, 10, 8, 99, 8, 128, 8, 90, 8, 100, 8, 29, 8, 158, 149, 162, 8, 10, 25, 74, 181, 39, 93, 157, 8, 79, 161, 29, 90, 8, 8, 8, 94, 8, 94, 29, 8, 152, 128, 170, 8, 111, 8, 74, 121, 90, 64, 111, 145, 100, 145, 44, 110, 152, 46, 8, 181, 8, 41, 145, 89, 168, 90, 90, 90, 90, 1, 90, 149, 52, 8, 133, 10, 181, 89, 144, 90, 74, 29, 89, 29, 128, 101, 90, 89, 89, 89, 29, 112, 101, 8, 90, 1, 1, 74, 90, 82, 8, 8, 110, 8, 128, 8, 128, 8, 152, 1, 181, 157, 128, 157, 128, 74, 157, 94, 74, 8, 176, 128, 128, 111, 90, 8, 152, 176, 152, 152, 128, 8, 128, 100, 176, 16, 8, 1, 128, 185, 185, 185, 8, 8, 8, 8, 152, 176, 157, 162, 25, 8, 94, 162, 79, 8, 8, 181, 94, 93, 90, 90, 60, 152, 94, 100, 79, 1, 8, 173, 8, 25, 8, 8, 8, 25, 111, 8, 106, 181, 185, 120, 144, 157, 96, 25, 25, 25, 8, 103, 90, 1, 181, 8, 25, 8, 90, 8, 8, 23, 111, 8, 8, 115, 93, 111, 8, 110, 90, 8, 176, 8, 8, 111, 52, 96, 8, 8, 44, 39, 94, 145, 111, 8, 8, 158, 8, 8, 8, 39, 8, 8, 100, 96, 8, 8, 96, 8, 96, 1, 96, 90, 1, 8, 173, 111, 157, 167, 90, 161, 23, 93, 111, 149, 111, 145, 168, 93, 121, 10, 10, 94, 41, 10, 149, 181, 111, 144, 10, 10, 173, 170, 8, 10, 41, 64, 90, 2, 10, 94, 1, 1, 145, 99, 100, 111, 90, 121, 144, 173, 90, 94, 90, 8, 145, 8, 8, 181, 94, 121, 121, 8, 23, 152, 133, 8, 90, 94, 111, 59, 8, 111, 93, 8, 121, 74, 99, 152, 8, 166, 111, 162, 181, 8, 8, 181, 120, 90, 96, 90, 10, 128, 86, 1, 1, 168, 1, 8, 99, 94, 181, 110, 10, 8, 167, 100, 96, 94, 99, 157, 8, 173, 135, 1, 74, 90, 173, 94, 106, 81, 8, 94, 90, 121, 99, 8, 90, 8, 85, 94, 8, 181, 89, 101, 8, 29, 8, 101, 101, 57, 85, 101, 138, 168, 0, 57, 182, 57, 114, 121, 57, 57, 152, 57, 79, 38, 101, 8, 57, 82, 57, 25, 8, 101, 168, 57, 128, 129, 162, 168,