{"Run": 2, "K": 391, "WCSSD": 2235.5257087504137, "Purity": 0.3801253430527147, "Time": 21.452114820480347, "Kmeans_Labels": [207, 369, 378, 162, 7, 7, 369, 108, 369, 379, 7, 178, 7, 314, 291, 7, 7, 139, 7, 55, 40, 7, 250, 7, 314, 139, 7, 139, 55, 7, 314, 224, 55, 139, 7, 7, 178, 314, 178, 314, 61, 314, 39, 150, 156, 7, 314, 7, 7, 186, 272, 291, 291, 7, 207, 7, 216, 369, 162, 162, 216, 144, 7, 251, 7, 71, 314, 369, 314, 369, 314, 7, 260, 291, 274, 74, 207, 7, 7, 256, 7, 7, 171, 232, 108, 7, 291, 19, 7, 7, 7, 14, 174, 7, 341, 52, 7, 7, 108, 7, 108, 274, 7, 279, 279, 52, 52, 279, 7, 274, 156, 118, 156, 314, 207, 274, 291, 7, 291, 17, 7, 78, 17, 162, 162, 17, 291, 162, 291, 7, 17, 17, 7, 7, 7, 55, 7, 7, 7, 7, 60, 162, 162, 55, 17, 17, 7, 7, 216, 162, 17, 120, 7, 55, 7, 17, 7, 7, 162, 7, 7, 17, 17, 381, 52, 17, 291, 309, 28, 7, 7, 7, 7, 291, 17, 216, 251, 183, 17, 7, 272, 7, 51, 51, 17, 7, 17, 5, 7, 291, 7, 334, 291, 17, 162, 162, 7, 291, 7, 7, 108, 295, 7, 251, 17, 108, 17, 108, 209, 7, 295, 222, 108, 108, 108, 17, 17, 134, 385, 60, 108, 7, 262, 178, 7, 17, 7, 178, 291, 339, 7, 7, 108, 7, 108, 7, 7, 150, 7, 7, 17, 7, 282, 108, 291, 108, 7, 327, 291, 17, 52, 52, 7, 344, 353, 295, 216, 7, 17, 327, 303, 207, 42, 199, 279, 7, 291, 279, 291, 251, 7, 85, 357, 7, 94, 7, 7, 7, 17, 279, 17, 207, 207, 7, 52, 52, 251, 279, 52, 291, 17, 52, 7, 52, 7, 52, 7, 52, 7, 83, 7, 52, 7, 45, 178, 52, 52, 52, 52, 156, 60, 207, 178, 291, 7, 207, 7, 156, 52, 55, 158, 156, 291, 197, 251, 178, 7, 207, 60, 201, 55, 17, 17, 207, 291, 7, 17, 207, 295, 299, 7, 7, 60, 291, 17, 291, 7, 17, 7, 41, 60, 291, 291, 25, 178, 7, 199, 28, 165, 193, 193, 7, 7, 193, 193, 60, 59, 193, 17, 7, 331, 193, 59, 17, 59, 17, 17, 17, 291, 7, 303, 291, 17, 7, 7, 291, 291, 139, 162, 291, 7, 7, 364, 357, 39, 314, 251, 75, 7, 150, 60, 7, 162, 7, 283, 60, 216, 162, 162, 7, 7, 7, 7, 291, 369, 351, 52, 291, 291, 17, 291, 162, 7, 7, 150, 279, 7, 156, 165, 193, 193, 152, 7, 291, 296, 95, 95, 277, 277, 7, 125, 7, 370, 370, 389, 389, 156, 156, 7, 156, 178, 178, 156, 150, 55, 193, 193, 7, 193, 193, 7, 7, 7, 145, 145, 7, 39, 39, 162, 7, 7, 7, 162, 55, 75, 60, 7, 7, 174, 174, 108, 108, 7, 7, 7, 7, 7, 252, 252, 7, 370, 7, 7, 7, 7, 24, 7, 213, 213, 7, 108, 50, 60, 7, 7, 7, 7, 7, 279, 378, 378, 7, 7, 7, 7, 7, 7, 7, 7, 162, 279, 7, 279, 279, 279, 279, 7, 365, 162, 38, 38, 52, 151, 151, 7, 7, 302, 302, 156, 178, 156, 52, 52, 156, 156, 7, 7, 38, 38, 363, 363, 279, 279, 156, 156, 7, 347, 347, 215, 215, 75, 7, 60, 60, 178, 146, 146, 354, 354, 184, 184, 236, 236, 7, 7, 7, 7, 60, 374, 7, 7, 7, 7, 7, 7, 7, 7, 7, 291, 160, 160, 370, 291, 370, 7, 7, 127, 127, 191, 191, 39, 39, 193, 193, 59, 59, 386, 180, 180, 59, 59, 59, 59, 59, 100, 246, 246, 193, 0, 7, 75, 7, 291, 101, 101, 101, 101, 101, 101, 70, 101, 101, 178, 178, 101, 101, 101, 314, 155, 284, 101, 273, 7, 101, 343, 101, 101, 251, 150, 150, 7, 318, 182, 182, 7, 7, 145, 145, 291, 207, 7, 7, 291, 7, 7, 7, 55, 222, 162, 150, 251, 162, 7, 7, 7, 39, 150, 7, 162, 369, 7, 7, 7, 7, 7, 7, 7, 174, 39, 7, 7, 7, 7, 7, 7, 294, 7, 7, 7, 150, 7, 39, 7, 7, 252, 7, 252, 7, 39, 7, 252, 266, 7, 7, 7, 7, 7, 7, 252, 266, 316, 7, 7, 7, 266, 7, 133, 7, 7, 7, 279, 279, 279, 199, 279, 279, 7, 156, 279, 279, 7, 38, 359, 56, 38, 38, 38, 38, 38, 29, 151, 279, 156, 151, 151, 29, 7, 156, 29, 156, 156, 207, 156, 7, 370, 156, 156, 156, 286, 7, 286, 156, 156, 156, 156, 164, 156, 164, 4, 38, 38, 156, 156, 156, 322, 156, 223, 46, 156, 201, 201, 7, 143, 223, 223, 60, 370, 201, 201, 201, 156, 146, 146, 370, 156, 156, 156, 156, 259, 259, 156, 7, 315, 7, 315, 7, 7, 60, 7, 7, 7, 7, 7, 156, 156, 7, 7, 372, 60, 7, 291, 169, 7, 7, 7, 7, 7, 7, 7, 7, 7, 7, 193, 193, 193, 7, 191, 193, 193, 127, 251, 193, 59, 7, 193, 193, 193, 7, 193, 193, 7, 193, 351, 351, 7, 180, 193, 180, 7, 7, 156, 193, 59, 169, 274, 7, 7, 7, 193, 55, 7, 7, 7, 293, 7, 55, 145, 216, 7, 7, 7, 7, 291, 371, 7, 19, 7, 19, 131, 263, 7, 7, 7, 279, 156, 38, 156, 291, 7, 7, 7, 7, 200, 7, 162, 7, 230, 7, 7, 82, 139, 291, 7, 207, 156, 193, 207, 156, 7, 7, 270, 7, 380, 16, 7, 279, 16, 175, 248, 248, 380, 380, 193, 67, 380, 1, 95, 200, 148, 200, 1, 73, 200, 200, 1, 200, 16, 291, 200, 16, 200, 176, 210, 1, 291, 181, 380, 16, 200, 200, 200, 200, 16, 200, 248, 248, 200, 16, 16, 200, 200, 16, 1, 170, 1, 1, 200, 380, 380, 7, 291, 88, 1, 200, 7, 36, 7, 380, 1, 200, 243, 251, 16, 200, 16, 200, 7, 1, 200, 7, 1, 200, 1, 200, 7, 7, 200, 66, 1, 380, 291, 55, 314, 200, 1, 200, 200, 307, 86, 1, 1, 161, 200, 172, 1, 200, 1, 200, 1, 380, 369, 105, 172, 200, 200, 71, 7, 177, 183, 7, 380, 1, 380, 39, 16, 1, 7, 16, 1, 200, 1, 200, 139, 380, 75, 200, 16, 16, 16, 1, 16, 200, 291, 200, 200, 380, 200, 7, 39, 16, 16, 1, 2, 1, 200, 380, 168, 1, 291, 7, 200, 1, 16, 200, 200, 271, 7, 200, 200, 75, 380, 16, 1, 1, 382, 200, 200, 380, 380, 200, 255, 200, 60, 314, 218, 1, 1, 1, 255, 172, 200, 200, 314, 200, 7, 380, 231, 7, 287, 16, 16, 1, 200, 380, 16, 255, 16, 200, 7, 16, 31, 270, 200, 90, 150, 16, 200, 200, 291, 200, 380, 7, 200, 93, 200, 200, 380, 380, 7, 255, 1, 16, 172, 291, 380, 16, 172, 1, 200, 200, 291, 19, 255, 242, 380, 50, 16, 200, 1, 200, 380, 380, 199, 73, 200, 1, 200, 380, 200, 7, 1, 16, 7, 380, 159, 200, 200, 16, 16, 290, 50, 7, 200, 16, 380, 200, 380, 7, 279, 16, 2, 16, 200, 7, 200, 195, 1, 1, 16, 380, 200, 141, 207, 16, 291, 200, 380, 380, 200, 291, 200, 16, 200, 16, 7, 1, 220, 293, 200, 200, 16, 200, 16, 16, 16, 175, 44, 16, 16, 380, 7, 1, 380, 28, 19, 200, 200, 380, 248, 1, 291, 16, 16, 1, 16, 380, 291, 380, 16, 200, 149, 258, 200, 380, 16, 380, 200, 306, 380, 16, 7, 55, 55, 1, 1, 200, 16, 16, 16, 380, 380, 16, 380, 16, 261, 16, 293, 380, 248, 16, 7, 1, 380, 380, 1, 16, 200, 380, 71, 380, 1, 380, 16, 380, 200, 380, 235, 16, 193, 16, 193, 195, 16, 380, 200, 200, 67, 7, 380, 180, 79, 1, 200, 380, 7, 1, 1, 200, 380, 291, 172, 200, 380, 200, 380, 380, 380, 1, 1, 380, 200, 55, 95, 291, 291, 309, 291, 7, 291, 291, 291, 291, 291, 291, 291, 7, 162, 291, 291, 55, 178, 291, 7, 291, 162, 291, 291, 193, 314, 291, 291, 291, 7, 7, 7, 7, 193, 337, 193, 34, 193, 7, 59, 193, 59, 193, 178, 150, 227, 7, 7, 372, 156, 7, 291, 7, 7, 7, 59, 199, 291, 162, 7, 352, 7, 7, 7, 7, 7, 7, 59, 178, 249, 279, 142, 7, 156, 162, 302, 7, 291, 279, 7, 75, 7, 7, 7, 178, 7, 54, 279, 194, 7, 7, 164, 139, 156, 7, 178, 7, 174, 157, 162, 150, 38, 19, 156, 174, 7, 279, 275, 7, 3, 55, 128, 64, 7, 20, 178, 7, 59, 75, 167, 39, 26, 377, 7, 7, 7, 7, 237, 193, 7, 214, 71, 251, 7, 326, 178, 291, 338, 7, 113, 150, 7, 52, 7, 59, 7, 7, 7, 7, 145, 7, 291, 191, 7, 207, 38, 55, 229, 139, 7, 7, 9, 7, 7, 375, 60, 291, 60, 7, 370, 207, 165, 7, 19, 251, 304, 60, 7, 7, 7, 7, 7, 15, 353, 291, 71, 7, 7, 7, 75, 92, 7, 117, 337, 95, 193, 7, 59, 156, 193, 7, 59, 59, 59, 191, 7, 193, 237, 7, 7, 178, 7, 7, 7, 7, 372, 370, 26, 352, 7, 156, 7, 207, 353, 46, 150, 156, 150, 156, 83, 150, 291, 199, 7, 95, 164, 156, 7, 291, 7, 291, 95, 291, 7, 156, 7, 302, 291, 95, 38, 95, 291, 38, 279, 279, 279, 7, 7, 7, 7, 291, 95, 150, 251, 194, 291, 291, 251, 52, 96, 95, 7, 95, 64, 7, 7, 199, 291, 95, 291, 52, 291, 7, 291, 7, 178, 157, 7, 7, 178, 139, 7, 183, 19, 279, 267, 117, 150, 128, 178, 178, 178, 7, 7, 7, 291, 19, 7, 178, 7, 7, 7, 7, 55, 139, 7, 7, 7, 7, 139, 7, 370, 7, 7, 95, 7, 7, 139, 7, 24, 7, 7, 7, 7, 174, 60, 139, 174, 7, 214, 249, 7, 7, 7, 20, 142, 7, 24, 251, 229, 24, 229, 203, 216, 24, 291, 28, 7, 291, 139, 292, 71, 15, 7, 251, 7, 139, 71, 251, 54, 333, 7, 162, 75, 3, 6, 369, 75, 71, 338, 139, 3, 75, 239, 291, 55, 7, 326, 304, 7, 7, 33, 75, 7, 309, 7, 60, 388, 275, 7, 7, 9, 3, 291, 7, 291, 7, 7, 60, 7, 291, 92, 145, 162, 162, 7, 55, 291, 7, 7, 7, 291, 375, 228, 7, 314, 7, 7, 162, 7, 39, 207, 7, 60, 139, 251, 7, 7, 7, 46, 267, 7, 24, 7, 239, 156, 73, 27, 95, 251, 291, 7, 388, 291, 46, 370, 3, 7, 71, 291, 203, 291, 39, 292, 7, 291, 216, 216, 199, 7, 291, 291, 7, 46, 95, 95, 7, 162, 39, 7, 7, 7, 34, 291, 7, 46, 7, 193, 7, 59, 167, 193, 193, 226, 34, 193, 59, 226, 185, 226, 193, 226, 240, 162, 226, 207, 274, 274, 52, 378, 193, 7, 207, 108, 226, 178,