{"Run": 12, "K": 417, "WCSSD": 2208.461522121694, "Purity": 0.3929549715766754, "Time": 22.570276021957397, "Kmeans_Labels": [387, 169, 13, 127, 5, 5, 34, 253, 199, 5, 5, 1, 219, 219, 5, 5, 88, 49, 5, 302, 5, 5, 350, 219, 66, 181, 5, 181, 99, 5, 5, 5, 99, 181, 302, 324, 1, 1, 1, 5, 288, 34, 92, 111, 360, 5, 403, 284, 5, 148, 374, 288, 288, 5, 387, 340, 288, 181, 212, 127, 5, 181, 5, 224, 201, 51, 5, 10, 219, 366, 181, 5, 5, 288, 112, 5, 387, 5, 88, 5, 5, 5, 5, 181, 282, 5, 288, 140, 5, 5, 5, 5, 201, 157, 5, 5, 414, 5, 28, 5, 253, 112, 5, 98, 98, 34, 34, 98, 5, 112, 266, 360, 242, 5, 387, 112, 154, 5, 135, 27, 5, 414, 27, 127, 127, 27, 414, 127, 314, 414, 27, 27, 414, 5, 5, 99, 5, 5, 5, 5, 344, 127, 127, 99, 27, 27, 5, 5, 5, 127, 27, 295, 288, 99, 5, 27, 5, 1, 127, 5, 5, 27, 27, 5, 384, 27, 288, 215, 386, 288, 251, 5, 5, 288, 27, 5, 224, 69, 27, 5, 374, 5, 5, 5, 27, 5, 27, 5, 132, 5, 5, 268, 240, 27, 127, 304, 5, 414, 5, 133, 253, 350, 88, 224, 27, 253, 27, 253, 5, 5, 350, 5, 253, 253, 253, 27, 27, 5, 55, 24, 253, 5, 5, 1, 1, 27, 105, 1, 288, 27, 5, 5, 253, 5, 253, 5, 5, 99, 5, 5, 27, 5, 24, 253, 288, 253, 288, 241, 414, 27, 34, 220, 1, 27, 288, 350, 27, 304, 410, 241, 5, 5, 1, 81, 98, 5, 414, 98, 5, 224, 324, 34, 414, 304, 34, 5, 265, 5, 27, 98, 27, 387, 387, 5, 34, 34, 224, 130, 341, 314, 27, 34, 288, 360, 220, 34, 220, 34, 360, 99, 5, 34, 5, 220, 220, 412, 34, 34, 242, 360, 24, 387, 220, 220, 5, 387, 88, 346, 360, 99, 360, 360, 288, 360, 224, 5, 5, 387, 24, 360, 99, 27, 27, 387, 288, 1, 27, 387, 181, 27, 5, 1, 100, 414, 337, 414, 3, 27, 5, 242, 100, 288, 288, 1, 1, 1, 401, 386, 62, 150, 150, 5, 1, 150, 360, 24, 2, 150, 27, 5, 120, 150, 2, 27, 2, 27, 27, 27, 5, 88, 5, 1, 27, 88, 5, 288, 288, 181, 127, 5, 365, 5, 88, 414, 92, 5, 224, 190, 5, 237, 24, 414, 127, 5, 288, 24, 5, 127, 369, 5, 324, 5, 136, 288, 10, 5, 220, 414, 288, 27, 288, 5, 5, 5, 237, 98, 5, 5, 286, 150, 342, 92, 288, 288, 5, 288, 288, 99, 99, 276, 127, 73, 368, 368, 5, 5, 360, 360, 360, 360, 1, 1, 360, 237, 99, 1, 1, 5, 150, 150, 5, 5, 5, 201, 201, 5, 201, 201, 127, 201, 201, 201, 127, 33, 190, 24, 5, 5, 5, 5, 253, 253, 1, 5, 5, 5, 5, 157, 157, 339, 295, 5, 5, 5, 1, 67, 5, 295, 295, 5, 253, 242, 24, 255, 255, 5, 157, 157, 98, 13, 13, 1, 5, 5, 12, 12, 5, 98, 5, 127, 98, 5, 98, 98, 98, 98, 5, 5, 127, 35, 35, 34, 360, 360, 220, 220, 360, 360, 242, 1, 360, 220, 220, 133, 133, 5, 5, 242, 242, 242, 242, 334, 334, 346, 360, 351, 295, 295, 295, 295, 190, 5, 210, 210, 45, 1, 1, 44, 44, 44, 44, 129, 129, 5, 1, 5, 5, 24, 5, 5, 5, 5, 5, 214, 5, 5, 5, 5, 324, 150, 150, 295, 1, 295, 1, 1, 61, 61, 2, 2, 281, 281, 2, 2, 2, 2, 99, 36, 36, 2, 2, 2, 2, 2, 2, 326, 326, 150, 330, 5, 190, 5, 288, 31, 31, 31, 31, 31, 168, 77, 31, 31, 31, 1, 31, 31, 31, 219, 31, 82, 7, 389, 288, 31, 31, 31, 31, 224, 237, 237, 5, 150, 92, 92, 88, 88, 201, 201, 414, 387, 201, 201, 414, 5, 5, 5, 33, 5, 127, 237, 224, 127, 5, 414, 5, 92, 237, 5, 331, 88, 261, 261, 5, 261, 261, 5, 5, 201, 58, 5, 121, 1, 1, 1, 65, 140, 157, 157, 157, 237, 157, 92, 5, 339, 157, 5, 157, 165, 92, 157, 157, 148, 1, 157, 157, 157, 1, 255, 157, 157, 202, 5, 255, 255, 157, 5, 157, 411, 288, 288, 98, 24, 98, 360, 220, 98, 5, 360, 98, 98, 5, 35, 360, 98, 35, 35, 35, 35, 35, 5, 360, 387, 360, 360, 360, 213, 5, 360, 213, 387, 360, 387, 360, 5, 295, 385, 360, 360, 242, 242, 360, 360, 360, 223, 266, 360, 266, 266, 360, 242, 35, 223, 360, 223, 360, 223, 360, 311, 360, 1, 360, 209, 360, 360, 360, 64, 295, 64, 64, 64, 64, 1, 1, 295, 19, 19, 360, 360, 181, 181, 360, 19, 324, 242, 324, 1, 1, 256, 1, 5, 204, 5, 5, 360, 360, 5, 239, 1, 1, 248, 324, 1, 5, 5, 288, 5, 5, 26, 5, 5, 5, 5, 150, 150, 150, 1, 2, 150, 150, 61, 399, 150, 2, 88, 15, 281, 150, 5, 281, 281, 5, 15, 1, 1, 1, 36, 150, 150, 1, 5, 242, 150, 2, 1, 112, 29, 29, 29, 150, 99, 5, 201, 88, 373, 201, 99, 53, 5, 8, 191, 5, 5, 1, 5, 5, 140, 5, 140, 324, 81, 39, 5, 360, 220, 360, 35, 360, 5, 5, 88, 170, 88, 118, 288, 127, 5, 5, 88, 5, 386, 181, 288, 5, 387, 360, 225, 387, 360, 211, 5, 221, 5, 46, 395, 222, 98, 395, 237, 243, 243, 46, 46, 150, 118, 46, 85, 250, 118, 118, 118, 134, 218, 118, 118, 85, 118, 395, 324, 118, 395, 118, 118, 118, 243, 243, 118, 221, 231, 118, 118, 118, 118, 395, 118, 243, 243, 235, 395, 395, 118, 85, 336, 85, 5, 85, 85, 118, 46, 46, 211, 314, 395, 85, 118, 5, 324, 370, 221, 85, 118, 373, 224, 395, 85, 395, 118, 5, 85, 118, 5, 118, 183, 85, 118, 211, 270, 118, 118, 85, 46, 288, 99, 85, 118, 118, 118, 85, 118, 395, 85, 85, 85, 118, 47, 118, 118, 85, 118, 118, 46, 324, 242, 271, 118, 118, 51, 5, 5, 90, 5, 287, 85, 46, 92, 395, 118, 222, 243, 85, 118, 118, 85, 181, 46, 190, 118, 162, 306, 395, 118, 395, 153, 147, 85, 118, 46, 118, 5, 92, 338, 395, 85, 309, 118, 118, 46, 221, 140, 288, 5, 118, 85, 395, 118, 118, 69, 5, 118, 118, 190, 46, 395, 85, 240, 118, 87, 115, 46, 46, 367, 93, 118, 24, 5, 116, 85, 159, 367, 395, 47, 118, 118, 85, 118, 5, 383, 76, 5, 411, 395, 379, 118, 118, 46, 395, 379, 395, 118, 5, 395, 25, 221, 22, 46, 237, 280, 118, 118, 288, 118, 46, 5, 118, 5, 118, 118, 46, 159, 1, 318, 85, 308, 47, 293, 407, 395, 47, 85, 118, 118, 240, 140, 318, 311, 46, 242, 395, 221, 70, 85, 46, 46, 81, 218, 118, 85, 118, 46, 118, 222, 59, 395, 5, 177, 46, 118, 118, 395, 395, 118, 242, 5, 118, 395, 328, 118, 46, 98, 98, 395, 309, 395, 118, 5, 118, 414, 98, 234, 395, 46, 118, 395, 387, 395, 88, 254, 46, 46, 118, 288, 118, 395, 118, 395, 187, 85, 307, 373, 118, 118, 395, 118, 395, 395, 395, 237, 395, 336, 395, 46, 5, 85, 46, 386, 140, 50, 118, 46, 243, 85, 288, 395, 395, 336, 395, 46, 242, 85, 395, 260, 118, 85, 118, 46, 395, 85, 118, 118, 46, 395, 5, 99, 99, 118, 85, 118, 395, 395, 123, 46, 46, 343, 46, 395, 118, 395, 373, 177, 243, 395, 242, 85, 46, 46, 85, 395, 289, 46, 51, 46, 85, 85, 395, 46, 118, 46, 150, 395, 150, 395, 150, 414, 395, 85, 118, 118, 118, 264, 46, 36, 46, 85, 118, 46, 5, 85, 85, 118, 247, 288, 47, 118, 46, 118, 85, 46, 46, 85, 85, 46, 118, 99, 377, 288, 324, 215, 288, 5, 288, 288, 288, 288, 324, 240, 288, 5, 127, 314, 288, 99, 1, 288, 402, 216, 127, 288, 288, 150, 288, 242, 242, 242, 5, 5, 5, 5, 195, 86, 150, 62, 150, 5, 2, 150, 2, 150, 1, 237, 158, 206, 68, 1, 64, 125, 317, 242, 5, 5, 2, 81, 288, 127, 5, 152, 242, 5, 5, 5, 297, 339, 323, 1, 5, 372, 5, 1, 5, 127, 360, 1, 1, 220, 5, 190, 98, 5, 290, 1, 380, 24, 98, 34, 5, 5, 360, 189, 360, 261, 1, 5, 201, 5, 127, 237, 5, 140, 239, 201, 5, 98, 288, 5, 288, 63, 415, 5, 5, 5, 1, 5, 2, 364, 78, 92, 5, 360, 5, 5, 5, 414, 1, 29, 232, 5, 51, 224, 5, 190, 1, 216, 5, 157, 5, 237, 1, 34, 5, 2, 41, 5, 5, 5, 53, 5, 171, 2, 324, 387, 35, 242, 5, 229, 72, 16, 127, 5, 275, 181, 24, 288, 24, 5, 56, 387, 62, 5, 400, 224, 5, 361, 5, 1, 5, 48, 5, 5, 288, 356, 51, 5, 5, 272, 18, 242, 414, 288, 86, 250, 29, 5, 2, 360, 150, 5, 323, 2, 2, 2, 5, 150, 1, 5, 1, 1, 5, 5, 5, 68, 1, 295, 5, 152, 1, 64, 5, 387, 288, 311, 237, 360, 128, 242, 242, 237, 242, 81, 324, 358, 360, 360, 5, 1, 5, 242, 250, 324, 242, 5, 242, 360, 288, 250, 5, 250, 288, 35, 98, 98, 220, 5, 324, 5, 98, 317, 250, 237, 224, 34, 302, 288, 224, 34, 288, 250, 5, 79, 5, 5, 5, 81, 324, 250, 288, 34, 414, 1, 288, 72, 1, 5, 5, 416, 1, 181, 5, 69, 400, 372, 30, 288, 237, 415, 1, 1, 1, 1, 206, 290, 1, 140, 1, 1, 5, 48, 380, 339, 63, 189, 5, 157, 5, 5, 229, 5, 56, 5, 5, 250, 5, 5, 181, 5, 415, 5, 5, 5, 157, 201, 24, 181, 201, 5, 5, 5, 5, 5, 261, 5, 5, 414, 415, 224, 5, 415, 5, 415, 5, 415, 356, 386, 5, 288, 181, 353, 51, 5, 5, 224, 5, 181, 51, 224, 24, 88, 5, 127, 190, 156, 242, 324, 190, 51, 5, 262, 156, 190, 226, 414, 242, 5, 190, 5, 275, 5, 127, 364, 5, 215, 324, 24, 392, 288, 181, 5, 127, 288, 288, 5, 288, 5, 5, 24, 5, 375, 242, 53, 127, 127, 362, 99, 5, 272, 5, 41, 414, 181, 324, 232, 181, 5, 5, 127, 16, 92, 387, 5, 24, 181, 224, 5, 5, 324, 38, 30, 5, 415, 5, 226, 360, 218, 345, 250, 88, 288, 5, 392, 242, 311, 295, 156, 5, 51, 288, 415, 414, 92, 353, 5, 288, 201, 5, 81, 5, 5, 171, 5, 91, 324, 79, 5, 127, 92, 414, 413, 5, 62, 414, 5, 138, 297, 195, 125, 2, 78, 150, 225, 377, 333, 150, 61, 