{"Run": 6, "K": 417, "WCSSD": 2199.6708352168453, "Purity": 0.5035785857429144, "Time": 23.914180994033813, "Kmeans_Labels": [139, 185, 124, 343, 8, 8, 185, 75, 185, 8, 8, 147, 43, 43, 8, 8, 8, 106, 8, 8, 305, 8, 49, 347, 43, 106, 8, 42, 224, 8, 43, 199, 224, 106, 8, 252, 43, 43, 147, 43, 252, 165, 28, 45, 43, 8, 43, 8, 8, 8, 237, 252, 252, 199, 139, 8, 8, 106, 343, 343, 8, 106, 106, 59, 8, 31, 43, 185, 43, 106, 106, 8, 8, 8, 131, 8, 8, 8, 272, 8, 8, 8, 132, 106, 75, 8, 252, 58, 192, 8, 8, 8, 132, 132, 8, 237, 8, 8, 75, 8, 75, 131, 8, 165, 8, 165, 165, 88, 8, 131, 339, 339, 339, 43, 149, 131, 411, 8, 252, 15, 8, 8, 15, 343, 295, 15, 98, 343, 298, 237, 15, 15, 287, 8, 8, 8, 130, 8, 8, 252, 127, 343, 401, 224, 373, 15, 8, 49, 8, 343, 15, 22, 201, 98, 8, 15, 8, 8, 343, 8, 8, 15, 15, 8, 165, 15, 201, 411, 80, 201, 266, 49, 8, 252, 15, 8, 59, 69, 15, 8, 237, 8, 8, 8, 15, 8, 15, 52, 8, 8, 8, 127, 126, 15, 325, 343, 8, 410, 8, 66, 75, 291, 49, 59, 15, 75, 56, 75, 8, 8, 291, 199, 75, 75, 75, 15, 15, 132, 147, 337, 75, 131, 8, 147, 237, 15, 8, 147, 252, 49, 268, 21, 75, 8, 75, 411, 8, 45, 8, 8, 17, 8, 127, 75, 252, 75, 237, 8, 410, 338, 344, 66, 8, 369, 252, 49, 15, 252, 15, 8, 252, 8, 147, 124, 15, 8, 410, 165, 411, 59, 49, 165, 173, 49, 165, 49, 252, 49, 15, 311, 15, 139, 139, 8, 49, 165, 59, 88, 165, 298, 15, 165, 8, 165, 88, 165, 88, 165, 339, 237, 8, 165, 8, 88, 88, 165, 165, 165, 165, 339, 89, 23, 88, 88, 66, 139, 49, 175, 339, 237, 339, 339, 252, 339, 387, 147, 8, 288, 127, 259, 411, 15, 15, 139, 252, 8, 15, 139, 49, 178, 8, 252, 127, 410, 15, 252, 8, 15, 8, 411, 127, 8, 252, 8, 147, 8, 124, 80, 125, 60, 60, 8, 8, 60, 339, 104, 308, 60, 219, 8, 147, 60, 370, 219, 370, 219, 15, 15, 49, 266, 252, 252, 15, 266, 237, 252, 252, 106, 343, 8, 8, 8, 49, 173, 28, 8, 59, 29, 8, 45, 199, 237, 343, 49, 8, 127, 360, 144, 343, 8, 124, 8, 8, 201, 185, 237, 88, 410, 98, 15, 8, 343, 8, 199, 45, 88, 199, 339, 125, 372, 60, 28, 91, 201, 237, 199, 199, 411, 411, 8, 343, 199, 22, 22, 114, 114, 339, 339, 316, 339, 147, 147, 339, 45, 237, 98, 98, 199, 265, 265, 297, 297, 8, 168, 168, 53, 10, 10, 343, 124, 124, 8, 343, 8, 29, 127, 8, 8, 132, 132, 75, 75, 8, 132, 132, 8, 8, 132, 132, 132, 22, 8, 8, 8, 8, 13, 185, 22, 22, 185, 250, 369, 127, 132, 132, 199, 132, 132, 8, 124, 124, 8, 124, 124, 100, 100, 124, 165, 124, 332, 165, 237, 332, 165, 165, 332, 237, 341, 199, 359, 359, 30, 339, 339, 88, 88, 235, 235, 339, 147, 339, 216, 216, 97, 97, 8, 8, 339, 339, 136, 136, 161, 161, 339, 339, 8, 22, 22, 22, 22, 277, 8, 113, 113, 289, 8, 8, 147, 147, 8, 8, 166, 166, 8, 8, 8, 8, 127, 8, 8, 8, 8, 8, 84, 411, 8, 8, 8, 298, 60, 60, 85, 8, 85, 98, 98, 370, 370, 395, 395, 28, 28, 60, 60, 60, 60, 8, 60, 60, 395, 395, 395, 395, 406, 370, 60, 60, 395, 411, 8, 29, 106, 8, 19, 19, 19, 19, 19, 19, 19, 19, 19, 147, 382, 19, 19, 19, 43, 19, 19, 19, 19, 411, 19, 19, 19, 19, 59, 45, 45, 41, 300, 367, 367, 266, 266, 168, 168, 252, 139, 127, 127, 124, 199, 244, 199, 8, 8, 343, 45, 59, 343, 8, 8, 8, 28, 45, 8, 72, 266, 132, 132, 8, 132, 132, 132, 8, 132, 266, 8, 109, 8, 8, 8, 132, 58, 132, 209, 209, 45, 132, 28, 8, 132, 132, 132, 132, 8, 28, 132, 132, 8, 8, 132, 132, 132, 64, 132, 132, 132, 58, 8, 132, 132, 132, 8, 132, 340, 8, 8, 88, 127, 148, 124, 88, 88, 8, 390, 148, 7, 7, 3, 262, 88, 30, 378, 378, 30, 30, 44, 339, 139, 339, 339, 339, 44, 237, 339, 44, 139, 339, 339, 339, 8, 22, 339, 339, 339, 8, 383, 339, 320, 320, 339, 136, 136, 339, 14, 339, 30, 30, 339, 99, 99, 339, 339, 339, 147, 99, 8, 381, 98, 365, 339, 339, 26, 22, 26, 26, 26, 26, 8, 8, 22, 339, 339, 99, 339, 106, 106, 339, 8, 124, 8, 124, 391, 98, 127, 391, 8, 98, 414, 414, 339, 339, 8, 8, 98, 243, 12, 98, 98, 8, 8, 8, 8, 8, 98, 98, 98, 8, 8, 60, 60, 60, 98, 358, 208, 60, 370, 59, 60, 60, 266, 60, 60, 60, 8, 60, 60, 276, 60, 237, 237, 237, 60, 60, 222, 252, 8, 339, 60, 395, 98, 131, 237, 237, 237, 60, 8, 8, 8, 397, 389, 8, 224, 8, 8, 8, 8, 8, 8, 236, 352, 199, 58, 8, 58, 124, 124, 266, 8, 339, 88, 339, 30, 339, 8, 98, 266, 266, 266, 264, 8, 343, 8, 36, 266, 237, 80, 106, 252, 8, 139, 339, 60, 139, 339, 163, 8, 65, 8, 65, 95, 8, 87, 304, 45, 151, 353, 65, 65, 122, 150, 142, 87, 411, 187, 170, 187, 187, 123, 187, 187, 87, 187, 78, 411, 187, 95, 187, 187, 187, 353, 353, 187, 65, 95, 187, 187, 187, 187, 95, 187, 353, 353, 187, 146, 95, 187, 187, 95, 87, 8, 187, 87, 187, 65, 65, 163, 298, 95, 87, 187, 8, 137, 8, 65, 69, 187, 389, 59, 95, 187, 95, 187, 8, 87, 187, 8, 187, 187, 407, 187, 163, 8, 187, 384, 87, 65, 252, 224, 87, 187, 187, 187, 187, 187, 95, 87, 87, 87, 187, 223, 187, 187, 87, 187, 187, 65, 185, 237, 223, 204, 187, 31, 182, 8, 69, 411, 65, 87, 65, 28, 95, 187, 8, 151, 87, 187, 187, 87, 106, 65, 29, 187, 95, 95, 95, 187, 95, 187, 126, 187, 187, 65, 187, 8, 28, 95, 95, 187, 187, 126, 187, 65, 65, 87, 237, 199, 194, 87, 95, 187, 350, 69, 8, 187, 187, 29, 65, 95, 87, 126, 187, 187, 6, 65, 65, 152, 152, 330, 89, 8, 187, 87, 187, 152, 95, 223, 293, 187, 43, 187, 98, 65, 65, 8, 340, 95, 95, 187, 187, 65, 95, 95, 95, 187, 8, 95, 18, 65, 159, 65, 45, 95, 187, 187, 252, 187, 65, 8, 187, 8, 187, 187, 65, 65, 210, 95, 87, 95, 223, 411, 65, 95, 353, 187, 187, 187, 126, 58, 152, 411, 207, 411, 95, 62, 142, 87, 65, 65, 124, 123, 270, 87, 187, 65, 187, 8, 87, 95, 124, 65, 96, 187, 187, 95, 95, 87, 8, 199, 187, 95, 65, 187, 65, 8, 20, 95, 87, 95, 187, 8, 187, 124, 87, 87, 95, 65, 187, 95, 139, 95, 266, 187, 65, 65, 312, 252, 187, 95, 187, 95, 8, 87, 252, 389, 153, 187, 95, 278, 95, 304, 95, 45, 95, 95, 95, 65, 8, 87, 65, 80, 58, 187, 187, 65, 151, 187, 252, 95, 95, 187, 95, 65, 411, 65, 95, 396, 187, 87, 187, 65, 112, 65, 187, 150, 65, 95, 411, 224, 224, 87, 87, 264, 95, 112, 95, 65, 65, 95, 158, 95, 187, 95, 389, 65, 353, 95, 237, 87, 65, 65, 87, 95, 245, 65, 31, 65, 87, 87, 95, 65, 101, 65, 60, 95, 122, 95, 87, 124, 95, 87, 187, 187, 150, 411, 65, 60, 65, 87, 187, 65, 8, 87, 87, 187, 65, 411, 223, 187, 65, 187, 65, 142, 65, 87, 87, 65, 187, 224, 411, 252, 411, 411, 252, 8, 252, 252, 252, 252, 252, 126, 252, 8, 343, 298, 252, 8, 147, 252, 8, 266, 343, 252, 252, 60, 43, 411, 411, 411, 8, 8, 8, 8, 60, 202, 60, 63, 317, 8, 60, 60, 370, 60, 147, 45, 185, 8, 190, 199, 310, 8, 98, 8, 8, 8, 199, 124, 411, 241, 8, 139, 411, 8, 132, 124, 98, 132, 237, 147, 8, 8, 132, 199, 37, 315, 235, 411, 106, 27, 252, 255, 8, 8, 203, 147, 199, 361, 165, 147, 8, 8, 314, 106, 339, 132, 147, 199, 132, 369, 343, 45, 30, 58, 339, 132, 8, 8, 199, 132, 185, 116, 115, 199, 98, 132, 147, 8, 370, 29, 202, 367, 292, 339, 8, 8, 8, 237, 98, 60, 8, 336, 31, 191, 8, 211, 147, 411, 8, 132, 8, 45, 8, 199, 199, 370, 371, 124, 8, 8, 8, 8, 269, 358, 124, 139, 3, 356, 8, 106, 8, 354, 343, 8, 8, 106, 127, 252, 127, 199, 22, 139, 125, 299, 58, 59, 185, 89, 8, 324, 8, 8, 8, 8, 411, 124, 31, 138, 8, 8, 29, 0, 199, 8, 202, 267, 60, 8, 370, 339, 317, 8, 237, 60, 199, 358, 8, 60, 98, 375, 411, 147, 8, 8, 8, 190, 199, 22, 292, 139, 199, 310, 124, 139, 411, 411, 329, 339, 45, 339, 237, 45, 411, 342, 124, 117, 314, 339, 106, 106, 124, 124, 117, 98, 8, 37, 411, 235, 8, 117, 30, 77, 252, 3, 8, 165, 27, 8, 124, 8, 8, 98, 117, 45, 59, 147, 8, 252, 191, 165, 272, 272, 8, 199, 199, 375, 124, 124, 98, 124, 411, 199, 124, 8, 252, 8, 147, 369, 8, 8, 147, 182, 8, 69, 58, 8, 220, 8, 45, 115, 147, 147, 147, 8, 8, 203, 411, 58, 8, 147, 299, 8, 199, 132, 116, 106, 199, 132, 8, 160, 106, 8, 22, 8, 132, 117, 8, 8, 106, 138, 13, 8, 46, 199, 132, 132, 127, 106, 132, 8, 336, 8, 8, 132, 132, 132, 132, 237, 331, 59, 8, 13, 8, 13, 8, 13, 124, 80, 199, 252, 106, 45, 31, 8, 199, 59, 8, 118, 31, 106, 361, 49, 8, 343, 29, 29, 411, 185, 255, 31, 8, 106, 411, 412, 29, 411, 356, 124, 211, 185, 8, 303, 55, 29, 8, 411, 8, 127, 213, 199, 106, 8, 343, 185, 252, 8, 411, 8, 8, 127, 8, 8, 0, 8, 241, 315, 8, 224, 252, 8, 8, 371, 252, 106, 411, 8, 106, 124, 397, 343, 354, 367, 139, 8, 89, 106, 59, 8, 8, 124, 411, 220, 303, 331, 124, 29, 339, 123, 73, 117, 266, 252, 8, 213, 411, 411, 22, 29, 8, 31, 8, 13, 61, 28, 45, 124, 252, 8, 8, 124, 375,