{"Run": 11, "K": 203, "WCSSD": 2445.2720110512937, "Purity": 0.33091859053990463, "Time": 8.599768161773682, "Kmeans_Labels": [184, 21, 63, 63, 165, 4, 146, 113, 165, 105, 165, 21, 37, 37, 4, 4, 111, 64, 4, 179, 4, 165, 4, 37, 72, 64, 74, 64, 179, 140, 37, 4, 179, 64, 4, 72, 37, 37, 37, 37, 34, 37, 100, 121, 37, 112, 37, 165, 4, 52, 21, 125, 125, 4, 84, 124, 4, 64, 63, 63, 4, 64, 165, 12, 124, 143, 37, 21, 37, 124, 64, 4, 140, 165, 34, 4, 4, 165, 111, 4, 4, 4, 157, 139, 113, 83, 149, 73, 4, 4, 4, 76, 124, 52, 4, 165, 139, 163, 113, 4, 22, 34, 4, 140, 165, 39, 39, 39, 116, 34, 100, 140, 100, 37, 105, 34, 34, 4, 4, 42, 4, 165, 42, 63, 124, 42, 91, 63, 152, 21, 42, 42, 4, 72, 4, 179, 4, 4, 165, 165, 90, 63, 63, 179, 42, 42, 4, 4, 4, 63, 42, 61, 149, 179, 4, 42, 4, 4, 63, 4, 4, 42, 42, 117, 146, 42, 4, 189, 72, 149, 111, 4, 4, 125, 42, 72, 104, 5, 42, 4, 21, 72, 4, 72, 11, 4, 42, 74, 200, 125, 4, 90, 74, 42, 63, 63, 4, 19, 4, 105, 113, 4, 111, 12, 42, 113, 42, 113, 140, 4, 4, 4, 113, 113, 113, 42, 42, 105, 21, 90, 113, 165, 4, 21, 34, 42, 21, 105, 125, 42, 4, 165, 113, 4, 113, 4, 105, 179, 72, 177, 42, 4, 90, 113, 125, 113, 125, 4, 19, 42, 105, 105, 4, 190, 72, 4, 42, 4, 42, 105, 21, 191, 21, 63, 42, 4, 134, 146, 4, 105, 4, 146, 21, 39, 146, 146, 125, 4, 42, 42, 42, 84, 84, 4, 146, 146, 146, 39, 146, 152, 42, 146, 4, 100, 39, 146, 39, 146, 100, 21, 133, 146, 4, 39, 39, 146, 146, 146, 4, 100, 90, 84, 39, 39, 105, 84, 111, 100, 100, 72, 100, 100, 125, 100, 12, 21, 4, 84, 90, 100, 179, 42, 42, 184, 125, 4, 42, 84, 64, 42, 4, 21, 112, 19, 42, 4, 177, 112, 4, 112, 112, 21, 125, 112, 21, 4, 4, 74, 182, 142, 180, 165, 21, 180, 100, 90, 128, 180, 42, 4, 180, 180, 128, 42, 128, 42, 42, 42, 74, 197, 21, 4, 42, 111, 4, 125, 125, 64, 63, 21, 4, 4, 111, 125, 4, 4, 12, 15, 4, 121, 90, 21, 63, 4, 34, 90, 165, 165, 63, 4, 34, 4, 124, 149, 21, 4, 39, 19, 4, 42, 21, 63, 4, 4, 121, 39, 4, 100, 182, 180, 180, 5, 4, 149, 4, 21, 21, 179, 179, 165, 63, 4, 61, 61, 105, 105, 100, 100, 4, 100, 21, 21, 100, 121, 177, 180, 180, 29, 80, 80, 4, 4, 4, 27, 27, 179, 124, 124, 124, 124, 124, 124, 63, 124, 183, 90, 53, 140, 72, 72, 113, 113, 52, 52, 52, 165, 165, 52, 52, 52, 61, 4, 190, 190, 21, 2, 72, 61, 61, 72, 113, 190, 90, 94, 94, 4, 52, 52, 140, 63, 63, 4, 190, 190, 69, 69, 4, 4, 4, 63, 146, 21, 63, 146, 146, 63, 21, 140, 63, 151, 151, 146, 140, 140, 39, 39, 140, 140, 100, 165, 100, 50, 50, 105, 105, 72, 72, 100, 100, 100, 100, 4, 4, 100, 100, 4, 176, 176, 176, 176, 183, 4, 90, 90, 21, 4, 4, 21, 21, 4, 4, 162, 162, 72, 4, 4, 4, 90, 112, 112, 112, 112, 112, 179, 4, 112, 4, 4, 81, 180, 180, 61, 24, 61, 4, 4, 192, 192, 128, 128, 4, 4, 142, 142, 142, 142, 4, 187, 187, 128, 128, 128, 128, 128, 128, 142, 142, 180, 4, 4, 183, 64, 4, 130, 130, 130, 130, 130, 130, 130, 130, 130, 130, 105, 130, 130, 130, 37, 130, 130, 130, 130, 21, 130, 103, 130, 130, 12, 165, 121, 165, 142, 111, 111, 124, 124, 27, 27, 4, 84, 124, 124, 125, 4, 4, 4, 124, 4, 63, 121, 12, 158, 4, 4, 148, 5, 121, 4, 60, 111, 52, 52, 4, 52, 52, 140, 4, 124, 111, 4, 124, 4, 4, 4, 52, 73, 52, 52, 52, 73, 105, 4, 21, 52, 52, 105, 52, 52, 4, 52, 52, 52, 165, 52, 52, 52, 4, 94, 52, 52, 73, 4, 94, 94, 52, 140, 121, 140, 4, 4, 39, 90, 4, 100, 39, 190, 4, 100, 190, 140, 100, 151, 100, 93, 100, 151, 100, 100, 100, 39, 140, 140, 100, 100, 100, 140, 4, 100, 140, 100, 100, 100, 100, 4, 61, 100, 100, 100, 4, 127, 100, 100, 100, 100, 100, 13, 100, 13, 100, 140, 100, 100, 100, 100, 100, 100, 100, 52, 100, 100, 100, 190, 100, 100, 100, 90, 61, 100, 100, 100, 4, 4, 4, 61, 100, 100, 100, 100, 64, 64, 100, 4, 4, 177, 4, 4, 4, 90, 4, 72, 4, 112, 112, 122, 122, 4, 4, 4, 90, 161, 81, 87, 190, 190, 4, 4, 4, 4, 4, 4, 4, 4, 180, 180, 180, 4, 128, 180, 142, 192, 153, 180, 142, 111, 142, 180, 180, 4, 180, 180, 4, 142, 98, 98, 8, 187, 180, 180, 4, 4, 125, 180, 128, 21, 34, 4, 4, 4, 180, 16, 4, 124, 111, 72, 124, 179, 77, 165, 4, 4, 4, 74, 24, 125, 4, 73, 4, 73, 4, 165, 111, 4, 100, 39, 100, 125, 100, 10, 4, 111, 111, 111, 1, 165, 63, 179, 72, 111, 74, 190, 64, 125, 4, 184, 100, 180, 184, 100, 4, 4, 32, 105, 32, 44, 74, 102, 44, 121, 44, 44, 32, 32, 180, 1, 32, 108, 74, 1, 164, 1, 1, 190, 1, 1, 1, 1, 44, 34, 1, 44, 1, 1, 1, 1, 34, 1, 32, 44, 1, 1, 1, 1, 44, 1, 34, 34, 1, 44, 44, 1, 1, 44, 1, 165, 1, 1, 1, 32, 32, 4, 152, 44, 1, 1, 4, 4, 201, 32, 1, 1, 72, 12, 44, 1, 44, 1, 4, 1, 1, 4, 1, 1, 1, 1, 4, 165, 1, 1, 1, 32, 125, 18, 108, 1, 1, 1, 1, 1, 44, 1, 1, 1, 1, 34, 131, 1, 1, 1, 1, 32, 21, 177, 32, 1, 1, 143, 21, 165, 5, 4, 32, 1, 32, 4, 44, 1, 34, 44, 1, 1, 1, 1, 64, 32, 183, 1, 44, 44, 44, 1, 44, 1, 74, 1, 164, 32, 1, 165, 4, 44, 44, 1, 1, 1, 1, 1, 32, 73, 74, 4, 1, 1, 44, 1, 1, 5, 4, 1, 1, 183, 32, 6, 1, 1, 1, 164, 1, 32, 32, 1, 20, 1, 90, 4, 1, 20, 1, 33, 20, 1, 1, 1, 37, 1, 34, 32, 32, 21, 140, 44, 20, 1, 1, 32, 44, 20, 44, 1, 4, 44, 171, 32, 1, 32, 121, 20, 1, 1, 125, 1, 32, 105, 1, 4, 1, 1, 32, 32, 4, 20, 1, 44, 34, 34, 32, 44, 1, 1, 1, 1, 74, 73, 20, 125, 32, 177, 20, 1, 34, 1, 193, 32, 185, 125, 1, 1, 1, 32, 164, 74, 1, 44, 165, 32, 32, 1, 1, 44, 44, 1, 4, 4, 1, 44, 32, 1, 32, 4, 4, 44, 1, 44, 1, 4, 1, 125, 1, 1, 44, 32, 1, 44, 84, 20, 111, 1, 32, 32, 1, 156, 1, 44, 1, 20, 4, 1, 170, 72, 1, 1, 44, 1, 44, 44, 44, 121, 44, 44, 44, 32, 196, 156, 32, 1, 73, 1, 1, 32, 44, 1, 169, 44, 20, 1, 44, 32, 74, 32, 44, 1, 1, 20, 1, 32, 20, 32, 1, 179, 32, 44, 4, 179, 179, 1, 1, 1, 44, 20, 44, 32, 32, 44, 32, 44, 1, 44, 72, 32, 44, 44, 34, 1, 32, 32, 156, 44, 1, 32, 143, 32, 1, 180, 44, 32, 1, 32, 138, 44, 180, 44, 180, 125, 44, 32, 164, 178, 1, 114, 32, 180, 32, 156, 164, 32, 4, 97, 1, 1, 32, 34, 34, 1, 188, 1, 32, 32, 32, 108, 1, 32, 108, 179, 74, 125, 34, 67, 125, 45, 125, 125, 125, 125, 72, 74, 125, 165, 63, 152, 125, 179, 21, 125, 4, 111, 63, 125, 125, 142, 140, 34, 34, 34, 4, 4, 4, 4, 180, 4, 180, 31, 180, 165, 142, 142, 128, 142, 21, 121, 21, 105, 72, 4, 100, 4, 39, 4, 112, 106, 128, 165, 125, 63, 165, 84, 74, 146, 140, 4, 4, 52, 128, 105, 72, 165, 157, 4, 100, 63, 140, 111, 21, 39, 72, 183, 4, 4, 165, 21, 4, 90, 4, 105, 4, 4, 100, 64, 100, 52, 70, 4, 124, 190, 63, 121, 140, 73, 100, 124, 4, 63, 4, 140, 21, 179, 101, 154, 112, 157, 21, 4, 128, 183, 124, 4, 165, 100, 4, 190, 4, 4, 4, 142, 4, 165, 143, 12, 4, 183, 21, 11, 4, 52, 4, 121, 4, 146, 4, 128, 4, 4, 165, 4, 77, 4, 4, 128, 4, 84, 151, 4, 4, 64, 165, 165, 63, 165, 4, 64, 90, 125, 90, 4, 88, 84, 182, 4, 73, 12, 14, 90, 4, 111, 4, 165, 4, 4, 72, 125, 143, 4, 4, 4, 183, 4, 4, 72, 4, 74, 142, 4, 128, 100, 180, 4, 128, 142, 128, 128, 106, 180, 4, 4, 111, 21, 21, 4, 112, 72, 4, 166, 165, 84, 4, 100, 4, 84, 72, 74, 121, 100, 121, 100, 21, 121, 74, 185, 4, 74, 100, 100, 64, 21, 4, 125, 74, 125, 4, 100, 74, 140, 125, 74, 140, 74, 21, 151, 63, 4, 39, 146, 4, 4, 4, 39, 74, 121, 12, 105, 4, 125, 12, 146, 4, 74, 4, 74, 154, 4, 74, 165, 125, 74, 21, 146, 190, 4, 125, 165, 21, 190, 177, 4, 21, 64, 4, 5, 73, 165, 186, 72, 121, 101, 21, 21, 105, 4, 105, 165, 177, 73, 177, 70, 4, 165, 4, 52, 179, 64, 4, 52, 4, 62, 64, 4, 88, 4, 140, 74, 105, 4, 64, 4, 2, 4, 4, 4, 52, 124, 90, 64, 124, 125, 165, 72, 4, 140, 52, 157, 157, 4, 2, 12, 4, 2, 4, 2, 72, 2, 125, 74, 4, 125, 64, 121, 143, 4, 4, 179, 4, 64, 143, 12, 90, 111, 4, 63, 183, 183, 177, 34, 183, 143, 4, 64, 21, 183, 183, 74, 4, 4, 183, 14, 4, 4, 63, 183, 4, 189, 4, 90, 5, 4, 64, 165, 63, 21, 34, 4, 125, 190, 4, 90, 165, 190, 4, 77, 63, 63, 165, 179, 125, 4, 4, 4, 72, 64, 34, 4, 64, 4, 4, 63, 165, 4, 84, 4, 90, 64, 12, 4, 105, 4, 21, 186, 4, 2, 74, 183, 100, 136, 177, 74, 111, 21, 4, 5, 4, 74, 166, 183, 21, 143, 125, 2, 74, 12, 121, 4, 125, 124, 72, 4, 4, 34, 72, 4, 74, 74, 74, 4, 63, 179, 21, 124, 165, 31, 74, 4, 74, 4, 180, 4, 128, 124, 180, 180, 41, 31, 180, 128, 111, 113, 41, 56, 41, 180, 63, 41, 9, 34, 34, 146, 63, 180, 4, 84, 112, 41, 21, 4, 128, 111, 140, 100, 41, 12, 111, 41, 46, 190, 41, 125, 4, 140, 180, 52, 128, 180, 41, 41, 100, 124, 140, 41, 30, 100, 41, 177, 61, 41, 112, 41, 41, 41, 183, 125, 180, 5, 16, 41, 25, 63, 4, 41, 41, 100, 41, 180, 4, 41, 41, 41, 