{"Run": 7, "K": 147, "WCSSD": 2524.9111542886853, "Purity": 0.3079816384616742, "Time": 4.804425001144409, "Kmeans_Labels": [128, 137, 55, 89, 3, 3, 137, 104, 137, 122, 3, 51, 3, 3, 3, 3, 98, 80, 3, 3, 3, 3, 88, 3, 88, 80, 3, 80, 141, 3, 3, 3, 141, 80, 3, 3, 51, 3, 51, 3, 3, 1, 7, 81, 7, 53, 3, 3, 3, 62, 3, 88, 88, 3, 128, 3, 130, 80, 89, 89, 3, 80, 80, 52, 3, 37, 137, 137, 3, 80, 80, 3, 3, 3, 100, 3, 128, 3, 3, 3, 71, 3, 122, 80, 104, 3, 88, 3, 3, 3, 3, 3, 62, 62, 3, 3, 3, 3, 104, 3, 104, 126, 3, 1, 1, 1, 1, 1, 3, 126, 7, 7, 7, 3, 128, 126, 99, 3, 3, 63, 3, 3, 63, 89, 89, 63, 3, 89, 88, 3, 63, 63, 3, 3, 3, 141, 3, 3, 3, 3, 49, 89, 89, 141, 63, 63, 3, 3, 3, 89, 63, 82, 3, 141, 3, 63, 3, 3, 89, 3, 3, 63, 63, 3, 1, 63, 3, 88, 57, 3, 63, 3, 3, 88, 63, 3, 52, 110, 63, 3, 3, 3, 3, 3, 63, 3, 63, 3, 3, 45, 3, 4, 88, 63, 89, 89, 3, 88, 3, 122, 104, 3, 3, 52, 63, 104, 63, 104, 3, 3, 3, 3, 104, 104, 104, 63, 63, 21, 51, 49, 104, 3, 3, 51, 3, 63, 3, 51, 88, 63, 3, 3, 104, 3, 104, 62, 122, 141, 3, 3, 63, 3, 50, 104, 88, 104, 3, 3, 88, 63, 122, 1, 136, 63, 88, 3, 63, 3, 63, 3, 3, 3, 51, 55, 63, 3, 88, 140, 3, 52, 3, 1, 88, 3, 1, 3, 3, 3, 63, 63, 63, 128, 128, 3, 1, 1, 52, 1, 1, 88, 63, 1, 3, 7, 1, 1, 3, 1, 7, 74, 110, 1, 1, 1, 1, 1, 1, 1, 1, 7, 49, 128, 129, 3, 122, 128, 3, 7, 7, 3, 7, 7, 88, 7, 52, 51, 56, 128, 49, 56, 141, 63, 63, 128, 88, 3, 63, 128, 80, 63, 3, 3, 53, 88, 63, 3, 88, 112, 3, 53, 53, 88, 88, 53, 30, 3, 55, 57, 29, 73, 73, 3, 3, 73, 7, 49, 75, 73, 63, 3, 73, 73, 75, 63, 75, 63, 63, 63, 3, 3, 3, 88, 63, 89, 3, 88, 88, 80, 89, 123, 3, 3, 3, 88, 3, 3, 52, 111, 3, 81, 49, 3, 41, 3, 3, 49, 63, 3, 99, 3, 3, 3, 3, 3, 137, 3, 1, 88, 3, 63, 88, 89, 3, 62, 81, 1, 3, 7, 29, 73, 73, 110, 3, 88, 3, 88, 88, 141, 141, 88, 89, 3, 82, 82, 122, 122, 7, 7, 3, 7, 51, 51, 7, 81, 88, 73, 73, 88, 73, 73, 3, 3, 3, 3, 3, 141, 3, 3, 89, 3, 3, 3, 89, 132, 111, 49, 3, 3, 62, 62, 104, 104, 62, 62, 62, 125, 125, 62, 62, 62, 82, 46, 70, 70, 3, 88, 137, 82, 82, 137, 104, 3, 49, 32, 32, 3, 62, 62, 62, 55, 55, 3, 3, 3, 3, 3, 3, 1, 3, 60, 1, 3, 60, 1, 1, 60, 3, 62, 89, 38, 38, 38, 7, 7, 1, 1, 7, 7, 139, 51, 7, 1, 1, 122, 122, 88, 88, 139, 139, 25, 25, 3, 3, 7, 139, 3, 82, 82, 82, 82, 66, 3, 49, 49, 51, 3, 3, 77, 77, 77, 77, 56, 56, 3, 3, 3, 3, 49, 53, 53, 53, 53, 53, 141, 88, 53, 3, 3, 3, 73, 73, 82, 3, 82, 3, 3, 75, 75, 143, 143, 143, 143, 116, 116, 73, 73, 3, 73, 73, 75, 75, 75, 75, 75, 75, 73, 73, 127, 88, 3, 111, 80, 3, 12, 12, 12, 12, 12, 12, 12, 12, 12, 51, 51, 12, 12, 12, 88, 12, 12, 12, 12, 88, 12, 12, 58, 12, 115, 81, 81, 3, 73, 3, 3, 3, 3, 3, 3, 3, 128, 49, 49, 88, 3, 96, 3, 132, 62, 89, 81, 52, 89, 3, 3, 3, 110, 81, 3, 26, 137, 62, 62, 3, 62, 62, 3, 3, 3, 110, 3, 62, 3, 3, 3, 62, 3, 62, 62, 62, 81, 62, 3, 3, 62, 62, 122, 62, 62, 3, 62, 62, 62, 3, 62, 62, 62, 3, 32, 62, 62, 3, 3, 32, 32, 62, 62, 64, 3, 22, 22, 1, 49, 1, 55, 1, 1, 3, 7, 1, 1, 1, 38, 7, 1, 38, 38, 38, 38, 38, 1, 7, 128, 7, 7, 7, 1, 3, 7, 7, 128, 7, 7, 7, 3, 82, 7, 7, 7, 3, 3, 7, 7, 7, 139, 139, 25, 139, 139, 7, 38, 139, 139, 144, 144, 7, 139, 7, 62, 144, 56, 7, 3, 56, 7, 7, 34, 82, 56, 56, 56, 34, 3, 3, 82, 56, 56, 144, 56, 80, 80, 56, 56, 3, 88, 3, 3, 3, 49, 3, 88, 88, 53, 53, 56, 56, 3, 56, 56, 56, 3, 3, 3, 3, 3, 88, 3, 3, 88, 3, 3, 3, 3, 73, 73, 73, 3, 143, 73, 73, 75, 52, 73, 116, 3, 24, 143, 73, 3, 143, 143, 54, 24, 110, 110, 3, 73, 73, 73, 139, 3, 139, 73, 75, 88, 126, 3, 3, 3, 73, 95, 3, 3, 92, 3, 3, 141, 132, 3, 3, 3, 3, 2, 3, 3, 3, 3, 3, 3, 55, 55, 3, 3, 19, 38, 7, 38, 7, 3, 3, 3, 3, 3, 47, 3, 89, 84, 3, 3, 3, 57, 80, 88, 3, 128, 7, 73, 128, 7, 3, 3, 27, 122, 23, 43, 3, 1, 43, 142, 43, 43, 23, 23, 73, 47, 20, 20, 88, 47, 47, 47, 47, 88, 47, 47, 20, 47, 43, 106, 47, 43, 47, 47, 47, 20, 88, 47, 135, 43, 17, 47, 47, 47, 43, 47, 88, 88, 47, 43, 43, 47, 47, 43, 20, 3, 47, 20, 47, 23, 23, 3, 88, 43, 47, 47, 3, 3, 3, 23, 20, 47, 88, 52, 43, 47, 43, 47, 3, 20, 47, 3, 47, 47, 47, 47, 3, 3, 47, 47, 20, 23, 88, 141, 20, 47, 47, 47, 47, 47, 43, 47, 20, 20, 47, 20, 13, 47, 47, 47, 47, 23, 137, 3, 20, 47, 47, 37, 3, 3, 110, 3, 20, 20, 20, 3, 43, 47, 106, 43, 20, 47, 47, 36, 80, 23, 69, 47, 43, 43, 43, 47, 43, 47, 3, 47, 47, 23, 47, 3, 3, 43, 43, 20, 47, 47, 47, 23, 135, 23, 3, 3, 47, 20, 43, 20, 47, 110, 3, 47, 47, 111, 23, 43, 20, 47, 47, 47, 47, 23, 23, 47, 43, 47, 49, 3, 47, 20, 47, 82, 43, 20, 47, 47, 20, 47, 3, 23, 23, 3, 20, 43, 43, 47, 47, 23, 43, 43, 43, 47, 3, 43, 110, 27, 47, 23, 81, 43, 47, 47, 45, 47, 23, 122, 47, 3, 47, 47, 23, 23, 3, 43, 20, 43, 20, 88, 23, 43, 20, 47, 47, 47, 3, 36, 43, 88, 23, 88, 43, 47, 20, 47, 23, 23, 55, 88, 47, 47, 47, 23, 47, 3, 48, 43, 3, 23, 23, 47, 47, 43, 43, 47, 3, 3, 47, 43, 23, 47, 23, 3, 1, 43, 47, 43, 47, 3, 47, 88, 20, 20, 43, 23, 47, 43, 128, 43, 3, 47, 23, 23, 47, 88, 47, 43, 47, 43, 3, 20, 88, 88, 47, 47, 43, 47, 43, 43, 43, 142, 43, 43, 43, 23, 3, 20, 20, 57, 3, 47, 47, 23, 43, 20, 88, 10, 43, 47, 43, 23, 88, 20, 44, 47, 47, 20, 47, 20, 43, 20, 47, 141, 23, 43, 3, 141, 141, 47, 20, 47, 43, 43, 43, 23, 23, 43, 20, 43, 47, 43, 88, 23, 43, 43, 3, 20, 23, 20, 20, 43, 47, 23, 37, 23, 20, 20, 43, 23, 47, 23, 73, 43, 73, 43, 20, 88, 43, 20, 47, 47, 47, 3, 23, 73, 23, 20, 47, 23, 42, 20, 20, 47, 23, 88, 88, 47, 23, 47, 20, 20, 23, 20, 20, 23, 47, 141, 88, 88, 88, 88, 88, 3, 88, 88, 88, 88, 88, 88, 88, 3, 89, 88, 88, 141, 51, 88, 3, 88, 89, 88, 88, 73, 3, 88, 88, 88, 3, 3, 29, 3, 73, 16, 73, 29, 73, 3, 73, 73, 75, 73, 51, 74, 137, 122, 3, 3, 34, 3, 3, 72, 86, 88, 75, 55, 88, 89, 3, 56, 3, 3, 3, 3, 73, 62, 75, 51, 3, 1, 122, 3, 7, 89, 7, 3, 80, 1, 3, 111, 3, 3, 3, 51, 3, 49, 1, 51, 3, 3, 25, 80, 7, 62, 51, 3, 3, 3, 89, 81, 38, 3, 7, 3, 3, 1, 3, 3, 137, 141, 88, 3, 53, 122, 51, 3, 75, 111, 16, 110, 3, 7, 3, 3, 3, 3, 3, 73, 3, 6, 37, 52, 3, 111, 51, 88, 3, 62, 3, 81, 3, 1, 3, 75, 3, 3, 3, 3, 3, 3, 3, 143, 3, 128, 38, 3, 3, 80, 3, 3, 89, 3, 3, 80, 5, 88, 49, 3, 82, 128, 29, 3, 3, 52, 137, 49, 3, 3, 3, 3, 119, 3, 88, 88, 37, 3, 62, 3, 111, 88, 3, 3, 16, 88, 73, 3, 75, 7, 73, 3, 75, 73, 75, 143, 88, 73, 3, 3, 3, 51, 88, 119, 86, 3, 3, 82, 3, 56, 3, 34, 3, 128, 88, 88, 81, 7, 81, 139, 3, 74, 88, 55, 3, 39, 25, 7, 80, 80, 3, 88, 39, 88, 72, 7, 3, 7, 88, 39, 38, 39, 88, 38, 1, 1, 1, 3, 3, 3, 3, 3, 39, 81, 52, 51, 88, 88, 52, 1, 3, 39, 3, 88, 3, 3, 88, 55, 88, 55, 124, 1, 88, 3, 88, 3, 51, 3, 3, 3, 51, 80, 62, 110, 3, 1, 3, 3, 81, 88, 51, 51, 51, 88, 122, 3, 88, 3, 88, 51, 3, 3, 3, 62, 141, 80, 3, 62, 3, 3, 80, 62, 82, 3, 3, 39, 122, 91, 80, 3, 88, 3, 3, 3, 62, 3, 5, 80, 3, 3, 6, 3, 3, 3, 62, 122, 122, 3, 88, 52, 3, 88, 3, 88, 3, 88, 88, 57, 3, 88, 80, 3, 37, 3, 3, 141, 3, 80, 37, 80, 49, 3, 3, 55, 111, 111, 88, 137, 111, 37, 3, 80, 88, 111, 111, 88, 3, 3, 111, 137, 3, 3, 89, 111, 3, 88, 3, 49, 110, 3, 80, 3, 89, 137, 88, 3, 88, 3, 3, 49, 3, 88, 88, 3, 89, 89, 3, 141, 88, 3, 3, 3, 3, 80, 49, 3, 80, 3, 92, 89, 3, 110, 128, 3, 49, 80, 52, 3, 122, 3, 139, 3, 3, 88, 88, 111, 7, 88, 88, 88, 52, 88, 3, 110, 88, 88, 82, 111, 3, 37, 88, 88, 88, 52, 3, 3, 88, 3, 3, 55, 3, 3, 88, 110, 88, 55, 88, 3, 89, 141, 118, 3, 3, 29, 88, 3, 88, 73, 73, 3, 75, 16, 73, 73, 134, 29, 73, 75, 134, 104, 134, 73, 134, 73, 89, 134, 128, 126, 126, 1, 55, 73, 56, 128, 53, 134, 51, 3, 75, 134, 122, 7, 134, 52, 134, 134, 89, 3, 134, 88, 3, 7, 73, 62, 75, 73, 134, 134, 7, 62, 35, 94, 3, 56, 134, 88, 82, 53, 53, 134, 134, 134, 111, 139, 73, 110, 95, 134, 73, 89, 3, 134, 134, 56, 134, 73, 55, 134, 134, 134, 75, 134, 88, 134, 134, 134, 134, 134, 3, 101, 7, 134, 111, 134, 29, 62, 73, 143, 111, 134, 7, 134, 37, 88, 37, 134, 73, 3, 134, 73, 49, 134, 134, 134, 143, 134, 134, 134, 134, 134, 134, 134, 51, 33, 3, 134, 126, 134, 122, 134, 134, 134, 104, 137, 101, 134, 29, 101, 134, 134, 134, 134, 134, 134, 134, 3, 55, 134, 134, 134, 57, 134, 88, 15, 134, 134, 57, 52, 134, 3, 88, 3, 88, 128, 134, 29, 134, 53, 134, 3, 134, 134, 134, 126, 134, 101, 134, 53, 3, 88, 134, 134, 3, 52, 134, 88, 134, 134, 88, 134, 134, 3, 134, 134, 134, 134, 134, 134, 134, 134, 134, 134, 134, 134, 3, 134, 134, 81, 134, 134, 134, 53, 134, 104, 