{"Run": 11, "K": 249, "WCSSD": 2393.100236445869, "Purity": 0.3468488574574859, "Time": 11.750833988189697, "Kmeans_Labels": [115, 221, 28, 28, 15, 132, 221, 190, 221, 15, 15, 29, 75, 75, 15, 15, 198, 15, 159, 102, 79, 15, 132, 75, 75, 15, 15, 30, 102, 15, 75, 15, 102, 14, 15, 132, 75, 75, 29, 75, 79, 75, 78, 38, 75, 15, 75, 8, 177, 15, 177, 158, 158, 15, 59, 226, 15, 221, 28, 28, 15, 15, 15, 16, 186, 161, 75, 221, 75, 226, 75, 15, 15, 177, 79, 15, 193, 15, 198, 15, 159, 15, 169, 177, 190, 15, 8, 65, 15, 15, 15, 233, 226, 135, 15, 15, 177, 15, 190, 15, 190, 79, 58, 164, 164, 120, 105, 120, 15, 79, 148, 219, 148, 75, 59, 79, 8, 159, 142, 0, 15, 177, 0, 28, 28, 0, 8, 28, 159, 79, 0, 0, 79, 98, 15, 102, 15, 15, 15, 142, 30, 28, 217, 102, 0, 0, 15, 15, 15, 28, 0, 131, 15, 102, 15, 0, 15, 15, 28, 159, 132, 0, 0, 132, 15, 0, 142, 169, 159, 6, 198, 15, 15, 158, 0, 15, 16, 31, 0, 15, 177, 15, 159, 15, 0, 15, 0, 15, 15, 142, 15, 30, 158, 0, 28, 28, 15, 8, 15, 15, 190, 159, 198, 16, 0, 190, 0, 190, 15, 132, 159, 15, 190, 190, 190, 223, 0, 15, 29, 30, 231, 91, 15, 29, 107, 0, 177, 29, 158, 0, 15, 15, 245, 15, 190, 15, 15, 102, 15, 15, 0, 15, 30, 190, 158, 190, 177, 15, 8, 0, 120, 120, 15, 0, 98, 79, 0, 142, 0, 15, 132, 15, 29, 28, 164, 15, 8, 138, 8, 16, 159, 10, 142, 120, 120, 159, 8, 159, 0, 164, 0, 59, 59, 159, 15, 120, 16, 164, 15, 159, 100, 120, 15, 219, 120, 120, 120, 120, 219, 142, 15, 120, 120, 120, 120, 120, 120, 120, 15, 148, 30, 59, 120, 120, 148, 2, 198, 148, 219, 132, 219, 148, 158, 219, 16, 29, 15, 145, 30, 59, 102, 0, 0, 115, 158, 115, 0, 59, 15, 0, 177, 169, 195, 8, 0, 142, 15, 233, 15, 233, 233, 8, 158, 233, 29, 15, 15, 159, 113, 69, 69, 132, 15, 69, 219, 175, 69, 69, 0, 15, 69, 69, 179, 0, 179, 0, 0, 0, 142, 198, 142, 142, 0, 198, 15, 158, 158, 15, 28, 15, 151, 15, 198, 132, 78, 15, 16, 145, 15, 38, 30, 142, 28, 15, 169, 30, 15, 28, 28, 15, 159, 15, 226, 142, 221, 15, 120, 8, 142, 0, 142, 28, 15, 15, 38, 164, 15, 67, 113, 69, 69, 78, 15, 6, 15, 132, 132, 102, 102, 15, 28, 15, 131, 131, 15, 15, 219, 219, 15, 219, 29, 29, 219, 38, 159, 69, 69, 15, 69, 69, 15, 15, 15, 226, 226, 157, 78, 78, 226, 226, 226, 226, 28, 226, 207, 30, 15, 15, 134, 134, 190, 190, 15, 15, 15, 15, 15, 15, 15, 15, 131, 15, 15, 15, 79, 185, 15, 131, 131, 15, 190, 15, 30, 126, 126, 15, 15, 15, 41, 28, 28, 15, 15, 15, 15, 15, 15, 15, 15, 28, 164, 142, 164, 164, 164, 164, 142, 15, 28, 128, 128, 93, 219, 219, 120, 120, 200, 200, 148, 29, 135, 120, 120, 148, 148, 15, 15, 148, 148, 109, 109, 164, 164, 148, 148, 15, 199, 199, 199, 199, 145, 15, 30, 30, 29, 15, 15, 29, 29, 15, 15, 90, 90, 15, 15, 15, 15, 30, 233, 233, 233, 233, 233, 102, 15, 233, 15, 15, 159, 69, 69, 131, 79, 131, 79, 79, 179, 179, 69, 69, 15, 15, 243, 243, 69, 69, 15, 69, 69, 179, 179, 69, 69, 79, 69, 69, 69, 69, 169, 15, 145, 15, 6, 72, 72, 72, 72, 72, 72, 72, 72, 11, 29, 29, 72, 72, 72, 75, 72, 72, 72, 72, 79, 72, 171, 72, 72, 16, 38, 236, 15, 69, 78, 78, 198, 198, 226, 226, 177, 59, 226, 226, 177, 15, 61, 159, 226, 15, 28, 38, 16, 77, 15, 15, 177, 78, 38, 15, 77, 83, 15, 15, 15, 15, 15, 15, 15, 134, 198, 132, 226, 79, 15, 15, 15, 65, 53, 180, 180, 38, 15, 15, 150, 15, 15, 15, 15, 15, 15, 15, 15, 15, 177, 15, 15, 15, 15, 126, 15, 15, 65, 15, 126, 126, 203, 201, 215, 18, 15, 15, 164, 30, 164, 219, 120, 164, 15, 55, 164, 164, 219, 128, 219, 164, 219, 128, 148, 219, 219, 120, 219, 59, 219, 219, 219, 164, 15, 219, 219, 59, 219, 59, 219, 15, 131, 148, 148, 148, 183, 213, 219, 27, 27, 148, 148, 109, 84, 109, 219, 142, 148, 148, 219, 219, 219, 148, 219, 29, 219, 20, 219, 15, 20, 219, 219, 222, 131, 222, 222, 222, 222, 15, 15, 131, 118, 118, 219, 219, 102, 102, 219, 135, 15, 169, 15, 79, 79, 30, 79, 132, 233, 233, 233, 59, 59, 15, 15, 79, 30, 136, 159, 79, 15, 15, 132, 15, 15, 79, 15, 15, 132, 132, 69, 69, 69, 79, 69, 69, 69, 179, 76, 69, 243, 4, 37, 69, 69, 15, 69, 69, 15, 37, 198, 198, 79, 69, 69, 69, 148, 95, 148, 69, 69, 79, 79, 79, 79, 79, 69, 102, 15, 226, 198, 15, 226, 102, 226, 177, 8, 15, 15, 15, 15, 15, 122, 65, 15, 65, 159, 15, 198, 15, 219, 120, 219, 142, 219, 158, 15, 198, 198, 198, 155, 162, 28, 102, 15, 198, 15, 8, 198, 158, 15, 115, 135, 69, 115, 135, 15, 40, 173, 15, 187, 97, 15, 164, 97, 66, 24, 24, 237, 237, 69, 155, 187, 96, 17, 155, 187, 81, 155, 8, 155, 155, 155, 155, 97, 158, 155, 24, 155, 155, 155, 96, 132, 155, 237, 24, 155, 155, 155, 155, 24, 96, 132, 132, 155, 24, 24, 155, 155, 24, 96, 15, 155, 96, 155, 237, 187, 15, 159, 97, 155, 155, 15, 15, 15, 237, 187, 155, 177, 16, 24, 155, 24, 96, 15, 96, 155, 176, 155, 155, 155, 155, 15, 15, 155, 155, 96, 187, 8, 102, 96, 155, 228, 155, 155, 155, 24, 139, 155, 155, 155, 159, 155, 155, 155, 96, 96, 187, 221, 112, 187, 155, 155, 161, 15, 45, 31, 15, 187, 155, 187, 78, 24, 155, 142, 24, 187, 155, 155, 155, 132, 187, 241, 155, 24, 97, 24, 96, 24, 155, 15, 155, 155, 237, 155, 15, 78, 24, 24, 187, 155, 155, 155, 187, 187, 187, 169, 15, 96, 155, 24, 187, 155, 31, 40, 197, 155, 145, 187, 24, 155, 155, 155, 155, 155, 237, 187, 5, 24, 155, 182, 15, 155, 36, 155, 5, 24, 96, 155, 155, 75, 155, 209, 187, 237, 15, 18, 97, 24, 155, 155, 187, 97, 24, 24, 155, 15, 24, 63, 173, 155, 187, 38, 74, 155, 155, 142, 155, 187, 15, 155, 15, 155, 155, 187, 187, 8, 94, 49, 97, 159, 158, 237, 97, 96, 155, 155, 96, 15, 65, 94, 169, 168, 112, 24, 155, 187, 155, 187, 187, 15, 158, 181, 155, 155, 187, 155, 15, 155, 24, 15, 237, 187, 155, 155, 206, 97, 155, 15, 15, 155, 24, 187, 155, 187, 15, 164, 24, 155, 24, 155, 218, 155, 8, 164, 155, 24, 187, 155, 24, 124, 24, 198, 155, 187, 187, 187, 192, 155, 24, 155, 24, 15, 187, 214, 177, 155, 155, 97, 155, 194, 97, 24, 66, 24, 24, 24, 237, 79, 155, 187, 155, 65, 155, 155, 237, 24, 187, 8, 97, 24, 155, 97, 187, 158, 187, 97, 155, 155, 187, 155, 187, 24, 187, 155, 102, 187, 24, 15, 102, 102, 96, 155, 155, 24, 24, 24, 187, 187, 24, 187, 24, 155, 24, 177, 187, 24, 24, 8, 187, 187, 187, 192, 24, 155, 187, 161, 237, 187, 187, 24, 187, 155, 187, 69, 24, 69, 24, 69, 8, 97, 187, 155, 155, 155, 8, 187, 69, 39, 155, 155, 187, 177, 187, 187, 155, 237, 158, 159, 155, 187, 103, 187, 187, 187, 96, 96, 237, 96, 102, 169, 158, 169, 82, 158, 159, 158, 158, 158, 158, 158, 158, 158, 15, 28, 159, 158, 102, 29, 158, 15, 198, 28, 158, 158, 69, 75, 88, 88, 88, 15, 15, 15, 15, 69, 15, 69, 211, 69, 15, 69, 69, 148, 69, 29, 38, 221, 15, 15, 79, 222, 163, 120, 148, 233, 15, 79, 15, 158, 114, 15, 59, 15, 15, 15, 15, 79, 15, 177, 29, 15, 133, 169, 7, 148, 28, 200, 79, 79, 120, 15, 145, 15, 79, 15, 172, 15, 30, 164, 29, 15, 15, 109, 15, 219, 15, 29, 170, 134, 15, 28, 38, 15, 65, 219, 134, 15, 247, 79, 15, 132, 102, 185, 177, 233, 169, 29, 52, 179, 145, 226, 78, 15, 219, 15, 15, 15, 79, 79, 79, 15, 15, 161, 16, 15, 145, 29, 177, 15, 15, 15, 38, 79, 15, 15, 220, 177, 15, 15, 15, 149, 15, 8, 69, 15, 59, 128, 232, 86, 198, 15, 15, 28, 15, 57, 15, 30, 79, 30, 15, 131, 59, 113, 177, 65, 16, 221, 30, 159, 198, 15, 15, 79, 119, 169, 8, 161, 15, 15, 15, 242, 8, 79, 15, 15, 244, 79, 159, 148, 219, 69, 15, 177, 69, 79, 69, 15, 69, 79, 79, 79, 29, 15, 79, 233, 15, 79, 131, 15, 59, 7, 222, 15, 59, 169, 135, 38, 148, 38, 148, 8, 38, 137, 169, 15, 17, 109, 219, 159, 79, 15, 8, 17, 169, 148, 148, 15, 200, 8, 132, 15, 17, 169, 128, 247, 164, 120, 15, 108, 15, 15, 120, 17, 38, 16, 29, 15, 158, 16, 120, 169, 132, 158, 15, 177, 79, 8, 15, 169, 15, 132, 15, 8, 79, 158, 15, 29, 15, 15, 15, 29, 8, 15, 31, 65, 133, 15, 15, 38, 185, 29, 172, 29, 15, 15, 15, 158, 65, 15, 29, 177, 15, 15, 15, 102, 15, 15, 15, 15, 15, 198, 15, 131, 79, 15, 17, 15, 15, 15, 15, 185, 15, 15, 15, 15, 134, 30, 15, 134, 15, 15, 15, 15, 15, 15, 169, 169, 79, 185, 16, 86, 185, 86, 185, 15, 185, 8, 224, 170, 158, 15, 38, 161, 119, 15, 102, 79, 15, 161, 16, 30, 198, 15, 28, 145, 145, 8, 159, 145, 161, 15, 15, 132, 145, 145, 158, 232, 15, 145, 221, 57, 15, 28, 145, 15, 169, 169, 30, 78, 79, 15, 15, 28, 132, 142, 15, 158, 15, 52, 30, 15, 158, 8, 149, 114, 28, 15, 102, 8, 15, 123, 177, 79, 15, 159, 15, 184, 15, 198, 28, 15, 78, 