{"Run": 13, "K": 301, "WCSSD": 2320.033630693632, "Purity": 0.47523618665903233, "Time": 15.245641231536865, "Kmeans_Labels": [30, 300, 108, 4, 4, 144, 300, 235, 300, 287, 4, 220, 109, 109, 220, 4, 166, 67, 4, 11, 4, 4, 240, 109, 8, 67, 4, 67, 70, 193, 8, 4, 70, 67, 11, 4, 8, 8, 102, 8, 240, 8, 36, 147, 8, 4, 8, 220, 220, 4, 144, 240, 240, 220, 30, 4, 11, 67, 212, 138, 4, 67, 4, 36, 4, 158, 8, 300, 8, 4, 67, 144, 4, 212, 16, 4, 30, 4, 278, 4, 4, 4, 4, 67, 235, 4, 212, 4, 4, 4, 4, 4, 4, 4, 220, 4, 194, 4, 235, 4, 235, 16, 4, 108, 108, 19, 19, 108, 297, 16, 271, 271, 271, 252, 30, 16, 240, 4, 144, 14, 4, 144, 14, 220, 4, 14, 11, 4, 155, 104, 14, 14, 104, 144, 4, 70, 240, 144, 144, 220, 176, 4, 212, 70, 14, 14, 4, 144, 4, 4, 14, 218, 212, 70, 144, 14, 4, 139, 4, 220, 144, 14, 14, 4, 19, 14, 212, 225, 35, 212, 278, 4, 152, 240, 14, 11, 208, 23, 14, 144, 144, 144, 4, 4, 14, 4, 14, 4, 4, 240, 295, 131, 99, 14, 4, 144, 144, 104, 4, 265, 235, 4, 278, 208, 14, 235, 14, 235, 212, 144, 4, 144, 235, 235, 235, 110, 14, 4, 102, 131, 235, 16, 190, 18, 144, 14, 144, 102, 240, 14, 144, 144, 235, 4, 235, 4, 4, 70, 144, 144, 14, 4, 131, 235, 240, 235, 144, 144, 104, 14, 19, 265, 144, 78, 213, 123, 14, 144, 14, 144, 144, 30, 102, 4, 108, 4, 104, 108, 35, 208, 4, 19, 144, 11, 19, 4, 144, 4, 14, 108, 14, 192, 30, 4, 19, 19, 208, 108, 19, 155, 14, 19, 196, 19, 11, 19, 11, 19, 108, 243, 4, 19, 11, 220, 11, 19, 19, 19, 19, 271, 131, 30, 11, 11, 290, 30, 278, 271, 271, 4, 271, 271, 240, 271, 26, 102, 4, 30, 131, 30, 70, 14, 14, 30, 240, 4, 14, 30, 67, 14, 144, 144, 131, 104, 14, 144, 4, 14, 220, 144, 131, 144, 240, 154, 102, 30, 274, 35, 75, 87, 125, 220, 220, 125, 271, 131, 121, 125, 14, 144, 125, 125, 43, 14, 43, 14, 14, 14, 144, 278, 144, 240, 14, 278, 167, 240, 240, 67, 4, 4, 144, 220, 278, 4, 4, 4, 208, 77, 4, 147, 131, 4, 4, 144, 104, 131, 14, 4, 4, 4, 104, 4, 4, 212, 300, 4, 19, 104, 212, 14, 212, 4, 212, 4, 147, 108, 4, 271, 75, 125, 0, 23, 4, 212, 4, 213, 213, 70, 70, 5, 4, 4, 79, 79, 4, 4, 173, 173, 286, 271, 102, 102, 271, 147, 144, 117, 117, 240, 125, 125, 4, 4, 4, 4, 4, 70, 36, 36, 4, 4, 4, 4, 134, 4, 77, 131, 4, 144, 4, 4, 235, 235, 4, 4, 4, 58, 58, 283, 283, 283, 24, 4, 78, 78, 144, 105, 4, 24, 24, 213, 235, 78, 131, 111, 111, 4, 144, 4, 108, 108, 108, 4, 4, 4, 11, 11, 4, 108, 11, 4, 108, 35, 108, 108, 108, 108, 35, 4, 4, 271, 271, 19, 297, 297, 11, 11, 228, 228, 271, 102, 271, 19, 19, 271, 271, 4, 4, 271, 271, 271, 271, 108, 108, 271, 271, 213, 24, 24, 24, 24, 77, 4, 131, 131, 102, 146, 146, 102, 102, 4, 4, 4, 4, 4, 4, 4, 4, 131, 4, 4, 4, 240, 240, 70, 4, 4, 4, 4, 220, 250, 250, 24, 104, 24, 4, 4, 43, 43, 43, 43, 52, 52, 125, 125, 43, 43, 4, 100, 100, 43, 43, 43, 43, 183, 43, 0, 0, 37, 213, 4, 77, 67, 212, 95, 95, 95, 95, 95, 95, 95, 95, 95, 102, 102, 95, 95, 95, 8, 95, 95, 95, 44, 104, 95, 95, 95, 95, 232, 189, 147, 4, 125, 74, 74, 278, 278, 66, 66, 240, 30, 131, 131, 240, 4, 4, 4, 4, 4, 4, 6, 208, 4, 4, 4, 4, 23, 6, 144, 4, 278, 4, 4, 4, 4, 4, 4, 4, 255, 278, 4, 1, 242, 4, 4, 1, 122, 283, 180, 180, 147, 4, 4, 4, 283, 283, 4, 116, 4, 4, 283, 4, 144, 220, 116, 4, 116, 144, 111, 116, 116, 122, 144, 111, 111, 4, 4, 147, 4, 11, 4, 108, 131, 108, 4, 108, 108, 4, 271, 108, 108, 108, 271, 271, 247, 7, 19, 271, 7, 271, 11, 297, 30, 271, 271, 297, 108, 4, 271, 271, 221, 271, 30, 271, 4, 24, 271, 271, 271, 195, 195, 271, 271, 271, 271, 271, 271, 271, 271, 271, 11, 271, 271, 271, 271, 271, 271, 81, 165, 271, 4, 271, 144, 271, 81, 81, 34, 251, 34, 34, 34, 34, 146, 146, 251, 271, 271, 271, 160, 61, 61, 160, 4, 4, 213, 4, 33, 130, 131, 33, 29, 4, 4, 4, 271, 271, 4, 144, 130, 220, 220, 220, 220, 4, 4, 144, 4, 4, 104, 4, 4, 144, 144, 0, 272, 272, 4, 43, 125, 125, 43, 57, 125, 43, 278, 125, 52, 125, 220, 52, 52, 104, 125, 220, 220, 220, 100, 198, 0, 220, 4, 220, 0, 43, 220, 16, 144, 144, 144, 0, 70, 94, 4, 4, 104, 4, 70, 4, 35, 35, 4, 253, 4, 4, 144, 4, 122, 4, 4, 246, 4, 278, 4, 69, 108, 271, 104, 271, 240, 220, 97, 278, 97, 126, 212, 4, 70, 4, 278, 144, 35, 261, 240, 4, 30, 271, 0, 30, 271, 4, 4, 17, 4, 17, 191, 39, 108, 191, 147, 191, 106, 17, 282, 150, 126, 28, 84, 213, 182, 47, 126, 126, 104, 47, 47, 126, 126, 191, 39, 126, 191, 126, 126, 126, 106, 10, 47, 17, 191, 126, 47, 126, 47, 200, 126, 106, 106, 47, 191, 191, 47, 126, 191, 126, 4, 126, 126, 126, 17, 17, 4, 155, 191, 126, 126, 4, 4, 4, 17, 126, 47, 104, 208, 191, 126, 191, 126, 163, 126, 47, 4, 126, 126, 126, 47, 4, 4, 126, 126, 215, 17, 240, 70, 126, 126, 126, 47, 126, 126, 191, 126, 126, 126, 126, 28, 126, 126, 126, 47, 126, 17, 300, 240, 28, 126, 42, 158, 104, 4, 98, 49, 17, 126, 17, 36, 191, 126, 39, 191, 126, 126, 126, 126, 67, 17, 77, 126, 191, 191, 191, 126, 191, 126, 4, 126, 47, 17, 47, 4, 4, 191, 191, 21, 126, 126, 126, 17, 17, 17, 104, 144, 126, 126, 191, 126, 126, 23, 4, 126, 126, 77, 17, 191, 126, 126, 126, 126, 126, 17, 17, 126, 191, 126, 131, 4, 47, 162, 126, 24, 191, 28, 126, 126, 8, 126, 144, 282, 17, 4, 4, 191, 191, 126, 126, 17, 191, 191, 191, 126, 4, 191, 90, 17, 126, 177, 104, 191, 126, 126, 240, 126, 17, 4, 126, 4, 126, 47, 17, 17, 4, 191, 126, 191, 28, 104, 17, 191, 106, 126, 126, 126, 99, 122, 191, 209, 294, 240, 191, 126, 28, 126, 17, 17, 4, 104, 47, 126, 47, 17, 47, 39, 132, 191, 4, 17, 140, 47, 47, 191, 191, 126, 4, 4, 126, 191, 17, 126, 17, 108, 108, 191, 126, 191, 47, 103, 126, 104, 108, 126, 191, 17, 126, 191, 30, 191, 278, 126, 17, 17, 126, 240, 126, 191, 47, 191, 11, 126, 240, 104, 126, 126, 281, 126, 191, 191, 236, 147, 191, 191, 191, 17, 104, 126, 17, 35, 122, 126, 126, 17, 191, 126, 104, 191, 191, 126, 191, 17, 104, 17, 191, 126, 126, 17, 126, 17, 191, 17, 47, 70, 17, 191, 4, 70, 70, 126, 126, 126, 191, 191, 191, 17, 17, 191, 17, 191, 47, 191, 104, 17, 106, 191, 35, 17, 17, 17, 240, 191, 47, 17, 158, 282, 17, 17, 191, 17, 126, 17, 125, 191, 150, 191, 125, 104, 191, 17, 126, 126, 126, 35, 17, 0, 17, 126, 47, 157, 4, 17, 126, 126, 17, 104, 28, 47, 17, 126, 28, 28, 171, 84, 126, 17, 126, 70, 213, 240, 213, 225, 240, 4, 240, 240, 240, 240, 104, 99, 240, 4, 4, 155, 240, 70, 102, 240, 4, 278, 108, 240, 240, 125, 212, 11, 11, 11, 4, 4, 115, 11, 0, 53, 125, 51, 0, 220, 186, 125, 43, 125, 240, 243, 300, 4, 4, 130, 223, 4, 11, 11, 4, 104, 43, 4, 104, 4, 4, 30, 4, 4, 4, 40, 258, 283, 43, 9, 172, 108, 4, 4, 271, 4, 228, 273, 212, 184, 4, 77, 108, 4, 220, 65, 4, 131, 108, 102, 4, 4, 271, 67, 271, 4, 102, 4, 255, 78, 4, 133, 4, 4, 271, 255, 4, 108, 284, 4, 300, 70, 266, 4, 4, 4, 275, 4, 43, 77, 20, 74, 4, 271, 4, 4, 76, 41, 4, 125, 4, 4, 158, 208, 4, 77, 102, 240, 2, 4, 4, 147, 144, 19, 4, 43, 4, 277, 4, 213, 4, 4, 104, 43, 4, 30, 271, 240, 4, 67, 213, 4, 4, 4, 279, 67, 131, 104, 131, 4, 24, 30, 75, 4, 122, 208, 300, 131, 220, 144, 4, 220, 4, 4, 213, 104, 158, 148, 4, 4, 77, 240, 220, 238, 53, 213, 125, 220, 43, 267, 0, 4, 43, 186, 43, 43, 104, 125, 4, 123, 273, 240, 4, 4, 4, 4, 130, 24, 4, 30, 4, 223, 40, 30, 213, 209, 147, 271, 73, 271, 240, 243, 248, 213, 4, 213, 271, 271, 4, 212, 40, 104, 213, 213, 11, 271, 4, 228, 213, 213, 4, 213, 104, 271, 108, 108, 184, 4, 68, 213, 108, 11, 213, 133, 208, 102, 11, 213, 208, 19, 213, 170, 240, 213, 4, 123, 293, 4, 213, 213, 144, 19, 11, 144, 240, 213, 275, 78, 4, 4, 102, 67, 4, 23, 122, 108, 280, 238, 147, 266, 102, 65, 9, 4, 4, 220, 240, 4, 168, 102, 4, 220, 4, 283, 70, 67, 4, 1, 4, 4, 67, 206, 24, 144, 4, 213, 4, 209, 67, 148, 266, 4, 4, 4, 4, 255, 131, 67, 255, 240, 4, 172, 4, 4, 4, 4, 4, 41, 266, 208, 4, 266, 4, 266, 35, 266, 104, 35, 4, 240, 67, 147, 158, 4, 4, 70, 4, 67, 158, 208, 131, 278, 4, 208, 77, 77, 240, 104, 77, 158, 2, 67, 104, 77, 77, 104, 240, 277, 77, 300, 279, 229, 4, 77, 104, 225, 4, 131, 129, 284, 67, 4, 4, 300, 240, 4, 104, 4, 4, 131, 4, 11, 240, 4, 4, 4, 4, 70, 240, 4, 4, 4, 161, 67, 131, 4, 67, 264, 4, 4, 4, 74, 30, 4, 131, 67, 208, 4, 4, 68, 209, 280, 229, 266, 293, 77, 267, 104, 31, 213, 278, 104, 4, 129, 240, 209, 24, 77, 104, 158, 213, 266, 4, 208, 147, 40, 240, 4, 35, 4, 123, 104, 104, 4, 209, 213, 213, 123, 4, 36, 104, 4, 