{"Run": 5, "K": 226, "WCSSD": 2437.959634079143, "Purity": 0.4494703693100487, "Time": 9.54636001586914, "Kmeans_Labels": [57, 37, 66, 221, 37, 41, 37, 47, 37, 47, 37, 72, 192, 192, 37, 125, 14, 37, 37, 160, 37, 37, 37, 192, 192, 37, 37, 155, 160, 37, 192, 37, 160, 14, 151, 37, 192, 62, 72, 192, 37, 192, 172, 36, 82, 37, 192, 37, 37, 37, 37, 151, 151, 37, 57, 158, 37, 37, 203, 203, 37, 37, 37, 172, 158, 148, 192, 37, 192, 158, 192, 37, 37, 37, 178, 37, 57, 37, 14, 37, 37, 151, 47, 37, 37, 37, 178, 37, 37, 47, 37, 37, 158, 16, 37, 37, 37, 37, 37, 37, 37, 178, 37, 196, 70, 33, 33, 70, 47, 178, 4, 30, 44, 192, 47, 178, 178, 37, 151, 153, 37, 37, 38, 203, 158, 153, 37, 203, 130, 37, 153, 153, 37, 37, 37, 160, 37, 37, 37, 151, 155, 203, 203, 160, 153, 38, 119, 37, 184, 203, 153, 178, 37, 160, 37, 153, 37, 37, 203, 37, 119, 153, 153, 119, 37, 119, 151, 178, 37, 37, 14, 152, 37, 151, 153, 37, 71, 17, 153, 37, 37, 151, 119, 119, 153, 37, 153, 37, 119, 37, 37, 155, 159, 153, 203, 221, 37, 170, 37, 47, 37, 37, 14, 71, 153, 37, 153, 47, 37, 37, 37, 151, 37, 37, 37, 153, 153, 47, 72, 155, 153, 178, 37, 72, 151, 153, 151, 72, 151, 153, 37, 37, 151, 37, 57, 37, 47, 160, 37, 151, 188, 37, 155, 47, 151, 47, 30, 37, 170, 153, 47, 47, 37, 153, 151, 37, 153, 151, 153, 47, 151, 37, 72, 66, 70, 37, 170, 70, 151, 47, 37, 155, 151, 221, 221, 221, 151, 221, 153, 70, 153, 57, 57, 37, 37, 37, 71, 70, 146, 130, 153, 70, 210, 30, 33, 70, 33, 33, 37, 178, 37, 33, 37, 33, 33, 33, 70, 57, 37, 44, 155, 57, 33, 33, 47, 57, 14, 56, 30, 37, 30, 30, 151, 30, 71, 72, 37, 42, 155, 30, 160, 153, 153, 57, 151, 37, 194, 57, 37, 153, 37, 151, 134, 170, 153, 151, 37, 141, 151, 37, 134, 151, 151, 37, 72, 37, 66, 157, 13, 85, 94, 37, 37, 94, 30, 155, 85, 94, 153, 37, 94, 94, 94, 153, 151, 153, 153, 153, 151, 14, 151, 151, 153, 14, 37, 151, 151, 37, 203, 37, 37, 37, 14, 151, 172, 86, 71, 213, 37, 36, 155, 37, 203, 37, 178, 155, 153, 37, 203, 37, 37, 37, 158, 37, 37, 119, 33, 170, 37, 153, 151, 37, 37, 37, 36, 70, 138, 37, 133, 94, 94, 172, 178, 178, 178, 151, 151, 160, 160, 37, 203, 37, 178, 178, 47, 47, 30, 30, 37, 30, 149, 149, 30, 36, 37, 94, 94, 151, 85, 85, 37, 37, 37, 158, 158, 160, 158, 158, 158, 158, 158, 158, 9, 158, 213, 155, 37, 47, 16, 16, 47, 47, 16, 16, 16, 37, 37, 16, 16, 16, 178, 37, 47, 47, 37, 46, 37, 178, 178, 37, 37, 37, 155, 47, 47, 138, 16, 16, 70, 66, 66, 219, 37, 37, 221, 221, 142, 70, 142, 203, 70, 37, 70, 70, 70, 70, 37, 97, 203, 78, 78, 78, 47, 47, 33, 33, 47, 47, 44, 72, 30, 33, 33, 47, 47, 37, 37, 44, 44, 44, 44, 70, 70, 44, 44, 37, 178, 178, 178, 178, 213, 37, 155, 155, 72, 37, 37, 72, 72, 37, 37, 37, 37, 37, 37, 37, 37, 155, 37, 37, 37, 37, 37, 37, 37, 37, 37, 37, 130, 94, 94, 178, 37, 178, 35, 35, 178, 178, 85, 85, 172, 172, 180, 180, 85, 85, 37, 94, 94, 85, 85, 85, 85, 135, 94, 85, 85, 94, 37, 37, 213, 37, 178, 112, 112, 112, 112, 112, 112, 112, 112, 112, 72, 72, 112, 112, 112, 192, 112, 112, 217, 112, 151, 112, 112, 112, 112, 71, 36, 36, 37, 85, 207, 207, 158, 158, 158, 158, 37, 150, 158, 158, 178, 12, 37, 12, 158, 37, 203, 36, 71, 203, 37, 37, 37, 172, 36, 37, 47, 14, 16, 16, 37, 16, 16, 47, 37, 158, 14, 119, 158, 37, 37, 37, 16, 37, 16, 64, 64, 36, 47, 172, 37, 16, 16, 47, 16, 16, 172, 183, 16, 16, 37, 16, 16, 16, 47, 47, 16, 16, 37, 37, 47, 47, 16, 37, 36, 162, 37, 37, 70, 155, 70, 66, 33, 70, 37, 30, 70, 70, 37, 78, 53, 70, 78, 80, 80, 78, 78, 47, 162, 70, 30, 30, 78, 70, 37, 30, 30, 57, 30, 61, 30, 47, 178, 44, 43, 44, 37, 37, 30, 30, 30, 44, 44, 44, 4, 44, 30, 78, 44, 44, 30, 30, 30, 44, 30, 72, 30, 30, 30, 37, 30, 30, 30, 155, 30, 30, 30, 30, 30, 37, 37, 30, 30, 30, 30, 34, 160, 160, 34, 30, 37, 178, 37, 37, 75, 155, 37, 151, 37, 37, 37, 30, 30, 37, 30, 75, 155, 204, 37, 37, 37, 37, 151, 37, 37, 151, 200, 200, 37, 37, 94, 94, 94, 37, 85, 94, 85, 85, 71, 94, 49, 14, 85, 94, 94, 37, 94, 94, 37, 85, 37, 37, 37, 94, 94, 94, 195, 37, 44, 101, 85, 37, 178, 37, 37, 37, 94, 160, 40, 158, 14, 55, 73, 160, 158, 37, 37, 37, 37, 37, 37, 37, 37, 37, 37, 161, 66, 66, 14, 37, 30, 33, 30, 78, 30, 37, 37, 14, 14, 14, 19, 178, 203, 160, 37, 14, 37, 178, 14, 151, 139, 57, 30, 94, 57, 30, 120, 37, 224, 47, 224, 107, 37, 70, 107, 36, 51, 51, 224, 224, 94, 19, 224, 19, 178, 19, 224, 19, 19, 98, 19, 19, 19, 19, 107, 151, 19, 107, 19, 19, 212, 19, 151, 19, 224, 107, 19, 19, 19, 19, 107, 19, 51, 51, 19, 51, 107, 19, 126, 107, 19, 37, 19, 19, 19, 224, 224, 120, 130, 107, 19, 19, 178, 37, 37, 224, 19, 19, 55, 71, 107, 19, 107, 19, 37, 19, 19, 37, 19, 19, 19, 19, 120, 37, 3, 19, 19, 224, 151, 160, 19, 19, 19, 19, 19, 19, 107, 19, 19, 19, 19, 151, 19, 19, 19, 19, 19, 224, 37, 178, 224, 19, 19, 148, 187, 119, 17, 37, 224, 22, 224, 172, 107, 19, 151, 51, 19, 19, 19, 202, 37, 224, 213, 19, 107, 107, 107, 19, 107, 19, 159, 19, 19, 224, 19, 178, 172, 107, 107, 19, 19, 19, 19, 224, 224, 224, 178, 37, 19, 19, 107, 19, 19, 144, 37, 19, 19, 213, 224, 107, 19, 19, 19, 19, 19, 224, 145, 19, 107, 19, 197, 119, 19, 37, 19, 19, 107, 19, 106, 19, 192, 19, 37, 224, 224, 37, 162, 107, 107, 19, 19, 224, 107, 107, 107, 19, 37, 107, 17, 224, 19, 224, 36, 107, 19, 19, 113, 19, 224, 47, 179, 37, 19, 19, 224, 224, 178, 107, 19, 107, 151, 151, 224, 107, 19, 19, 19, 19, 159, 202, 72, 151, 224, 37, 107, 19, 107, 19, 224, 224, 66, 98, 19, 19, 19, 224, 19, 37, 19, 107, 37, 224, 77, 19, 19, 107, 107, 19, 37, 37, 19, 107, 224, 19, 224, 37, 15, 107, 19, 107, 19, 37, 19, 178, 70, 19, 107, 224, 19, 65, 57, 107, 14, 19, 224, 224, 19, 151, 19, 107, 19, 107, 37, 19, 197, 55, 19, 19, 107, 19, 107, 107, 107, 36, 107, 107, 107, 224, 37, 19, 52, 19, 37, 19, 19, 224, 51, 132, 178, 107, 107, 19, 107, 224, 37, 224, 107, 19, 19, 224, 19, 224, 107, 224, 19, 160, 224, 107, 37, 160, 160, 19, 19, 19, 107, 107, 107, 108, 224, 107, 224, 107, 19, 107, 55, 218, 51, 107, 37, 224, 224, 224, 151, 107, 19, 224, 148, 224, 224, 224, 107, 224, 19, 224, 85, 107, 94, 107, 94, 178, 107, 224, 19, 67, 19, 151, 224, 94, 224, 19, 19, 176, 37, 224, 19, 19, 224, 151, 151, 19, 224, 19, 224, 224, 224, 19, 19, 224, 19, 160, 178, 151, 89, 178, 151, 37, 151, 151, 151, 151, 151, 159, 151, 166, 203, 130, 151, 160, 72, 151, 37, 14, 203, 151, 151, 85, 192, 151, 151, 151, 139, 37, 221, 37, 94, 137, 94, 37, 94, 178, 94, 85, 85, 85, 72, 36, 37, 47, 37, 75, 30, 37, 33, 37, 28, 104, 37, 66, 91, 221, 37, 57, 37, 37, 16, 37, 37, 16, 178, 72, 171, 1, 47, 37, 37, 203, 47, 14, 37, 33, 151, 213, 37, 37, 37, 11, 37, 155, 70, 72, 37, 37, 44, 37, 30, 16, 72, 37, 158, 37, 203, 205, 78, 37, 88, 158, 119, 70, 37, 37, 151, 160, 46, 178, 37, 47, 72, 37, 85, 213, 137, 172, 37, 30, 37, 119, 37, 37, 37, 85, 37, 37, 148, 71, 37, 143, 72, 178, 37, 16, 37, 193, 37, 70, 37, 85, 37, 213, 37, 37, 158, 37, 37, 85, 37, 93, 78, 37, 37, 14, 37, 119, 203, 37, 37, 37, 32, 151, 155, 6, 178, 57, 154, 37, 37, 186, 37, 155, 37, 14, 37, 37, 37, 37, 151, 178, 148, 37, 190, 111, 213, 37, 167, 37, 137, 178, 85, 37, 85, 168, 94, 37, 178, 94, 37, 85, 104, 94, 37, 37, 14, 72, 37, 37, 28, 37, 75, 178, 37, 57, 37, 30, 37, 57, 151, 178, 36, 44, 205, 44, 37, 36, 151, 66, 37, 178, 44, 30, 37, 37, 37, 37, 178, 151, 37, 37, 37, 47, 178, 178, 78, 178, 178, 78, 70, 70, 33, 37, 37, 37, 37, 33, 178, 205, 71, 72, 151, 151, 71, 47, 178, 178, 37, 178, 178, 37, 178, 66, 151, 66, 37, 70, 178, 37, 151, 37, 72, 37, 37, 37, 7, 187, 190, 17, 37, 1, 178, 37, 36, 46, 72, 11, 72, 37, 47, 37, 151, 37, 37, 72, 37, 37, 37, 16, 160, 37, 37, 16, 37, 37, 14, 37, 178, 37, 16, 178, 79, 37, 47, 37, 46, 37, 37, 6, 16, 158, 32, 37, 158, 37, 37, 171, 37, 37, 16, 47, 47, 37, 46, 186, 37, 46, 37, 46, 37, 46, 178, 37, 37, 151, 47, 36, 148, 37, 37, 160, 37, 37, 148, 71, 155, 14, 37, 203, 213, 213, 178, 178, 213, 148, 37, 37, 151, 213, 213, 39, 37, 213, 143, 37, 37, 37, 203, 213, 37, 178, 37, 155, 172, 37, 37, 37, 203, 151, 151, 37, 91, 119, 37, 155, 37, 178, 37, 158, 221, 203, 166, 25, 37, 111, 37, 37, 151, 37, 155, 37, 37, 37, 14, 203, 119, 172, 93, 37, 155, 37, 71, 37, 79, 37, 37, 178, 37, 46, 178, 213, 168, 98, 23, 178, 14, 178, 37, 