{"Run": 2, "K": 289, "WCSSD": 2335.6344896436167, "Purity": 0.4677927283137704, "Time": 14.243539094924927, "Kmeans_Labels": [169, 96, 278, 189, 257, 8, 8, 42, 245, 8, 8, 229, 8, 231, 8, 8, 66, 98, 8, 33, 8, 8, 47, 231, 231, 98, 8, 98, 33, 116, 231, 8, 33, 98, 143, 8, 231, 231, 229, 231, 89, 231, 128, 15, 192, 8, 231, 243, 8, 108, 232, 256, 256, 8, 169, 68, 8, 98, 189, 189, 8, 98, 8, 128, 68, 271, 231, 96, 231, 68, 98, 243, 116, 243, 199, 8, 169, 8, 66, 92, 8, 216, 116, 145, 42, 8, 85, 35, 8, 8, 243, 8, 60, 108, 8, 8, 54, 8, 42, 143, 42, 199, 8, 278, 278, 225, 225, 278, 215, 199, 178, 116, 178, 231, 81, 199, 216, 8, 8, 101, 8, 243, 101, 243, 189, 101, 243, 189, 216, 229, 101, 101, 8, 8, 243, 33, 243, 243, 243, 243, 255, 189, 189, 33, 101, 101, 8, 8, 8, 189, 101, 31, 85, 33, 8, 101, 8, 8, 189, 8, 8, 101, 101, 8, 196, 101, 8, 136, 244, 85, 66, 8, 8, 256, 101, 190, 52, 124, 101, 8, 8, 204, 8, 8, 11, 272, 101, 8, 8, 170, 8, 255, 143, 101, 189, 161, 8, 77, 169, 81, 42, 47, 66, 52, 101, 72, 101, 42, 8, 8, 47, 8, 18, 42, 42, 101, 101, 81, 229, 236, 42, 8, 243, 229, 216, 101, 229, 81, 256, 101, 8, 8, 42, 8, 42, 229, 81, 33, 8, 8, 101, 8, 255, 223, 256, 42, 223, 8, 77, 101, 81, 81, 49, 101, 213, 47, 101, 161, 101, 81, 8, 169, 229, 189, 278, 8, 77, 278, 8, 81, 132, 225, 168, 161, 225, 8, 8, 8, 101, 278, 101, 169, 169, 8, 225, 225, 52, 278, 225, 216, 101, 225, 29, 178, 259, 225, 0, 225, 178, 169, 243, 225, 8, 0, 0, 225, 227, 225, 8, 178, 255, 169, 0, 0, 81, 169, 66, 178, 178, 8, 162, 178, 256, 178, 52, 70, 8, 169, 153, 223, 33, 101, 101, 169, 256, 169, 101, 169, 47, 101, 8, 8, 42, 77, 101, 216, 143, 101, 8, 143, 255, 256, 256, 229, 229, 169, 8, 244, 187, 26, 5, 243, 8, 26, 5, 255, 26, 76, 101, 8, 5, 5, 5, 101, 169, 101, 202, 101, 8, 66, 8, 169, 101, 128, 8, 256, 256, 98, 189, 169, 8, 8, 66, 256, 8, 243, 52, 28, 8, 15, 255, 250, 189, 8, 256, 7, 101, 189, 189, 8, 256, 8, 68, 85, 96, 8, 0, 77, 8, 233, 86, 189, 8, 8, 15, 137, 265, 169, 187, 26, 5, 128, 243, 85, 8, 216, 216, 33, 33, 8, 189, 8, 270, 270, 81, 81, 178, 178, 256, 178, 229, 229, 248, 15, 229, 5, 5, 8, 26, 26, 8, 8, 8, 68, 68, 128, 128, 128, 189, 103, 103, 68, 189, 57, 28, 255, 8, 116, 8, 8, 42, 42, 8, 81, 81, 8, 8, 194, 194, 73, 31, 8, 95, 95, 8, 87, 8, 31, 31, 8, 42, 8, 255, 36, 36, 265, 108, 108, 116, 278, 278, 8, 8, 8, 143, 143, 8, 278, 8, 189, 278, 169, 278, 278, 278, 278, 169, 116, 189, 284, 284, 225, 116, 116, 0, 0, 12, 12, 81, 229, 178, 0, 0, 81, 81, 8, 8, 284, 284, 284, 284, 223, 223, 284, 284, 8, 31, 31, 31, 31, 179, 24, 255, 255, 229, 8, 8, 229, 229, 8, 8, 8, 8, 8, 62, 8, 8, 255, 143, 164, 164, 143, 143, 33, 143, 143, 8, 8, 256, 26, 26, 31, 139, 31, 8, 8, 147, 147, 26, 26, 5, 5, 26, 26, 26, 26, 8, 5, 5, 26, 26, 26, 26, 91, 147, 5, 5, 5, 143, 243, 28, 8, 143, 21, 21, 159, 21, 21, 21, 21, 21, 198, 229, 81, 21, 21, 21, 231, 21, 21, 165, 21, 256, 21, 21, 21, 21, 52, 243, 15, 8, 26, 128, 128, 66, 66, 68, 68, 54, 169, 68, 68, 54, 8, 8, 8, 57, 8, 189, 15, 52, 189, 8, 8, 8, 150, 15, 8, 81, 66, 71, 71, 8, 116, 116, 116, 243, 68, 66, 8, 68, 8, 8, 8, 108, 35, 108, 125, 125, 15, 108, 8, 8, 73, 108, 81, 14, 108, 8, 108, 108, 108, 243, 122, 108, 122, 8, 36, 108, 108, 35, 63, 36, 36, 108, 223, 108, 123, 8, 8, 278, 255, 278, 8, 0, 278, 8, 178, 278, 278, 8, 284, 178, 278, 284, 284, 284, 284, 284, 116, 154, 169, 78, 178, 116, 116, 8, 178, 116, 284, 178, 116, 178, 8, 31, 178, 178, 178, 247, 243, 178, 178, 178, 284, 284, 284, 178, 284, 178, 284, 284, 284, 284, 284, 178, 284, 40, 229, 284, 223, 223, 8, 223, 178, 178, 6, 31, 223, 223, 223, 6, 8, 8, 31, 178, 178, 284, 178, 98, 98, 178, 8, 8, 285, 8, 8, 46, 255, 8, 8, 143, 246, 246, 55, 55, 8, 223, 46, 169, 20, 256, 8, 155, 155, 8, 8, 8, 256, 8, 8, 8, 8, 5, 5, 5, 8, 26, 26, 26, 147, 280, 5, 26, 66, 26, 5, 5, 243, 5, 5, 143, 26, 3, 3, 220, 5, 5, 5, 8, 8, 258, 268, 26, 8, 199, 284, 284, 8, 5, 33, 8, 68, 8, 243, 68, 33, 68, 190, 8, 8, 8, 8, 139, 8, 8, 35, 8, 35, 8, 30, 66, 114, 178, 0, 178, 284, 178, 256, 8, 66, 66, 66, 53, 216, 189, 33, 39, 66, 8, 244, 98, 256, 8, 169, 178, 5, 169, 178, 243, 8, 158, 81, 158, 105, 229, 197, 105, 15, 105, 105, 158, 158, 5, 53, 158, 53, 143, 53, 158, 53, 53, 143, 53, 53, 53, 53, 105, 216, 53, 105, 53, 144, 53, 53, 143, 53, 158, 105, 53, 53, 53, 53, 105, 53, 143, 143, 53, 105, 105, 53, 53, 105, 53, 8, 53, 53, 53, 158, 158, 243, 216, 105, 53, 53, 216, 148, 8, 158, 158, 53, 8, 52, 105, 53, 105, 53, 8, 50, 53, 8, 53, 141, 53, 53, 8, 8, 149, 53, 53, 158, 256, 33, 53, 53, 53, 53, 53, 53, 105, 53, 211, 119, 53, 229, 53, 53, 53, 53, 53, 158, 8, 216, 158, 53, 53, 271, 8, 8, 124, 8, 158, 53, 239, 128, 105, 53, 256, 105, 53, 53, 53, 53, 98, 158, 28, 53, 105, 105, 105, 53, 105, 106, 8, 53, 53, 158, 53, 8, 128, 105, 105, 53, 53, 53, 53, 158, 158, 173, 256, 8, 53, 53, 105, 262, 53, 124, 8, 53, 53, 28, 158, 105, 53, 53, 53, 53, 53, 158, 158, 53, 105, 53, 255, 8, 53, 8, 53, 31, 105, 53, 53, 53, 231, 53, 243, 158, 158, 8, 8, 105, 105, 53, 144, 158, 105, 105, 105, 53, 243, 105, 186, 158, 53, 158, 15, 105, 53, 53, 170, 53, 173, 81, 53, 8, 53, 53, 158, 158, 8, 105, 163, 105, 229, 216, 158, 105, 53, 53, 53, 53, 8, 35, 229, 143, 158, 143, 105, 53, 105, 53, 158, 158, 30, 256, 53, 53, 53, 158, 53, 229, 53, 105, 8, 158, 158, 53, 53, 105, 105, 53, 243, 243, 53, 105, 158, 53, 158, 8, 278, 105, 53, 140, 53, 191, 53, 216, 53, 53, 105, 158, 53, 105, 169, 105, 66, 240, 158, 158, 53, 256, 53, 105, 53, 105, 8, 158, 256, 8, 53, 53, 105, 53, 105, 105, 105, 15, 105, 105, 105, 158, 8, 53, 158, 244, 35, 53, 53, 158, 105, 53, 216, 105, 105, 53, 205, 158, 143, 158, 105, 53, 53, 158, 53, 218, 105, 158, 53, 33, 158, 105, 169, 33, 275, 53, 53, 53, 105, 105, 105, 158, 158, 105, 158, 105, 53, 105, 256, 158, 105, 105, 8, 158, 158, 158, 229, 105, 53, 158, 271, 158, 158, 158, 105, 158, 53, 158, 26, 105, 5, 140, 5, 216, 105, 158, 53, 53, 53, 8, 158, 5, 158, 53, 53, 158, 8, 158, 53, 53, 158, 216, 229, 53, 158, 53, 158, 158, 158, 53, 242, 158, 53, 33, 143, 256, 216, 256, 256, 8, 256, 256, 256, 256, 256, 216, 256, 8, 189, 216, 256, 33, 229, 256, 8, 66, 189, 256, 256, 26, 8, 216, 216, 216, 8, 8, 8, 8, 5, 22, 26, 9, 127, 243, 5, 26, 5, 26, 229, 15, 96, 81, 8, 46, 6, 8, 0, 8, 143, 8, 8, 30, 143, 189, 8, 169, 8, 8, 8, 267, 8, 194, 169, 81, 8, 278, 81, 8, 178, 189, 12, 8, 98, 0, 8, 59, 278, 243, 243, 229, 8, 152, 278, 81, 8, 8, 284, 98, 178, 71, 81, 8, 68, 8, 189, 15, 284, 35, 223, 68, 8, 278, 156, 116, 129, 33, 87, 243, 246, 81, 229, 8, 147, 28, 22, 128, 109, 178, 8, 8, 8, 256, 8, 26, 8, 8, 271, 52, 8, 28, 229, 11, 13, 273, 243, 15, 8, 225, 8, 26, 8, 243, 243, 8, 68, 8, 243, 26, 8, 169, 284, 143, 81, 98, 243, 8, 189, 243, 243, 98, 255, 256, 255, 8, 31, 169, 187, 8, 35, 8, 96, 255, 243, 66, 8, 243, 8, 8, 213, 216, 99, 8, 252, 8, 28, 143, 243, 8, 22, 138, 26, 243, 5, 178, 127, 8, 169, 5, 8, 26, 8, 26, 8, 156, 8, 229, 8, 8, 143, 8, 46, 31, 109, 169, 8, 6, 267, 169, 213, 8, 217, 178, 283, 284, 143, 15, 82, 30, 8, 216, 284, 178, 98, 98, 267, 256, 216, 143, 8, 178, 8, 12, 256, 216, 284, 216, 216, 284, 278, 278, 0, 8, 8, 8, 278, 0, 216, 15, 52, 81, 143, 256, 52, 225, 8, 216, 8, 8, 243, 156, 216, 30, 143, 216, 256, 225, 216, 8, 256, 243, 229, 8, 8, 223, 229, 98, 252, 94, 35, 278, 216, 8, 15, 87, 229, 229, 81, 8, 81, 243, 256, 35, 8, 81, 8, 243, 8, 194, 33, 98, 8, 108, 8, 243, 98, 8, 31, 8, 8, 216, 81, 8, 98, 8, 87, 8, 8, 8, 273, 68, 255, 98, 68, 243, 8, 8, 243, 116, 71, 81, 81, 256, 120, 8, 8, 87, 81, 87, 190, 87, 216, 244, 8, 256, 98, 8, 1, 8, 8, 33, 243, 98, 271, 98, 152, 66, 243, 58, 28, 17, 143, 256, 59, 271, 13, 98, 129, 28, 269, 216, 143, 243, 28, 96, 243, 8, 189, 28, 8, 136, 143, 255, 128, 156, 98, 243, 189, 129, 256, 8, 143, 8, 8, 69, 8, 8, 143, 68, 189, 189, 243, 33, 256, 8, 8, 8, 8, 98, 256, 8, 212, 243, 8, 189, 8, 128, 169, 8, 255, 98, 52, 8, 81, 8, 65, 216, 8, 120, 216, 269, 178, 131, 126, 216, 66, 216, 8, 128, 143, 8, 31, 17, 8, 1, 256, 87, 229, 52, 8, 267, 256, 151, 190, 30, 156, 256, 167, 186, 263, 8, 8, 156, 189, 128, 229, 230, 8, 9, 229, 8, 65, 8, 5, 8, 26, 22, 5, 5, 107, 38, 5, 107,