{"Run": 9, "K": 289, "WCSSD": 2370.8988540482596, "Purity": 0.35995505669716993, "Time": 14.692212104797363, "Kmeans_Labels": [2, 178, 261, 2, 2, 2, 178, 166, 178, 2, 2, 11, 94, 94, 149, 97, 2, 191, 2, 2, 2, 2, 29, 94, 94, 191, 2, 191, 209, 2, 94, 2, 209, 143, 2, 252, 94, 94, 11, 94, 2, 185, 89, 248, 94, 214, 94, 2, 258, 2, 91, 252, 252, 252, 137, 211, 262, 28, 137, 241, 2, 191, 2, 89, 211, 115, 94, 178, 240, 211, 191, 2, 2, 137, 29, 2, 2, 2, 2, 2, 2, 2, 2, 191, 166, 2, 137, 231, 2, 2, 2, 2, 211, 2, 2, 185, 2, 2, 166, 2, 166, 29, 2, 150, 150, 185, 185, 150, 2, 29, 184, 184, 184, 94, 2, 29, 168, 2, 2, 68, 2, 2, 45, 2, 103, 45, 2, 2, 283, 168, 45, 45, 172, 2, 2, 209, 2, 2, 2, 2, 111, 13, 137, 209, 45, 45, 2, 2, 2, 2, 45, 98, 162, 209, 2, 45, 2, 2, 2, 258, 2, 45, 45, 102, 185, 45, 137, 252, 252, 162, 45, 2, 2, 252, 45, 2, 212, 36, 45, 2, 91, 252, 2, 2, 118, 2, 45, 2, 2, 252, 252, 111, 251, 45, 2, 123, 2, 257, 2, 2, 166, 2, 261, 124, 45, 166, 45, 166, 137, 246, 2, 2, 166, 166, 166, 45, 45, 247, 11, 111, 166, 29, 2, 11, 29, 45, 2, 11, 252, 45, 2, 2, 166, 2, 166, 33, 2, 209, 195, 267, 45, 105, 83, 166, 252, 166, 2, 2, 257, 45, 185, 185, 148, 45, 2, 2, 45, 123, 45, 2, 2, 2, 11, 261, 150, 2, 257, 150, 2, 2, 2, 185, 252, 123, 185, 116, 168, 116, 45, 150, 45, 185, 67, 2, 185, 185, 23, 150, 185, 283, 45, 185, 252, 285, 2, 185, 2, 185, 150, 252, 2, 185, 2, 2, 11, 185, 185, 185, 185, 184, 111, 67, 11, 2, 53, 67, 168, 184, 185, 252, 182, 53, 252, 184, 274, 11, 2, 51, 111, 182, 209, 45, 45, 2, 252, 2, 45, 2, 191, 45, 2, 2, 166, 257, 45, 252, 2, 45, 2, 168, 111, 252, 252, 2, 11, 2, 64, 252, 14, 239, 239, 2, 2, 239, 239, 111, 114, 239, 45, 2, 239, 239, 114, 45, 114, 45, 45, 45, 2, 2, 252, 168, 45, 89, 168, 252, 252, 191, 276, 2, 2, 258, 261, 252, 2, 2, 124, 51, 2, 45, 111, 2, 57, 2, 252, 111, 45, 2, 2, 2, 261, 168, 211, 137, 178, 2, 185, 257, 137, 45, 137, 2, 137, 2, 2, 150, 2, 184, 14, 239, 239, 89, 2, 137, 71, 168, 168, 209, 209, 2, 2, 2, 98, 98, 2, 2, 184, 184, 2, 184, 11, 11, 184, 248, 252, 239, 239, 2, 239, 239, 2, 2, 168, 211, 211, 209, 89, 89, 211, 211, 211, 211, 2, 211, 51, 139, 2, 2, 2, 2, 166, 166, 2, 2, 2, 5, 5, 2, 2, 2, 98, 2, 2, 2, 2, 26, 2, 98, 98, 2, 166, 2, 111, 108, 108, 2, 2, 2, 150, 261, 261, 2, 261, 261, 2, 2, 2, 284, 2, 2, 217, 252, 150, 217, 217, 150, 252, 2, 2, 184, 184, 185, 184, 184, 2, 2, 184, 184, 62, 11, 184, 185, 185, 184, 184, 2, 2, 184, 184, 265, 265, 150, 150, 184, 184, 2, 98, 98, 98, 98, 51, 2, 125, 125, 11, 2, 2, 11, 11, 2, 2, 2, 2, 2, 2, 2, 2, 111, 2, 2, 2, 2, 2, 209, 2, 227, 2, 2, 2, 239, 239, 98, 2, 98, 2, 2, 114, 114, 164, 164, 2, 2, 239, 239, 136, 136, 2, 93, 93, 114, 114, 114, 114, 70, 278, 239, 239, 239, 2, 233, 51, 158, 137, 161, 161, 281, 161, 161, 219, 161, 161, 161, 11, 11, 161, 161, 161, 94, 161, 161, 161, 161, 168, 198, 161, 161, 161, 124, 2, 248, 2, 239, 89, 89, 211, 211, 211, 211, 2, 67, 211, 211, 168, 2, 2, 2, 211, 2, 13, 248, 124, 2, 2, 2, 2, 36, 2, 82, 2, 178, 2, 2, 2, 2, 2, 2, 2, 211, 2, 2, 211, 2, 2, 2, 2, 231, 255, 2, 2, 231, 194, 2, 2, 2, 2, 2, 2, 2, 2, 2, 2, 2, 2, 2, 2, 2, 2, 108, 2, 2, 231, 2, 108, 108, 2, 2, 2, 2, 2, 2, 150, 111, 150, 2, 150, 150, 2, 182, 150, 150, 150, 256, 173, 150, 182, 256, 256, 182, 184, 2, 184, 150, 184, 184, 184, 150, 2, 184, 150, 184, 184, 184, 184, 2, 98, 184, 184, 184, 168, 168, 182, 182, 182, 184, 265, 269, 184, 269, 184, 112, 184, 138, 182, 182, 182, 182, 182, 132, 182, 182, 182, 2, 182, 182, 182, 277, 98, 16, 16, 16, 16, 2, 2, 98, 182, 182, 182, 182, 191, 191, 182, 2, 261, 168, 261, 2, 2, 111, 2, 2, 2, 2, 2, 184, 184, 2, 182, 182, 111, 2, 2, 2, 2, 2, 165, 2, 2, 2, 52, 52, 2, 2, 239, 25, 25, 2, 164, 239, 239, 114, 124, 239, 114, 2, 239, 239, 239, 2, 239, 239, 2, 239, 2, 2, 2, 93, 239, 239, 184, 2, 184, 239, 114, 2, 29, 2, 2, 2, 239, 209, 2, 211, 207, 2, 211, 209, 211, 2, 275, 2, 2, 2, 2, 2, 2, 231, 2, 231, 261, 119, 49, 2, 184, 150, 184, 168, 2, 252, 190, 2, 2, 2, 12, 137, 2, 209, 2, 2, 2, 168, 191, 252, 271, 182, 141, 239, 182, 141, 2, 2, 242, 2, 8, 120, 244, 150, 120, 248, 120, 120, 8, 8, 239, 54, 8, 12, 195, 12, 12, 12, 12, 168, 12, 12, 12, 12, 120, 244, 12, 120, 12, 12, 12, 12, 168, 12, 242, 120, 210, 12, 12, 12, 120, 12, 168, 168, 12, 120, 120, 12, 12, 120, 226, 2, 223, 12, 12, 203, 8, 2, 283, 47, 12, 12, 2, 147, 2, 242, 12, 12, 168, 124, 120, 12, 120, 12, 2, 213, 12, 2, 12, 12, 12, 12, 2, 2, 12, 12, 12, 8, 252, 209, 12, 12, 128, 12, 12, 12, 120, 12, 12, 12, 12, 252, 12, 12, 12, 12, 175, 8, 178, 168, 8, 12, 12, 115, 2, 2, 36, 2, 8, 12, 8, 89, 120, 12, 244, 120, 12, 12, 12, 20, 191, 8, 51, 205, 120, 232, 120, 263, 120, 12, 251, 12, 12, 8, 12, 29, 2, 120, 120, 12, 12, 12, 12, 8, 242, 8, 69, 2, 12, 12, 120, 12, 12, 36, 2, 12, 12, 51, 8, 120, 12, 12, 12, 12, 12, 8, 8, 12, 46, 12, 111, 2, 12, 2, 12, 31, 120, 12, 12, 12, 94, 12, 29, 8, 8, 2, 2, 120, 120, 12, 12, 8, 120, 120, 120, 12, 2, 120, 9, 242, 12, 8, 168, 120, 76, 12, 252, 12, 8, 2, 12, 2, 12, 12, 8, 8, 2, 56, 12, 120, 252, 252, 8, 120, 238, 12, 20, 12, 251, 231, 127, 132, 8, 168, 201, 242, 137, 12, 8, 8, 2, 168, 12, 12, 12, 8, 12, 244, 12, 120, 261, 8, 8, 12, 12, 120, 120, 12, 2, 2, 12, 120, 8, 12, 8, 2, 150, 120, 12, 106, 12, 149, 12, 154, 150, 12, 120, 8, 12, 120, 186, 120, 252, 12, 65, 8, 12, 252, 12, 120, 12, 120, 2, 12, 252, 168, 12, 12, 120, 55, 120, 120, 120, 248, 99, 120, 120, 8, 2, 12, 8, 12, 231, 12, 12, 8, 120, 12, 113, 120, 120, 12, 120, 8, 168, 8, 120, 156, 12, 8, 12, 8, 120, 8, 12, 228, 8, 120, 4, 209, 224, 12, 12, 12, 120, 120, 120, 8, 8, 120, 8, 120, 12, 120, 168, 8, 120, 120, 243, 12, 215, 8, 2, 120, 12, 8, 115, 8, 12, 8, 120, 8, 12, 215, 239, 106, 239, 106, 236, 154, 120, 8, 12, 12, 54, 252, 8, 176, 8, 12, 12, 260, 2, 8, 12, 12, 238, 252, 252, 12, 8, 12, 8, 8, 8, 12, 12, 8, 12, 209, 88, 252, 252, 252, 252, 2, 252, 252, 252, 252, 252, 251, 252, 174, 2, 283, 252, 42, 11, 252, 2, 230, 150, 252, 252, 48, 137, 29, 29, 29, 271, 2, 2, 2, 239, 84, 239, 14, 239, 2, 114, 239, 114, 239, 11, 252, 178, 2, 2, 2, 16, 2, 2, 2, 2, 272, 114, 135, 252, 2, 2, 2, 30, 185, 2, 2, 2, 2, 114, 11, 2, 150, 2, 2, 184, 261, 184, 2, 137, 150, 2, 51, 284, 2, 2, 11, 2, 63, 150, 11, 2, 2, 184, 177, 2, 2, 11, 2, 211, 2, 2, 248, 2, 231, 182, 211, 2, 150, 2, 2, 178, 209, 26, 168, 2, 2, 11, 129, 114, 169, 84, 89, 287, 184, 2, 2, 2, 252, 2, 239, 2, 2, 115, 124, 2, 51, 11, 187, 288, 2, 208, 248, 2, 185, 2, 192, 2, 261, 2, 2, 180, 2, 168, 164, 40, 67, 184, 29, 2, 191, 2, 2, 2, 2, 2, 191, 111, 252, 111, 2, 98, 2, 14, 2, 231, 2, 178, 111, 2, 2, 2, 2, 2, 2, 168, 252, 115, 2, 2, 2, 51, 168, 2, 2, 84, 168, 239, 2, 114, 184, 239, 2, 114, 114, 114, 164, 272, 239, 2, 2, 2, 11, 2, 2, 2, 2, 2, 98, 287, 2, 2, 16, 2, 2, 168, 132, 248, 184, 248, 184, 29, 252, 168, 119, 40, 235, 184, 2, 191, 137, 2, 168, 235, 88, 2, 184, 30, 184, 252, 235, 2, 79, 168, 184, 150, 150, 150, 185, 261, 2, 284, 2, 235, 248, 121, 11, 2, 168, 124, 185, 101, 235, 168, 168, 168, 2, 168, 135, 88, 206, 252, 185, 195, 2, 252, 2, 11, 2, 2, 2, 11, 191, 2, 36, 231, 150, 250, 2, 2, 26, 11, 11, 11, 2, 2, 2, 2, 231, 2, 11, 2, 2, 2, 2, 209, 177, 2, 2, 2, 2, 191, 2, 98, 2, 2, 235, 58, 132, 191, 2, 26, 2, 2, 2, 2, 211, 111, 191, 211, 168, 2, 2, 2, 2, 2, 2, 2, 252, 26, 2, 2, 26, 2, 26, 252, 26, 252, 252, 2, 252, 191, 2, 115, 2, 2, 266, 2, 191, 115, 191, 63, 2, 2, 261, 51, 51, 168, 178, 51, 115, 288, 191, 252, 51, 51, 168, 29, 261, 51, 178, 2, 2, 2, 169, 218, 252, 252, 111, 89, 2, 191, 2, 2, 178, 252, 2, 252, 2, 129, 81, 2, 195, 168, 180, 2, 261, 174, 209, 252, 2, 2, 2, 2, 191, 19, 2, 191, 261, 207, 2, 2, 89, 67, 2, 111, 191, 124, 2, 58, 261, 132, 250, 2, 26, 168, 51, 184, 168, 22, 168, 124, 168, 2, 89, 29, 132, 98, 51, 2, 115, 252, 26, 2, 2, 2, 2, 252, 211, 252, 261, 2, 2, 168, 2, 132, 261, 168, 2, 13, 89, 2, 211, 2, 14, 2, 2, 132, 2, 239, 2, 192, 84, 239, 239, 88, 202, 236, 114, 50, 166, 50, 239, 279, 239, 2, 279, 50, 29, 29, 268, 261, 239, 2, 279, 166, 50, 11, 50, 114, 50, 279, 184, 50, 124, 50, 279, 35, 2, 279, 252, 50, 184, 239, 2, 70, 239, 50, 50, 184, 211, 11, 279, 2, 182, 279, 252, 100, 50,