{"Run": 1, "K": 399, "WCSSD": 2201.173625600928, "Purity": 0.48726023475522473, "Time": 21.83778190612793, "Kmeans_Labels": [242, 25, 16, 231, 16, 83, 25, 18, 25, 50, 16, 321, 16, 309, 267, 16, 16, 157, 264, 205, 201, 16, 288, 16, 174, 157, 342, 157, 90, 16, 92, 16, 90, 161, 83, 16, 321, 65, 321, 309, 264, 174, 304, 13, 309, 337, 174, 264, 16, 16, 218, 342, 342, 337, 242, 16, 264, 157, 231, 231, 264, 157, 16, 310, 16, 85, 174, 25, 309, 25, 170, 249, 16, 177, 78, 16, 242, 16, 384, 16, 268, 16, 347, 157, 18, 16, 395, 293, 16, 16, 16, 37, 213, 213, 89, 201, 201, 16, 18, 337, 18, 78, 16, 87, 87, 374, 254, 87, 16, 17, 220, 220, 220, 240, 242, 80, 366, 268, 342, 166, 16, 342, 166, 231, 231, 166, 342, 231, 268, 201, 166, 166, 201, 16, 297, 205, 178, 16, 16, 342, 55, 231, 188, 90, 166, 166, 16, 178, 16, 231, 166, 67, 177, 143, 16, 166, 350, 16, 231, 16, 16, 166, 166, 16, 16, 166, 177, 318, 91, 177, 166, 16, 16, 342, 100, 264, 29, 304, 166, 16, 340, 83, 16, 16, 166, 201, 367, 342, 16, 201, 16, 55, 342, 166, 231, 231, 16, 83, 104, 50, 3, 288, 165, 310, 166, 154, 166, 64, 177, 16, 288, 16, 18, 18, 191, 166, 166, 50, 321, 55, 18, 319, 16, 321, 61, 38, 16, 321, 342, 166, 16, 72, 18, 16, 18, 72, 50, 90, 16, 178, 166, 268, 55, 18, 342, 18, 16, 16, 83, 166, 374, 374, 16, 290, 297, 288, 152, 342, 166, 16, 342, 242, 321, 16, 87, 16, 83, 87, 264, 310, 268, 374, 381, 16, 374, 172, 342, 172, 166, 87, 166, 242, 242, 163, 70, 374, 310, 87, 12, 268, 166, 374, 16, 220, 16, 374, 16, 374, 220, 264, 16, 36, 16, 338, 60, 374, 374, 374, 374, 220, 55, 242, 16, 16, 50, 242, 28, 220, 220, 205, 220, 220, 342, 220, 310, 321, 16, 242, 55, 242, 90, 166, 166, 242, 342, 142, 166, 242, 288, 166, 57, 28, 55, 83, 166, 355, 337, 166, 16, 337, 378, 342, 342, 277, 321, 337, 16, 265, 386, 88, 88, 16, 256, 88, 337, 55, 88, 88, 166, 16, 88, 88, 88, 166, 338, 166, 166, 166, 342, 165, 342, 342, 166, 16, 16, 342, 342, 364, 231, 201, 16, 380, 165, 297, 304, 174, 205, 136, 16, 13, 55, 201, 231, 86, 201, 55, 166, 231, 231, 16, 117, 16, 178, 177, 25, 16, 374, 83, 177, 166, 177, 16, 177, 16, 15, 87, 16, 220, 228, 88, 88, 304, 28, 177, 16, 232, 232, 90, 90, 178, 231, 16, 299, 299, 50, 50, 220, 220, 268, 220, 321, 321, 148, 197, 205, 337, 337, 16, 88, 88, 16, 16, 16, 16, 16, 90, 304, 304, 231, 16, 16, 16, 231, 205, 136, 55, 16, 83, 213, 213, 18, 18, 16, 213, 213, 16, 16, 360, 360, 360, 67, 16, 16, 16, 340, 68, 337, 346, 346, 337, 18, 290, 55, 155, 155, 16, 213, 213, 87, 16, 16, 16, 16, 16, 16, 16, 16, 16, 16, 231, 87, 264, 87, 87, 87, 87, 264, 16, 231, 266, 266, 374, 220, 220, 16, 16, 220, 220, 220, 60, 220, 374, 374, 220, 220, 297, 297, 220, 220, 390, 390, 87, 87, 236, 220, 232, 67, 67, 67, 67, 136, 178, 55, 55, 321, 16, 16, 321, 321, 16, 16, 16, 16, 370, 16, 337, 337, 55, 337, 337, 337, 378, 378, 264, 337, 337, 337, 337, 268, 88, 88, 67, 16, 67, 337, 337, 263, 263, 345, 345, 304, 304, 375, 375, 181, 181, 16, 94, 94, 181, 181, 345, 345, 338, 88, 88, 88, 88, 232, 16, 136, 352, 177, 76, 76, 76, 76, 349, 115, 76, 76, 76, 321, 321, 76, 76, 76, 309, 76, 76, 76, 221, 178, 76, 312, 76, 76, 310, 16, 13, 16, 88, 304, 304, 165, 165, 56, 56, 342, 242, 260, 260, 342, 16, 35, 16, 205, 16, 326, 13, 310, 231, 16, 72, 72, 304, 13, 83, 231, 165, 385, 385, 16, 385, 385, 16, 16, 213, 165, 16, 213, 245, 16, 16, 213, 293, 213, 99, 99, 13, 213, 304, 340, 360, 213, 50, 213, 16, 304, 213, 213, 340, 340, 213, 213, 213, 16, 155, 213, 213, 293, 16, 155, 155, 213, 16, 213, 81, 16, 16, 87, 192, 87, 16, 87, 87, 16, 220, 87, 87, 16, 266, 220, 87, 48, 8, 8, 48, 220, 16, 81, 242, 223, 220, 220, 87, 224, 220, 220, 242, 220, 242, 220, 201, 30, 306, 220, 82, 178, 16, 220, 220, 220, 110, 390, 153, 220, 390, 220, 264, 110, 110, 298, 302, 220, 110, 220, 77, 302, 16, 220, 16, 242, 220, 220, 195, 196, 363, 363, 363, 195, 16, 16, 196, 219, 219, 302, 220, 343, 343, 220, 219, 371, 28, 371, 337, 16, 55, 337, 337, 337, 337, 337, 217, 217, 337, 337, 16, 55, 16, 268, 16, 382, 382, 337, 295, 295, 179, 129, 129, 146, 146, 88, 88, 88, 338, 345, 88, 368, 345, 310, 88, 375, 165, 88, 88, 88, 182, 88, 88, 16, 88, 292, 292, 338, 94, 88, 88, 338, 16, 220, 88, 345, 28, 78, 324, 324, 324, 88, 205, 264, 16, 16, 83, 178, 205, 16, 264, 16, 16, 16, 342, 16, 16, 16, 293, 16, 293, 16, 387, 165, 51, 220, 87, 220, 48, 72, 297, 337, 296, 165, 296, 320, 79, 231, 90, 16, 165, 342, 91, 157, 342, 16, 242, 220, 356, 242, 220, 16, 26, 58, 50, 284, 164, 297, 87, 164, 13, 164, 24, 284, 284, 88, 320, 284, 362, 232, 320, 320, 320, 320, 183, 320, 320, 320, 320, 164, 297, 320, 164, 320, 320, 320, 234, 234, 250, 262, 164, 320, 320, 320, 320, 164, 320, 234, 234, 320, 164, 164, 320, 320, 164, 320, 111, 320, 320, 320, 128, 284, 16, 268, 164, 320, 320, 340, 297, 16, 58, 284, 320, 83, 310, 164, 320, 164, 320, 341, 27, 27, 16, 27, 320, 320, 27, 16, 16, 320, 320, 27, 284, 28, 205, 174, 27, 320, 320, 27, 320, 164, 320, 320, 320, 320, 268, 320, 320, 171, 362, 362, 284, 25, 28, 284, 320, 320, 85, 232, 16, 41, 16, 284, 320, 284, 304, 164, 320, 297, 164, 320, 320, 320, 320, 157, 284, 136, 27, 164, 164, 164, 320, 164, 34, 342, 320, 320, 284, 320, 16, 63, 281, 164, 320, 320, 320, 320, 284, 58, 293, 201, 83, 320, 320, 164, 320, 27, 304, 26, 320, 280, 136, 284, 164, 320, 27, 394, 320, 320, 284, 284, 320, 164, 320, 55, 16, 75, 16, 320, 67, 164, 320, 27, 320, 174, 320, 16, 284, 5, 43, 81, 164, 164, 320, 320, 344, 164, 164, 164, 259, 16, 164, 41, 58, 320, 284, 276, 311, 320, 320, 201, 320, 284, 50, 320, 16, 320, 320, 284, 284, 297, 164, 320, 164, 268, 297, 284, 164, 234, 320, 320, 362, 342, 293, 164, 232, 284, 264, 164, 320, 268, 320, 284, 284, 387, 183, 27, 320, 320, 284, 320, 297, 320, 164, 16, 284, 284, 320, 320, 164, 339, 320, 16, 294, 320, 164, 344, 320, 284, 315, 87, 257, 320, 251, 320, 16, 320, 297, 87, 320, 164, 284, 320, 164, 242, 101, 165, 320, 284, 284, 396, 238, 320, 164, 320, 164, 337, 286, 178, 83, 320, 320, 164, 320, 164, 164, 164, 13, 164, 164, 164, 5, 16, 238, 284, 91, 293, 320, 320, 284, 164, 320, 297, 164, 164, 320, 164, 284, 297, 284, 164, 320, 320, 284, 320, 284, 164, 284, 211, 5, 5, 164, 16, 90, 90, 320, 320, 320, 66, 164, 164, 284, 284, 164, 284, 164, 320, 164, 83, 284, 24, 222, 16, 284, 284, 284, 238, 164, 320, 284, 85, 284, 284, 284, 344, 198, 320, 284, 88, 251, 88, 251, 33, 297, 164, 270, 320, 320, 320, 342, 284, 88, 27, 27, 320, 138, 338, 238, 320, 27, 284, 297, 268, 320, 284, 320, 284, 284, 27, 362, 320, 284, 320, 90, 122, 342, 16, 318, 342, 268, 342, 342, 342, 342, 83, 342, 342, 334, 231, 268, 342, 16, 321, 342, 16, 72, 231, 342, 342, 88, 177, 61, 61, 61, 16, 16, 16, 28, 88, 243, 88, 185, 88, 337, 84, 88, 345, 88, 321, 13, 25, 272, 16, 16, 195, 337, 59, 16, 337, 330, 338, 387, 232, 327, 16, 242, 16, 16, 16, 337, 194, 360, 338, 321, 275, 87, 127, 16, 220, 353, 220, 28, 177, 87, 16, 159, 16, 16, 16, 321, 373, 55, 87, 321, 16, 16, 153, 157, 72, 388, 321, 28, 16, 290, 231, 13, 16, 293, 220, 213, 16, 87, 46, 16, 25, 90, 68, 28, 337, 347, 321, 16, 345, 136, 243, 304, 16, 190, 16, 16, 126, 201, 16, 324, 176, 16, 85, 310, 16, 136, 321, 72, 16, 213, 287, 13, 289, 374, 16, 181, 186, 391, 359, 232, 16, 16, 16, 345, 16, 242, 379, 158, 16, 157, 16, 178, 231, 16, 204, 162, 55, 83, 55, 297, 67, 242, 386, 72, 293, 310, 25, 55, 338, 16, 46, 16, 178, 297, 297, 297, 85, 16, 16, 332, 136, 16, 201, 16, 243, 232, 324, 338, 345, 220, 88, 46, 338, 84, 338, 345, 330, 88, 16, 46, 28, 321, 120, 178, 337, 16, 16, 283, 16, 242, 16, 195, 337, 242, 297, 232, 103, 220, 13, 390, 28, 13, 232, 387, 16, 232, 153, 72, 354, 177, 337, 297, 232, 123, 16, 220, 16, 220, 28, 232, 16, 232, 28, 379, 87, 87, 87, 16, 16, 232, 16, 59, 232, 13, 310, 321, 83, 201, 310, 374, 201, 384, 199, 232, 28, 46, 232, 387, 123, 232, 16, 374, 72, 289, 342, 16, 321, 290, 264, 39, 321, 157, 16, 304, 293, 87, 28, 16, 13, 68, 321, 321, 321, 337, 272, 16, 28, 293, 72, 321, 72, 16, 373, 360, 90, 157, 338, 213, 16, 16, 157, 16, 67, 16, 16, 232, 50, 232, 157, 16, 258, 16, 16, 297, 213, 213, 55, 157, 16, 180, 16, 275, 16, 16, 388, 347, 127, 