{"Run": 10, "K": 531, "WCSSD": 2062.9753871021453, "Purity": 0.4320730912178107, "Time": 30.81109094619751, "Kmeans_Labels": [438, 116, 31, 87, 31, 31, 116, 183, 116, 31, 31, 461, 31, 51, 31, 308, 31, 134, 248, 204, 248, 31, 169, 51, 226, 134, 248, 274, 191, 284, 226, 248, 191, 134, 248, 171, 51, 114, 54, 51, 248, 93, 36, 342, 51, 31, 226, 126, 226, 40, 409, 395, 395, 100, 509, 173, 31, 116, 87, 299, 31, 134, 31, 321, 173, 175, 51, 116, 51, 173, 134, 248, 31, 229, 92, 31, 31, 31, 485, 31, 31, 61, 90, 134, 183, 31, 229, 29, 510, 31, 31, 31, 381, 218, 31, 31, 31, 226, 183, 169, 183, 92, 31, 196, 196, 93, 93, 59, 37, 92, 157, 37, 157, 51, 90, 92, 375, 31, 204, 300, 31, 31, 296, 87, 312, 300, 59, 87, 202, 100, 300, 292, 248, 31, 61, 191, 385, 31, 31, 204, 215, 87, 87, 191, 300, 296, 31, 31, 31, 87, 300, 43, 229, 191, 31, 300, 31, 169, 53, 226, 31, 152, 300, 31, 131, 300, 229, 212, 55, 229, 31, 31, 31, 395, 300, 31, 321, 185, 300, 31, 409, 264, 112, 112, 300, 235, 300, 100, 31, 235, 31, 420, 290, 300, 87, 204, 31, 222, 31, 90, 183, 169, 238, 321, 300, 183, 300, 90, 229, 31, 169, 31, 183, 183, 183, 31, 300, 90, 54, 420, 183, 92, 31, 54, 281, 300, 241, 90, 395, 300, 31, 31, 183, 31, 153, 31, 90, 191, 204, 204, 300, 31, 420, 183, 395, 183, 204, 31, 222, 300, 90, 90, 31, 168, 190, 248, 300, 204, 300, 90, 204, 90, 474, 31, 196, 391, 222, 196, 367, 90, 169, 93, 61, 19, 93, 238, 241, 169, 300, 170, 300, 31, 46, 31, 513, 93, 321, 196, 128, 202, 300, 58, 31, 93, 391, 232, 391, 93, 31, 204, 302, 93, 31, 391, 391, 72, 93, 93, 90, 157, 420, 46, 391, 391, 90, 46, 31, 157, 157, 59, 157, 157, 395, 157, 321, 54, 31, 356, 420, 44, 191, 300, 300, 438, 395, 438, 300, 283, 134, 300, 204, 379, 140, 222, 300, 204, 204, 140, 204, 204, 3, 169, 395, 204, 54, 31, 238, 55, 66, 143, 206, 100, 204, 206, 100, 420, 143, 206, 300, 100, 206, 143, 143, 300, 515, 300, 300, 300, 290, 31, 204, 241, 300, 497, 31, 395, 395, 134, 87, 235, 145, 226, 238, 61, 36, 226, 321, 356, 180, 252, 420, 31, 322, 169, 100, 420, 31, 31, 375, 353, 238, 237, 173, 229, 116, 31, 78, 222, 229, 300, 229, 524, 229, 31, 342, 155, 451, 157, 66, 206, 206, 36, 31, 229, 359, 237, 237, 191, 191, 31, 87, 31, 494, 494, 90, 90, 157, 157, 315, 157, 54, 54, 265, 342, 204, 265, 265, 100, 143, 143, 265, 265, 31, 173, 173, 0, 412, 412, 132, 173, 173, 173, 87, 173, 52, 420, 432, 90, 346, 346, 523, 523, 40, 40, 40, 406, 406, 22, 22, 6, 43, 31, 90, 90, 204, 41, 116, 43, 43, 116, 183, 402, 420, 90, 90, 451, 40, 40, 196, 31, 31, 265, 238, 238, 204, 204, 31, 396, 19, 204, 311, 204, 204, 419, 419, 204, 204, 59, 59, 258, 258, 93, 37, 37, 517, 517, 90, 90, 90, 54, 157, 500, 500, 298, 298, 265, 265, 157, 157, 157, 157, 204, 204, 157, 157, 31, 43, 43, 43, 43, 52, 204, 420, 420, 54, 248, 248, 211, 211, 211, 211, 31, 31, 31, 31, 31, 31, 420, 204, 204, 204, 3, 3, 31, 204, 204, 100, 100, 241, 143, 143, 43, 248, 43, 265, 265, 515, 515, 30, 30, 267, 267, 143, 143, 143, 143, 237, 206, 206, 118, 118, 30, 30, 143, 143, 143, 143, 143, 31, 31, 52, 31, 229, 246, 246, 246, 246, 246, 246, 246, 158, 246, 54, 269, 246, 246, 246, 51, 246, 246, 246, 246, 385, 362, 246, 358, 246, 321, 342, 342, 31, 143, 412, 412, 236, 236, 173, 173, 61, 31, 489, 489, 61, 470, 31, 470, 173, 40, 87, 342, 321, 87, 31, 372, 31, 242, 342, 31, 90, 116, 505, 505, 31, 505, 505, 303, 31, 345, 31, 31, 173, 31, 31, 31, 40, 29, 40, 40, 40, 342, 90, 502, 197, 6, 40, 90, 40, 40, 502, 40, 40, 40, 409, 40, 40, 40, 90, 90, 454, 454, 325, 31, 90, 90, 40, 31, 40, 237, 31, 31, 196, 420, 357, 31, 357, 196, 204, 157, 357, 59, 59, 106, 98, 196, 157, 398, 398, 84, 90, 59, 37, 59, 157, 157, 37, 59, 434, 75, 59, 157, 157, 90, 157, 90, 279, 462, 157, 157, 352, 39, 352, 100, 100, 157, 157, 157, 157, 157, 157, 395, 157, 157, 456, 84, 157, 157, 122, 123, 84, 399, 84, 31, 399, 327, 327, 44, 43, 44, 44, 44, 44, 248, 248, 43, 289, 289, 84, 44, 134, 134, 44, 289, 238, 31, 238, 265, 265, 265, 476, 31, 204, 204, 204, 371, 371, 100, 100, 265, 420, 45, 265, 265, 31, 31, 100, 343, 343, 265, 265, 265, 100, 100, 206, 206, 206, 265, 143, 463, 143, 515, 240, 143, 143, 31, 429, 267, 143, 100, 267, 267, 204, 429, 100, 100, 169, 206, 206, 206, 12, 31, 157, 206, 30, 265, 92, 529, 529, 529, 206, 31, 31, 173, 413, 31, 173, 191, 263, 198, 31, 31, 31, 31, 204, 31, 522, 29, 31, 29, 238, 24, 31, 31, 31, 333, 157, 385, 235, 470, 100, 31, 31, 31, 57, 229, 87, 191, 470, 52, 290, 55, 134, 395, 31, 438, 157, 206, 438, 157, 31, 31, 20, 90, 526, 225, 499, 400, 164, 342, 245, 407, 526, 210, 516, 57, 526, 57, 256, 366, 366, 57, 57, 317, 366, 366, 57, 57, 164, 237, 57, 164, 57, 297, 57, 407, 407, 193, 526, 164, 57, 366, 277, 366, 164, 57, 407, 407, 366, 164, 164, 366, 280, 50, 57, 73, 57, 309, 57, 526, 526, 31, 414, 164, 309, 57, 142, 61, 31, 526, 423, 57, 127, 321, 164, 57, 164, 309, 31, 423, 366, 31, 57, 57, 57, 57, 31, 31, 57, 57, 57, 526, 337, 191, 226, 57, 57, 366, 57, 309, 164, 57, 57, 57, 57, 473, 57, 57, 309, 57, 57, 526, 116, 239, 473, 57, 57, 175, 369, 48, 185, 31, 251, 57, 526, 36, 164, 57, 499, 164, 484, 57, 57, 330, 134, 363, 52, 57, 164, 164, 164, 57, 318, 57, 290, 227, 293, 526, 366, 31, 36, 164, 164, 423, 366, 57, 389, 423, 526, 309, 100, 483, 57, 57, 365, 57, 57, 185, 31, 57, 57, 52, 526, 164, 282, 290, 309, 57, 57, 526, 526, 57, 164, 493, 361, 226, 366, 423, 501, 43, 164, 473, 57, 57, 51, 57, 31, 210, 526, 31, 237, 506, 164, 38, 57, 217, 164, 164, 164, 57, 31, 164, 83, 20, 57, 526, 342, 164, 57, 366, 235, 57, 526, 90, 57, 31, 57, 366, 526, 424, 442, 164, 57, 164, 473, 100, 526, 225, 27, 57, 309, 57, 290, 29, 164, 123, 349, 403, 164, 57, 181, 57, 526, 526, 448, 317, 366, 49, 366, 526, 366, 499, 177, 164, 238, 526, 526, 57, 366, 164, 164, 57, 31, 145, 57, 400, 20, 57, 526, 31, 459, 164, 309, 117, 366, 204, 57, 61, 196, 57, 164, 526, 57, 164, 157, 164, 235, 57, 526, 526, 57, 328, 57, 164, 57, 164, 31, 423, 235, 235, 57, 144, 164, 57, 234, 164, 164, 342, 164, 50, 164, 526, 120, 441, 526, 340, 29, 57, 57, 526, 245, 57, 470, 164, 164, 309, 164, 526, 61, 526, 164, 57, 57, 423, 57, 526, 415, 526, 366, 309, 526, 164, 31, 191, 191, 309, 57, 57, 164, 164, 164, 526, 526, 164, 76, 164, 366, 164, 127, 526, 407, 164, 378, 423, 526, 526, 328, 164, 57, 526, 175, 210, 436, 295, 20, 526, 57, 526, 143, 117, 516, 117, 423, 61, 164, 526, 108, 57, 57, 100, 526, 206, 526, 441, 366, 526, 31, 441, 423, 57, 526, 395, 473, 366, 25, 57, 526, 526, 526, 57, 57, 526, 57, 449, 82, 395, 237, 264, 395, 31, 395, 395, 395, 395, 392, 290, 395, 31, 87, 202, 395, 31, 54, 395, 248, 102, 87, 395, 395, 143, 229, 281, 281, 281, 31, 31, 19, 265, 344, 326, 206, 162, 285, 100, 143, 143, 30, 143, 31, 342, 388, 335, 220, 443, 44, 100, 391, 90, 204, 248, 338, 61, 226, 87, 161, 194, 31, 31, 518, 31, 100, 22, 515, 54, 31, 196, 90, 257, 157, 238, 90, 265, 229, 386, 31, 52, 396, 248, 248, 458, 100, 233, 196, 203, 31, 337, 157, 134, 235, 505, 54, 100, 345, 402, 11, 342, 237, 29, 84, 345, 31, 196, 248, 31, 116, 191, 41, 61, 204, 90, 54, 468, 515, 150, 410, 412, 426, 157, 31, 89, 31, 100, 265, 221, 31, 512, 175, 321, 31, 380, 1, 102, 31, 40, 31, 342, 31, 100, 31, 528, 31, 238, 31, 59, 173, 445, 235, 143, 67, 46, 106, 470, 90, 134, 31, 275, 87, 488, 31, 216, 420, 237, 420, 350, 43, 201, 66, 31, 447, 17, 116, 420, 100, 100, 248, 248, 248, 31, 190, 61, 175, 31, 31, 31, 52, 169, 100, 470, 326, 256, 221, 100, 30, 157, 285, 248, 515, 143, 338, 143, 248, 206, 265, 248, 265, 31, 204, 248, 204, 220, 443, 43, 426, 194, 257, 44, 31, 201, 190, 123, 342, 157, 342, 157, 169, 342, 169, 525, 67, 256, 157, 235, 31, 229, 31, 61, 256, 395, 90, 157, 31, 90, 237, 256, 237, 256, 337, 106, 196, 196, 386, 31, 238, 59, 396, 391, 256, 342, 321, 203, 204, 385, 321, 93, 145, 145, 470, 235, 61, 248, 61, 61, 235, 507, 404, 100, 61, 31, 395, 31, 54, 402, 31, 204, 439, 369, 31, 185, 447, 196, 192, 470, 276, 41, 1, 458, 54, 265, 335, 248, 266, 29, 31, 54, 31, 248, 100, 22, 191, 134, 31, 40, 337, 31, 134, 31, 43, 248, 518, 256, 90, 123, 134, 31, 41, 31, 31, 350, 40, 345, 420, 134, 345, 31, 512, 31, 31, 31, 