{"Run": 5, "K": 68, "WCSSD": 2743.371826575765, "Purity": 0.3658746063555683, "Time": 2.017944097518921, "Kmeans_Labels": [28, 28, 26, 60, 28, 28, 28, 28, 28, 28, 28, 13, 28, 28, 28, 28, 28, 56, 28, 28, 28, 63, 28, 28, 28, 56, 28, 56, 28, 28, 28, 28, 28, 56, 28, 28, 28, 28, 13, 28, 28, 56, 50, 28, 9, 28, 28, 28, 28, 28, 28, 28, 28, 28, 56, 28, 28, 56, 60, 60, 28, 56, 56, 50, 28, 41, 28, 28, 28, 56, 56, 28, 28, 28, 28, 28, 28, 28, 28, 28, 28, 28, 28, 56, 28, 28, 28, 28, 28, 28, 28, 28, 28, 28, 28, 28, 28, 28, 28, 28, 28, 28, 28, 28, 28, 28, 28, 28, 28, 28, 9, 9, 9, 28, 28, 28, 28, 28, 28, 39, 28, 28, 39, 60, 60, 39, 28, 60, 28, 28, 39, 39, 28, 28, 28, 28, 28, 28, 28, 28, 36, 60, 60, 36, 39, 39, 28, 28, 28, 60, 39, 35, 28, 28, 28, 39, 28, 28, 60, 28, 28, 39, 39, 28, 28, 39, 28, 28, 28, 28, 39, 28, 28, 28, 39, 28, 28, 5, 39, 28, 28, 28, 28, 28, 44, 28, 39, 28, 61, 28, 28, 36, 28, 39, 60, 60, 28, 28, 28, 28, 28, 56, 26, 28, 39, 28, 39, 28, 28, 28, 28, 28, 28, 28, 28, 39, 39, 28, 13, 36, 39, 28, 28, 13, 28, 39, 28, 13, 28, 39, 28, 24, 28, 28, 28, 28, 28, 28, 28, 28, 39, 28, 36, 28, 28, 28, 28, 28, 28, 39, 28, 13, 28, 39, 28, 28, 39, 28, 39, 28, 28, 28, 13, 26, 39, 28, 28, 28, 28, 28, 28, 26, 28, 28, 28, 26, 28, 28, 39, 39, 39, 28, 28, 28, 28, 28, 28, 16, 28, 28, 39, 26, 28, 9, 28, 28, 55, 36, 9, 28, 28, 28, 28, 28, 13, 9, 28, 28, 28, 9, 36, 28, 13, 28, 28, 9, 28, 9, 9, 28, 9, 9, 28, 9, 28, 13, 28, 28, 36, 9, 28, 39, 39, 28, 28, 28, 39, 28, 56, 39, 28, 28, 36, 28, 39, 28, 28, 39, 28, 28, 36, 28, 28, 28, 13, 28, 26, 28, 10, 23, 23, 28, 28, 23, 9, 36, 47, 23, 39, 28, 23, 23, 49, 39, 49, 39, 39, 39, 28, 43, 28, 28, 39, 60, 28, 28, 28, 56, 60, 28, 28, 28, 26, 28, 50, 28, 28, 28, 28, 39, 36, 28, 60, 28, 28, 36, 39, 28, 60, 28, 11, 28, 28, 28, 28, 28, 28, 28, 28, 39, 28, 60, 28, 28, 28, 28, 28, 9, 10, 23, 23, 50, 28, 28, 28, 28, 28, 28, 28, 28, 60, 28, 35, 35, 28, 28, 9, 9, 28, 9, 13, 13, 9, 28, 28, 28, 28, 28, 23, 23, 28, 28, 28, 28, 28, 28, 50, 50, 60, 26, 26, 28, 60, 28, 28, 36, 28, 28, 28, 28, 28, 28, 28, 28, 28, 28, 28, 28, 28, 28, 35, 28, 28, 28, 28, 28, 28, 35, 35, 28, 28, 28, 36, 28, 28, 28, 28, 28, 28, 26, 26, 28, 26, 26, 28, 28, 28, 28, 28, 60, 26, 28, 28, 26, 26, 28, 28, 28, 28, 9, 9, 9, 9, 9, 28, 28, 9, 9, 9, 13, 9, 28, 28, 9, 9, 28, 28, 9, 9, 9, 9, 28, 28, 9, 9, 28, 35, 35, 35, 35, 28, 28, 36, 36, 13, 67, 67, 42, 42, 42, 42, 28, 28, 28, 28, 28, 28, 36, 28, 28, 28, 28, 28, 28, 28, 28, 28, 28, 28, 23, 23, 35, 28, 35, 28, 28, 49, 49, 49, 49, 49, 49, 49, 49, 49, 49, 28, 23, 23, 49, 49, 49, 49, 49, 49, 23, 23, 23, 28, 28, 28, 56, 28, 28, 28, 28, 28, 28, 13, 28, 28, 28, 13, 13, 28, 28, 13, 28, 28, 28, 28, 28, 28, 28, 28, 28, 28, 28, 28, 28, 28, 23, 50, 50, 28, 28, 28, 28, 28, 28, 36, 36, 28, 28, 28, 28, 28, 28, 60, 28, 28, 60, 28, 28, 28, 50, 28, 28, 60, 28, 28, 28, 28, 28, 28, 28, 28, 28, 50, 28, 28, 28, 28, 28, 28, 28, 28, 28, 28, 28, 28, 50, 28, 28, 28, 28, 28, 28, 50, 28, 28, 28, 28, 4, 28, 4, 28, 28, 28, 28, 28, 28, 28, 28, 28, 28, 28, 28, 28, 28, 28, 36, 28, 26, 28, 16, 28, 9, 28, 28, 9, 9, 9, 26, 9, 9, 9, 9, 9, 28, 9, 28, 9, 9, 9, 9, 28, 9, 9, 9, 9, 9, 9, 28, 35, 9, 9, 9, 28, 28, 9, 9, 9, 9, 9, 9, 9, 9, 9, 40, 9, 9, 9, 9, 9, 9, 9, 13, 9, 9, 9, 28, 9, 9, 9, 36, 35, 9, 9, 9, 9, 67, 67, 35, 9, 9, 9, 9, 56, 56, 9, 28, 26, 28, 26, 28, 28, 36, 28, 28, 28, 28, 28, 9, 9, 28, 9, 28, 36, 28, 28, 28, 28, 28, 28, 28, 28, 28, 28, 28, 28, 28, 23, 3, 3, 28, 49, 23, 23, 49, 28, 23, 49, 28, 23, 49, 23, 28, 49, 49, 28, 23, 28, 28, 28, 23, 23, 23, 28, 28, 28, 23, 49, 28, 28, 28, 28, 28, 23, 28, 28, 6, 28, 28, 6, 28, 6, 28, 28, 28, 28, 28, 28, 28, 28, 28, 28, 28, 26, 26, 28, 28, 9, 28, 9, 9, 9, 28, 28, 28, 28, 28, 66, 28, 60, 28, 28, 28, 28, 28, 56, 28, 28, 9, 9, 37, 9, 9, 28, 28, 32, 28, 32, 25, 28, 28, 25, 28, 25, 25, 32, 32, 23, 66, 32, 66, 28, 66, 32, 66, 66, 28, 66, 66, 66, 66, 25, 28, 66, 25, 66, 66, 66, 66, 28, 66, 32, 25, 66, 66, 66, 66, 25, 66, 28, 28, 66, 25, 25, 66, 66, 25, 66, 28, 66, 66, 66, 32, 32, 28, 28, 25, 66, 66, 28, 28, 28, 32, 66, 66, 28, 28, 25, 66, 25, 66, 28, 66, 66, 28, 66, 66, 66, 66, 28, 28, 66, 66, 66, 32, 21, 28, 66, 66, 66, 66, 66, 66, 25, 66, 66, 66, 66, 28, 66, 66, 66, 66, 66, 32, 28, 28, 32, 66, 66, 41, 28, 28, 5, 28, 32, 66, 32, 50, 25, 66, 28, 25, 66, 66, 66, 34, 56, 32, 28, 66, 25, 25, 25, 66, 25, 66, 28, 66, 66, 32, 66, 28, 50, 25, 25, 66, 66, 66, 66, 32, 32, 32, 28, 28, 66, 66, 25, 66, 66, 5, 28, 66, 66, 28, 32, 25, 66, 66, 66, 66, 66, 32, 32, 66, 25, 66, 36, 28, 66, 28, 66, 35, 25, 66, 19, 66, 66, 66, 28, 32, 32, 28, 28, 25, 25, 66, 66, 32, 25, 25, 25, 66, 28, 25, 5, 32, 66, 32, 28, 25, 66, 66, 28, 66, 32, 28, 66, 28, 66, 66, 32, 32, 28, 25, 59, 25, 66, 28, 32, 25, 66, 66, 66, 66, 28, 34, 25, 28, 32, 28, 25, 66, 25, 66, 32, 32, 26, 28, 66, 66, 66, 32, 66, 28, 66, 25, 26, 32, 32, 66, 66, 25, 25, 66, 28, 28, 66, 25, 32, 66, 32, 28, 28, 25, 66, 25, 66, 28, 66, 28, 66, 66, 25, 32, 66, 25, 9, 25, 28, 66, 32, 32, 66, 28, 66, 25, 66, 25, 28, 66, 28, 28, 66, 66, 25, 66, 25, 25, 25, 28, 25, 25, 25, 32, 28, 66, 32, 66, 28, 66, 66, 32, 25, 66, 28, 25, 25, 66, 25, 32, 28, 32, 25, 66, 66, 32, 66, 32, 25, 32, 66, 66, 32, 25, 28, 28, 28, 66, 66, 66, 25, 25, 25, 32, 32, 25, 32, 25, 66, 25, 28, 32, 25, 25, 28, 32, 32, 32, 28, 25, 66, 32, 41, 32, 32, 37, 25, 32, 66, 32, 23, 25, 23, 25, 23, 28, 25, 32, 66, 66, 66, 28, 32, 23, 32, 66, 66, 32, 28, 32, 66, 66, 32, 28, 28, 66, 32, 66, 32, 32, 32, 66, 66, 32, 66, 28, 28, 28, 28, 28, 28, 28, 28, 28, 28, 28, 28, 28, 28, 28, 60, 28, 28, 28, 13, 28, 28, 28, 60, 28, 28, 23, 28, 28, 28, 28, 28, 28, 10, 28, 23, 28, 23, 10, 23, 28, 49, 23, 49, 23, 13, 28, 28, 28, 28, 28, 9, 28, 28, 28, 28, 28, 49, 26, 28, 60, 28, 9, 28, 28, 28, 28, 28, 28, 49, 13, 28, 28, 28, 28, 9, 26, 9, 28, 56, 16, 28, 28, 28, 28, 28, 13, 28, 36, 28, 13, 28, 28, 9, 56, 9, 28, 13, 28, 28, 27, 60, 28, 28, 28, 9, 28, 28, 28, 28, 28, 28, 56, 28, 28, 28, 28, 13, 28, 65, 28, 28, 50, 28, 9, 28, 28, 28, 28, 28, 23, 28, 28, 41, 28, 28, 36, 13, 44, 28, 28, 28, 28, 28, 28, 28, 49, 28, 26, 28, 28, 6, 28, 28, 49, 26, 28, 9, 28, 28, 56, 28, 28, 60, 51, 28, 56, 36, 28, 36, 28, 35, 28, 10, 28, 28, 28, 28, 36, 28, 28, 28, 28, 28, 28, 28, 28, 41, 28, 28, 28, 28, 28, 28, 28, 28, 28, 23, 28, 49, 58, 23, 28, 49, 49, 49, 49, 28, 23, 28, 28, 28, 13, 28, 28, 28, 28, 28, 35, 28, 9, 28, 9, 28, 28, 28, 28, 28, 56, 28, 9, 28, 28, 28, 26, 26, 28, 9, 9, 56, 56, 28, 28, 45, 28, 28, 9, 28, 9, 28, 45, 28, 28, 28, 9, 28, 28, 16, 28, 17, 28, 28, 28, 45, 28, 28, 13, 28, 28, 28, 13, 28, 28, 28, 28, 28, 28, 28, 26, 20, 26, 28, 28, 28, 28, 28, 28, 13, 27, 28, 28, 13, 56, 28, 5, 28, 28, 28, 28, 28, 28, 13, 13, 13, 28, 28, 28, 28, 28, 28, 13, 28, 28, 28, 28, 56, 56, 28, 28, 28, 28, 56, 28, 35, 28, 28, 45, 28, 28, 56, 28, 28, 28, 28, 28, 28, 28, 36, 56, 28, 28, 28, 28, 28, 28, 28, 28, 28, 28, 28, 28, 28, 28, 28, 28, 28, 28, 28, 28, 28, 28, 56, 28, 41, 28, 28, 60, 28, 56, 41, 56, 36, 28, 28, 26, 28, 28, 28, 28, 28, 41, 28, 56, 28, 56, 56, 28, 28, 26, 36, 28, 28, 28, 60, 28, 28, 28, 28, 36, 50, 28, 56, 51, 60, 28, 28, 28, 28, 28, 28, 36, 28, 28, 28, 6, 60, 26, 28, 28, 28, 28, 28, 28, 28, 56, 11, 28, 56, 26, 28, 60, 28, 50, 28, 28, 36, 56, 28, 28, 28, 17, 28, 28, 28, 28, 28, 56, 58, 28, 53, 28, 28, 28, 28, 50, 28, 28, 35, 28, 28, 41, 28, 28, 28, 50, 28, 28, 28, 28, 28, 26, 28, 28, 28, 5, 28, 26, 28, 28, 60, 50, 28, 28, 28, 10, 28, 28, 28, 28, 23, 28, 49, 28, 23, 37, 29, 10, 23, 49, 29, 29, 29, 23, 29, 23, 60, 29, 29, 28, 29, 26, 26, 23, 46, 29, 28, 29, 13, 36, 49, 29, 29, 9, 29, 28, 29, 29, 60, 27, 29, 28, 28, 9, 23, 28, 49, 23, 29, 29, 9, 28, 13, 29, 28, 9, 29, 28, 35, 29, 28, 29, 29, 29, 29, 28, 23, 5, 29, 29, 23, 60, 28, 29, 29, 9, 29, 23, 26, 29, 29, 29, 49, 29, 28, 29, 29, 29, 29, 29, 29, 29, 9, 29, 29, 29, 10, 29, 23, 49, 28, 29, 9, 29, 41, 28, 41, 29, 23, 28, 29, 23, 36, 20, 29, 29, 49, 29, 29, 29, 29, 7, 29, 29, 13, 15, 29, 29, 29, 29, 29, 29, 29, 29, 28, 29, 29, 29, 10, 29, 29, 29, 29, 29, 29, 29, 29, 29, 26, 29, 29, 29, 29, 29, 28, 29, 29, 54, 29, 29, 29, 28, 28, 28, 28, 