{"Run": 5, "K": 425, "WCSSD": 2181.1730082735444, "Purity": 0.4100530441936321, "Time": 24.380785942077637, "Kmeans_Labels": [4, 98, 4, 247, 4, 4, 98, 36, 98, 191, 4, 309, 4, 123, 234, 4, 4, 234, 231, 297, 4, 4, 141, 4, 4, 295, 4, 325, 131, 4, 4, 4, 131, 229, 4, 4, 309, 123, 309, 123, 351, 186, 26, 207, 123, 281, 384, 4, 348, 370, 4, 351, 351, 97, 48, 143, 384, 98, 267, 267, 4, 11, 4, 26, 28, 60, 123, 98, 123, 143, 98, 57, 101, 48, 30, 4, 251, 4, 4, 4, 14, 4, 333, 295, 36, 316, 48, 362, 4, 4, 4, 234, 373, 87, 4, 4, 4, 4, 36, 4, 36, 30, 66, 84, 84, 186, 186, 84, 101, 30, 407, 101, 407, 4, 4, 30, 229, 387, 89, 238, 9, 234, 238, 267, 267, 238, 234, 267, 387, 4, 238, 238, 393, 347, 4, 131, 234, 234, 234, 234, 325, 161, 267, 131, 418, 238, 4, 234, 4, 267, 238, 140, 48, 131, 234, 238, 4, 234, 267, 348, 234, 238, 238, 179, 4, 238, 48, 182, 52, 48, 4, 4, 4, 351, 238, 252, 184, 169, 238, 4, 234, 234, 4, 4, 238, 4, 238, 97, 4, 384, 4, 325, 190, 238, 267, 331, 4, 351, 4, 235, 36, 51, 141, 184, 238, 36, 238, 307, 48, 234, 141, 234, 36, 36, 36, 238, 238, 4, 46, 325, 36, 30, 4, 309, 229, 91, 234, 309, 351, 238, 4, 4, 36, 4, 36, 229, 4, 131, 4, 234, 238, 4, 325, 191, 351, 36, 191, 330, 351, 238, 186, 294, 4, 238, 347, 141, 238, 331, 238, 335, 234, 4, 309, 267, 84, 102, 351, 84, 229, 235, 387, 186, 122, 226, 186, 4, 121, 4, 238, 238, 238, 186, 237, 4, 186, 186, 184, 84, 111, 387, 238, 186, 4, 186, 294, 186, 294, 186, 4, 229, 4, 186, 4, 294, 67, 186, 186, 186, 93, 407, 325, 237, 294, 294, 235, 237, 229, 407, 407, 92, 407, 407, 351, 420, 184, 309, 4, 4, 325, 191, 131, 238, 238, 4, 351, 4, 238, 4, 51, 238, 234, 387, 281, 351, 238, 234, 114, 281, 234, 281, 325, 234, 351, 281, 309, 4, 4, 52, 7, 329, 288, 4, 234, 329, 407, 322, 329, 288, 238, 234, 288, 288, 288, 238, 229, 238, 238, 238, 234, 229, 234, 351, 238, 26, 4, 351, 351, 234, 280, 4, 4, 348, 297, 122, 221, 4, 297, 229, 188, 207, 325, 234, 267, 234, 16, 325, 238, 297, 267, 4, 387, 4, 143, 48, 98, 298, 294, 351, 389, 238, 48, 267, 48, 4, 207, 84, 345, 407, 7, 288, 288, 26, 229, 48, 229, 384, 384, 290, 290, 384, 267, 198, 140, 140, 4, 4, 407, 407, 4, 407, 309, 309, 409, 207, 297, 288, 288, 384, 329, 329, 4, 4, 4, 143, 143, 131, 26, 26, 267, 143, 143, 143, 267, 143, 4, 325, 4, 101, 303, 303, 36, 36, 87, 87, 87, 4, 4, 5, 5, 296, 140, 4, 4, 4, 68, 20, 4, 140, 140, 4, 36, 4, 279, 4, 4, 345, 87, 87, 84, 4, 4, 4, 4, 4, 97, 97, 4, 365, 4, 267, 84, 229, 84, 84, 84, 84, 229, 101, 267, 407, 407, 186, 101, 101, 266, 266, 183, 183, 407, 309, 407, 294, 294, 407, 407, 4, 4, 227, 227, 227, 227, 191, 191, 407, 407, 94, 140, 140, 140, 140, 4, 4, 325, 325, 309, 4, 4, 147, 147, 147, 147, 4, 4, 4, 4, 152, 152, 325, 383, 158, 158, 158, 158, 384, 384, 281, 191, 191, 387, 288, 288, 140, 234, 140, 371, 371, 229, 229, 288, 288, 306, 306, 329, 329, 329, 329, 297, 271, 271, 329, 329, 288, 288, 58, 288, 288, 288, 288, 228, 4, 4, 97, 48, 54, 54, 54, 54, 54, 54, 54, 54, 54, 309, 309, 54, 54, 54, 123, 54, 54, 54, 54, 351, 54, 54, 343, 54, 184, 253, 207, 4, 165, 26, 26, 143, 143, 143, 143, 234, 4, 223, 223, 351, 97, 4, 4, 143, 4, 267, 207, 184, 267, 4, 4, 4, 169, 207, 4, 267, 98, 87, 87, 4, 101, 101, 4, 272, 303, 163, 4, 143, 24, 4, 4, 87, 362, 224, 87, 87, 207, 87, 4, 229, 296, 87, 191, 87, 360, 4, 87, 87, 68, 68, 87, 87, 87, 4, 4, 291, 291, 362, 4, 4, 4, 87, 191, 87, 101, 4, 4, 84, 325, 125, 387, 125, 84, 4, 407, 125, 84, 260, 227, 186, 84, 227, 227, 407, 227, 101, 142, 101, 4, 407, 101, 101, 142, 108, 96, 142, 407, 407, 101, 407, 4, 140, 407, 407, 407, 229, 4, 407, 407, 407, 227, 227, 227, 407, 227, 407, 227, 227, 227, 70, 227, 407, 227, 407, 398, 70, 191, 191, 4, 191, 407, 407, 191, 140, 191, 191, 191, 191, 4, 4, 140, 407, 407, 227, 407, 297, 297, 407, 4, 384, 229, 384, 152, 68, 325, 152, 281, 384, 59, 59, 397, 397, 152, 364, 68, 325, 106, 387, 58, 4, 4, 162, 240, 240, 384, 4, 4, 4, 4, 288, 288, 288, 4, 288, 329, 329, 288, 184, 288, 329, 244, 329, 306, 288, 164, 385, 385, 4, 329, 213, 213, 97, 271, 288, 288, 387, 234, 407, 288, 329, 384, 30, 41, 41, 41, 288, 56, 4, 143, 216, 319, 143, 297, 143, 4, 4, 299, 4, 4, 234, 4, 4, 85, 4, 362, 317, 4, 4, 4, 202, 294, 407, 386, 170, 97, 351, 4, 4, 4, 334, 48, 157, 131, 97, 229, 4, 52, 11, 351, 4, 407, 407, 288, 407, 407, 4, 4, 1, 88, 392, 204, 232, 84, 419, 207, 208, 144, 392, 392, 367, 334, 392, 10, 74, 168, 65, 334, 334, 384, 168, 168, 334, 334, 204, 384, 334, 110, 334, 334, 334, 144, 396, 168, 392, 204, 194, 168, 181, 168, 204, 334, 144, 144, 168, 204, 204, 168, 334, 130, 334, 4, 334, 130, 334, 392, 392, 4, 387, 204, 334, 334, 229, 4, 4, 392, 392, 168, 62, 23, 204, 78, 204, 334, 4, 334, 168, 4, 334, 334, 334, 334, 4, 4, 155, 334, 334, 392, 351, 297, 334, 39, 334, 168, 334, 334, 204, 334, 334, 334, 168, 310, 334, 334, 334, 334, 195, 392, 98, 145, 310, 334, 334, 60, 4, 4, 169, 4, 392, 334, 392, 26, 204, 236, 232, 204, 334, 334, 65, 361, 4, 392, 229, 334, 204, 204, 174, 65, 204, 334, 190, 334, 168, 392, 168, 4, 4, 204, 204, 334, 80, 334, 334, 392, 392, 362, 408, 4, 334, 334, 204, 334, 334, 169, 4, 334, 334, 229, 392, 204, 334, 334, 334, 65, 72, 173, 392, 323, 99, 334, 325, 4, 168, 4, 65, 323, 204, 310, 334, 334, 334, 334, 4, 392, 359, 4, 4, 204, 204, 334, 334, 392, 204, 204, 204, 334, 4, 204, 43, 1, 334, 392, 207, 204, 334, 168, 351, 334, 392, 88, 334, 4, 334, 168, 392, 63, 4, 204, 334, 204, 310, 384, 424, 204, 310, 334, 334, 334, 248, 362, 99, 398, 392, 4, 204, 334, 204, 334, 392, 392, 166, 384, 405, 334, 168, 392, 65, 232, 334, 204, 4, 63, 392, 168, 168, 204, 305, 334, 4, 4, 334, 204, 392, 334, 392, 4, 84, 204, 80, 401, 168, 351, 334, 229, 84, 334, 113, 392, 334, 204, 407, 204, 229, 334, 392, 392, 392, 391, 135, 204, 338, 204, 138, 12, 229, 62, 334, 334, 204, 334, 204, 419, 204, 207, 204, 130, 204, 392, 4, 334, 392, 52, 362, 334, 334, 392, 208, 392, 97, 204, 204, 130, 204, 392, 69, 392, 204, 334, 334, 392, 334, 392, 204, 392, 168, 131, 392, 204, 341, 131, 262, 334, 334, 334, 204, 204, 337, 392, 392, 204, 392, 204, 168, 204, 62, 63, 144, 204, 4, 392, 392, 392, 391, 204, 168, 82, 60, 392, 103, 392, 204, 392, 334, 392, 329, 204, 367, 401, 288, 229, 204, 392, 65, 65, 334, 4, 392, 288, 392, 189, 320, 392, 159, 189, 380, 334, 392, 384, 310, 168, 363, 334, 259, 392, 392, 10, 334, 392, 334, 131, 229, 351, 384, 182, 351, 387, 351, 351, 351, 351, 62, 190, 351, 4, 267, 387, 351, 4, 309, 351, 4, 229, 267, 351, 351, 329, 48, 229, 229, 229, 4, 97, 97, 4, 288, 415, 288, 7, 288, 351, 288, 329, 288, 329, 309, 207, 98, 4, 384, 68, 191, 318, 294, 4, 281, 384, 97, 4, 282, 267, 4, 242, 4, 199, 4, 382, 4, 5, 229, 309, 4, 167, 333, 4, 407, 267, 183, 4, 423, 294, 358, 4, 365, 4, 4, 309, 4, 325, 84, 309, 4, 289, 227, 11, 170, 101, 352, 4, 143, 328, 267, 245, 4, 85, 191, 303, 4, 84, 4, 4, 384, 131, 211, 229, 281, 333, 309, 97, 288, 229, 19, 26, 4, 407, 4, 4, 4, 97, 4, 41, 17, 4, 60, 184, 4, 325, 254, 229, 4, 87, 4, 207, 68, 34, 4, 288, 4, 4, 4, 4, 143, 4, 229, 288, 97, 4, 227, 412, 4, 283, 4, 4, 346, 4, 4, 295, 325, 234, 325, 4, 140, 4, 7, 4, 362, 4, 98, 325, 4, 68, 89, 400, 384, 234, 229, 229, 60, 4, 4, 4, 229, 4, 97, 97, 415, 74, 41, 4, 288, 407, 288, 89, 229, 288, 97, 288, 384, 288, 4, 410, 4, 309, 384, 384, 281, 384, 68, 140, 4, 242, 4, 191, 382, 4, 229, 413, 207, 407, 245, 227, 229, 207, 384, 166, 97, 74, 227, 170, 4, 423, 127, 384, 74, 229, 4, 407, 4, 183, 229, 74, 4, 74, 387, 227, 84, 84, 294, 199, 387, 4, 365, 294, 18, 245, 184, 309, 234, 229, 184, 186, 97, 74, 97, 357, 229, 410, 384, 4, 229, 74, 234, 34, 79, 68, 351, 4, 309, 328, 384, 191, 309, 220, 4, 169, 362, 167, 229, 97, 207, 211, 254, 309, 309, 351, 4, 4, 384, 85, 4, 352, 4, 400, 4, 5, 131, 11, 219, 87, 289, 4, 283, 4, 140, 4, 4, 74, 4, 398, 4, 4, 20, 4, 4, 4, 87, 303, 325, 11, 143, 351, 4, 4, 4, 4, 101, 333, 333, 97, 20, 4, 4, 20, 4, 20, 71, 20, 229, 52, 4, 351, 4, 207, 60, 234, 4, 131, 4, 295, 97, 184, 325, 4, 4, 267, 38, 384, 381, 387, 4, 60, 4, 4, 384, 97, 11, 351, 412, 4, 325, 98, 4, 4, 267, 229, 4, 182, 4, 325, 26, 4, 275, 4, 346, 384, 351, 4, 282, 4, 97, 