{"Run": 0, "K": 93, "WCSSD": 2718.246566751247, "Purity": 0.3924992842828514, "Time": 2.3208980560302734, "Kmeans_Labels": [7, 7, 7, 7, 7, 7, 7, 70, 7, 7, 7, 7, 7, 55, 7, 7, 7, 7, 7, 7, 7, 7, 55, 7, 55, 7, 7, 79, 32, 1, 7, 7, 32, 7, 7, 7, 7, 7, 7, 55, 7, 13, 92, 7, 13, 7, 55, 7, 7, 7, 7, 55, 55, 7, 42, 7, 7, 7, 7, 7, 7, 7, 7, 49, 7, 7, 7, 7, 55, 7, 7, 7, 1, 7, 55, 7, 7, 7, 7, 7, 7, 7, 1, 7, 70, 7, 55, 7, 7, 7, 7, 7, 7, 7, 7, 7, 7, 7, 70, 7, 70, 55, 7, 1, 7, 7, 1, 7, 1, 55, 13, 1, 13, 7, 23, 55, 55, 7, 55, 9, 7, 7, 9, 7, 7, 9, 7, 7, 55, 7, 9, 9, 7, 7, 7, 32, 7, 7, 7, 7, 79, 7, 7, 32, 9, 9, 7, 7, 7, 7, 9, 25, 7, 32, 7, 9, 7, 7, 7, 7, 7, 9, 9, 7, 7, 9, 55, 55, 7, 7, 9, 7, 7, 55, 9, 7, 49, 92, 9, 7, 7, 7, 71, 71, 9, 7, 9, 7, 7, 55, 7, 79, 55, 9, 7, 7, 7, 60, 7, 13, 70, 7, 7, 49, 9, 70, 9, 70, 7, 7, 7, 7, 70, 70, 70, 9, 9, 7, 57, 79, 70, 7, 7, 57, 55, 9, 7, 7, 55, 9, 7, 0, 70, 7, 70, 7, 7, 32, 7, 7, 9, 7, 79, 75, 55, 70, 75, 7, 60, 9, 7, 13, 7, 74, 55, 7, 9, 7, 9, 7, 55, 7, 57, 41, 9, 7, 60, 7, 7, 49, 7, 79, 55, 7, 7, 7, 55, 7, 9, 9, 9, 7, 7, 7, 7, 7, 49, 7, 7, 55, 9, 7, 7, 13, 7, 13, 7, 79, 13, 7, 92, 7, 7, 7, 7, 13, 13, 7, 13, 13, 79, 42, 13, 7, 13, 42, 7, 13, 13, 7, 13, 13, 55, 13, 49, 7, 7, 73, 79, 75, 32, 9, 9, 7, 55, 7, 9, 7, 7, 9, 7, 55, 70, 60, 9, 55, 7, 9, 7, 55, 79, 55, 55, 7, 7, 7, 7, 55, 83, 86, 8, 7, 55, 86, 8, 79, 36, 86, 9, 7, 8, 8, 36, 9, 36, 9, 61, 9, 55, 7, 55, 55, 9, 7, 7, 55, 55, 7, 7, 7, 7, 7, 7, 7, 92, 7, 49, 73, 7, 9, 79, 7, 7, 7, 55, 79, 7, 7, 7, 7, 7, 7, 7, 7, 7, 7, 7, 60, 55, 9, 55, 7, 7, 7, 7, 7, 45, 13, 83, 86, 8, 92, 22, 55, 7, 55, 55, 32, 32, 7, 7, 7, 5, 5, 7, 7, 13, 13, 7, 13, 7, 7, 13, 7, 7, 8, 8, 55, 86, 86, 7, 7, 7, 7, 7, 32, 7, 7, 7, 7, 7, 7, 7, 7, 73, 79, 7, 1, 7, 7, 70, 70, 7, 7, 7, 7, 7, 7, 7, 7, 25, 7, 7, 7, 7, 55, 7, 25, 25, 7, 70, 74, 79, 7, 7, 45, 7, 7, 1, 7, 7, 7, 7, 7, 7, 7, 7, 7, 7, 7, 7, 7, 7, 7, 7, 7, 7, 1, 7, 13, 13, 13, 1, 1, 1, 1, 1, 1, 13, 7, 13, 13, 13, 13, 13, 7, 7, 13, 13, 14, 14, 7, 7, 13, 13, 7, 25, 25, 25, 25, 73, 7, 79, 79, 57, 7, 7, 7, 7, 7, 7, 65, 65, 7, 7, 7, 7, 79, 7, 7, 7, 7, 7, 7, 7, 7, 7, 7, 7, 86, 86, 25, 90, 25, 7, 7, 36, 36, 36, 36, 36, 36, 36, 36, 36, 36, 7, 8, 8, 36, 36, 36, 36, 36, 36, 8, 8, 8, 7, 7, 73, 7, 55, 7, 7, 55, 7, 55, 55, 55, 55, 55, 57, 7, 55, 55, 55, 55, 55, 55, 55, 7, 55, 55, 55, 55, 55, 49, 7, 7, 7, 86, 92, 92, 7, 7, 7, 7, 55, 7, 79, 79, 55, 7, 7, 7, 7, 7, 7, 7, 49, 7, 7, 7, 7, 92, 7, 7, 7, 7, 1, 1, 7, 1, 1, 1, 7, 7, 92, 7, 7, 7, 7, 7, 7, 7, 7, 7, 7, 7, 1, 92, 7, 7, 7, 7, 7, 1, 92, 7, 1, 7, 7, 7, 7, 7, 7, 7, 1, 7, 7, 7, 7, 7, 7, 1, 7, 1, 88, 88, 7, 79, 7, 7, 7, 7, 7, 13, 7, 1, 1, 13, 13, 1, 13, 13, 13, 13, 13, 58, 1, 7, 13, 13, 1, 58, 7, 13, 58, 13, 13, 1, 13, 7, 25, 13, 13, 13, 7, 7, 13, 13, 13, 13, 14, 14, 13, 14, 13, 55, 13, 76, 75, 75, 13, 75, 13, 7, 75, 75, 75, 7, 75, 75, 75, 75, 12, 75, 75, 75, 75, 7, 7, 12, 75, 75, 75, 75, 32, 32, 75, 7, 7, 7, 7, 7, 82, 79, 7, 91, 7, 85, 85, 75, 75, 7, 75, 82, 79, 7, 7, 7, 7, 7, 55, 7, 7, 55, 7, 7, 7, 7, 8, 8, 8, 7, 36, 86, 8, 36, 49, 8, 36, 7, 86, 36, 8, 7, 36, 36, 7, 86, 7, 7, 55, 8, 8, 8, 7, 7, 7, 8, 36, 7, 55, 7, 7, 7, 8, 32, 7, 7, 29, 7, 7, 32, 7, 7, 7, 7, 7, 7, 7, 55, 7, 7, 69, 7, 7, 7, 7, 7, 13, 7, 13, 55, 13, 55, 7, 7, 7, 7, 47, 7, 7, 32, 7, 7, 7, 55, 7, 55, 7, 75, 13, 8, 75, 13, 7, 7, 53, 7, 53, 10, 55, 7, 10, 7, 10, 10, 53, 53, 8, 47, 53, 47, 55, 47, 53, 47, 47, 55, 47, 47, 47, 47, 10, 55, 47, 10, 47, 47, 47, 47, 55, 47, 53, 10, 47, 47, 47, 47, 10, 47, 55, 55, 47, 10, 10, 47, 47, 10, 47, 7, 47, 47, 47, 53, 53, 7, 55, 10, 47, 47, 7, 7, 7, 53, 53, 47, 55, 49, 17, 47, 10, 47, 7, 47, 47, 7, 47, 47, 47, 47, 7, 7, 47, 47, 47, 53, 55, 32, 47, 47, 47, 47, 47, 47, 84, 47, 47, 47, 47, 55, 47, 47, 47, 47, 47, 72, 7, 55, 53, 47, 47, 7, 7, 7, 92, 7, 53, 47, 53, 92, 10, 47, 55, 10, 47, 47, 47, 47, 7, 53, 73, 47, 43, 10, 10, 47, 10, 47, 55, 47, 47, 53, 47, 7, 92, 10, 10, 47, 47, 47, 47, 53, 53, 53, 55, 7, 47, 47, 10, 47, 47, 92, 7, 47, 47, 73, 53, 10, 47, 47, 47, 47, 47, 53, 53, 47, 10, 47, 79, 7, 47, 7, 47, 25, 10, 47, 47, 47, 47, 47, 7, 53, 53, 7, 77, 10, 10, 47, 47, 53, 10, 10, 10, 47, 7, 10, 92, 53, 47, 53, 55, 10, 47, 47, 55, 47, 53, 7, 47, 7, 47, 47, 53, 31, 7, 10, 47, 10, 55, 55, 53, 10, 47, 47, 47, 47, 55, 55, 10, 7, 53, 7, 10, 47, 10, 47, 53, 53, 7, 55, 47, 47, 47, 53, 47, 55, 47, 10, 7, 31, 53, 47, 47, 10, 10, 37, 7, 7, 47, 10, 53, 47, 53, 7, 11, 10, 47, 10, 47, 7, 47, 55, 77, 47, 10, 53, 47, 10, 13, 10, 55, 47, 53, 53, 53, 55, 47, 10, 47, 10, 7, 47, 55, 55, 47, 47, 10, 47, 10, 10, 10, 7, 10, 10, 10, 53, 7, 47, 53, 47, 55, 47, 47, 53, 10, 53, 55, 10, 10, 47, 10, 53, 55, 53, 10, 47, 47, 53, 47, 53, 10, 53, 47, 32, 53, 10, 7, 32, 32, 47, 47, 47, 10, 10, 10, 53, 53, 10, 53, 10, 47, 10, 55, 31, 10, 10, 55, 53, 52, 53, 7, 10, 47, 53, 7, 53, 53, 53, 10, 53, 47, 53, 86, 10, 8, 10, 8, 55, 10, 53, 47, 47, 47, 55, 53, 8, 53, 47, 47, 53, 7, 53, 47, 47, 53, 55, 55, 47, 53, 47, 53, 53, 53, 47, 47, 53, 47, 32, 55, 55, 55, 55, 55, 7, 55, 55, 55, 55, 55, 55, 55, 7, 7, 55, 55, 32, 7, 55, 7, 55, 7, 55, 55, 86, 7, 55, 55, 55, 7, 7, 83, 7, 8, 7, 86, 83, 8, 7, 8, 86, 36, 86, 55, 7, 7, 7, 7, 82, 75, 7, 7, 7, 7, 7, 36, 7, 55, 7, 7, 7, 7, 7, 7, 7, 7, 7, 36, 7, 67, 7, 7, 7, 13, 7, 1, 7, 7, 7, 7, 73, 7, 7, 7, 39, 7, 79, 26, 7, 7, 7, 14, 7, 13, 1, 7, 7, 7, 74, 7, 55, 64, 7, 75, 7, 7, 7, 7, 1, 7, 32, 55, 7, 7, 7, 57, 7, 36, 66, 7, 92, 7, 13, 7, 7, 7, 7, 7, 8, 7, 7, 7, 49, 7, 73, 7, 55, 7, 7, 7, 7, 7, 7, 7, 36, 7, 7, 7, 7, 7, 7, 7, 36, 7, 7, 13, 7, 7, 7, 7, 18, 7, 7, 7, 7, 80, 55, 79, 7, 25, 7, 83, 7, 55, 49, 7, 79, 7, 7, 7, 7, 7, 7, 55, 15, 7, 7, 7, 7, 73, 55, 7, 7, 7, 55, 8, 7, 36, 13, 8, 7, 36, 8, 36, 36, 7, 86, 7, 7, 7, 55, 55, 7, 7, 7, 82, 25, 7, 7, 7, 75, 7, 7, 55, 7, 55, 13, 55, 13, 7, 7, 55, 55, 7, 24, 14, 13, 7, 7, 7, 55, 24, 55, 7, 13, 7, 1, 55, 24, 64, 24, 55, 13, 7, 26, 7, 7, 7, 7, 7, 7, 24, 55, 49, 7, 55, 55, 49, 7, 55, 24, 55, 55, 7, 7, 7, 7, 55, 7, 7, 7, 55, 7, 55, 7, 57, 74, 7, 7, 7, 55, 7, 92, 55, 7, 7, 7, 55, 55, 7, 39, 7, 7, 7, 7, 55, 7, 7, 7, 7, 7, 7, 7, 32, 7, 7, 7, 7, 7, 7, 7, 25, 7, 7, 24, 7, 7, 7, 7, 55, 7, 7, 7, 7, 7, 80, 7, 7, 7, 7, 67, 7, 1, 1, 7, 7, 7, 55, 49, 7, 55, 7, 55, 7, 55, 15, 55, 7, 55, 7, 7, 55, 7, 7, 49, 7, 7, 7, 49, 79, 7, 7, 49, 73, 73, 55, 62, 73, 7, 7, 7, 55, 73, 73, 55, 7, 7, 73, 7, 7, 7, 7, 66, 7, 55, 34, 79, 92, 7, 7, 7, 7, 7, 55, 7, 55, 7, 7, 51, 7, 55, 55, 7, 7, 7, 7, 32, 3, 7, 7, 7, 7, 7, 62, 7, 7, 7, 29, 7, 18, 92, 7, 7, 79, 7, 49, 7, 7, 7, 7, 7, 7, 55, 7, 73, 13, 55, 28, 55, 49, 55, 7, 92, 55, 7, 25, 73, 7, 55, 55, 55, 55, 49, 7, 7, 55, 7, 7, 7, 7, 55, 55, 7, 7, 7, 55, 7, 7, 92, 55, 7, 7, 83, 55, 7, 55, 7, 8, 7, 36, 7, 8, 8, 63, 83, 8, 36, 63, 70, 7, 8, 63, 8, 7, 63, 7, 55, 63, 7, 7, 8, 7, 63, 70, 63, 7, 7, 36, 63, 1, 13, 7, 49, 63, 7, 7, 7, 63, 55, 7, 1, 8, 7, 36, 8, 27, 7, 1, 7, 7, 63, 7, 75, 63, 55, 25, 7, 7, 63, 63, 83, 73, 7, 86, 92, 32, 63, 8, 7, 7, 63, 63, 75, 63, 8, 7, 63, 7, 63, 36, 63, 55, 7, 63, 63, 63, 63, 7, 63, 13, 63, 73, 63, 7, 7, 86, 36, 73, 7, 13, 63, 7, 55, 63, 63, 8, 7, 63, 8, 79, 63, 49, 63, 36, 63, 63, 63, 63, 63, 63, 63, 7, 63, 7, 63, 7, 63, 63, 63, 63, 63, 70, 7, 63, 63, 83, 63, 63, 63, 63, 73, 63, 7, 56, 7, 7, 63, 87, 63, 7, 63, 55, 7, 63, 63, 63, 49, 63, 7, 55, 7, 55, 7, 63, 83, 63, 7, 79, 7, 63, 63, 63, 63, 63, 63, 30, 7, 7, 55, 63, 7, 7, 92, 63, 55, 63, 63, 55, 63, 63, 7, 7, 63, 63, 63, 63, 63, 7, 63, 63, 63, 7, 63, 7, 63, 63, 63, 63, 63, 63, 7, 63, 70, 55, 7, 79, 7, 7, 63, 63, 7, 63, 1, 7, 7, 7, 6, 7, 86, 7, 7, 7, 7, 79, 7, 8, 7, 7, 7, 7, 55, 7, 7, 55, 55, 7, 6, 7, 7, 7, 7, 7, 7, 7, 55, 55, 7, 7, 32, 7, 55, 55, 55, 7, 7, 7, 55, 7, 7, 7, 7, 7, 55, 79, 7, 55, 92, 7, 7, 55, 7, 7, 55, 6, 7, 55, 55, 92, 92, 6, 6, 7, 6, 92, 6, 6, 6, 40, 7, 7, 79, 6, 6, 6, 6, 49, 92, 92, 6, 6, 6, 6, 55, 6, 7, 92, 92, 6, 7, 6, 92, 6, 7, 55, 55, 7, 55, 55, 55, 7, 55, 55, 55, 55, 55, 79, 55, 7, 55, 13, 79, 55, 55, 62, 73, 55, 7, 55, 79, 55, 7, 7, 7, 55, 55, 55, 7, 7, 7, 79, 7, 25, 55, 55, 83, 79, 79, 6, 6, 1, 7, 7, 6, 6, 6, 55, 6, 6, 6, 7, 55, 7, 7, 92, 6, 6, 7, 7, 55, 55, 7, 79, 7, 55, 7, 49, 73, 55,