{"Run": 4, "K": 361, "WCSSD": 2277.674054338365, "Purity": 0.3894036542276499, "Time": 18.168259143829346, "Kmeans_Labels": [122, 277, 6, 272, 6, 6, 277, 247, 277, 6, 6, 307, 107, 107, 6, 6, 157, 96, 6, 27, 6, 6, 126, 107, 107, 96, 159, 96, 27, 216, 184, 6, 27, 96, 6, 6, 107, 107, 107, 107, 6, 107, 250, 108, 107, 6, 107, 204, 6, 6, 6, 307, 307, 6, 6, 6, 6, 96, 272, 177, 6, 96, 96, 44, 6, 34, 107, 106, 209, 96, 96, 6, 216, 6, 16, 6, 6, 6, 282, 6, 6, 6, 216, 96, 294, 6, 204, 6, 6, 6, 6, 6, 138, 41, 6, 6, 6, 6, 294, 6, 294, 16, 6, 139, 139, 231, 231, 139, 156, 16, 170, 216, 227, 107, 60, 16, 307, 6, 6, 24, 45, 6, 24, 272, 6, 24, 6, 272, 18, 6, 24, 249, 126, 263, 6, 27, 18, 6, 6, 6, 248, 272, 272, 27, 24, 24, 6, 6, 130, 272, 24, 39, 6, 27, 6, 207, 58, 49, 272, 6, 6, 24, 24, 6, 6, 333, 18, 166, 25, 6, 157, 126, 6, 307, 163, 114, 48, 345, 24, 6, 6, 6, 333, 333, 24, 6, 24, 6, 6, 6, 6, 248, 320, 24, 272, 272, 6, 76, 6, 60, 294, 126, 126, 48, 24, 294, 24, 294, 6, 6, 126, 6, 278, 294, 294, 24, 24, 60, 303, 248, 294, 16, 6, 303, 6, 24, 6, 60, 307, 126, 81, 6, 294, 6, 294, 6, 60, 27, 6, 6, 24, 6, 121, 294, 307, 314, 6, 6, 76, 24, 60, 60, 165, 24, 263, 126, 24, 6, 24, 60, 6, 6, 139, 6, 139, 6, 76, 139, 6, 60, 126, 231, 291, 54, 231, 284, 307, 284, 24, 139, 24, 231, 6, 6, 231, 231, 48, 139, 231, 18, 24, 231, 6, 227, 54, 231, 54, 231, 227, 27, 6, 231, 6, 54, 54, 231, 231, 231, 6, 227, 248, 6, 54, 54, 198, 6, 204, 227, 227, 6, 227, 60, 307, 227, 48, 6, 340, 324, 248, 227, 75, 24, 24, 122, 307, 122, 24, 6, 126, 24, 6, 204, 248, 76, 24, 6, 6, 24, 6, 6, 248, 18, 307, 6, 6, 226, 6, 25, 301, 293, 336, 6, 204, 293, 227, 248, 115, 310, 24, 6, 310, 310, 115, 24, 115, 24, 24, 24, 126, 157, 6, 307, 24, 44, 253, 307, 307, 96, 272, 6, 6, 6, 157, 291, 319, 6, 48, 137, 6, 108, 182, 6, 272, 126, 204, 248, 24, 6, 272, 6, 18, 6, 6, 6, 277, 6, 54, 76, 6, 24, 18, 168, 6, 327, 108, 139, 6, 227, 301, 310, 310, 99, 204, 18, 27, 307, 307, 27, 27, 6, 272, 6, 39, 39, 60, 60, 227, 227, 227, 51, 305, 305, 227, 108, 27, 310, 310, 324, 293, 293, 204, 204, 6, 6, 6, 240, 44, 44, 272, 6, 6, 6, 272, 6, 137, 248, 6, 35, 41, 41, 290, 290, 346, 41, 41, 6, 6, 41, 41, 41, 39, 6, 60, 60, 204, 279, 176, 39, 39, 176, 294, 6, 248, 128, 128, 6, 41, 41, 242, 6, 6, 204, 6, 6, 6, 6, 6, 6, 6, 272, 139, 6, 139, 139, 139, 139, 6, 216, 272, 227, 227, 231, 216, 216, 54, 54, 216, 216, 60, 116, 227, 54, 54, 60, 60, 6, 6, 112, 112, 112, 112, 139, 139, 227, 112, 324, 117, 117, 117, 117, 137, 6, 248, 248, 154, 79, 79, 6, 6, 6, 6, 6, 6, 6, 6, 322, 322, 248, 6, 6, 6, 248, 248, 27, 324, 6, 243, 243, 18, 293, 293, 39, 218, 39, 204, 204, 115, 115, 17, 17, 6, 6, 293, 293, 293, 293, 6, 201, 201, 17, 17, 115, 115, 261, 115, 293, 293, 310, 6, 6, 137, 96, 107, 15, 15, 15, 15, 15, 15, 15, 15, 15, 15, 60, 15, 15, 15, 107, 15, 15, 321, 15, 204, 171, 15, 15, 15, 48, 108, 108, 6, 293, 339, 339, 157, 157, 6, 6, 6, 220, 248, 248, 268, 6, 6, 6, 6, 6, 272, 108, 48, 180, 6, 6, 6, 99, 9, 6, 356, 157, 41, 41, 6, 216, 216, 216, 6, 138, 157, 6, 41, 6, 346, 346, 41, 6, 41, 41, 41, 108, 41, 99, 6, 41, 41, 60, 41, 216, 6, 41, 41, 41, 6, 41, 41, 41, 6, 128, 41, 41, 6, 6, 128, 128, 41, 242, 108, 35, 6, 6, 139, 248, 139, 227, 54, 139, 6, 12, 139, 216, 216, 112, 258, 139, 227, 112, 60, 227, 216, 216, 35, 139, 227, 227, 232, 216, 6, 150, 216, 227, 227, 216, 227, 6, 39, 227, 227, 227, 6, 6, 227, 227, 227, 112, 112, 112, 170, 112, 348, 112, 112, 161, 227, 325, 227, 325, 227, 105, 149, 6, 227, 6, 316, 227, 227, 248, 39, 227, 227, 227, 6, 79, 79, 39, 227, 227, 149, 338, 217, 217, 338, 6, 40, 324, 40, 322, 204, 248, 322, 6, 204, 6, 6, 227, 227, 142, 6, 204, 248, 103, 18, 204, 6, 6, 307, 6, 6, 204, 174, 174, 6, 6, 310, 310, 310, 204, 115, 310, 310, 115, 48, 310, 293, 157, 293, 310, 310, 6, 310, 310, 222, 293, 204, 204, 204, 201, 310, 310, 324, 6, 324, 310, 17, 204, 16, 204, 204, 204, 310, 6, 90, 6, 6, 6, 6, 27, 6, 6, 6, 6, 6, 6, 6, 324, 6, 6, 6, 6, 6, 6, 244, 6, 227, 54, 227, 112, 46, 6, 6, 157, 157, 157, 28, 204, 272, 6, 6, 157, 6, 25, 96, 307, 6, 122, 227, 310, 122, 227, 6, 98, 102, 6, 335, 127, 6, 139, 234, 108, 127, 127, 335, 335, 310, 28, 335, 343, 259, 28, 205, 28, 28, 191, 28, 28, 94, 28, 127, 324, 28, 214, 28, 28, 28, 1, 324, 28, 335, 127, 28, 28, 28, 28, 127, 28, 324, 324, 28, 127, 127, 94, 153, 63, 1, 204, 1, 1, 28, 335, 335, 6, 18, 127, 1, 11, 38, 44, 6, 335, 1, 28, 307, 48, 127, 28, 135, 28, 6, 1, 28, 6, 1, 28, 28, 28, 6, 6, 28, 28, 1, 334, 307, 27, 1, 28, 203, 152, 8, 28, 127, 1, 1, 1, 28, 1, 28, 28, 28, 343, 343, 335, 277, 262, 1, 28, 28, 34, 47, 6, 345, 324, 335, 1, 335, 44, 127, 1, 324, 127, 1, 28, 28, 28, 185, 335, 137, 28, 127, 127, 127, 28, 127, 28, 320, 28, 28, 335, 28, 6, 99, 127, 127, 1, 28, 292, 28, 335, 335, 335, 204, 6, 28, 1, 127, 28, 1, 345, 98, 28, 28, 137, 335, 127, 1, 320, 28, 94, 28, 335, 335, 28, 127, 28, 248, 6, 28, 1, 28, 1, 127, 1, 1, 28, 107, 28, 6, 335, 335, 6, 1, 127, 127, 28, 28, 335, 127, 127, 127, 28, 6, 127, 52, 102, 28, 335, 108, 127, 28, 28, 18, 28, 335, 6, 28, 6, 28, 28, 335, 335, 18, 127, 1, 127, 1, 324, 335, 127, 1, 28, 28, 28, 320, 1, 127, 105, 335, 262, 127, 28, 1, 1, 288, 335, 6, 65, 28, 28, 28, 335, 28, 6, 1, 127, 6, 335, 335, 28, 28, 127, 127, 1, 6, 6, 28, 127, 335, 28, 335, 6, 139, 127, 28, 127, 28, 6, 267, 18, 1, 1, 127, 335, 28, 127, 264, 127, 157, 28, 335, 335, 326, 324, 28, 127, 28, 127, 204, 1, 307, 307, 28, 28, 127, 28, 127, 234, 127, 108, 127, 63, 127, 335, 204, 1, 335, 25, 6, 28, 28, 155, 127, 1, 307, 127, 127, 28, 127, 335, 307, 335, 127, 28, 28, 335, 28, 335, 127, 335, 28, 271, 273, 127, 324, 27, 123, 28, 1, 28, 127, 127, 127, 335, 335, 313, 335, 127, 28, 127, 307, 335, 127, 127, 6, 1, 120, 335, 324, 127, 28, 335, 34, 335, 1, 1, 127, 335, 28, 335, 293, 127, 310, 127, 1, 18, 127, 335, 28, 1, 28, 307, 335, 310, 335, 1, 28, 335, 6, 1, 1, 28, 335, 324, 307, 28, 335, 28, 335, 335, 335, 343, 1, 335, 28, 27, 140, 307, 324, 166, 307, 18, 307, 307, 307, 307, 307, 320, 307, 6, 272, 18, 307, 6, 172, 307, 6, 157, 272, 307, 307, 293, 107, 18, 18, 18, 6, 6, 6, 204, 310, 70, 310, 97, 310, 213, 310, 293, 115, 293, 6, 108, 277, 23, 6, 204, 227, 324, 54, 6, 6, 100, 115, 18, 307, 6, 6, 6, 6, 6, 6, 6, 274, 41, 115, 60, 2, 139, 6, 324, 227, 272, 216, 204, 96, 101, 307, 137, 6, 6, 6, 307, 43, 248, 139, 281, 6, 6, 112, 96, 46, 41, 60, 265, 6, 6, 272, 108, 61, 6, 211, 138, 6, 139, 202, 216, 6, 27, 279, 6, 6, 60, 154, 6, 115, 137, 19, 339, 6, 227, 6, 6, 6, 204, 204, 293, 6, 64, 34, 48, 6, 137, 6, 208, 6, 41, 6, 108, 6, 231, 6, 115, 62, 6, 6, 6, 6, 141, 18, 115, 6, 6, 112, 86, 186, 96, 6, 158, 272, 181, 6, 359, 248, 307, 36, 6, 317, 6, 301, 6, 6, 6, 269, 248, 204, 157, 183, 5, 6, 6, 263, 18, 230, 6, 6, 6, 173, 324, 6, 6, 70, 259, 293, 204, 115, 227, 310, 183, 115, 310, 115, 115, 100, 310, 204, 143, 204, 6, 6, 6, 6, 6, 204, 39, 6, 6, 324, 227, 6, 6, 263, 105, 108, 84, 108, 112, 324, 108, 324, 324, 6, 259, 112, 46, 96, 96, 6, 307, 259, 324, 6, 227, 6, 216, 204, 259, 61, 259, 328, 112, 139, 139, 101, 6, 6, 6, 6, 54, 259, 108, 337, 281, 6, 307, 48, 231, 282, 259, 6, 259, 6, 143, 6, 18, 324, 259, 6, 231, 18, 6, 307, 6, 154, 6, 6, 6, 154, 96, 6, 345, 6, 139, 204, 6, 108, 279, 6, 307, 60, 204, 23, 6, 204, 6, 6, 60, 6, 5, 43, 41, 27, 96, 324, 3, 6, 6, 96, 6, 317, 6, 6, 259, 196, 105, 96, 6, 279, 6, 6, 6, 41, 138, 248, 96, 6, 6, 64, 2, 6, 216, 41, 60, 6, 204, 279, 6, 186, 279, 186, 279, 114, 279, 18, 25, 265, 307, 125, 108, 34, 6, 6, 48, 6, 96, 34, 48, 248, 126, 6, 272, 137, 137, 18, 277, 137, 34, 6, 96, 307, 137, 137, 351, 86, 6, 137, 269, 6, 6, 6, 137, 6, 18, 6, 36, 99, 202, 96, 181, 272, 6, 307, 6, 307, 6, 6, 248, 6, 285, 324, 6, 6, 272, 6, 27, 307, 6, 302, 62, 307, 359, 248, 6, 96, 6, 6, 272, 158, 339, 6, 141, 283, 96, 48, 6, 196, 6, 105, 204, 6, 279, 6, 137, 227, 131, 29, 328, 157, 328, 302, 99, 324, 105, 39, 137, 6, 34, 204, 279, 6, 251, 108, 6, 307, 215, 114, 105, 143, 6, 18, 52, 105, 6, 259, 143, 83, 44, 6, 6, 6, 97, 6, 204, 105, 274, 310, 324, 115, 19, 310, 310, 140, 301, 310, 115, 157, 294, 0, 132, 358, 310, 354, 358, 