{"Run": 11, "K": 267, "WCSSD": 2351.2369075393012, "Purity": 0.3555801605259336, "Time": 13.331934928894043, "Kmeans_Labels": [5, 179, 52, 5, 5, 5, 229, 48, 5, 233, 5, 236, 35, 35, 5, 5, 5, 137, 5, 151, 5, 5, 199, 35, 239, 137, 5, 137, 151, 252, 35, 5, 151, 137, 5, 5, 35, 35, 35, 35, 199, 229, 99, 145, 257, 49, 239, 5, 5, 59, 5, 84, 84, 5, 226, 108, 5, 137, 226, 5, 5, 137, 137, 99, 108, 146, 35, 179, 35, 108, 137, 5, 32, 226, 254, 5, 5, 5, 248, 5, 156, 5, 233, 137, 48, 5, 226, 7, 5, 5, 5, 72, 18, 233, 59, 229, 5, 5, 48, 5, 48, 254, 5, 235, 235, 229, 229, 235, 5, 254, 46, 216, 46, 35, 233, 254, 84, 5, 5, 66, 5, 5, 66, 201, 5, 66, 5, 5, 169, 84, 66, 66, 215, 5, 124, 151, 5, 5, 5, 5, 60, 5, 226, 151, 66, 66, 5, 5, 5, 5, 66, 175, 226, 151, 5, 143, 5, 5, 5, 5, 165, 66, 66, 5, 229, 66, 226, 84, 177, 226, 66, 199, 5, 84, 66, 128, 13, 73, 66, 5, 5, 5, 59, 59, 66, 5, 66, 5, 5, 5, 5, 60, 84, 66, 5, 5, 5, 84, 5, 181, 48, 168, 199, 13, 66, 48, 129, 48, 226, 5, 168, 5, 48, 48, 48, 66, 224, 233, 84, 60, 48, 5, 5, 193, 84, 66, 5, 233, 84, 199, 5, 5, 48, 5, 48, 84, 233, 151, 5, 5, 66, 5, 60, 24, 84, 48, 24, 5, 84, 66, 229, 181, 5, 83, 5, 199, 66, 5, 66, 5, 5, 5, 235, 52, 235, 5, 84, 235, 84, 13, 199, 229, 147, 96, 229, 229, 84, 199, 66, 66, 66, 229, 5, 5, 229, 229, 13, 235, 229, 169, 66, 229, 5, 229, 96, 229, 96, 229, 235, 84, 5, 229, 136, 96, 96, 229, 229, 229, 229, 46, 60, 5, 96, 96, 181, 5, 5, 46, 229, 5, 24, 46, 84, 24, 13, 5, 5, 189, 60, 24, 151, 66, 66, 5, 84, 5, 66, 5, 199, 66, 5, 5, 49, 84, 66, 5, 5, 49, 5, 49, 49, 5, 84, 49, 5, 5, 52, 10, 202, 44, 88, 5, 5, 88, 88, 60, 231, 88, 66, 5, 88, 88, 132, 66, 132, 66, 66, 66, 199, 5, 5, 84, 66, 99, 5, 84, 84, 137, 5, 5, 5, 5, 5, 147, 5, 5, 198, 189, 5, 145, 60, 5, 5, 199, 84, 60, 66, 5, 5, 5, 84, 76, 108, 226, 5, 5, 96, 84, 226, 66, 226, 5, 226, 5, 145, 235, 5, 46, 202, 88, 88, 99, 5, 226, 5, 84, 84, 151, 151, 5, 5, 5, 175, 175, 210, 210, 24, 24, 5, 24, 82, 82, 24, 145, 5, 88, 88, 84, 44, 44, 5, 5, 117, 108, 108, 151, 99, 99, 108, 108, 108, 108, 217, 108, 189, 60, 5, 5, 18, 18, 48, 48, 243, 233, 233, 5, 5, 233, 233, 233, 175, 5, 51, 51, 5, 98, 5, 175, 175, 5, 48, 83, 60, 233, 233, 5, 233, 233, 235, 52, 52, 5, 5, 5, 5, 5, 59, 64, 5, 5, 235, 5, 235, 235, 235, 235, 5, 233, 5, 222, 222, 229, 216, 216, 96, 96, 46, 46, 46, 96, 24, 96, 96, 46, 46, 5, 5, 46, 46, 36, 36, 235, 235, 46, 46, 5, 175, 175, 175, 175, 189, 5, 60, 60, 193, 5, 5, 5, 5, 5, 5, 5, 5, 5, 5, 5, 5, 60, 49, 49, 49, 49, 49, 151, 5, 49, 5, 5, 84, 88, 88, 175, 40, 175, 5, 5, 132, 132, 22, 22, 22, 22, 22, 22, 22, 22, 5, 88, 88, 22, 22, 22, 22, 132, 132, 88, 88, 242, 84, 5, 189, 137, 226, 105, 105, 105, 105, 105, 105, 105, 105, 105, 193, 193, 105, 105, 105, 35, 105, 105, 105, 105, 84, 105, 105, 105, 105, 13, 145, 145, 5, 44, 99, 99, 5, 5, 108, 108, 5, 158, 108, 108, 5, 5, 5, 5, 108, 5, 5, 145, 13, 6, 5, 5, 5, 99, 145, 59, 6, 5, 233, 233, 5, 233, 233, 233, 5, 18, 5, 5, 108, 5, 243, 243, 233, 141, 220, 233, 233, 145, 233, 5, 55, 233, 233, 233, 114, 59, 5, 251, 233, 59, 5, 233, 134, 233, 233, 233, 114, 114, 141, 59, 233, 233, 59, 235, 233, 5, 5, 5, 235, 60, 180, 52, 96, 235, 5, 24, 180, 235, 235, 222, 229, 195, 222, 222, 46, 222, 46, 235, 216, 235, 24, 216, 216, 94, 5, 46, 94, 46, 46, 46, 24, 5, 247, 46, 46, 12, 139, 5, 24, 24, 24, 46, 46, 36, 46, 36, 24, 84, 46, 46, 24, 24, 24, 46, 118, 59, 24, 24, 24, 70, 24, 118, 118, 60, 175, 24, 24, 24, 24, 5, 5, 175, 24, 24, 24, 24, 137, 137, 24, 5, 5, 5, 5, 5, 5, 60, 5, 100, 5, 49, 49, 24, 24, 5, 24, 24, 60, 5, 5, 5, 5, 5, 5, 5, 5, 84, 5, 5, 5, 5, 88, 88, 88, 5, 196, 44, 44, 132, 140, 88, 22, 5, 22, 22, 88, 5, 22, 22, 84, 22, 5, 5, 132, 88, 88, 88, 46, 5, 46, 88, 22, 84, 254, 5, 5, 5, 88, 151, 5, 108, 59, 39, 108, 151, 108, 5, 5, 157, 5, 59, 40, 5, 5, 141, 5, 141, 59, 52, 59, 5, 255, 96, 24, 84, 5, 84, 5, 5, 5, 5, 167, 226, 5, 151, 5, 42, 5, 177, 137, 84, 5, 24, 24, 88, 24, 24, 5, 5, 78, 5, 78, 77, 5, 235, 77, 145, 41, 107, 78, 150, 88, 167, 78, 258, 84, 261, 167, 167, 258, 57, 167, 167, 17, 167, 77, 84, 167, 77, 167, 258, 167, 107, 107, 167, 78, 77, 167, 167, 167, 167, 77, 167, 107, 107, 167, 77, 77, 148, 258, 77, 258, 59, 258, 258, 167, 78, 78, 5, 169, 77, 258, 167, 5, 5, 59, 78, 258, 167, 5, 13, 77, 167, 77, 258, 127, 258, 167, 5, 258, 167, 258, 167, 5, 5, 167, 167, 258, 78, 186, 151, 239, 167, 258, 167, 258, 258, 77, 56, 258, 185, 167, 258, 258, 167, 86, 167, 167, 78, 5, 227, 78, 167, 167, 146, 5, 5, 73, 5, 78, 258, 78, 99, 77, 258, 5, 77, 258, 167, 167, 258, 137, 78, 189, 167, 77, 77, 77, 167, 77, 167, 5, 258, 167, 78, 167, 5, 5, 77, 77, 258, 167, 258, 167, 135, 78, 258, 84, 5, 167, 258, 77, 258, 167, 73, 5, 167, 63, 189, 78, 77, 258, 258, 167, 167, 167, 78, 78, 258, 77, 121, 60, 59, 167, 258, 258, 258, 77, 258, 167, 167, 239, 167, 5, 150, 78, 5, 258, 77, 77, 258, 167, 78, 77, 77, 77, 167, 5, 77, 75, 78, 167, 78, 145, 77, 167, 167, 84, 187, 78, 5, 167, 5, 167, 131, 78, 78, 5, 77, 258, 77, 258, 84, 78, 77, 112, 258, 167, 167, 5, 141, 77, 84, 78, 227, 77, 167, 258, 258, 78, 78, 52, 57, 167, 258, 167, 78, 167, 5, 258, 77, 5, 78, 78, 167, 167, 77, 77, 258, 5, 5, 167, 77, 78, 167, 78, 5, 235, 77, 258, 77, 167, 5, 167, 84, 258, 191, 77, 78, 167, 77, 46, 77, 84, 167, 245, 78, 167, 106, 167, 77, 167, 77, 5, 11, 84, 39, 167, 167, 109, 167, 77, 77, 77, 145, 122, 77, 77, 78, 182, 258, 78, 177, 141, 258, 167, 78, 41, 258, 84, 77, 77, 258, 77, 78, 84, 78, 77, 167, 167, 258, 167, 78, 77, 258, 167, 151, 78, 45, 5, 151, 151, 258, 166, 167, 77, 77, 77, 78, 78, 77, 78, 77, 167, 77, 39, 78, 107, 77, 5, 78, 241, 78, 106, 77, 167, 78, 146, 150, 78, 78, 218, 78, 167, 241, 44, 77, 88, 77, 88, 84, 77, 258, 167, 167, 167, 84, 78, 88, 78, 258, 167, 78, 5, 106, 258, 167, 112, 84, 84, 167, 78, 167, 78, 78, 78, 258, 258, 78, 167, 151, 253, 84, 84, 84, 84, 5, 84, 84, 84, 84, 5, 84, 84, 5, 5, 169, 84, 151, 84, 84, 5, 84, 235, 84, 84, 44, 226, 84, 84, 84, 5, 5, 208, 5, 88, 232, 88, 208, 88, 5, 132, 44, 132, 44, 62, 145, 179, 233, 5, 5, 24, 119, 71, 46, 49, 85, 54, 203, 84, 5, 5, 5, 5, 5, 233, 5, 5, 233, 132, 5, 5, 209, 233, 5, 249, 5, 46, 84, 226, 96, 5, 189, 64, 5, 5, 84, 5, 60, 235, 229, 5, 225, 36, 137, 5, 233, 5, 5, 178, 83, 264, 145, 5, 141, 24, 18, 5, 235, 199, 5, 84, 151, 98, 123, 49, 233, 193, 5, 132, 189, 90, 99, 5, 24, 117, 59, 5, 5, 5, 88, 59, 59, 146, 13, 117, 189, 111, 84, 5, 233, 5, 145, 5, 229, 5, 132, 5, 211, 5, 5, 108, 5, 5, 196, 5, 5, 222, 5, 5, 137, 5, 5, 5, 5, 5, 110, 60, 84, 60, 103, 175, 30, 202, 5, 141, 13, 5, 60, 153, 5, 199, 5, 5, 5, 5, 84, 146, 5, 59, 5, 189, 84, 5, 5, 232, 84, 88, 153, 132, 24, 88, 199, 132, 132, 54, 196, 85, 88, 5, 199, 84, 62, 5, 5, 49, 5, 5, 175, 5, 5, 5, 24, 5, 30, 5, 84, 145, 34, 145, 46, 84, 145, 84, 52, 5, 9, 36, 5, 137, 226, 5, 84, 9, 84, 46, 249, 5, 46, 84, 9, 5, 9, 20, 222, 235, 235, 96, 5, 5, 5, 64, 71, 9, 145, 13, 229, 5, 84, 13, 229, 5, 9, 5, 84, 123, 199, 84, 203, 84, 52, 84, 229, 84, 5, 84, 5, 193, 83, 5, 5, 59, 137, 59, 73, 141, 209, 5, 5, 145, 98, 111, 84, 5, 5, 233, 5, 84, 141, 5, 5, 5, 5, 5, 233, 151, 137, 5, 233, 225, 5, 137, 59, 175, 5, 233, 9, 93, 5, 137, 5, 98, 5, 5, 103, 233, 18, 60, 137, 178, 5, 59, 5, 5, 5, 233, 233, 233, 5, 98, 13, 5, 98, 5, 98, 128, 98, 84, 104, 5, 84, 137, 145, 146, 5, 5, 151, 5, 137, 146, 13, 60, 199, 5, 52, 189, 189, 84, 84, 189, 146, 5, 137, 84, 162, 164, 84, 5, 211, 189, 5, 5, 8, 5, 189, 5, 84, 5, 60, 99, 199, 137, 5, 5, 84, 84, 5, 84, 59, 5, 60, 5, 84, 84, 108, 5, 5, 5, 151, 256, 5, 262, 5, 5, 110, 84, 59, 137, 95, 59, 264, 5, 99, 5, 5, 60, 137, 13, 5, 93, 5, 84, 5, 8, 98, 84, 164, 24, 57, 68, 20, 13, 20, 262, 99, 5, 84, 175, 189, 21, 146, 84, 98, 5, 13, 145, 5, 84, 108, 128, 52, 199, 84, 84, 5, 84, 84, 84, 199, 5, 99, 5, 108, 194, 208, 5, 5, 84, 5, 88, 119, 132, 90, 88, 88, 115, 208, 88, 132, 115, 48, 115, 44, 115, 88, 5, 115, 115, 254, 254, 229, 52, 88, 5, 115, 221, 115, 115, 115, 132, 115, 233, 46, 115, 13, 115, 115, 5, 83, 115, 84, 5, 216, 88, 59, 132, 88, 115, 115, 46, 233, 5, 2, 5, 24, 115, 84, 29, 115, 49, 115, 115, 246, 189, 46, 88, 73, 151, 115, 