{"Run": 1, "K": 287, "WCSSD": 2335.527694606762, "Purity": 0.4735184655024334, "Time": 14.429439067840576, "Kmeans_Labels": [34, 206, 172, 172, 91, 95, 116, 160, 12, 177, 12, 10, 12, 181, 105, 36, 12, 36, 173, 214, 12, 12, 95, 181, 155, 12, 12, 229, 214, 30, 155, 12, 214, 12, 12, 12, 181, 181, 10, 181, 175, 155, 252, 238, 181, 12, 155, 12, 105, 12, 12, 95, 95, 105, 34, 92, 36, 12, 172, 172, 36, 155, 12, 252, 92, 140, 155, 206, 181, 92, 155, 105, 30, 118, 12, 12, 34, 12, 36, 12, 173, 36, 30, 122, 195, 12, 123, 223, 12, 12, 12, 256, 66, 248, 105, 12, 122, 12, 160, 12, 160, 226, 12, 30, 12, 116, 116, 116, 30, 226, 202, 11, 202, 155, 34, 226, 95, 279, 213, 39, 12, 12, 39, 172, 172, 39, 228, 172, 23, 63, 39, 51, 63, 12, 87, 214, 95, 12, 12, 12, 229, 172, 172, 214, 39, 39, 12, 12, 36, 172, 39, 278, 118, 214, 12, 39, 12, 12, 172, 105, 12, 39, 39, 12, 116, 143, 118, 43, 81, 118, 39, 12, 12, 95, 39, 36, 260, 268, 39, 12, 12, 12, 143, 143, 39, 12, 39, 12, 12, 12, 12, 229, 36, 39, 172, 149, 154, 105, 12, 248, 160, 173, 12, 260, 39, 160, 39, 160, 248, 12, 173, 12, 160, 160, 160, 39, 39, 277, 10, 229, 160, 12, 12, 100, 87, 225, 12, 248, 95, 39, 12, 12, 160, 12, 160, 12, 248, 214, 21, 95, 39, 12, 67, 160, 95, 160, 173, 12, 105, 39, 116, 116, 12, 39, 41, 95, 39, 149, 39, 12, 218, 34, 10, 172, 39, 12, 105, 116, 12, 260, 173, 116, 95, 149, 116, 173, 12, 173, 39, 39, 39, 34, 34, 173, 116, 116, 260, 116, 116, 23, 39, 116, 12, 202, 116, 116, 12, 116, 202, 63, 12, 116, 12, 189, 74, 116, 116, 116, 38, 202, 229, 34, 116, 118, 248, 34, 12, 202, 202, 118, 202, 202, 95, 202, 260, 10, 12, 34, 229, 202, 214, 39, 39, 34, 95, 12, 39, 35, 12, 39, 87, 12, 160, 105, 73, 95, 12, 39, 105, 12, 229, 173, 95, 12, 10, 34, 12, 81, 120, 194, 194, 12, 12, 194, 202, 229, 231, 194, 39, 12, 194, 1, 231, 39, 231, 39, 39, 39, 36, 12, 218, 95, 39, 12, 105, 95, 95, 12, 172, 12, 12, 105, 12, 12, 252, 155, 260, 88, 12, 39, 229, 12, 172, 12, 87, 229, 36, 12, 172, 12, 173, 12, 92, 118, 36, 94, 116, 105, 118, 39, 118, 172, 118, 12, 12, 124, 12, 34, 120, 194, 194, 252, 72, 118, 12, 36, 36, 214, 214, 12, 172, 12, 278, 278, 248, 248, 202, 202, 173, 202, 10, 10, 202, 156, 12, 63, 63, 63, 82, 82, 12, 12, 240, 92, 92, 214, 92, 92, 172, 92, 92, 92, 172, 92, 88, 229, 12, 30, 135, 135, 201, 201, 248, 248, 248, 12, 12, 248, 248, 248, 278, 12, 234, 234, 63, 22, 36, 278, 278, 36, 160, 164, 229, 265, 265, 12, 248, 248, 30, 172, 172, 63, 12, 12, 171, 171, 12, 116, 12, 172, 116, 87, 172, 116, 116, 172, 87, 2, 172, 48, 48, 116, 30, 30, 116, 116, 30, 30, 12, 10, 202, 116, 116, 248, 248, 63, 63, 48, 48, 170, 170, 12, 12, 48, 202, 12, 278, 278, 278, 278, 163, 12, 229, 229, 10, 12, 12, 110, 110, 110, 110, 12, 12, 12, 87, 107, 107, 229, 12, 12, 12, 12, 12, 214, 12, 12, 146, 146, 173, 194, 194, 200, 95, 200, 63, 63, 231, 231, 231, 231, 252, 252, 231, 231, 231, 231, 12, 25, 25, 275, 275, 4, 4, 231, 231, 33, 33, 194, 12, 12, 88, 12, 118, 55, 55, 55, 55, 55, 55, 55, 55, 55, 10, 10, 55, 55, 55, 208, 55, 55, 55, 55, 95, 55, 55, 55, 55, 260, 12, 156, 12, 194, 252, 252, 92, 92, 92, 92, 12, 34, 92, 92, 63, 133, 12, 133, 92, 12, 172, 156, 260, 28, 12, 12, 12, 252, 12, 132, 28, 105, 248, 248, 12, 30, 30, 30, 12, 66, 12, 12, 92, 12, 12, 12, 248, 223, 64, 152, 152, 223, 248, 252, 36, 248, 248, 248, 248, 12, 252, 248, 248, 248, 12, 248, 248, 248, 248, 265, 248, 248, 223, 12, 265, 265, 145, 30, 248, 239, 12, 12, 12, 229, 12, 202, 116, 12, 197, 202, 12, 30, 116, 48, 176, 116, 48, 48, 48, 48, 48, 30, 30, 263, 202, 202, 30, 30, 63, 202, 30, 34, 202, 30, 202, 12, 278, 202, 27, 202, 12, 12, 202, 117, 117, 48, 170, 170, 202, 170, 202, 48, 48, 48, 202, 202, 202, 87, 202, 10, 202, 202, 202, 12, 202, 202, 202, 229, 278, 202, 202, 202, 12, 12, 12, 278, 202, 202, 202, 202, 214, 214, 202, 12, 12, 12, 12, 107, 63, 229, 63, 36, 12, 12, 12, 34, 34, 146, 12, 87, 34, 12, 173, 63, 118, 118, 87, 12, 12, 63, 87, 87, 87, 87, 194, 194, 194, 63, 231, 194, 194, 231, 260, 236, 231, 12, 194, 194, 236, 12, 194, 194, 12, 194, 12, 12, 63, 25, 194, 194, 12, 12, 63, 194, 231, 63, 226, 12, 12, 12, 194, 214, 36, 92, 12, 12, 92, 214, 92, 36, 139, 12, 12, 36, 12, 118, 12, 223, 12, 223, 173, 269, 12, 12, 202, 116, 202, 48, 202, 173, 12, 37, 105, 37, 69, 118, 172, 214, 12, 12, 36, 255, 12, 95, 78, 34, 202, 194, 34, 202, 12, 12, 184, 12, 184, 16, 87, 12, 16, 156, 16, 16, 184, 184, 84, 3, 184, 3, 21, 3, 184, 3, 3, 192, 3, 3, 3, 3, 16, 87, 3, 16, 3, 3, 3, 3, 95, 3, 184, 16, 3, 3, 3, 3, 16, 3, 95, 95, 70, 16, 16, 3, 3, 56, 3, 12, 3, 46, 3, 184, 244, 12, 23, 16, 3, 3, 12, 12, 12, 184, 184, 3, 5, 260, 16, 3, 16, 3, 12, 3, 3, 105, 3, 3, 3, 3, 12, 12, 3, 3, 249, 184, 95, 215, 155, 3, 3, 3, 3, 3, 16, 3, 3, 3, 3, 173, 3, 3, 3, 93, 15, 184, 36, 63, 184, 3, 3, 140, 12, 12, 268, 12, 184, 68, 184, 252, 47, 3, 87, 16, 3, 3, 3, 3, 63, 184, 88, 3, 16, 16, 16, 3, 16, 3, 36, 3, 3, 184, 3, 12, 182, 16, 16, 3, 3, 3, 3, 184, 184, 223, 87, 12, 3, 3, 16, 3, 3, 268, 12, 3, 3, 88, 184, 16, 3, 3, 3, 3, 3, 224, 184, 101, 165, 3, 229, 155, 3, 12, 3, 101, 16, 3, 3, 3, 155, 3, 12, 184, 184, 12, 239, 16, 16, 3, 3, 184, 16, 16, 16, 3, 72, 16, 96, 184, 3, 184, 12, 16, 3, 3, 95, 3, 184, 12, 273, 12, 3, 3, 184, 184, 12, 165, 3, 16, 95, 87, 184, 16, 54, 212, 3, 3, 36, 223, 165, 36, 184, 63, 16, 19, 16, 3, 184, 184, 12, 192, 3, 262, 3, 184, 3, 87, 3, 16, 12, 184, 184, 3, 3, 16, 16, 3, 63, 12, 3, 16, 184, 3, 184, 105, 12, 16, 3, 16, 3, 105, 3, 63, 3, 3, 16, 184, 3, 16, 34, 16, 63, 3, 184, 184, 3, 87, 3, 16, 3, 16, 12, 3, 63, 12, 3, 3, 16, 3, 169, 16, 16, 156, 16, 46, 16, 184, 12, 3, 184, 26, 223, 3, 3, 184, 16, 3, 87, 16, 190, 56, 16, 184, 105, 184, 16, 3, 3, 184, 3, 184, 16, 184, 3, 214, 184, 16, 12, 214, 214, 3, 3, 69, 16, 16, 16, 184, 184, 16, 184, 16, 3, 16, 5, 18, 16, 16, 173, 184, 184, 184, 87, 16, 3, 184, 140, 184, 184, 194, 16, 184, 3, 184, 194, 16, 84, 16, 194, 63, 16, 184, 3, 3, 3, 87, 184, 194, 184, 3, 3, 184, 12, 184, 3, 3, 54, 87, 95, 3, 184, 3, 184, 184, 184, 3, 3, 184, 3, 214, 251, 95, 173, 43, 95, 12, 95, 95, 95, 95, 36, 36, 95, 12, 172, 23, 95, 214, 10, 95, 12, 63, 172, 95, 95, 231, 155, 87, 87, 87, 78, 12, 12, 12, 194, 150, 194, 120, 194, 12, 98, 194, 4, 194, 141, 12, 206, 89, 36, 87, 202, 147, 118, 12, 12, 87, 231, 269, 266, 172, 36, 34, 12, 12, 248, 12, 12, 248, 231, 10, 12, 12, 248, 12, 202, 172, 30, 63, 63, 116, 36, 88, 12, 12, 12, 10, 12, 229, 116, 10, 12, 134, 170, 12, 202, 248, 233, 12, 66, 118, 172, 156, 178, 223, 202, 66, 12, 173, 175, 30, 162, 214, 22, 105, 12, 248, 10, 12, 231, 88, 49, 252, 12, 202, 240, 118, 12, 63, 63, 194, 12, 12, 140, 260, 240, 88, 10, 118, 12, 248, 12, 156, 12, 116, 128, 231, 12, 88, 12, 173, 92, 12, 257, 231, 12, 242, 48, 173, 232, 12, 12, 12, 131, 12, 12, 122, 229, 36, 229, 12, 278, 34, 120, 12, 223, 260, 36, 229, 12, 12, 213, 12, 126, 105, 41, 63, 140, 191, 12, 12, 88, 105, 63, 173, 150, 95, 194, 12, 4, 202, 194, 213, 231, 98, 231, 231, 87, 194, 63, 175, 63, 141, 12, 126, 12, 36, 87, 79, 12, 34, 12, 202, 12, 34, 41, 12, 156, 202, 156, 12, 12, 12, 95, 36, 12, 97, 170, 202, 173, 63, 12, 87, 97, 95, 12, 202, 12, 30, 173, 36, 178, 97, 118, 48, 173, 116, 116, 12, 12, 173, 12, 118, 97, 156, 260, 10, 95, 36, 260, 116, 36, 36, 173, 63, 105, 175, 137, 269, 63, 36, 12, 116, 21, 12, 95, 12, 10, 118, 36, 173, 10, 63, 12, 268, 223, 12, 104, 173, 12, 22, 10, 10, 10, 63, 89, 12, 63, 223, 12, 233, 12, 12, 12, 248, 214, 12, 12, 248, 134, 12, 12, 12, 278, 12, 248, 97, 248, 12, 248, 191, 22, 12, 12, 12, 248, 66, 229, 122, 66, 12, 12, 12, 12, 30, 248, 248, 248, 63, 185, 260, 232, 22, 232, 22, 36, 22, 63, 81, 12, 95, 12, 12, 222, 105, 128, 214, 12, 122, 173, 260, 229, 63, 72, 172, 0, 270, 63, 173, 88, 140, 12, 12, 162, 88, 88, 95, 173, 88, 88, 36, 12, 12, 172, 88, 12, 43, 12, 229, 252, 175, 12, 12, 131, 162, 95, 12, 266, 118, 12, 229, 12, 21, 105, 92, 172, 172, 12, 214, 87, 12, 12, 12, 158, 122, 173, 12, 155, 12, 12, 172, 12, 252, 242, 12, 229, 12, 260, 207, 248, 12, 12, 104, 12, 185, 137, 88, 202, 192, 142, 87, 260, 118, 12, 252, 266, 12, 79, 270, 12, 222, 173, 22, 36, 252, 12,