{"Run": 2, "K": 287, "WCSSD": 2350.7090890260224, "Purity": 0.35992049312222685, "Time": 13.921226024627686, "Kmeans_Labels": [134, 277, 98, 98, 23, 23, 277, 54, 277, 28, 23, 129, 73, 73, 23, 23, 117, 271, 51, 51, 23, 23, 51, 73, 73, 271, 202, 271, 151, 23, 73, 51, 48, 271, 51, 23, 73, 73, 73, 73, 51, 218, 136, 152, 73, 77, 73, 23, 23, 23, 237, 215, 215, 202, 134, 23, 215, 72, 98, 194, 91, 271, 23, 21, 23, 62, 73, 277, 73, 277, 271, 23, 23, 23, 29, 23, 134, 23, 117, 23, 23, 23, 31, 271, 54, 23, 246, 23, 23, 23, 23, 23, 23, 28, 23, 23, 142, 23, 54, 23, 54, 29, 23, 23, 23, 218, 218, 253, 23, 29, 213, 213, 213, 73, 134, 29, 140, 23, 23, 115, 23, 23, 125, 214, 98, 125, 4, 98, 83, 83, 125, 125, 23, 23, 23, 151, 23, 140, 23, 140, 42, 98, 98, 151, 125, 125, 23, 140, 23, 98, 125, 284, 246, 4, 23, 125, 23, 23, 98, 23, 140, 125, 125, 162, 218, 125, 246, 83, 210, 246, 117, 241, 281, 215, 125, 23, 21, 208, 125, 23, 237, 23, 23, 23, 125, 23, 125, 23, 23, 215, 23, 42, 202, 125, 98, 98, 23, 51, 23, 28, 54, 23, 117, 21, 125, 54, 125, 54, 23, 23, 23, 140, 54, 54, 54, 125, 125, 28, 99, 42, 54, 29, 23, 120, 83, 125, 140, 23, 215, 125, 23, 23, 54, 23, 54, 140, 23, 151, 23, 23, 125, 23, 42, 54, 215, 54, 17, 23, 51, 125, 218, 253, 23, 125, 215, 51, 125, 140, 125, 23, 140, 23, 120, 98, 125, 23, 51, 218, 215, 23, 83, 218, 140, 23, 218, 23, 140, 23, 125, 125, 125, 134, 134, 23, 218, 218, 21, 253, 218, 83, 206, 218, 23, 213, 253, 218, 253, 218, 213, 129, 23, 218, 23, 253, 24, 218, 218, 218, 23, 213, 42, 134, 253, 253, 213, 134, 117, 213, 213, 129, 213, 213, 215, 213, 21, 23, 23, 134, 42, 17, 151, 125, 125, 134, 215, 23, 125, 134, 271, 125, 23, 184, 77, 51, 125, 140, 23, 77, 23, 77, 77, 140, 215, 77, 23, 23, 23, 210, 283, 76, 76, 23, 23, 76, 213, 42, 204, 113, 125, 261, 164, 76, 204, 125, 204, 125, 125, 125, 140, 117, 140, 184, 125, 117, 23, 215, 215, 271, 98, 215, 140, 23, 117, 140, 136, 23, 21, 59, 23, 152, 42, 23, 98, 140, 23, 42, 125, 25, 98, 23, 83, 23, 23, 246, 277, 23, 253, 51, 246, 125, 215, 98, 23, 23, 152, 23, 23, 213, 283, 76, 76, 136, 83, 246, 23, 140, 140, 151, 151, 23, 98, 23, 244, 244, 28, 28, 213, 213, 83, 213, 23, 23, 213, 152, 23, 51, 51, 23, 76, 76, 51, 51, 23, 23, 23, 151, 136, 136, 98, 23, 23, 23, 98, 23, 59, 42, 23, 23, 28, 28, 54, 54, 28, 249, 249, 23, 23, 28, 28, 28, 284, 23, 23, 23, 23, 262, 23, 284, 284, 23, 54, 23, 42, 28, 28, 23, 28, 28, 220, 98, 98, 23, 23, 23, 23, 23, 23, 23, 23, 98, 218, 71, 98, 218, 218, 98, 71, 28, 98, 37, 37, 218, 213, 213, 253, 253, 213, 213, 58, 24, 213, 253, 253, 213, 213, 219, 219, 121, 121, 217, 217, 23, 23, 213, 213, 23, 284, 284, 284, 284, 59, 23, 100, 100, 120, 51, 51, 120, 120, 23, 23, 23, 23, 23, 23, 23, 23, 42, 77, 77, 77, 77, 77, 129, 23, 81, 267, 267, 83, 76, 76, 284, 51, 284, 51, 51, 148, 148, 204, 204, 70, 70, 204, 204, 204, 204, 23, 76, 76, 204, 204, 204, 204, 204, 204, 233, 233, 76, 23, 23, 59, 271, 246, 13, 13, 13, 13, 13, 13, 13, 13, 13, 120, 120, 13, 13, 13, 73, 13, 13, 13, 13, 140, 13, 13, 13, 13, 154, 23, 152, 23, 204, 116, 116, 117, 117, 23, 23, 23, 0, 42, 42, 140, 23, 23, 23, 23, 140, 98, 152, 21, 98, 23, 51, 23, 136, 266, 23, 98, 117, 123, 123, 23, 123, 123, 23, 23, 23, 117, 23, 28, 23, 23, 23, 28, 23, 28, 28, 28, 152, 28, 136, 23, 28, 28, 28, 28, 28, 136, 28, 28, 28, 184, 28, 28, 28, 28, 28, 28, 28, 23, 23, 28, 28, 28, 220, 28, 23, 224, 224, 23, 42, 23, 23, 253, 23, 23, 213, 23, 23, 23, 37, 213, 253, 37, 102, 102, 37, 37, 253, 213, 134, 213, 213, 213, 213, 23, 213, 213, 213, 213, 67, 213, 23, 284, 213, 213, 176, 23, 23, 213, 64, 64, 37, 37, 37, 213, 37, 213, 37, 37, 37, 213, 37, 213, 37, 156, 88, 223, 17, 17, 23, 17, 197, 197, 17, 284, 17, 17, 17, 17, 51, 51, 284, 17, 17, 223, 169, 271, 271, 169, 23, 51, 23, 51, 160, 51, 42, 160, 44, 157, 77, 77, 17, 17, 267, 17, 17, 17, 23, 51, 51, 23, 23, 23, 23, 23, 51, 51, 51, 69, 69, 76, 235, 235, 51, 204, 76, 204, 204, 21, 76, 204, 117, 204, 70, 76, 23, 70, 70, 112, 204, 23, 23, 23, 76, 76, 76, 184, 202, 131, 76, 204, 51, 29, 204, 204, 204, 76, 151, 23, 23, 117, 23, 23, 151, 23, 23, 23, 23, 23, 23, 202, 129, 23, 285, 23, 23, 23, 23, 117, 23, 213, 96, 213, 37, 213, 83, 23, 117, 55, 117, 149, 23, 98, 151, 23, 117, 23, 210, 271, 215, 187, 134, 213, 76, 134, 213, 23, 23, 226, 23, 8, 137, 23, 23, 137, 152, 128, 254, 274, 8, 161, 149, 8, 173, 140, 149, 8, 149, 149, 83, 149, 149, 149, 149, 137, 215, 126, 166, 149, 149, 149, 254, 254, 149, 8, 128, 149, 196, 149, 149, 137, 149, 254, 254, 149, 128, 137, 149, 149, 60, 149, 245, 149, 126, 149, 8, 8, 23, 83, 232, 126, 149, 23, 202, 23, 8, 8, 149, 83, 21, 137, 126, 137, 126, 202, 149, 149, 23, 149, 149, 149, 149, 23, 23, 149, 149, 149, 8, 215, 181, 173, 149, 163, 149, 149, 126, 137, 247, 149, 149, 149, 43, 149, 149, 126, 149, 149, 8, 158, 83, 43, 149, 108, 87, 83, 23, 68, 23, 8, 149, 8, 136, 137, 149, 215, 128, 149, 149, 149, 126, 271, 8, 59, 149, 137, 143, 137, 149, 137, 149, 202, 149, 149, 8, 149, 23, 136, 137, 137, 149, 126, 149, 149, 8, 8, 126, 90, 6, 149, 149, 137, 149, 149, 35, 23, 149, 149, 59, 8, 137, 149, 149, 126, 149, 149, 8, 8, 149, 105, 149, 42, 276, 149, 23, 149, 182, 137, 43, 149, 149, 173, 149, 83, 8, 8, 23, 23, 137, 137, 126, 149, 8, 128, 137, 137, 222, 23, 137, 39, 226, 149, 8, 83, 137, 149, 149, 215, 149, 268, 23, 149, 23, 149, 101, 8, 8, 23, 137, 149, 137, 43, 215, 8, 137, 43, 149, 126, 149, 202, 126, 105, 88, 8, 23, 137, 149, 137, 230, 8, 8, 23, 129, 149, 149, 149, 8, 225, 23, 149, 137, 23, 8, 175, 149, 149, 128, 137, 149, 23, 23, 149, 137, 8, 149, 8, 144, 23, 137, 126, 22, 149, 129, 149, 83, 149, 149, 137, 8, 149, 137, 134, 137, 117, 149, 8, 165, 149, 215, 149, 128, 149, 137, 23, 65, 215, 83, 149, 149, 137, 149, 22, 137, 137, 152, 137, 280, 137, 8, 51, 149, 8, 210, 23, 149, 149, 8, 128, 149, 195, 137, 41, 149, 128, 8, 129, 8, 137, 149, 149, 8, 149, 8, 137, 8, 149, 151, 8, 252, 23, 151, 151, 149, 84, 149, 137, 137, 128, 8, 8, 128, 8, 137, 149, 128, 83, 272, 254, 137, 23, 8, 8, 8, 51, 22, 149, 8, 87, 8, 8, 8, 22, 274, 149, 8, 76, 22, 161, 22, 76, 83, 128, 8, 149, 149, 149, 23, 8, 76, 8, 149, 225, 8, 275, 8, 126, 149, 8, 215, 43, 149, 8, 126, 8, 8, 8, 173, 149, 8, 173, 151, 256, 215, 74, 83, 215, 23, 215, 215, 215, 215, 83, 202, 215, 23, 98, 83, 215, 151, 99, 215, 51, 117, 98, 215, 215, 204, 23, 83, 83, 83, 187, 23, 23, 51, 228, 119, 76, 82, 76, 23, 204, 76, 204, 204, 23, 152, 277, 23, 23, 51, 17, 193, 253, 23, 77, 251, 204, 23, 129, 98, 23, 134, 56, 23, 23, 23, 51, 28, 204, 51, 23, 23, 31, 172, 213, 98, 213, 51, 75, 253, 140, 59, 23, 23, 51, 170, 129, 127, 23, 218, 23, 23, 213, 271, 213, 257, 51, 23, 23, 23, 278, 152, 37, 285, 17, 23, 23, 23, 51, 23, 215, 151, 262, 129, 77, 15, 120, 23, 204, 59, 119, 116, 23, 286, 23, 188, 23, 83, 51, 204, 23, 23, 87, 118, 23, 124, 23, 207, 23, 28, 23, 152, 23, 218, 23, 204, 202, 23, 23, 140, 23, 23, 103, 204, 23, 134, 37, 51, 23, 271, 140, 23, 98, 23, 23, 271, 42, 83, 42, 23, 284, 134, 203, 23, 23, 23, 114, 42, 135, 117, 51, 23, 174, 23, 23, 83, 87, 23, 23, 23, 59, 129, 23, 140, 119, 140, 204, 135, 204, 213, 76, 51, 204, 204, 204, 204, 251, 76, 51, 51, 51, 23, 140, 174, 77, 23, 51, 284, 23, 134, 172, 17, 23, 134, 23, 88, 152, 213, 152, 213, 129, 152, 140, 129, 23, 140, 213, 213, 271, 75, 23, 129, 140, 256, 23, 213, 56, 213, 83, 140, 37, 140, 184, 37, 23, 23, 253, 23, 184, 140, 23, 253, 140, 152, 21, 218, 83, 146, 118, 218, 140, 140, 83, 140, 129, 51, 140, 23, 256, 140, 23, 218, 83, 23, 215, 140, 120, 23, 183, 23, 120, 271, 23, 68, 23, 23, 184, 140, 152, 262, 23, 170, 51, 51, 23, 51, 51, 285, 23, 51, 23, 23, 129, 28, 151, 271, 23, 269, 23, 23, 271, 185, 284, 23, 23, 140, 23, 88, 271, 23, 262, 23, 23, 23, 28, 23, 42, 271, 23, 140, 23, 23, 23, 23, 257, 15, 31, 83, 262, 23, 23, 262, 23, 262, 23, 262, 83, 210, 23, 215, 271, 23, 87, 23, 23, 151, 23, 271, 23, 271, 127, 117, 23, 98, 59, 263, 95, 83, 59, 87, 23, 132, 263, 59, 59, 94, 51, 23, 124, 114, 23, 23, 40, 59, 83, 83, 23, 42, 136, 51, 271, 23, 98, 215, 184, 23, 129, 188, 23, 42, 23, 202, 129, 23, 98, 98, 23, 151, 186, 23,