{"Run": 14, "K": 141, "WCSSD": 2614.757176258892, "Purity": 0.27268992490477406, "Time": 4.466180086135864, "Kmeans_Labels": [7, 102, 7, 132, 7, 7, 102, 7, 102, 7, 7, 61, 7, 7, 7, 7, 7, 69, 7, 121, 7, 7, 7, 7, 7, 69, 7, 69, 121, 7, 7, 7, 121, 69, 7, 7, 109, 7, 109, 7, 7, 124, 123, 120, 124, 91, 7, 7, 7, 56, 7, 7, 7, 7, 69, 7, 7, 69, 132, 132, 7, 69, 69, 123, 7, 107, 102, 102, 7, 102, 69, 7, 7, 7, 7, 7, 66, 7, 25, 7, 7, 7, 53, 69, 7, 7, 7, 43, 7, 7, 7, 7, 7, 7, 7, 7, 96, 7, 7, 7, 7, 7, 7, 7, 7, 7, 7, 7, 7, 7, 124, 31, 124, 7, 7, 7, 7, 7, 7, 17, 7, 7, 17, 132, 132, 17, 7, 132, 7, 7, 17, 17, 7, 7, 7, 121, 7, 7, 32, 7, 71, 132, 132, 121, 17, 17, 7, 7, 7, 132, 17, 100, 7, 121, 7, 17, 7, 7, 132, 7, 7, 17, 17, 7, 7, 17, 7, 7, 7, 7, 17, 7, 7, 7, 17, 99, 7, 123, 17, 7, 7, 7, 7, 7, 17, 7, 17, 131, 7, 7, 7, 71, 24, 17, 132, 132, 7, 7, 7, 7, 7, 69, 7, 84, 17, 7, 17, 7, 7, 7, 7, 7, 7, 7, 7, 17, 17, 7, 109, 71, 17, 7, 7, 109, 7, 17, 41, 109, 7, 17, 7, 7, 7, 7, 7, 7, 7, 119, 7, 7, 17, 7, 71, 7, 7, 7, 7, 93, 7, 17, 7, 109, 7, 17, 7, 7, 17, 7, 17, 93, 7, 7, 109, 132, 17, 7, 7, 7, 7, 7, 7, 71, 7, 7, 7, 7, 7, 7, 17, 17, 17, 7, 7, 7, 7, 7, 7, 75, 7, 7, 17, 7, 7, 124, 7, 7, 7, 71, 124, 7, 7, 7, 7, 7, 109, 124, 7, 7, 7, 124, 71, 7, 109, 7, 7, 124, 72, 124, 124, 7, 124, 124, 7, 124, 7, 109, 7, 48, 71, 124, 121, 17, 17, 7, 7, 7, 17, 7, 69, 17, 7, 7, 91, 7, 17, 7, 7, 91, 44, 91, 91, 7, 7, 91, 109, 7, 7, 7, 47, 135, 20, 7, 7, 135, 124, 71, 135, 20, 17, 7, 109, 20, 135, 17, 138, 17, 17, 17, 7, 7, 7, 7, 17, 7, 7, 7, 7, 69, 132, 7, 7, 7, 7, 7, 123, 7, 7, 48, 7, 120, 71, 7, 132, 7, 7, 71, 17, 7, 132, 7, 7, 7, 7, 7, 102, 7, 7, 7, 7, 17, 88, 132, 7, 7, 120, 7, 54, 51, 47, 114, 20, 123, 7, 7, 7, 7, 7, 121, 121, 7, 132, 7, 100, 100, 7, 7, 124, 124, 124, 124, 109, 109, 124, 120, 7, 20, 20, 7, 135, 135, 7, 7, 7, 7, 7, 121, 123, 123, 132, 7, 7, 18, 132, 7, 48, 71, 7, 7, 7, 7, 7, 7, 58, 7, 7, 7, 7, 7, 7, 7, 100, 7, 7, 7, 7, 7, 102, 79, 79, 102, 7, 7, 71, 7, 7, 54, 7, 7, 7, 7, 7, 7, 7, 7, 7, 7, 7, 7, 7, 132, 7, 7, 132, 7, 7, 132, 7, 139, 132, 124, 124, 124, 124, 124, 39, 39, 139, 139, 124, 109, 45, 7, 7, 124, 124, 125, 125, 4, 4, 4, 4, 7, 7, 105, 124, 7, 100, 100, 100, 100, 48, 7, 71, 71, 109, 7, 7, 109, 109, 7, 7, 7, 7, 7, 7, 7, 7, 71, 91, 91, 91, 91, 91, 7, 7, 91, 7, 7, 7, 135, 135, 100, 7, 100, 7, 7, 138, 138, 135, 135, 123, 123, 135, 135, 135, 135, 7, 135, 135, 135, 135, 135, 135, 135, 135, 59, 59, 20, 52, 7, 48, 69, 7, 133, 133, 133, 133, 133, 133, 133, 133, 133, 109, 109, 133, 133, 133, 7, 133, 133, 133, 133, 7, 133, 19, 133, 133, 7, 120, 120, 7, 135, 123, 123, 7, 7, 7, 7, 7, 7, 71, 71, 7, 7, 102, 7, 7, 7, 132, 120, 7, 132, 7, 7, 7, 123, 120, 7, 132, 102, 7, 7, 7, 7, 7, 7, 7, 7, 123, 7, 7, 7, 58, 58, 7, 43, 65, 7, 7, 120, 7, 70, 7, 7, 7, 7, 7, 7, 70, 38, 7, 7, 7, 7, 38, 7, 7, 7, 7, 7, 43, 7, 7, 7, 7, 7, 120, 92, 7, 7, 7, 71, 7, 124, 7, 7, 7, 124, 7, 7, 139, 4, 124, 7, 124, 124, 124, 124, 124, 139, 124, 7, 124, 31, 31, 139, 7, 124, 139, 124, 124, 124, 45, 7, 100, 124, 124, 124, 7, 7, 124, 124, 124, 4, 4, 4, 4, 4, 124, 4, 4, 4, 124, 124, 124, 4, 124, 109, 124, 124, 124, 7, 124, 124, 124, 71, 100, 124, 124, 124, 7, 7, 7, 100, 124, 124, 124, 124, 69, 69, 124, 7, 7, 7, 7, 7, 7, 129, 7, 7, 7, 91, 91, 124, 124, 7, 7, 7, 71, 7, 7, 7, 7, 7, 7, 90, 90, 7, 7, 7, 7, 7, 20, 20, 20, 7, 135, 135, 135, 138, 7, 20, 135, 7, 135, 20, 20, 7, 20, 20, 7, 135, 7, 7, 7, 135, 20, 135, 7, 7, 7, 20, 135, 7, 7, 7, 7, 7, 20, 121, 7, 7, 7, 7, 18, 121, 7, 7, 7, 7, 87, 7, 7, 7, 7, 43, 7, 43, 7, 7, 7, 7, 124, 7, 124, 4, 124, 7, 7, 7, 7, 7, 81, 7, 132, 121, 7, 7, 7, 7, 69, 7, 7, 124, 124, 20, 124, 124, 7, 7, 23, 7, 23, 34, 7, 8, 34, 120, 34, 34, 23, 23, 135, 81, 23, 8, 7, 81, 81, 81, 8, 7, 81, 81, 8, 81, 34, 7, 81, 34, 81, 81, 81, 8, 7, 81, 23, 34, 81, 83, 81, 81, 34, 81, 7, 7, 81, 34, 34, 81, 8, 34, 8, 7, 50, 8, 81, 23, 23, 7, 7, 34, 8, 81, 7, 7, 7, 23, 8, 81, 7, 7, 34, 81, 34, 62, 7, 8, 81, 7, 8, 81, 81, 81, 7, 7, 81, 81, 8, 23, 7, 121, 8, 81, 8, 81, 8, 81, 34, 8, 8, 8, 81, 8, 8, 81, 62, 81, 8, 23, 102, 67, 8, 81, 81, 107, 7, 7, 15, 7, 23, 8, 23, 123, 34, 8, 7, 34, 8, 81, 81, 62, 69, 23, 48, 81, 34, 34, 34, 81, 34, 81, 117, 81, 81, 23, 81, 7, 123, 34, 34, 8, 81, 122, 81, 23, 23, 62, 7, 7, 81, 8, 34, 8, 81, 123, 7, 81, 81, 48, 23, 34, 8, 122, 80, 81, 81, 23, 23, 81, 34, 81, 71, 7, 81, 8, 81, 100, 34, 8, 8, 81, 8, 81, 7, 23, 23, 7, 92, 34, 34, 81, 81, 23, 34, 34, 34, 81, 7, 34, 15, 23, 81, 23, 120, 34, 81, 14, 7, 81, 23, 7, 81, 7, 81, 81, 23, 23, 7, 34, 8, 34, 8, 7, 23, 34, 8, 8, 62, 8, 24, 43, 34, 7, 23, 67, 34, 81, 8, 8, 23, 23, 7, 7, 81, 81, 81, 27, 81, 7, 8, 34, 7, 23, 23, 81, 81, 34, 34, 8, 7, 7, 81, 34, 23, 81, 23, 7, 7, 34, 81, 34, 83, 7, 81, 7, 8, 8, 34, 23, 81, 34, 124, 34, 7, 81, 23, 23, 81, 103, 81, 34, 81, 34, 7, 8, 7, 7, 81, 81, 34, 81, 34, 34, 2, 120, 34, 34, 34, 23, 7, 103, 23, 122, 43, 81, 81, 23, 34, 8, 7, 34, 116, 8, 34, 23, 7, 23, 34, 81, 81, 8, 81, 23, 34, 23, 81, 121, 23, 34, 7, 121, 121, 8, 8, 81, 34, 34, 34, 23, 23, 34, 23, 34, 81, 34, 7, 23, 34, 34, 7, 8, 23, 23, 103, 34, 81, 23, 107, 23, 8, 20, 34, 23, 81, 23, 135, 34, 135, 34, 8, 7, 34, 23, 81, 81, 81, 7, 23, 135, 23, 8, 81, 23, 7, 103, 8, 81, 23, 7, 7, 81, 23, 81, 8, 23, 23, 8, 8, 23, 8, 121, 7, 7, 7, 7, 7, 7, 7, 7, 7, 7, 7, 24, 7, 7, 132, 7, 7, 121, 109, 7, 7, 7, 132, 7, 7, 135, 7, 7, 7, 7, 7, 7, 7, 7, 20, 7, 20, 9, 135, 7, 135, 135, 135, 135, 109, 120, 102, 7, 7, 7, 124, 112, 7, 7, 91, 0, 7, 7, 26, 137, 7, 7, 7, 7, 7, 7, 7, 7, 138, 109, 77, 7, 55, 7, 124, 132, 139, 7, 69, 7, 7, 48, 7, 7, 7, 109, 7, 71, 7, 109, 7, 7, 4, 69, 124, 7, 109, 7, 7, 7, 132, 120, 7, 43, 124, 7, 7, 7, 7, 7, 102, 121, 7, 7, 91, 53, 109, 7, 138, 48, 7, 123, 35, 124, 7, 7, 7, 7, 7, 135, 7, 7, 107, 7, 7, 48, 109, 7, 7, 7, 7, 120, 7, 7, 7, 138, 7, 10, 7, 7, 7, 7, 7, 135, 7, 7, 124, 7, 7, 69, 7, 7, 132, 7, 7, 69, 71, 7, 71, 7, 100, 7, 47, 7, 43, 7, 102, 71, 7, 7, 7, 7, 7, 7, 7, 7, 107, 7, 7, 7, 48, 7, 46, 7, 7, 36, 135, 7, 135, 124, 135, 7, 138, 135, 7, 135, 0, 20, 7, 7, 7, 109, 7, 7, 91, 7, 7, 100, 35, 7, 7, 124, 7, 7, 7, 7, 120, 124, 120, 4, 7, 120, 7, 7, 7, 136, 4, 124, 69, 69, 7, 7, 136, 7, 7, 124, 7, 139, 7, 7, 7, 7, 98, 124, 7, 7, 7, 7, 7, 7, 7, 7, 7, 120, 7, 109, 7, 7, 7, 7, 7, 7, 7, 7, 7, 7, 7, 7, 7, 7, 7, 7, 7, 7, 7, 7, 109, 7, 7, 7, 109, 69, 7, 123, 43, 7, 110, 7, 120, 7, 109, 109, 109, 7, 7, 7, 7, 43, 7, 109, 7, 7, 7, 7, 121, 69, 7, 7, 7, 7, 69, 7, 100, 7, 7, 136, 7, 7, 69, 7, 7, 73, 7, 7, 7, 7, 71, 69, 7, 7, 7, 77, 7, 7, 7, 53, 55, 7, 7, 7, 7, 7, 7, 7, 99, 7, 7, 7, 7, 7, 69, 120, 107, 7, 7, 121, 7, 69, 107, 69, 71, 7, 7, 132, 48, 48, 7, 102, 48, 107, 7, 69, 7, 48, 48, 7, 7, 10, 48, 102, 7, 7, 132, 48, 7, 7, 7, 71, 123, 7, 69, 7, 132, 102, 7, 7, 26, 7, 7, 71, 7, 7, 7, 7, 137, 132, 7, 121, 7, 7, 7, 7, 7, 69, 71, 7, 3, 7, 7, 132, 7, 123, 7, 7, 71, 69, 7, 7, 7, 7, 7, 110, 7, 7, 7, 48, 124, 7, 29, 136, 7, 98, 7, 123, 130, 7, 100, 48, 7, 107, 7, 7, 7, 123, 120, 7, 7, 7, 99, 7, 7, 7, 7, 15, 7, 7, 7, 7, 132, 123, 7, 7, 7, 9, 7, 7, 7, 7, 20, 112, 138, 7, 20, 20, 78, 9, 20, 78, 78, 78, 78, 135, 78, 20, 132, 78, 7, 7, 78, 42, 7, 135, 7, 78, 91, 78, 109, 7, 138, 78, 78, 124, 7, 7, 78, 78, 108, 7, 78, 7, 7, 124, 20, 56, 20, 82, 78, 78, 124, 7, 7, 78, 7, 124, 78, 7, 100, 91, 91, 78, 78, 78, 48, 7, 135, 123, 121, 78, 20, 132, 7, 78, 78, 124, 78, 20, 7, 78, 78, 78, 20, 78, 7, 78, 78, 78, 78, 78, 7, 78, 124, 78, 48, 78, 9, 7, 135, 20, 48, 78, 124, 78, 107, 7, 107, 64, 20, 7, 78, 20, 71, 78, 78, 22, 135, 78, 78, 78, 78, 78, 78, 78, 109, 78, 7, 78, 78, 78, 78, 78, 78, 78, 7, 102, 78, 78, 9, 78, 78, 78, 78, 78, 78, 78, 78, 7, 7, 78, 78, 78, 78, 78, 7, 78, 78, 78, 78, 78, 78, 7, 7, 7, 7, 7, 78, 9, 78, 91, 57, 67, 78, 78, 78, 78, 78, 78, 78, 91, 7, 7, 78, 78, 92, 123, 78, 7, 78, 78, 7, 78, 78, 123, 78, 63, 78, 78, 78, 78, 86, 37, 78, 78, 107, 132, 7, 78, 78, 120, 78, 78, 78, 7, 78, 78, 7, 107, 78, 78, 102, 78, 78, 7, 78, 7, 7, 7, 69, 6, 7, 49, 7, 7, 7, 7, 71, 7, 20, 7, 29, 7, 132, 76, 92, 7, 7, 7, 107, 6, 123, 7, 107, 7, 7, 107, 7, 7, 107, 7, 7, 121, 107, 107, 7, 7, 120, 7, 7, 