{"Run": 13, "K": 66, "WCSSD": 2708.7860207888343, "Purity": 0.3684511880904667, "Time": 1.770552158355713, "Kmeans_Labels": [11, 8, 8, 8, 8, 8, 8, 4, 8, 8, 8, 52, 8, 8, 8, 8, 60, 21, 8, 32, 8, 8, 45, 8, 45, 21, 8, 21, 32, 26, 8, 8, 32, 21, 8, 8, 8, 8, 52, 45, 8, 8, 14, 52, 13, 8, 8, 8, 2, 8, 8, 52, 52, 8, 8, 7, 45, 21, 8, 8, 8, 21, 21, 14, 7, 51, 8, 8, 8, 7, 21, 8, 26, 8, 52, 8, 8, 8, 60, 8, 8, 8, 26, 21, 8, 8, 45, 43, 8, 8, 8, 8, 7, 26, 8, 8, 8, 8, 8, 8, 45, 52, 8, 26, 26, 8, 26, 8, 26, 52, 13, 26, 13, 8, 4, 52, 52, 8, 52, 28, 8, 8, 28, 8, 8, 28, 8, 8, 52, 52, 28, 28, 52, 8, 8, 32, 8, 8, 8, 8, 58, 8, 8, 32, 28, 28, 8, 8, 8, 8, 28, 59, 8, 32, 8, 28, 8, 8, 8, 8, 8, 28, 28, 8, 8, 28, 8, 45, 45, 8, 60, 8, 8, 52, 28, 8, 8, 12, 28, 8, 8, 8, 8, 8, 28, 8, 28, 8, 8, 52, 8, 58, 45, 28, 8, 8, 8, 45, 8, 4, 26, 21, 60, 8, 28, 8, 28, 54, 26, 8, 8, 8, 28, 8, 8, 28, 28, 4, 52, 58, 28, 8, 8, 52, 45, 28, 52, 4, 52, 28, 8, 8, 8, 8, 8, 52, 4, 32, 45, 8, 28, 8, 58, 4, 52, 26, 8, 8, 45, 28, 4, 4, 8, 28, 45, 8, 28, 8, 28, 4, 52, 8, 52, 8, 28, 8, 45, 8, 45, 4, 8, 58, 45, 8, 8, 8, 52, 8, 28, 28, 28, 8, 8, 8, 8, 8, 8, 8, 8, 52, 28, 8, 8, 13, 8, 4, 8, 4, 8, 32, 8, 4, 8, 52, 52, 4, 8, 8, 8, 13, 58, 8, 4, 52, 4, 8, 60, 13, 13, 8, 13, 13, 52, 13, 8, 52, 8, 48, 58, 13, 32, 28, 28, 11, 52, 11, 28, 8, 21, 28, 8, 52, 58, 45, 28, 52, 45, 28, 8, 8, 58, 45, 52, 8, 8, 8, 8, 45, 19, 46, 46, 52, 8, 46, 46, 58, 35, 46, 28, 8, 46, 46, 35, 28, 35, 28, 28, 28, 52, 60, 52, 52, 28, 60, 8, 52, 52, 21, 8, 8, 8, 2, 60, 45, 14, 8, 15, 48, 8, 41, 58, 52, 8, 45, 8, 58, 28, 15, 8, 8, 8, 8, 7, 8, 8, 8, 52, 45, 8, 28, 45, 8, 8, 8, 32, 8, 53, 13, 19, 46, 46, 14, 40, 8, 32, 45, 45, 32, 32, 45, 8, 8, 59, 59, 4, 4, 13, 13, 8, 13, 8, 8, 13, 8, 32, 8, 8, 45, 46, 46, 8, 8, 8, 7, 7, 32, 14, 14, 7, 7, 7, 7, 8, 24, 48, 58, 8, 26, 26, 26, 4, 4, 8, 4, 4, 8, 8, 26, 26, 26, 59, 8, 4, 4, 8, 45, 8, 59, 59, 8, 52, 8, 61, 4, 4, 53, 26, 26, 26, 8, 8, 8, 8, 8, 8, 8, 8, 8, 8, 8, 8, 8, 8, 8, 8, 8, 8, 26, 8, 13, 13, 4, 26, 26, 26, 26, 26, 26, 13, 52, 13, 4, 4, 4, 4, 8, 8, 13, 13, 13, 13, 8, 8, 13, 13, 8, 59, 59, 59, 59, 48, 8, 58, 58, 52, 8, 8, 8, 8, 8, 8, 8, 8, 8, 8, 8, 8, 58, 8, 8, 8, 8, 8, 32, 45, 8, 8, 8, 52, 46, 46, 59, 8, 59, 8, 8, 35, 35, 30, 30, 30, 30, 30, 30, 37, 37, 8, 46, 46, 35, 35, 35, 35, 35, 35, 46, 46, 30, 45, 8, 48, 21, 8, 36, 36, 36, 36, 36, 36, 36, 36, 36, 36, 4, 36, 36, 36, 45, 36, 36, 36, 36, 52, 36, 36, 36, 36, 8, 8, 8, 8, 46, 14, 14, 60, 60, 7, 7, 8, 8, 7, 7, 45, 8, 8, 8, 24, 8, 8, 52, 8, 8, 8, 8, 8, 14, 52, 8, 4, 60, 26, 26, 8, 26, 26, 26, 8, 7, 0, 8, 7, 60, 8, 8, 26, 43, 26, 26, 26, 43, 26, 14, 8, 26, 26, 4, 26, 26, 14, 26, 26, 8, 8, 26, 26, 26, 8, 4, 26, 26, 43, 8, 4, 4, 8, 26, 26, 26, 52, 8, 8, 58, 8, 8, 8, 8, 45, 27, 8, 26, 8, 13, 13, 8, 13, 13, 13, 13, 26, 26, 26, 26, 13, 13, 26, 26, 8, 13, 26, 13, 13, 26, 13, 4, 59, 13, 13, 13, 8, 8, 13, 13, 13, 13, 13, 13, 13, 13, 13, 13, 13, 13, 13, 13, 13, 13, 13, 8, 13, 13, 13, 52, 25, 13, 13, 13, 59, 13, 13, 13, 13, 8, 8, 59, 13, 13, 13, 13, 21, 21, 13, 8, 8, 45, 8, 8, 8, 58, 8, 8, 45, 8, 8, 13, 13, 8, 8, 8, 58, 8, 8, 8, 8, 8, 52, 8, 8, 45, 8, 8, 8, 8, 46, 46, 46, 8, 30, 46, 46, 35, 8, 46, 30, 60, 30, 30, 46, 30, 30, 30, 52, 30, 60, 60, 52, 46, 46, 46, 13, 8, 13, 46, 30, 52, 52, 8, 8, 8, 46, 32, 52, 7, 60, 8, 7, 32, 7, 8, 8, 8, 8, 8, 8, 52, 8, 43, 8, 43, 8, 23, 60, 8, 8, 52, 62, 52, 52, 52, 8, 60, 60, 60, 38, 8, 8, 32, 8, 60, 8, 45, 21, 52, 8, 11, 13, 46, 11, 13, 8, 8, 9, 4, 9, 65, 45, 8, 65, 8, 65, 65, 9, 9, 46, 38, 9, 38, 45, 38, 9, 38, 38, 45, 38, 38, 38, 38, 65, 45, 38, 65, 38, 38, 38, 38, 52, 38, 9, 65, 38, 38, 38, 38, 65, 38, 65, 52, 38, 65, 65, 38, 38, 65, 38, 8, 38, 38, 38, 9, 9, 8, 52, 65, 38, 38, 8, 8, 8, 9, 38, 38, 52, 49, 65, 38, 65, 38, 8, 38, 38, 8, 38, 38, 38, 38, 8, 8, 38, 38, 38, 9, 52, 32, 38, 38, 38, 38, 31, 38, 65, 38, 38, 38, 38, 45, 38, 38, 38, 38, 38, 9, 8, 5, 9, 38, 38, 51, 45, 8, 12, 8, 18, 38, 9, 14, 65, 38, 8, 65, 38, 38, 38, 38, 21, 9, 48, 38, 65, 65, 65, 38, 65, 38, 8, 38, 38, 9, 38, 8, 14, 65, 65, 38, 38, 38, 38, 9, 9, 9, 45, 8, 38, 38, 65, 38, 38, 12, 8, 38, 38, 48, 9, 65, 38, 38, 38, 38, 38, 9, 9, 38, 65, 38, 58, 8, 38, 8, 38, 59, 65, 38, 38, 38, 38, 38, 8, 9, 9, 8, 8, 65, 65, 38, 38, 9, 65, 65, 65, 38, 8, 65, 12, 9, 38, 9, 52, 65, 38, 38, 52, 38, 9, 4, 38, 8, 38, 38, 9, 9, 8, 65, 38, 65, 38, 45, 9, 65, 38, 38, 38, 38, 45, 43, 65, 45, 9, 5, 65, 38, 38, 38, 9, 9, 8, 45, 38, 38, 38, 9, 38, 45, 38, 65, 8, 9, 9, 38, 38, 65, 65, 38, 8, 8, 38, 65, 9, 38, 9, 8, 8, 65, 38, 65, 38, 8, 38, 52, 38, 38, 65, 9, 38, 65, 13, 65, 60, 38, 9, 9, 38, 52, 38, 65, 38, 65, 8, 38, 52, 52, 38, 38, 65, 38, 65, 65, 65, 8, 65, 65, 65, 9, 8, 38, 9, 38, 43, 38, 38, 9, 65, 38, 52, 65, 65, 38, 65, 9, 45, 9, 65, 38, 38, 9, 38, 9, 65, 9, 38, 32, 9, 65, 8, 32, 32, 38, 38, 38, 65, 65, 65, 9, 9, 65, 9, 65, 38, 65, 52, 9, 65, 65, 45, 9, 9, 9, 52, 65, 38, 9, 51, 9, 9, 9, 65, 9, 38, 9, 46, 65, 46, 65, 46, 52, 65, 9, 38, 38, 38, 45, 9, 46, 9, 38, 38, 9, 8, 9, 38, 38, 9, 45, 45, 38, 9, 38, 9, 9, 9, 38, 38, 9, 38, 32, 45, 52, 45, 45, 52, 8, 52, 52, 52, 52, 52, 45, 52, 8, 8, 52, 52, 32, 52, 52, 8, 60, 8, 52, 52, 46, 8, 45, 45, 45, 8, 1, 33, 8, 46, 8, 46, 19, 46, 8, 35, 46, 35, 46, 52, 52, 8, 4, 8, 8, 13, 8, 52, 45, 8, 8, 35, 23, 45, 8, 8, 13, 8, 8, 26, 8, 8, 26, 35, 4, 8, 8, 4, 8, 13, 8, 26, 60, 21, 52, 8, 48, 8, 8, 8, 52, 8, 58, 8, 4, 8, 8, 13, 21, 52, 26, 4, 16, 7, 8, 8, 52, 8, 43, 13, 7, 8, 8, 45, 26, 8, 32, 45, 8, 8, 4, 52, 8, 35, 48, 7, 14, 8, 13, 8, 8, 8, 52, 8, 46, 8, 8, 51, 8, 8, 48, 52, 52, 8, 26, 8, 8, 8, 8, 8, 35, 8, 48, 8, 8, 7, 8, 45, 30, 8, 8, 13, 8, 4, 21, 8, 8, 8, 8, 8, 21, 58, 52, 58, 60, 59, 8, 19, 8, 43, 4, 8, 58, 35, 60, 8, 8, 8, 8, 45, 52, 51, 8, 8, 8, 48, 45, 8, 8, 8, 52, 46, 35, 35, 13, 46, 8, 35, 35, 35, 30, 8, 46, 8, 8, 60, 52, 45, 8, 8, 8, 8, 59, 8, 13, 8, 13, 8, 8, 45, 8, 52, 13, 52, 13, 8, 52, 45, 23, 8, 45, 13, 52, 21, 21, 8, 45, 45, 45, 45, 13, 8, 26, 45, 45, 8, 45, 45, 13, 8, 8, 52, 8, 8, 8, 8, 52, 45, 52, 8, 4, 8, 45, 8, 4, 8, 45, 52, 45, 8, 8, 8, 23, 52, 8, 8, 8, 45, 8, 52, 8, 52, 8, 8, 45, 52, 21, 8, 12, 43, 8, 10, 8, 52, 45, 52, 52, 4, 8, 4, 8, 52, 43, 8, 4, 8, 8, 8, 26, 32, 21, 8, 26, 8, 8, 21, 8, 59, 52, 26, 45, 4, 8, 21, 8, 45, 8, 8, 60, 26, 7, 58, 21, 7, 8, 8, 8, 8, 26, 26, 4, 4, 52, 45, 4, 8, 45, 4, 45, 45, 45, 52, 45, 16, 52, 21, 8, 51, 8, 8, 32, 8, 21, 51, 21, 58, 60, 8, 8, 48, 48, 45, 45, 48, 51, 8, 21, 52, 48, 48, 52, 8, 48, 48, 8, 8, 8, 8, 48, 8, 45, 45, 58, 14, 45, 21, 8, 8, 8, 52, 8, 45, 8, 8, 58, 8, 45, 45, 7, 8, 8, 8, 32, 52, 8, 8, 8, 8, 21, 58, 8, 21, 8, 8, 8, 8, 14, 8, 8, 58, 21, 8, 8, 4, 8, 8, 10, 8, 45, 8, 48, 13, 45, 20, 45, 60, 45, 8, 14, 45, 8, 59, 48, 8, 51, 45, 45, 8, 14, 8, 8, 52, 7, 45, 8, 8, 45, 45, 12, 8, 8, 45, 8, 8, 14, 52, 7, 8, 19, 8, 8, 45, 8, 46, 8, 35, 7, 46, 46, 8, 19, 46, 35, 60, 8, 8, 46, 8, 46, 8, 8, 8, 52, 8, 8, 8, 35, 8, 8, 8, 8, 8, 8, 35, 60, 4, 13, 8, 8, 60, 4, 8, 8, 8, 52, 8, 26, 46, 8, 35, 46, 8, 8, 13, 7, 8, 8, 8, 25, 8, 52, 59, 8, 8, 8, 8, 8, 48, 13, 46, 12, 32, 8, 46, 8, 8, 8, 8, 13, 63, 46, 8, 8, 8, 4, 35, 8, 52, 8, 8, 8, 8, 63, 8, 45, 13, 8, 48, 4, 19, 26, 46, 30, 48, 8, 13, 8, 51, 52, 51, 46, 46, 45, 8, 46, 58, 8, 8, 8, 30, 8, 60, 4, 8, 8, 8, 8, 4, 8, 7, 8, 8, 8, 4, 8, 8, 8, 8, 8, 45, 8, 19, 45, 8, 8, 4, 48, 63, 8, 8, 8, 23, 8, 8, 4, 19, 8, 52, 8, 8, 8, 45, 8, 8, 8, 52, 7, 3, 8, 8, 19, 8, 8, 58, 5, 60, 51, 8, 8, 55, 45, 8, 8, 8, 45, 8, 8, 8, 14, 8, 45, 4, 4, 45, 8, 8, 14, 8, 8, 8, 60, 8, 22, 8, 56, 8, 8, 51, 8, 8, 8, 8, 8, 8, 8, 8, 8, 8, 8, 45, 51, 58, 8, 8, 8, 8, 8, 8, 12, 8, 8, 8, 17, 60, 46, 8, 8, 8, 60, 58, 8, 46, 8, 45, 8, 8, 45, 8, 8, 52, 45, 51, 17, 14, 8, 51, 8, 52, 51, 8, 45, 51, 8, 52, 32, 51, 51, 45, 60, 8, 8, 8, 52, 21, 8, 8, 51, 52, 52, 58, 8, 52, 12, 45, 60, 45, 52, 8, 52, 17, 8, 45, 5, 12, 12, 17, 17, 32, 17, 12, 17, 17, 17, 64, 4, 34, 58, 17, 17, 17, 17, 14, 12, 12, 17, 17, 17, 17, 52, 17, 8, 12, 12, 17, 45, 17, 12, 17, 60, 52, 45, 45, 45, 45, 52, 4, 45, 45, 8, 45, 45, 58, 52, 4, 45, 13, 58, 45, 45, 45, 48, 45, 8, 51, 58, 45, 52, 14, 4, 45, 52, 45, 8, 8, 8, 58, 8, 