{"Run": 2, "K": 569, "WCSSD": 2027.733712186391, "Purity": 0.5210420841683366, "Time": 34.501282930374146, "Kmeans_Labels": [25, 470, 396, 289, 286, 18, 470, 166, 470, 18, 286, 435, 286, 490, 400, 446, 18, 31, 446, 32, 18, 286, 273, 286, 76, 398, 18, 31, 487, 18, 459, 115, 536, 31, 32, 18, 449, 490, 9, 76, 344, 76, 62, 74, 48, 18, 76, 98, 159, 18, 103, 488, 488, 18, 558, 172, 379, 31, 522, 82, 446, 31, 18, 62, 172, 470, 76, 470, 490, 172, 76, 18, 18, 247, 217, 18, 558, 286, 105, 18, 18, 18, 374, 356, 166, 18, 164, 286, 18, 18, 18, 298, 172, 18, 18, 286, 18, 18, 166, 240, 166, 217, 18, 290, 290, 201, 18, 11, 18, 217, 308, 231, 308, 76, 374, 217, 68, 18, 270, 95, 18, 18, 95, 289, 289, 95, 451, 289, 112, 548, 95, 95, 273, 197, 38, 286, 468, 18, 18, 18, 292, 289, 289, 536, 95, 95, 18, 18, 446, 289, 95, 328, 164, 451, 7, 95, 18, 18, 289, 159, 18, 95, 95, 435, 18, 95, 164, 443, 55, 164, 95, 273, 18, 488, 95, 446, 26, 189, 95, 18, 103, 18, 18, 18, 95, 18, 95, 18, 18, 435, 543, 292, 106, 95, 18, 289, 18, 8, 18, 374, 166, 273, 273, 26, 95, 166, 95, 374, 18, 18, 273, 18, 166, 166, 166, 124, 95, 374, 9, 292, 166, 217, 18, 9, 258, 95, 18, 500, 488, 273, 18, 286, 166, 18, 166, 258, 374, 512, 435, 98, 95, 18, 259, 285, 488, 365, 247, 18, 8, 95, 374, 374, 531, 291, 197, 273, 95, 18, 95, 374, 435, 18, 9, 18, 290, 18, 8, 161, 446, 59, 273, 292, 543, 273, 273, 273, 488, 273, 95, 85, 95, 558, 558, 18, 273, 199, 26, 290, 18, 112, 95, 223, 247, 93, 247, 199, 18, 292, 93, 313, 18, 199, 18, 315, 372, 308, 199, 558, 18, 308, 292, 558, 18, 247, 0, 558, 264, 136, 93, 543, 93, 308, 488, 93, 26, 9, 18, 558, 292, 562, 536, 95, 95, 25, 488, 25, 95, 558, 120, 95, 18, 38, 292, 393, 95, 248, 18, 95, 18, 18, 292, 543, 488, 18, 9, 18, 433, 55, 549, 353, 363, 263, 98, 353, 226, 419, 47, 363, 95, 18, 363, 363, 47, 95, 47, 95, 95, 95, 322, 18, 66, 488, 95, 62, 18, 488, 488, 31, 289, 98, 18, 159, 273, 543, 203, 76, 286, 155, 18, 74, 292, 18, 289, 273, 247, 292, 167, 286, 289, 18, 336, 18, 172, 164, 470, 519, 38, 8, 98, 95, 446, 289, 18, 18, 286, 290, 18, 552, 549, 363, 363, 73, 98, 164, 18, 446, 446, 536, 536, 258, 289, 18, 135, 135, 481, 481, 93, 93, 93, 401, 504, 504, 219, 74, 543, 38, 38, 486, 324, 324, 38, 38, 222, 99, 99, 62, 62, 62, 289, 172, 172, 172, 289, 172, 155, 292, 465, 374, 18, 18, 334, 334, 18, 555, 555, 286, 286, 477, 477, 108, 135, 18, 286, 286, 89, 383, 446, 250, 250, 446, 166, 56, 292, 102, 102, 18, 374, 374, 290, 396, 396, 38, 349, 349, 18, 18, 143, 18, 143, 289, 290, 311, 290, 290, 290, 290, 311, 18, 289, 557, 557, 557, 231, 231, 18, 18, 93, 93, 308, 9, 93, 308, 308, 374, 374, 98, 98, 308, 308, 308, 308, 18, 18, 308, 308, 18, 355, 355, 325, 325, 155, 18, 292, 292, 9, 464, 464, 54, 54, 54, 54, 18, 18, 18, 18, 18, 18, 292, 520, 516, 516, 292, 292, 543, 18, 543, 18, 18, 112, 363, 363, 348, 98, 348, 251, 251, 518, 518, 47, 47, 391, 391, 418, 418, 566, 566, 18, 331, 331, 47, 47, 6, 6, 47, 47, 363, 363, 363, 18, 18, 155, 18, 294, 471, 471, 471, 471, 373, 471, 471, 471, 471, 9, 9, 329, 471, 471, 490, 471, 471, 471, 471, 435, 471, 471, 471, 360, 26, 409, 74, 286, 353, 45, 45, 172, 172, 99, 99, 356, 558, 172, 172, 488, 18, 18, 18, 172, 18, 289, 74, 26, 465, 18, 98, 18, 73, 74, 18, 465, 470, 429, 429, 18, 157, 157, 18, 18, 172, 18, 18, 172, 18, 18, 18, 18, 190, 210, 18, 18, 74, 374, 33, 18, 108, 463, 374, 463, 18, 33, 374, 374, 18, 103, 18, 374, 18, 211, 102, 463, 463, 190, 18, 102, 102, 18, 18, 74, 18, 18, 18, 290, 292, 537, 229, 144, 290, 130, 93, 537, 290, 93, 152, 93, 290, 368, 280, 280, 278, 93, 18, 93, 558, 93, 231, 231, 93, 177, 533, 93, 558, 93, 558, 93, 18, 135, 308, 308, 308, 18, 18, 93, 225, 225, 308, 308, 308, 308, 308, 93, 38, 308, 308, 93, 93, 413, 308, 93, 441, 93, 176, 93, 556, 176, 93, 93, 147, 93, 147, 147, 147, 147, 464, 464, 93, 93, 93, 93, 93, 31, 31, 93, 255, 223, 98, 223, 38, 18, 292, 38, 446, 18, 18, 18, 399, 399, 18, 18, 18, 292, 13, 18, 38, 253, 253, 18, 38, 38, 38, 38, 38, 18, 18, 363, 363, 363, 38, 47, 353, 353, 47, 198, 363, 418, 18, 96, 499, 363, 18, 499, 499, 18, 96, 18, 18, 18, 331, 544, 363, 308, 18, 308, 363, 47, 38, 217, 18, 18, 18, 363, 371, 446, 172, 18, 415, 172, 536, 172, 446, 97, 18, 116, 18, 98, 18, 18, 109, 446, 190, 260, 396, 18, 18, 93, 290, 93, 368, 395, 488, 454, 18, 18, 18, 191, 511, 542, 286, 18, 18, 18, 55, 31, 488, 18, 25, 93, 363, 25, 93, 18, 221, 42, 374, 410, 343, 361, 290, 343, 74, 343, 138, 447, 14, 212, 36, 447, 299, 193, 524, 262, 36, 36, 543, 524, 524, 408, 36, 343, 101, 36, 343, 36, 36, 36, 138, 138, 351, 42, 343, 36, 524, 36, 524, 343, 36, 138, 138, 524, 343, 343, 524, 36, 343, 36, 286, 479, 241, 318, 447, 447, 18, 112, 343, 432, 36, 98, 62, 326, 42, 36, 36, 415, 26, 343, 36, 343, 232, 18, 267, 524, 18, 36, 36, 36, 385, 18, 286, 36, 36, 320, 447, 435, 536, 76, 36, 36, 524, 36, 36, 343, 36, 36, 36, 36, 138, 36, 417, 36, 524, 53, 447, 470, 56, 447, 36, 36, 323, 125, 286, 117, 178, 447, 36, 447, 62, 343, 70, 515, 343, 411, 36, 36, 36, 31, 447, 155, 36, 343, 343, 343, 36, 343, 36, 106, 36, 524, 447, 524, 286, 73, 343, 343, 36, 36, 540, 216, 36, 42, 241, 488, 79, 36, 110, 343, 119, 36, 10, 221, 36, 36, 155, 447, 343, 36, 106, 175, 452, 36, 447, 447, 36, 343, 36, 292, 76, 524, 18, 36, 36, 343, 138, 36, 36, 76, 36, 258, 91, 447, 18, 543, 343, 343, 36, 36, 447, 343, 343, 343, 36, 529, 359, 293, 42, 36, 447, 235, 343, 36, 524, 488, 36, 447, 374, 437, 18, 36, 524, 410, 447, 98, 343, 78, 343, 138, 488, 447, 343, 138, 36, 36, 36, 106, 190, 9, 441, 196, 56, 343, 42, 543, 36, 181, 447, 396, 38, 524, 36, 524, 447, 524, 361, 36, 343, 223, 447, 447, 524, 524, 343, 343, 36, 56, 18, 24, 343, 447, 36, 447, 18, 290, 343, 36, 343, 524, 18, 36, 445, 290, 36, 343, 530, 36, 5, 558, 343, 488, 36, 447, 447, 36, 543, 36, 343, 524, 343, 420, 36, 488, 415, 524, 36, 343, 36, 343, 343, 343, 74, 343, 343, 343, 447, 18, 36, 447, 208, 190, 36, 36, 447, 343, 36, 38, 343, 343, 515, 343, 12, 435, 447, 343, 36, 36, 507, 185, 303, 343, 447, 568, 536, 12, 343, 18, 536, 536, 36, 36, 191, 343, 343, 517, 447, 447, 475, 447, 343, 423, 88, 415, 447, 138, 343, 18, 129, 447, 447, 543, 343, 524, 277, 62, 14, 36, 363, 343, 447, 36, 447, 353, 343, 212, 343, 363, 445, 343, 564, 36, 36, 36, 247, 447, 363, 447, 36, 524, 447, 18, 447, 36, 36, 447, 52, 138, 524, 447, 36, 447, 447, 12, 299, 36, 447, 36, 86, 466, 488, 283, 258, 488, 18, 488, 488, 488, 488, 247, 106, 488, 286, 289, 112, 488, 18, 9, 488, 18, 38, 289, 488, 488, 353, 76, 258, 258, 258, 18, 18, 150, 98, 491, 307, 363, 28, 363, 98, 47, 353, 6, 353, 114, 74, 470, 374, 37, 18, 188, 18, 247, 22, 202, 502, 90, 396, 352, 289, 286, 558, 18, 18, 18, 18, 18, 108, 35, 9, 18, 290, 374, 258, 456, 223, 93, 38, 287, 290, 446, 174, 18, 18, 18, 538, 18, 292, 290, 9, 495, 18, 93, 31, 395, 496, 9, 98, 172, 561, 289, 74, 18, 109, 93, 172, 18, 341, 344, 18, 446, 536, 383, 98, 18, 374, 9, 412, 47, 155, 306, 45, 553, 93, 222, 18, 18, 18, 18, 353, 18, 286, 200, 554, 222, 155, 165, 382, 18, 18, 18, 74, 46, 446, 18, 47, 18, 223, 18, 18, 172, 18, 38, 47, 223, 406, 152, 38, 374, 186, 18, 18, 289, 18, 18, 31, 492, 247, 292, 18, 135, 558, 381, 80, 190, 546, 470, 292, 18, 18, 345, 18, 543, 38, 461, 38, 18, 18, 18, 18, 155, 18, 18, 18, 307, 193, 353, 18, 6, 93, 363, 345, 35, 47, 90, 47, 502, 363, 18, 261, 38, 114, 543, 543, 202, 37, 18, 135, 553, 558, 258, 188, 18, 558, 461, 330, 74, 308, 74, 308, 313, 74, 98, 396, 223, 193, 93, 395, 18, 287, 18, 38, 193, 100, 22, 456, 18, 93, 473, 193, 18, 193, 38, 152, 341, 290, 290, 18, 223, 18, 18, 247, 193, 74, 26, 9, 32, 435, 554, 374, 560, 98, 543, 98, 98, 261, 38, 396, 466, 223, 247, 446, 435, 46, 488, 18, 9, 561, 446, 485, 9, 235, 18, 41, 190, 290, 98, 18, 74, 383, 165, 538, 9, 158, 374, 18, 38, 109, 18, 9, 80, 18, 18, 108, 536, 31, 98, 18, 18, 18, 186, 4, 135, 18, 18, 193, 374, 441, 31, 18, 383, 268, 18, 18, 18, 172, 492, 31, 172, 488, 286, 18, 446, 18, 496, 374, 374, 18, 296, 546, 18, 383, 374, 296, 446, 383, 38, 55, 98, 488, 31, 18, 478, 38, 18, 405, 18, 31, 18, 204, 292, 273, 18, 204, 435, 435, 