{"Run": 4, "K": 569, "WCSSD": 2049.8675572028305, "Purity": 0.4467275955966404, "Time": 32.50572896003723, "Kmeans_Labels": [111, 3, 3, 232, 3, 3, 40, 159, 3, 285, 467, 538, 49, 307, 11, 3, 50, 74, 3, 3, 3, 3, 357, 342, 362, 74, 40, 74, 102, 3, 3, 114, 102, 74, 3, 3, 538, 307, 538, 307, 498, 48, 466, 494, 307, 3, 362, 3, 3, 3, 77, 498, 498, 102, 375, 203, 3, 74, 425, 51, 3, 74, 386, 496, 3, 149, 307, 3, 307, 74, 74, 3, 3, 160, 37, 40, 248, 3, 311, 3, 182, 3, 511, 74, 159, 496, 118, 349, 3, 3, 164, 3, 361, 3, 3, 3, 3, 3, 159, 3, 159, 37, 3, 150, 443, 48, 48, 443, 107, 37, 469, 469, 469, 3, 70, 37, 498, 280, 3, 217, 3, 3, 142, 563, 232, 217, 102, 232, 240, 102, 217, 217, 102, 3, 164, 3, 3, 161, 3, 3, 266, 232, 232, 266, 217, 142, 3, 3, 3, 232, 217, 155, 160, 499, 3, 217, 310, 534, 232, 3, 3, 217, 217, 297, 3, 217, 160, 411, 151, 160, 50, 3, 3, 498, 217, 497, 343, 466, 217, 438, 97, 3, 3, 3, 217, 38, 217, 3, 3, 3, 3, 266, 556, 217, 164, 394, 567, 320, 338, 55, 159, 357, 357, 343, 217, 159, 217, 368, 160, 337, 357, 3, 159, 255, 159, 3, 217, 285, 538, 266, 159, 37, 3, 538, 542, 217, 3, 538, 498, 357, 3, 3, 159, 3, 159, 3, 285, 494, 3, 102, 217, 3, 266, 159, 498, 159, 3, 3, 320, 217, 48, 48, 3, 197, 102, 357, 217, 394, 374, 3, 21, 224, 372, 232, 237, 3, 320, 443, 548, 40, 3, 48, 114, 394, 48, 3, 40, 357, 217, 443, 217, 70, 70, 3, 48, 48, 343, 443, 143, 293, 217, 48, 3, 501, 3, 48, 3, 48, 3, 102, 373, 48, 3, 168, 532, 48, 48, 48, 356, 469, 176, 70, 538, 498, 523, 70, 56, 215, 469, 102, 469, 469, 498, 469, 343, 538, 3, 70, 266, 70, 3, 217, 217, 111, 498, 423, 217, 70, 357, 217, 3, 3, 266, 320, 217, 498, 3, 217, 3, 3, 353, 498, 498, 3, 538, 157, 3, 151, 539, 210, 557, 3, 56, 210, 3, 266, 39, 557, 217, 3, 557, 541, 81, 217, 561, 217, 217, 217, 21, 50, 21, 40, 217, 496, 102, 498, 498, 74, 232, 40, 3, 3, 50, 114, 466, 3, 343, 5, 3, 494, 531, 330, 71, 3, 56, 266, 93, 232, 232, 221, 3, 233, 3, 160, 283, 3, 48, 320, 160, 217, 160, 232, 480, 3, 494, 443, 3, 518, 539, 557, 557, 466, 164, 160, 3, 67, 67, 56, 56, 3, 517, 3, 155, 155, 285, 285, 469, 469, 3, 469, 141, 141, 114, 537, 506, 114, 114, 200, 464, 464, 114, 114, 3, 3, 3, 3, 36, 36, 232, 3, 3, 194, 232, 3, 134, 266, 40, 3, 417, 417, 159, 159, 452, 3, 3, 437, 437, 44, 44, 44, 89, 3, 3, 3, 114, 72, 3, 155, 155, 3, 159, 208, 266, 96, 96, 3, 285, 285, 393, 3, 3, 114, 331, 331, 3, 3, 3, 3, 3, 242, 443, 102, 242, 443, 443, 242, 102, 3, 232, 469, 469, 48, 107, 107, 46, 46, 469, 469, 469, 538, 187, 48, 48, 469, 469, 472, 472, 446, 446, 469, 469, 509, 509, 469, 469, 40, 201, 201, 201, 201, 134, 270, 298, 298, 538, 59, 59, 354, 354, 354, 354, 34, 34, 3, 3, 3, 3, 266, 279, 3, 3, 353, 353, 3, 3, 3, 259, 259, 3, 210, 210, 155, 114, 155, 114, 114, 81, 81, 327, 327, 352, 352, 210, 210, 402, 402, 3, 557, 557, 81, 81, 81, 81, 64, 81, 557, 557, 204, 3, 164, 134, 3, 160, 271, 251, 251, 251, 251, 348, 251, 251, 251, 538, 538, 251, 251, 251, 416, 195, 251, 251, 251, 498, 251, 482, 251, 251, 343, 3, 494, 3, 210, 36, 36, 50, 50, 3, 3, 56, 70, 266, 266, 56, 3, 3, 3, 3, 3, 232, 494, 343, 101, 313, 3, 3, 466, 126, 3, 389, 50, 463, 463, 97, 463, 463, 3, 164, 0, 50, 3, 3, 360, 452, 452, 3, 349, 285, 40, 40, 61, 285, 466, 3, 44, 285, 285, 285, 3, 466, 117, 521, 3, 3, 45, 117, 45, 3, 96, 285, 285, 349, 40, 96, 96, 189, 393, 228, 3, 3, 3, 443, 351, 470, 3, 428, 443, 3, 469, 428, 443, 3, 469, 500, 486, 469, 48, 469, 469, 469, 552, 107, 70, 469, 469, 107, 552, 3, 469, 552, 70, 469, 70, 413, 262, 155, 469, 469, 469, 3, 3, 469, 469, 469, 469, 469, 469, 469, 469, 469, 114, 83, 83, 369, 369, 469, 83, 400, 538, 369, 3, 469, 3, 70, 400, 400, 266, 155, 3, 3, 469, 3, 148, 148, 155, 469, 469, 369, 469, 74, 74, 469, 3, 114, 56, 114, 114, 114, 266, 114, 3, 427, 364, 364, 70, 70, 259, 3, 114, 266, 3, 114, 114, 3, 3, 453, 114, 114, 131, 114, 114, 3, 3, 557, 557, 557, 114, 327, 210, 210, 81, 343, 557, 327, 50, 464, 352, 557, 3, 352, 352, 3, 464, 3, 3, 3, 557, 557, 557, 3, 97, 469, 557, 81, 114, 37, 114, 114, 114, 557, 3, 114, 418, 230, 153, 87, 3, 418, 235, 3, 3, 3, 3, 3, 498, 3, 349, 3, 349, 182, 549, 50, 3, 3, 443, 469, 192, 97, 56, 114, 73, 50, 73, 119, 160, 232, 3, 3, 50, 3, 151, 74, 498, 3, 111, 512, 557, 111, 512, 164, 358, 43, 3, 476, 98, 3, 443, 105, 494, 105, 105, 43, 554, 210, 119, 301, 432, 67, 119, 43, 119, 119, 245, 430, 430, 430, 119, 105, 97, 119, 105, 119, 119, 119, 119, 40, 119, 43, 105, 119, 119, 119, 430, 105, 31, 40, 40, 430, 105, 105, 430, 119, 105, 119, 56, 119, 119, 119, 43, 43, 164, 293, 105, 119, 119, 56, 496, 449, 43, 119, 119, 25, 12, 105, 119, 105, 119, 496, 119, 430, 3, 119, 119, 119, 119, 3, 171, 119, 119, 119, 43, 102, 294, 432, 119, 119, 119, 119, 377, 105, 119, 119, 92, 119, 459, 119, 119, 119, 119, 119, 43, 114, 56, 301, 119, 119, 163, 3, 3, 68, 3, 43, 119, 43, 466, 105, 145, 3, 105, 119, 119, 119, 119, 74, 43, 134, 75, 412, 105, 105, 119, 257, 119, 247, 119, 119, 43, 430, 3, 466, 105, 105, 119, 119, 556, 119, 119, 43, 296, 56, 3, 119, 119, 105, 119, 119, 466, 358, 239, 119, 134, 43, 105, 119, 556, 119, 119, 119, 43, 43, 119, 105, 119, 266, 3, 430, 3, 522, 119, 105, 119, 119, 119, 317, 119, 164, 133, 43, 498, 3, 105, 105, 119, 119, 43, 105, 26, 105, 119, 164, 468, 68, 43, 119, 220, 494, 105, 119, 430, 38, 119, 43, 3, 119, 3, 119, 335, 476, 522, 114, 105, 119, 105, 459, 56, 43, 98, 119, 119, 119, 119, 247, 349, 99, 40, 43, 3, 99, 119, 105, 119, 274, 43, 549, 245, 52, 119, 430, 43, 198, 3, 525, 105, 3, 43, 43, 119, 41, 105, 105, 119, 336, 164, 119, 105, 43, 119, 43, 3, 443, 105, 296, 105, 430, 3, 119, 56, 443, 382, 515, 43, 119, 105, 408, 105, 484, 119, 43, 43, 119, 560, 119, 105, 420, 105, 3, 119, 498, 153, 430, 119, 105, 119, 105, 105, 105, 494, 398, 105, 105, 43, 325, 119, 483, 151, 349, 430, 119, 43, 105, 119, 97, 105, 105, 119, 105, 43, 56, 43, 105, 504, 119, 43, 119, 43, 105, 43, 119, 119, 43, 105, 40, 3, 151, 119, 119, 119, 105, 105, 105, 43, 43, 105, 43, 105, 119, 403, 25, 43, 105, 105, 3, 119, 43, 43, 560, 105, 119, 43, 149, 554, 119, 43, 105, 43, 119, 43, 210, 105, 210, 105, 557, 56, 105, 43, 119, 119, 119, 40, 43, 557, 43, 119, 198, 43, 3, 560, 119, 119, 43, 498, 459, 430, 43, 317, 43, 301, 43, 432, 119, 43, 432, 3, 97, 498, 233, 222, 498, 3, 498, 498, 498, 498, 102, 556, 498, 3, 232, 240, 498, 3, 538, 498, 3, 103, 392, 498, 498, 210, 160, 542, 542, 542, 3, 3, 3, 56, 557, 333, 557, 202, 557, 132, 401, 464, 81, 464, 538, 494, 283, 172, 367, 114, 469, 114, 3, 3, 3, 318, 123, 510, 56, 232, 3, 70, 3, 3, 3, 3, 181, 44, 81, 538, 299, 260, 6, 3, 10, 530, 469, 114, 160, 477, 56, 134, 3, 156, 91, 538, 3, 176, 443, 165, 94, 3, 469, 74, 97, 463, 256, 3, 361, 197, 232, 135, 214, 349, 469, 0, 3, 332, 114, 390, 76, 74, 409, 164, 114, 511, 538, 527, 81, 5, 27, 502, 3, 469, 3, 3, 40, 102, 114, 210, 3, 3, 276, 77, 3, 134, 458, 103, 3, 3, 164, 494, 3, 48, 3, 448, 3, 3, 3, 183, 418, 3, 56, 327, 40, 70, 469, 186, 109, 74, 3, 450, 232, 3, 164, 487, 300, 40, 266, 3, 155, 70, 539, 3, 349, 3, 3, 176, 3, 50, 3, 29, 3, 2, 102, 56, 149, 391, 526, 3, 134, 3, 102, 97, 333, 415, 210, 3, 81, 469, 557, 3, 81, 401, 123, 327, 318, 557, 114, 258, 114, 538, 533, 3, 3, 367, 114, 155, 3, 70, 3, 469, 3, 70, 102, 3, 494, 469, 267, 47, 102, 494, 40, 549, 40, 67, 469, 97, 74, 160, 3, 154, 67, 97, 3, 10, 3, 469, 56, 67, 214, 67, 488, 469, 332, 443, 477, 3, 3, 183, 3, 3, 324, 135, 343, 165, 56, 498, 77, 48, 97, 67, 97, 67, 164, 258, 56, 510, 97, 67, 3, 48, 56, 3, 498, 3, 538, 197, 3, 3, 129, 303, 526, 466, 349, 260, 56, 97, 236, 409, 458, 538, 538, 57, 172, 91, 114, 349, 268, 256, 3, 29, 3, 44, 74, 74, 316, 117, 3, 546, 74, 3, 155, 120, 3, 67, 3, 292, 74, 391, 72, 3, 540, 3, 3, 0, 300, 74, 361, 3, 3, 299, 3, 390, 463, 511, 6, 102, 72, 3, 109, 72, 109, 72, 387, 72, 56, 151, 3, 498, 74, 3, 211, 2, 3, 343, 156, 74, 40, 74, 176, 50, 164, 232, 134, 134, 278, 174, 134, 276, 3, 74, 76, 134, 365, 498, 186, 3, 134, 3, 164, 40, 164, 5, 3, 411, 3, 266, 466, 114, 309, 3, 232, 76, 498, 94, 56, 3, 527, 266, 40, 56, 3, 418, 232, 530, 205, 102, 3, 3, 3, 3, 498, 487, 147, 