{"Run": 5, "K": 22, "WCSSD": 2818.06489577397, "Purity": 0.4133982250214715, "Time": 1.2359669208526611, "Kmeans_Labels": [19, 1, 1, 1, 3, 3, 1, 9, 3, 11, 17, 3, 1, 4, 3, 4, 1, 1, 14, 3, 20, 7, 3, 1, 4, 1, 14, 21, 3, 9, 14, 14, 3, 1, 4, 3, 4, 4, 14, 4, 14, 17, 17, 17, 17, 3, 4, 0, 3, 11, 7, 3, 3, 0, 19, 20, 3, 1, 1, 1, 3, 1, 1, 12, 20, 1, 1, 1, 4, 20, 1, 14, 9, 1, 3, 3, 1, 3, 4, 5, 1, 11, 9, 1, 7, 12, 0, 7, 1, 7, 7, 7, 20, 4, 11, 3, 3, 4, 1, 11, 7, 11, 3, 19, 19, 19, 19, 19, 9, 3, 2, 9, 2, 4, 9, 3, 3, 4, 3, 15, 3, 3, 15, 1, 1, 15, 3, 1, 10, 3, 15, 15, 3, 4, 7, 3, 3, 3, 3, 3, 21, 1, 1, 21, 15, 15, 3, 3, 4, 1, 15, 4, 12, 3, 3, 15, 3, 0, 1, 3, 3, 15, 15, 3, 3, 15, 3, 3, 3, 1, 15, 3, 7, 3, 15, 3, 12, 5, 15, 4, 3, 3, 8, 11, 15, 3, 15, 3, 4, 3, 3, 21, 3, 15, 7, 1, 4, 3, 7, 9, 7, 3, 0, 12, 15, 7, 15, 9, 7, 7, 3, 3, 15, 7, 7, 15, 15, 9, 3, 21, 15, 3, 7, 3, 11, 15, 3, 9, 3, 15, 7, 11, 7, 7, 7, 14, 9, 3, 7, 3, 15, 7, 21, 9, 3, 9, 3, 7, 3, 15, 9, 9, 7, 15, 3, 14, 15, 3, 15, 9, 3, 4, 19, 20, 15, 1, 3, 19, 3, 9, 3, 21, 14, 3, 17, 3, 3, 3, 15, 15, 15, 19, 19, 3, 3, 19, 12, 19, 3, 10, 15, 19, 3, 17, 1, 19, 3, 19, 17, 3, 5, 19, 19, 17, 17, 19, 19, 19, 15, 2, 21, 19, 19, 3, 9, 19, 7, 2, 17, 3, 17, 2, 3, 17, 12, 3, 15, 3, 21, 17, 3, 15, 15, 19, 3, 4, 15, 15, 14, 15, 3, 3, 21, 3, 15, 3, 3, 15, 3, 3, 21, 3, 3, 17, 7, 15, 0, 3, 10, 6, 6, 3, 0, 6, 17, 21, 6, 6, 15, 17, 6, 6, 6, 15, 6, 15, 15, 15, 3, 0, 3, 3, 15, 12, 3, 3, 3, 12, 1, 3, 3, 3, 0, 14, 5, 7, 12, 3, 3, 15, 21, 3, 1, 3, 3, 21, 15, 12, 1, 3, 0, 1, 20, 3, 1, 3, 3, 3, 3, 15, 3, 1, 3, 4, 3, 19, 7, 19, 10, 6, 6, 5, 7, 3, 3, 3, 3, 3, 3, 7, 1, 7, 4, 4, 9, 9, 17, 17, 17, 17, 4, 4, 17, 3, 3, 0, 0, 11, 6, 6, 11, 11, 3, 20, 20, 12, 20, 20, 20, 20, 20, 20, 1, 20, 12, 21, 3, 9, 11, 11, 9, 9, 11, 9, 9, 7, 7, 9, 9, 9, 4, 14, 9, 9, 11, 4, 11, 4, 4, 0, 7, 3, 21, 9, 9, 7, 9, 9, 19, 1, 1, 11, 7, 7, 11, 11, 11, 19, 11, 1, 19, 3, 19, 19, 19, 19, 3, 9, 11, 2, 2, 2, 9, 9, 9, 9, 9, 9, 2, 3, 17, 17, 17, 9, 9, 11, 11, 2, 2, 2, 2, 19, 19, 2, 2, 11, 4, 4, 4, 4, 11, 3, 21, 21, 11, 5, 5, 17, 17, 7, 7, 17, 17, 7, 11, 17, 17, 21, 0, 17, 17, 21, 21, 3, 3, 0, 11, 11, 3, 6, 6, 4, 14, 4, 11, 11, 6, 6, 6, 6, 6, 6, 6, 6, 6, 6, 0, 6, 6, 6, 6, 6, 6, 6, 6, 6, 6, 6, 3, 7, 11, 1, 4, 11, 11, 11, 11, 11, 11, 11, 11, 11, 11, 9, 11, 11, 11, 4, 11, 11, 11, 11, 3, 11, 11, 11, 11, 12, 3, 7, 7, 6, 12, 12, 20, 20, 20, 20, 3, 19, 20, 20, 3, 21, 1, 21, 20, 11, 1, 3, 12, 1, 5, 14, 4, 5, 3, 11, 9, 0, 9, 9, 11, 9, 9, 9, 7, 20, 5, 8, 20, 11, 11, 11, 11, 3, 9, 9, 9, 3, 9, 5, 7, 9, 9, 9, 9, 11, 5, 9, 9, 11, 11, 11, 9, 11, 9, 9, 9, 9, 3, 11, 9, 9, 11, 9, 11, 9, 3, 3, 19, 21, 19, 17, 19, 19, 10, 17, 19, 19, 17, 2, 17, 19, 2, 2, 2, 2, 2, 9, 9, 19, 17, 2, 9, 9, 3, 17, 9, 2, 17, 9, 17, 9, 4, 2, 2, 2, 3, 3, 17, 17, 17, 2, 2, 2, 2, 2, 17, 2, 2, 2, 2, 2, 17, 2, 17, 11, 2, 17, 17, 3, 17, 17, 17, 2, 17, 17, 17, 17, 2, 5, 5, 17, 17, 17, 2, 17, 14, 14, 17, 17, 11, 3, 11, 11, 11, 21, 11, 3, 0, 17, 17, 2, 2, 8, 17, 11, 21, 11, 11, 11, 7, 7, 3, 11, 11, 0, 17, 17, 3, 3, 6, 6, 6, 11, 6, 6, 6, 6, 12, 6, 6, 0, 6, 6, 6, 12, 6, 6, 3, 6, 5, 5, 0, 6, 6, 6, 2, 12, 2, 6, 6, 11, 3, 6, 6, 6, 6, 3, 3, 20, 11, 7, 20, 20, 20, 3, 3, 4, 4, 11, 11, 7, 3, 11, 3, 3, 11, 7, 11, 17, 17, 19, 17, 2, 17, 3, 0, 0, 0, 0, 18, 3, 1, 1, 11, 7, 7, 3, 1, 3, 7, 17, 17, 6, 17, 17, 8, 5, 18, 9, 18, 18, 20, 19, 18, 14, 18, 18, 18, 18, 6, 18, 18, 18, 3, 18, 18, 18, 18, 3, 18, 18, 18, 18, 18, 3, 18, 18, 18, 18, 18, 18, 3, 18, 18, 18, 18, 18, 18, 18, 18, 18, 3, 3, 18, 18, 18, 18, 18, 18, 18, 11, 18, 18, 18, 18, 18, 8, 10, 18, 18, 18, 7, 12, 11, 18, 18, 18, 3, 12, 18, 18, 18, 18, 8, 12, 18, 3, 18, 18, 18, 18, 1, 3, 18, 18, 12, 18, 3, 3, 18, 18, 18, 18, 18, 18, 18, 18, 18, 18, 18, 3, 18, 18, 18, 18, 18, 18, 3, 3, 18, 18, 18, 3, 11, 7, 5, 3, 18, 18, 18, 12, 18, 18, 3, 18, 18, 18, 18, 18, 1, 18, 3, 18, 18, 18, 18, 18, 18, 18, 3, 18, 18, 18, 18, 3, 5, 18, 18, 18, 18, 18, 18, 18, 18, 18, 3, 3, 18, 18, 18, 18, 18, 5, 5, 18, 18, 3, 18, 18, 18, 18, 18, 18, 18, 18, 18, 18, 18, 18, 21, 8, 18, 18, 18, 18, 18, 18, 18, 18, 18, 18, 7, 18, 18, 7, 3, 18, 18, 18, 18, 18, 18, 18, 18, 18, 7, 18, 5, 18, 18, 18, 3, 18, 18, 18, 3, 18, 18, 9, 18, 7, 18, 18, 18, 18, 11, 18, 18, 18, 18, 3, 18, 18, 18, 18, 18, 18, 3, 18, 18, 3, 18, 3, 18, 18, 18, 18, 18, 18, 7, 3, 18, 18, 18, 18, 18, 20, 18, 18, 3, 18, 18, 18, 18, 18, 18, 18, 7, 7, 18, 18, 18, 18, 18, 19, 19, 18, 18, 18, 18, 3, 18, 7, 18, 18, 18, 18, 18, 18, 2, 18, 3, 18, 18, 18, 18, 3, 18, 18, 18, 18, 0, 18, 3, 7, 18, 18, 18, 18, 18, 18, 18, 14, 18, 18, 18, 18, 14, 18, 18, 18, 3, 18, 18, 18, 18, 18, 3, 18, 18, 18, 18, 18, 3, 18, 18, 18, 18, 18, 18, 18, 18, 18, 18, 18, 18, 18, 3, 3, 3, 18, 18, 18, 18, 18, 18, 18, 18, 18, 18, 18, 18, 18, 3, 18, 18, 18, 3, 18, 18, 18, 4, 18, 18, 18, 12, 18, 18, 18, 18, 18, 18, 18, 6, 18, 6, 18, 18, 7, 18, 18, 18, 18, 18, 3, 18, 6, 18, 18, 18, 18, 6, 18, 18, 18, 18, 3, 3, 18, 18, 18, 18, 18, 18, 18, 18, 18, 18, 3, 3, 3, 3, 3, 3, 20, 3, 3, 3, 3, 3, 3, 3, 1, 1, 10, 3, 3, 7, 3, 14, 11, 1, 3, 3, 6, 4, 3, 3, 3, 7, 0, 10, 17, 6, 14, 6, 10, 6, 0, 6, 6, 6, 6, 11, 3, 1, 9, 4, 11, 2, 0, 3, 2, 0, 0, 6, 7, 3, 1, 3, 17, 3, 1, 4, 3, 6, 9, 6, 0, 7, 19, 9, 11, 17, 1, 9, 11, 14, 19, 3, 1, 1, 7, 14, 3, 11, 21, 19, 9, 4, 3, 2, 1, 17, 9, 9, 11, 20, 7, 1, 3, 1, 11, 17, 20, 3, 19, 14, 9, 1, 12, 4, 7, 11, 9, 11, 1, 6, 3, 20, 5, 8, 17, 3, 14, 3, 3, 11, 6, 11, 7, 1, 12, 3, 21, 11, 11, 7, 7, 7, 1, 11, 19, 11, 6, 3, 21, 7, 17, 20, 3, 7, 6, 3, 19, 2, 14, 1, 1, 3, 3, 1, 8, 7, 1, 21, 3, 21, 0, 4, 19, 10, 4, 3, 12, 1, 21, 6, 11, 14, 14, 7, 3, 3, 3, 3, 7, 11, 3, 3, 3, 11, 14, 14, 3, 6, 6, 6, 17, 6, 14, 6, 6, 6, 6, 0, 6, 11, 14, 11, 11, 3, 7, 0, 4, 11, 4, 8, 17, 11, 2, 3, 19, 3, 4, 3, 2, 3, 2, 5, 3, 3, 3, 3, 3, 2, 17, 7, 14, 12, 0, 3, 3, 2, 17, 3, 9, 3, 3, 1, 3, 3, 2, 19, 19, 19, 1, 11, 17, 1, 3, 3, 3, 12, 9, 3, 3, 12, 9, 3, 3, 3, 3, 7, 14, 3, 7, 3, 12, 3, 19, 3, 11, 3, 3, 11, 7, 7, 1, 11, 3, 11, 5, 3, 19, 3, 14, 3, 4, 11, 3, 0, 7, 9, 14, 11, 11, 11, 9, 4, 14, 11, 9, 12, 1, 11, 14, 3, 7, 1, 11, 4, 14, 4, 1, 9, 1, 9, 7, 4, 7, 7, 0, 7, 20, 21, 1, 20, 7, 7, 7, 4, 9, 9, 9, 9, 3, 4, 12, 7, 4, 1, 4, 3, 4, 3, 3, 11, 3, 9, 14, 3, 3, 11, 12, 7, 1, 3, 12, 21, 3, 7, 1, 1, 7, 3, 1, 1, 1, 7, 1, 3, 7, 1, 3, 14, 21, 21, 1, 7, 14, 12, 3, 20, 3, 0, 21, 5, 14, 1, 8, 1, 1, 3, 4, 3, 14, 1, 21, 7, 3, 3, 20, 1, 1, 7, 3, 0, 3, 3, 3, 3, 1, 21, 11, 1, 7, 11, 1, 3, 5, 19, 3, 21, 1, 12, 4, 9, 11, 2, 3, 14, 4, 3, 1, 17, 3, 3, 0, 12, 3, 3, 5, 3, 4, 4, 7, 11, 3, 3, 4, 3, 12, 14, 12, 3, 20, 3, 12, 14, 3, 3, 5, 3, 12, 3, 14, 1, 12, 3, 20, 3, 10, 3, 17, 3, 6, 6, 0, 6, 20, 6, 6, 13, 10, 6, 6, 13, 13, 13, 6, 13, 13, 1, 13, 13, 13, 13, 19, 1, 6, 4, 13, 7, 13, 13, 21, 6, 13, 9, 2, 13, 12, 13, 13, 1, 7, 13, 3, 13, 9, 6, 11, 6, 6, 13, 13, 2, 20, 9, 13, 7, 17, 13, 0, 4, 13, 17, 13, 13, 13, 13, 2, 6, 5, 13, 13, 6, 12, 13, 13, 13, 17, 13, 13, 4, 13, 19, 13, 6, 13, 3, 13, 13, 13, 13, 13, 13, 13, 17, 13, 13, 13, 10, 9, 6, 6, 3, 13, 2, 13, 13, 3, 13, 6, 6, 3, 13, 13, 21, 13, 12, 13, 6, 13, 13, 13, 13, 13, 13, 13, 9, 13, 20, 13, 13, 13, 9, 13, 13, 13, 7, 1, 13, 13, 10, 13, 13, 13, 13, 13, 13, 13, 13, 13, 19, 13, 13, 13, 13, 13, 3, 13, 13, 13, 13, 12, 13, 14, 3, 20, 5, 19, 13, 10, 13, 13, 13, 13, 13, 13, 13, 13, 13, 13, 13, 13, 13, 13, 13, 13, 3, 12, 13, 4, 13, 13, 11, 13, 13, 12, 13, 13, 13, 13, 13, 13, 13, 13, 13, 13, 13, 13, 13, 13, 13, 13, 13, 13, 13, 13, 13, 13, 4, 13, 13, 13, 1, 13, 13, 13, 13, 5, 11, 3, 4, 16, 0, 6, 7, 3, 11, 7, 21, 3, 6, 1, 14, 3, 1, 3, 11, 10, 3, 3, 3, 16, 12, 3, 1, 4, 3, 3, 12, 3, 0, 3, 3, 12, 3, 3, 3, 7, 3, 3, 11, 3, 1, 3, 7, 1, 3, 3, 21, 3, 3, 5, 3, 1, 3, 11, 3, 3, 16, 3, 3, 3, 5, 5, 16, 16, 3, 16, 5, 16, 16, 16, 8, 9, 14, 21, 16, 16, 16, 16, 12, 5, 5, 16, 16, 16, 16, 3, 16, 1, 5, 5, 16, 5, 16, 5, 16, 1, 11, 3, 3, 3, 3, 3, 9, 3, 3, 4, 3, 3, 21, 3, 9, 3, 2, 21, 3, 3, 3, 3, 3, 17, 3, 21, 3, 3, 5, 9, 3, 3, 3, 0, 11, 3, 21, 11, 4, 3, 3, 10, 21, 21, 16, 16, 9, 9, 7, 16, 16, 16, 0, 16, 16, 16, 3, 3, 7, 12, 5, 16, 16, 3, 11, 3, 3, 3, 21, 1, 3, 1, 12, 1, 3, 16, 21, 19, 3, 6, 16, 16, 11, 3, 1, 5, 7, 1, 6, 16, 5, 17, 6, 16, 16,