{"Run": 14, "K": 441, "WCSSD": 2191.626563559343, "Purity": 0.40428605558069347, "Time": 24.491969108581543, "Kmeans_Labels": [12, 286, 12, 276, 12, 317, 46, 170, 223, 12, 245, 226, 88, 88, 267, 12, 12, 135, 405, 245, 348, 12, 197, 88, 223, 135, 348, 135, 383, 163, 348, 348, 383, 135, 348, 12, 243, 430, 243, 198, 342, 46, 341, 125, 341, 12, 160, 160, 267, 267, 12, 317, 317, 12, 399, 12, 12, 135, 346, 276, 12, 135, 12, 96, 20, 138, 223, 286, 430, 20, 135, 348, 12, 246, 223, 385, 12, 12, 12, 66, 267, 198, 68, 385, 170, 12, 246, 34, 12, 12, 12, 267, 12, 12, 142, 46, 385, 348, 170, 267, 170, 267, 12, 273, 12, 46, 46, 12, 12, 223, 350, 341, 89, 267, 68, 223, 317, 12, 12, 54, 12, 385, 54, 276, 85, 54, 385, 276, 198, 223, 54, 74, 197, 12, 198, 383, 12, 12, 12, 404, 64, 276, 276, 383, 54, 54, 12, 12, 12, 276, 54, 18, 246, 383, 12, 54, 12, 160, 276, 267, 12, 54, 54, 12, 46, 54, 340, 79, 105, 246, 54, 91, 12, 317, 54, 12, 96, 116, 16, 12, 12, 12, 242, 242, 54, 245, 174, 223, 12, 245, 12, 64, 223, 54, 276, 134, 12, 114, 12, 68, 170, 197, 197, 96, 54, 170, 54, 170, 246, 12, 197, 12, 170, 170, 170, 54, 190, 68, 243, 64, 170, 12, 12, 94, 73, 54, 12, 243, 317, 197, 12, 121, 170, 12, 170, 12, 146, 383, 12, 245, 136, 12, 64, 170, 317, 170, 12, 12, 114, 256, 46, 68, 12, 54, 279, 197, 284, 134, 54, 68, 409, 12, 243, 12, 54, 308, 114, 275, 12, 68, 47, 250, 14, 15, 46, 12, 223, 197, 54, 54, 54, 46, 55, 12, 46, 46, 107, 46, 46, 198, 54, 46, 12, 287, 12, 46, 12, 46, 341, 223, 12, 46, 12, 12, 243, 46, 115, 46, 46, 89, 64, 55, 12, 12, 68, 55, 12, 194, 341, 12, 341, 89, 317, 341, 96, 243, 12, 377, 428, 341, 383, 266, 188, 12, 317, 160, 54, 12, 197, 54, 12, 12, 69, 114, 54, 245, 12, 54, 237, 12, 69, 12, 317, 12, 243, 12, 160, 105, 310, 161, 52, 12, 73, 161, 341, 64, 139, 52, 54, 12, 52, 52, 139, 54, 186, 54, 54, 54, 414, 160, 409, 317, 268, 12, 223, 317, 317, 135, 276, 245, 12, 267, 12, 14, 12, 12, 96, 36, 12, 125, 64, 133, 276, 12, 12, 64, 12, 12, 276, 12, 160, 198, 20, 172, 245, 12, 46, 114, 13, 155, 246, 12, 246, 12, 125, 29, 12, 89, 310, 72, 52, 116, 12, 246, 223, 73, 73, 383, 383, 12, 276, 12, 18, 18, 68, 68, 195, 195, 12, 341, 147, 147, 341, 125, 223, 132, 132, 12, 382, 382, 73, 73, 12, 20, 20, 383, 356, 356, 276, 12, 12, 9, 276, 20, 36, 64, 12, 12, 305, 305, 170, 170, 316, 58, 58, 12, 12, 292, 292, 214, 232, 12, 12, 12, 12, 100, 12, 18, 18, 12, 170, 12, 64, 380, 380, 12, 231, 68, 206, 12, 12, 160, 12, 12, 384, 384, 267, 46, 267, 276, 46, 223, 276, 46, 46, 276, 223, 12, 276, 89, 89, 46, 32, 32, 12, 12, 87, 87, 89, 243, 341, 46, 46, 278, 278, 12, 12, 89, 89, 71, 71, 12, 12, 89, 89, 73, 18, 18, 18, 18, 36, 12, 361, 361, 243, 145, 145, 243, 243, 12, 12, 12, 12, 12, 12, 12, 12, 64, 196, 196, 196, 196, 196, 245, 12, 12, 80, 80, 267, 52, 52, 18, 348, 18, 73, 73, 139, 139, 413, 413, 156, 156, 161, 161, 161, 161, 12, 140, 140, 139, 139, 139, 139, 26, 139, 161, 161, 52, 198, 160, 36, 12, 246, 30, 30, 30, 381, 30, 30, 30, 30, 57, 243, 243, 30, 30, 30, 430, 30, 30, 30, 30, 317, 30, 30, 101, 30, 96, 125, 125, 12, 161, 65, 65, 386, 386, 12, 12, 385, 324, 64, 64, 209, 12, 12, 12, 20, 267, 276, 131, 96, 276, 12, 348, 385, 116, 131, 267, 68, 12, 68, 68, 267, 12, 12, 12, 12, 277, 12, 12, 267, 12, 316, 316, 267, 78, 68, 267, 267, 125, 68, 12, 403, 292, 357, 68, 357, 267, 12, 68, 68, 267, 12, 357, 68, 357, 12, 380, 357, 357, 78, 267, 380, 380, 267, 206, 45, 12, 370, 39, 12, 64, 12, 12, 12, 160, 12, 341, 12, 46, 341, 89, 95, 46, 341, 46, 89, 341, 341, 407, 32, 12, 341, 341, 341, 407, 223, 341, 407, 341, 341, 341, 341, 12, 18, 89, 89, 89, 227, 12, 341, 341, 341, 89, 89, 71, 350, 71, 341, 160, 89, 89, 341, 341, 50, 89, 341, 243, 341, 341, 341, 416, 341, 341, 341, 334, 18, 341, 341, 341, 334, 412, 412, 18, 341, 341, 341, 341, 135, 135, 341, 12, 160, 160, 160, 73, 97, 64, 73, 12, 160, 167, 167, 89, 89, 80, 51, 97, 64, 365, 267, 73, 12, 12, 245, 12, 12, 160, 73, 73, 12, 12, 234, 52, 52, 73, 413, 52, 161, 139, 166, 52, 161, 251, 203, 156, 52, 12, 156, 156, 317, 203, 160, 160, 160, 140, 140, 140, 160, 157, 401, 52, 139, 160, 223, 160, 160, 160, 52, 12, 12, 20, 351, 12, 20, 383, 20, 385, 12, 12, 12, 267, 267, 12, 12, 78, 12, 12, 267, 267, 267, 12, 341, 46, 341, 317, 341, 317, 73, 388, 267, 388, 127, 246, 276, 383, 267, 12, 223, 105, 135, 317, 12, 341, 89, 52, 341, 89, 12, 12, 171, 12, 328, 37, 12, 12, 37, 125, 371, 178, 328, 328, 140, 127, 328, 127, 73, 127, 2, 127, 127, 48, 35, 35, 127, 127, 37, 198, 127, 37, 127, 217, 127, 178, 178, 127, 171, 37, 127, 127, 2, 168, 390, 127, 178, 178, 35, 37, 37, 35, 127, 37, 127, 81, 127, 419, 127, 328, 328, 12, 198, 37, 127, 127, 12, 12, 267, 153, 328, 127, 198, 96, 37, 127, 37, 127, 12, 127, 397, 12, 127, 127, 127, 127, 12, 12, 408, 127, 127, 328, 317, 312, 127, 127, 127, 127, 127, 127, 37, 86, 127, 127, 127, 120, 106, 61, 127, 127, 127, 396, 12, 379, 328, 127, 127, 138, 7, 12, 116, 223, 328, 127, 323, 12, 37, 127, 198, 37, 127, 127, 2, 2, 135, 328, 36, 127, 37, 37, 37, 239, 37, 127, 223, 127, 127, 328, 127, 271, 12, 37, 37, 127, 127, 127, 313, 328, 171, 419, 245, 267, 127, 127, 37, 127, 127, 116, 12, 127, 207, 433, 328, 37, 127, 127, 127, 2, 127, 328, 328, 127, 37, 127, 64, 326, 127, 12, 2, 127, 37, 127, 127, 184, 127, 127, 12, 328, 328, 12, 12, 37, 37, 127, 127, 328, 37, 37, 4, 127, 12, 37, 24, 171, 127, 328, 125, 37, 127, 127, 245, 127, 328, 12, 127, 12, 127, 127, 328, 328, 267, 37, 127, 37, 120, 198, 328, 37, 178, 127, 127, 127, 223, 78, 37, 160, 328, 379, 37, 171, 37, 127, 328, 328, 317, 198, 127, 127, 127, 328, 2, 12, 127, 37, 12, 328, 328, 127, 127, 37, 37, 127, 12, 12, 127, 37, 328, 127, 328, 12, 12, 37, 98, 37, 127, 267, 360, 198, 127, 127, 37, 328, 159, 37, 89, 37, 223, 127, 212, 328, 127, 73, 130, 37, 127, 37, 12, 328, 223, 198, 400, 127, 37, 127, 37, 37, 37, 125, 37, 37, 37, 328, 348, 127, 328, 105, 78, 2, 127, 328, 371, 127, 198, 37, 37, 127, 37, 328, 198, 328, 37, 127, 127, 328, 127, 421, 37, 328, 127, 383, 328, 37, 12, 383, 383, 127, 127, 127, 37, 37, 37, 328, 328, 37, 328, 37, 127, 37, 198, 262, 178, 37, 223, 328, 328, 328, 73, 37, 440, 295, 138, 328, 328, 328, 37, 328, 127, 328, 161, 37, 140, 37, 52, 198, 37, 328, 2, 127, 127, 359, 328, 140, 328, 127, 2, 328, 12, 328, 127, 127, 329, 198, 120, 127, 328, 127, 328, 328, 328, 127, 2, 328, 127, 383, 160, 317, 355, 79, 317, 12, 317, 317, 317, 317, 198, 223, 317, 12, 276, 198, 317, 427, 243, 317, 143, 223, 276, 317, 317, 161, 246, 73, 73, 73, 12, 160, 12, 394, 52, 92, 320, 126, 140, 73, 139, 161, 139, 161, 73, 125, 286, 68, 12, 97, 334, 12, 420, 290, 299, 259, 139, 317, 198, 228, 12, 12, 12, 164, 12, 104, 185, 292, 139, 243, 12, 154, 68, 12, 89, 276, 87, 160, 246, 46, 12, 63, 12, 306, 348, 322, 270, 64, 46, 243, 245, 321, 71, 135, 341, 68, 31, 244, 151, 160, 276, 125, 12, 78, 341, 277, 12, 12, 348, 12, 117, 383, 100, 12, 12, 68, 243, 12, 139, 36, 3, 356, 272, 341, 12, 348, 12, 223, 73, 161, 33, 267, 138, 96, 12, 36, 23, 182, 368, 12, 12, 125, 12, 46, 363, 139, 300, 12, 12, 12, 20, 12, 198, 413, 224, 55, 89, 348, 12, 135, 385, 12, 276, 385, 12, 423, 64, 317, 64, 12, 18, 12, 310, 12, 78, 96, 12, 64, 362, 12, 348, 348, 348, 267, 279, 198, 138, 12, 267, 12, 36, 317, 223, 12, 92, 333, 161, 362, 139, 341, 140, 348, 139, 139, 139, 413, 259, 320, 73, 348, 160, 73, 12, 348, 299, 12, 97, 18, 272, 12, 12, 334, 104, 12, 279, 73, 125, 187, 125, 89, 223, 125, 73, 317, 224, 73, 71, 341, 135, 246, 104, 198, 73, 160, 290, 89, 12, 87, 410, 73, 12, 73, 317, 89, 12, 46, 46, 164, 12, 12, 12, 420, 73, 125, 96, 243, 245, 245, 96, 201, 70, 73, 317, 62, 12, 348, 198, 317, 160, 38, 10, 46, 198, 12, 317, 385, 243, 160, 12, 12, 261, 7, 267, 116, 78, 154, 204, 12, 125, 100, 23, 322, 243, 73, 68, 348, 73, 78, 148, 31, 12, 348, 270, 292, 383, 135, 12, 267, 321, 12, 135, 267, 18, 348, 12, 73, 338, 267, 135, 12, 100, 12, 309, 12, 12, 277, 64, 135, 151, 12, 267, 12, 353, 12, 68, 68, 68, 223, 100, 96, 12, 100, 12, 100, 12, 100, 198, 105, 244, 317, 135, 425, 137, 267, 363, 318, 306, 135, 12, 135, 64, 245, 12, 276, 36, 265, 215, 12, 