{"Run": 0, "K": 302, "WCSSD": 2288.861369292558, "Purity": 0.3664863237095713, "Time": 15.978353023529053, "Kmeans_Labels": [120, 159, 223, 203, 12, 12, 159, 134, 159, 12, 12, 133, 12, 164, 295, 158, 12, 221, 12, 168, 157, 12, 114, 164, 45, 221, 12, 221, 168, 12, 164, 12, 283, 221, 102, 12, 133, 45, 133, 164, 33, 185, 129, 83, 177, 12, 45, 12, 267, 12, 164, 45, 45, 262, 100, 42, 12, 159, 203, 76, 12, 221, 299, 279, 42, 159, 159, 159, 45, 42, 221, 164, 12, 164, 259, 164, 120, 164, 22, 12, 12, 102, 248, 221, 134, 279, 155, 41, 55, 9, 12, 244, 74, 12, 70, 185, 157, 12, 297, 164, 134, 259, 12, 84, 84, 185, 185, 84, 154, 259, 177, 177, 177, 219, 9, 259, 253, 12, 12, 59, 12, 12, 59, 203, 203, 59, 12, 203, 47, 262, 59, 59, 157, 33, 199, 225, 12, 12, 12, 12, 124, 203, 203, 225, 59, 59, 12, 12, 12, 203, 59, 19, 155, 274, 12, 59, 12, 12, 203, 12, 12, 59, 59, 12, 185, 59, 155, 290, 62, 155, 22, 12, 12, 45, 59, 12, 174, 37, 59, 12, 164, 33, 12, 12, 59, 12, 59, 12, 46, 110, 12, 124, 45, 59, 203, 252, 12, 230, 12, 9, 134, 114, 22, 153, 59, 134, 59, 9, 229, 12, 114, 12, 134, 134, 134, 65, 59, 9, 133, 124, 21, 12, 12, 133, 33, 59, 12, 9, 45, 59, 12, 12, 134, 12, 134, 12, 9, 225, 12, 12, 59, 114, 124, 9, 45, 9, 157, 12, 230, 59, 9, 9, 12, 59, 33, 33, 59, 252, 59, 9, 12, 9, 133, 203, 84, 12, 230, 84, 102, 9, 114, 185, 228, 252, 185, 217, 3, 114, 59, 84, 59, 120, 120, 12, 185, 185, 174, 84, 185, 47, 59, 185, 12, 177, 12, 185, 12, 185, 177, 168, 12, 185, 219, 219, 219, 185, 185, 185, 12, 177, 124, 120, 219, 219, 9, 120, 12, 177, 177, 168, 177, 177, 45, 177, 174, 133, 12, 43, 124, 120, 277, 59, 59, 120, 45, 12, 59, 120, 221, 59, 12, 12, 124, 230, 59, 12, 12, 59, 12, 12, 124, 47, 45, 219, 133, 246, 217, 32, 52, 77, 197, 211, 262, 77, 177, 124, 48, 197, 59, 12, 197, 197, 48, 59, 112, 59, 59, 59, 12, 22, 12, 157, 59, 279, 12, 45, 45, 119, 203, 12, 12, 267, 22, 228, 129, 35, 168, 117, 12, 83, 124, 157, 203, 12, 47, 124, 12, 203, 203, 12, 217, 102, 42, 155, 159, 262, 185, 230, 155, 59, 45, 203, 12, 12, 83, 84, 164, 219, 52, 197, 197, 129, 157, 155, 12, 102, 102, 225, 225, 187, 63, 12, 2, 2, 9, 9, 177, 177, 114, 177, 133, 133, 177, 83, 168, 197, 197, 102, 77, 77, 12, 12, 12, 42, 42, 225, 42, 42, 42, 42, 42, 42, 203, 42, 289, 124, 12, 9, 74, 74, 134, 134, 12, 235, 235, 12, 12, 9, 9, 12, 53, 144, 9, 9, 164, 64, 227, 19, 19, 227, 134, 208, 254, 9, 9, 164, 9, 9, 84, 223, 223, 12, 217, 217, 49, 49, 222, 49, 222, 203, 84, 12, 84, 84, 84, 84, 12, 12, 203, 5, 5, 185, 9, 9, 84, 84, 232, 232, 9, 133, 177, 185, 185, 137, 137, 89, 89, 219, 219, 104, 104, 84, 84, 177, 177, 123, 238, 238, 238, 238, 289, 12, 124, 124, 133, 96, 96, 133, 133, 12, 12, 12, 12, 33, 12, 12, 12, 124, 219, 226, 226, 12, 12, 12, 219, 12, 12, 12, 114, 197, 197, 19, 262, 19, 12, 12, 112, 112, 260, 260, 243, 243, 111, 111, 48, 48, 168, 77, 77, 48, 48, 111, 111, 197, 197, 197, 197, 197, 102, 12, 289, 49, 155, 34, 34, 34, 34, 34, 34, 34, 34, 34, 294, 133, 34, 34, 34, 45, 150, 34, 34, 34, 285, 34, 34, 34, 34, 174, 83, 83, 12, 77, 129, 129, 42, 42, 42, 42, 12, 120, 42, 42, 12, 10, 12, 10, 42, 12, 203, 83, 174, 203, 12, 12, 12, 129, 83, 12, 9, 22, 58, 58, 12, 58, 58, 12, 12, 20, 22, 12, 42, 12, 12, 12, 109, 41, 9, 9, 9, 83, 9, 129, 164, 9, 9, 9, 9, 12, 129, 9, 9, 164, 164, 12, 9, 12, 9, 9, 9, 9, 41, 12, 9, 9, 12, 12, 94, 101, 67, 67, 84, 84, 84, 177, 84, 298, 12, 177, 84, 84, 177, 172, 177, 84, 177, 215, 215, 177, 177, 9, 101, 84, 132, 177, 177, 84, 12, 177, 177, 120, 177, 120, 177, 12, 19, 177, 177, 177, 135, 12, 135, 177, 177, 27, 104, 250, 177, 250, 177, 219, 27, 27, 177, 177, 177, 27, 177, 50, 177, 177, 177, 12, 177, 177, 177, 145, 19, 145, 145, 145, 145, 96, 96, 19, 177, 177, 177, 177, 168, 168, 177, 219, 217, 102, 217, 12, 161, 124, 12, 12, 12, 226, 226, 177, 177, 12, 12, 12, 120, 12, 114, 181, 12, 12, 262, 293, 293, 12, 219, 219, 12, 12, 197, 197, 197, 12, 260, 116, 77, 112, 174, 197, 75, 22, 77, 243, 197, 12, 243, 243, 12, 77, 262, 262, 157, 77, 198, 197, 219, 12, 219, 197, 111, 181, 259, 157, 157, 157, 197, 225, 12, 42, 12, 49, 42, 168, 213, 12, 12, 12, 12, 12, 262, 219, 12, 41, 12, 41, 217, 217, 22, 49, 177, 84, 177, 262, 177, 49, 262, 22, 22, 22, 108, 12, 203, 225, 49, 22, 164, 62, 221, 45, 12, 120, 177, 197, 120, 177, 69, 164, 71, 9, 71, 209, 12, 84, 115, 179, 241, 241, 287, 71, 77, 39, 71, 23, 273, 39, 39, 39, 23, 236, 39, 39, 23, 98, 115, 102, 39, 115, 39, 39, 39, 241, 241, 39, 71, 115, 39, 39, 39, 39, 115, 39, 241, 241, 39, 115, 125, 39, 204, 115, 23, 282, 39, 23, 51, 71, 71, 69, 47, 115, 218, 205, 164, 279, 12, 71, 23, 39, 49, 279, 115, 39, 115, 39, 279, 23, 39, 164, 23, 39, 296, 39, 69, 12, 39, 39, 23, 71, 45, 168, 23, 39, 39, 39, 23, 39, 115, 23, 23, 23, 39, 143, 23, 39, 23, 39, 23, 71, 159, 208, 143, 39, 92, 164, 12, 121, 37, 164, 71, 23, 71, 129, 115, 23, 102, 115, 23, 39, 39, 39, 221, 71, 289, 39, 291, 115, 115, 39, 115, 39, 12, 39, 39, 71, 39, 12, 129, 115, 115, 23, 39, 23, 39, 23, 71, 23, 45, 12, 39, 23, 115, 39, 39, 37, 164, 39, 39, 289, 71, 115, 23, 23, 39, 39, 39, 71, 71, 39, 115, 39, 124, 12, 39, 23, 39, 23, 115, 143, 23, 39, 23, 39, 33, 71, 71, 164, 101, 115, 115, 39, 39, 71, 115, 115, 115, 39, 12, 115, 30, 71, 39, 71, 83, 115, 39, 39, 110, 39, 71, 9, 39, 12, 39, 39, 71, 71, 12, 115, 23, 115, 143, 45, 71, 209, 23, 39, 39, 39, 12, 41, 115, 50, 71, 208, 115, 39, 23, 23, 54, 183, 12, 236, 39, 39, 39, 71, 39, 12, 23, 115, 217, 71, 71, 39, 39, 115, 115, 23, 208, 12, 39, 115, 71, 39, 71, 12, 84, 115, 23, 115, 39, 12, 39, 180, 23, 23, 115, 71, 39, 115, 120, 115, 22, 39, 71, 71, 39, 45, 39, 115, 39, 115, 219, 23, 102, 49, 39, 39, 115, 39, 115, 115, 115, 179, 115, 115, 115, 287, 12, 23, 71, 62, 41, 39, 39, 287, 241, 23, 45, 115, 115, 23, 115, 71, 300, 71, 115, 39, 39, 23, 39, 71, 188, 71, 39, 225, 71, 212, 12, 225, 168, 51, 23, 108, 115, 188, 115, 71, 71, 115, 71, 115, 39, 68, 49, 71, 241, 115, 49, 23, 71, 23, 23, 115, 39, 71, 279, 71, 23, 23, 115, 71, 39, 71, 77, 115, 77, 115, 23, 180, 115, 71, 39, 39, 39, 47, 91, 77, 71, 23, 39, 71, 12, 23, 23, 39, 71, 45, 143, 39, 71, 39, 23, 71, 71, 23, 23, 287, 39, 225, 102, 45, 102, 290, 45, 12, 45, 45, 45, 45, 49, 45, 45, 12, 203, 47, 45, 225, 133, 45, 18, 22, 203, 45, 45, 77, 164, 33, 33, 33, 12, 49, 12, 12, 197, 11, 197, 52, 77, 262, 217, 77, 111, 77, 133, 83, 159, 9, 237, 85, 145, 12, 219, 219, 12, 12, 12, 12, 33, 203, 12, 120, 219, 185, 12, 219, 219, 9, 219, 133, 12, 84, 248, 12, 177, 217, 232, 12, 12, 84, 12, 289, 49, 157, 12, 133, 12, 124, 256, 276, 12, 12, 104, 221, 177, 58, 9, 12, 74, 102, 81, 186, 12, 41, 177, 20, 12, 84, 33, 12, 231, 225, 64, 200, 226, 248, 133, 49, 112, 117, 242, 129, 12, 177, 12, 12, 12, 157, 281, 157, 201, 12, 195, 174, 12, 289, 133, 47, 72, 12, 210, 83, 164, 251, 12, 48, 12, 217, 12, 219, 213, 12, 171, 260, 217, 120, 5, 168, 9, 221, 12, 272, 203, 12, 12, 60, 87, 47, 124, 12, 19, 120, 52, 12, 41, 174, 159, 124, 219, 22, 12, 103, 164, 262, 33, 45, 164, 12, 12, 301, 141, 45, 157, 49, 11, 102, 157, 219, 111, 177, 77, 12, 219, 217, 12, 260, 12, 197, 281, 33, 12, 133, 247, 164, 12, 237, 85, 19, 12, 120, 12, 145, 219, 120, 33, 90, 83, 177, 186, 219, 47, 83, 102, 102, 217, 284, 104, 177, 12, 12, 164, 12, 284, 102, 219, 177, 219, 232, 47, 240, 12, 284, 33, 5, 84, 256, 84, 185, 217, 219, 49, 219, 284, 186, 174, 276, 102, 33, 174, 185, 49, 102, 49, 47, 200, 33, 164, 12, 102, 217, 47, 251, 45, 164, 45, 12, 133, 102, 12, 12, 133, 221, 12, 37, 41, 84, 184, 49, 78, 64, 133, 133, 133, 12, 9, 12, 12, 41, 12, 9, 12, 103, 12, 9, 225, 221, 219, 109, 12, 12, 221, 12, 19, 12, 12, 284, 9, 50, 221, 12, 64, 12, 12, 12, 12, 20, 87, 221, 74, 219, 12, 12, 12, 12, 58, 248, 248, 157, 64, 174, 12, 64, 9, 64, 12, 64, 45, 62, 12, 45, 221, 83, 164, 262, 12, 225, 157, 221, 49, 174, 124, 40, 12, 203, 289, 289, 102, 114, 289, 195, 72, 221, 8, 289, 289, 300, 168, 217, 289, 159, 12, 12, 203, 117, 12, 290, 164, 124, 129, 33, 221, 12, 203, 231, 45, 12, 33, 12, 49, 124, 12, 47, 45, 213, 203, 217, 12, 168, 102, 301, 12, 12, 95, 60, 114, 201, 221, 217, 12, 81, 272, 129, 120, 