{"Run": 6, "K": 302, "WCSSD": 2305.720806826783, "Purity": 0.4695104494703693, "Time": 15.729212999343872, "Kmeans_Labels": [261, 4, 166, 196, 4, 4, 75, 275, 4, 140, 4, 111, 274, 274, 75, 4, 254, 213, 142, 147, 142, 4, 93, 274, 249, 213, 75, 213, 147, 7, 142, 142, 147, 213, 142, 9, 274, 274, 111, 274, 142, 51, 72, 63, 274, 50, 274, 142, 291, 104, 4, 294, 294, 4, 199, 75, 4, 213, 196, 196, 4, 213, 4, 72, 4, 235, 78, 4, 274, 75, 213, 142, 9, 59, 150, 98, 4, 4, 254, 4, 4, 4, 219, 213, 275, 4, 59, 77, 4, 242, 75, 75, 277, 9, 9, 4, 4, 142, 20, 4, 275, 150, 4, 238, 238, 51, 51, 238, 9, 150, 212, 298, 128, 274, 242, 150, 200, 4, 4, 33, 4, 4, 33, 196, 4, 33, 129, 196, 281, 254, 33, 33, 114, 4, 4, 147, 4, 4, 4, 4, 70, 204, 196, 283, 33, 33, 118, 4, 4, 196, 33, 82, 59, 283, 4, 33, 4, 4, 196, 4, 4, 33, 33, 4, 4, 33, 149, 116, 106, 59, 254, 4, 4, 294, 33, 251, 37, 134, 33, 4, 4, 4, 4, 4, 33, 4, 33, 4, 4, 4, 4, 70, 67, 33, 196, 196, 4, 188, 4, 242, 275, 93, 137, 37, 33, 273, 33, 242, 59, 4, 93, 4, 275, 275, 275, 23, 33, 242, 111, 70, 275, 150, 4, 111, 249, 33, 4, 244, 294, 33, 4, 270, 275, 4, 275, 4, 242, 276, 4, 4, 33, 4, 70, 275, 294, 192, 4, 4, 188, 33, 242, 242, 9, 33, 4, 93, 33, 4, 33, 242, 4, 81, 111, 146, 238, 4, 254, 238, 254, 242, 188, 51, 249, 294, 51, 146, 294, 4, 33, 238, 33, 95, 95, 4, 51, 51, 37, 238, 51, 281, 33, 51, 4, 128, 51, 51, 4, 51, 128, 147, 75, 51, 4, 51, 51, 51, 51, 51, 4, 128, 70, 95, 51, 8, 242, 95, 254, 128, 128, 147, 128, 128, 294, 128, 37, 111, 4, 223, 70, 95, 283, 33, 33, 261, 294, 261, 33, 95, 213, 33, 4, 4, 50, 188, 194, 294, 4, 33, 4, 50, 70, 4, 294, 50, 111, 4, 146, 106, 91, 88, 88, 4, 4, 88, 128, 70, 120, 88, 33, 4, 88, 88, 120, 33, 120, 33, 33, 151, 4, 254, 294, 12, 33, 72, 4, 294, 294, 213, 196, 4, 4, 4, 146, 249, 47, 4, 147, 101, 4, 63, 70, 4, 195, 4, 4, 70, 155, 147, 196, 4, 285, 4, 125, 59, 249, 75, 51, 188, 59, 33, 59, 4, 59, 271, 63, 238, 4, 4, 91, 88, 88, 47, 21, 59, 147, 188, 188, 283, 283, 4, 196, 4, 82, 82, 242, 242, 128, 128, 4, 128, 111, 111, 128, 63, 147, 88, 88, 188, 88, 88, 4, 4, 4, 75, 75, 283, 72, 72, 196, 146, 146, 75, 196, 125, 101, 233, 117, 85, 277, 277, 275, 275, 104, 242, 242, 4, 4, 104, 104, 9, 82, 9, 242, 242, 9, 177, 232, 82, 82, 232, 275, 249, 70, 242, 242, 4, 184, 242, 238, 166, 166, 4, 146, 146, 4, 4, 4, 51, 4, 126, 238, 254, 126, 238, 238, 126, 254, 9, 196, 128, 128, 51, 85, 85, 51, 51, 272, 272, 242, 111, 128, 51, 51, 242, 242, 236, 236, 128, 128, 210, 210, 4, 4, 128, 128, 52, 82, 82, 82, 82, 101, 109, 70, 70, 111, 187, 187, 111, 111, 4, 4, 4, 4, 4, 4, 4, 4, 70, 50, 50, 50, 50, 50, 188, 4, 50, 4, 4, 188, 88, 88, 82, 75, 82, 142, 142, 120, 120, 3, 3, 120, 120, 120, 120, 120, 120, 147, 88, 88, 120, 120, 120, 120, 120, 120, 88, 88, 88, 4, 4, 101, 213, 59, 57, 57, 57, 57, 57, 57, 57, 57, 57, 111, 111, 57, 57, 57, 274, 57, 57, 57, 57, 188, 57, 156, 57, 57, 37, 63, 63, 4, 88, 72, 72, 254, 254, 75, 75, 4, 95, 70, 70, 142, 4, 9, 4, 125, 104, 196, 63, 37, 196, 75, 142, 254, 161, 63, 4, 284, 254, 220, 220, 4, 262, 262, 9, 4, 277, 254, 9, 75, 254, 9, 9, 104, 227, 104, 104, 104, 63, 242, 47, 270, 9, 104, 242, 104, 9, 47, 104, 104, 87, 87, 104, 242, 104, 242, 242, 288, 288, 145, 75, 242, 242, 104, 9, 63, 85, 4, 4, 238, 238, 11, 4, 11, 238, 4, 128, 11, 238, 238, 128, 46, 238, 128, 128, 242, 128, 128, 42, 85, 238, 128, 128, 298, 42, 4, 128, 42, 95, 96, 95, 128, 4, 82, 128, 128, 128, 4, 4, 128, 128, 128, 210, 210, 210, 212, 210, 128, 270, 210, 128, 128, 128, 128, 210, 128, 104, 128, 4, 128, 4, 128, 128, 128, 290, 82, 290, 290, 290, 290, 187, 187, 82, 128, 128, 128, 113, 213, 213, 113, 4, 146, 249, 146, 4, 4, 70, 4, 4, 249, 50, 50, 128, 128, 4, 4, 9, 70, 4, 4, 152, 4, 4, 294, 4, 4, 270, 4, 4, 4, 4, 88, 88, 88, 9, 3, 88, 88, 120, 30, 88, 120, 254, 88, 120, 88, 4, 120, 120, 4, 88, 214, 214, 4, 88, 88, 88, 4, 230, 4, 88, 120, 152, 150, 4, 4, 4, 88, 147, 270, 206, 254, 249, 125, 147, 125, 4, 4, 32, 4, 9, 75, 4, 9, 77, 4, 77, 146, 146, 254, 4, 128, 238, 128, 294, 247, 188, 4, 254, 254, 254, 159, 59, 196, 283, 254, 254, 4, 106, 213, 294, 258, 95, 128, 88, 95, 128, 4, 40, 73, 242, 160, 255, 4, 263, 255, 63, 255, 255, 73, 73, 88, 159, 73, 159, 188, 278, 278, 159, 159, 188, 278, 278, 159, 159, 255, 188, 159, 255, 159, 159, 159, 159, 249, 278, 73, 255, 159, 157, 179, 278, 255, 159, 249, 249, 278, 255, 255, 278, 159, 255, 159, 4, 159, 159, 159, 73, 73, 4, 281, 255, 159, 159, 4, 72, 4, 73, 73, 159, 249, 37, 255, 159, 255, 45, 254, 159, 246, 4, 159, 159, 159, 159, 4, 4, 159, 159, 159, 73, 151, 147, 159, 159, 159, 278, 159, 45, 255, 159, 159, 159, 159, 231, 159, 159, 45, 159, 165, 73, 4, 249, 231, 159, 159, 215, 254, 4, 134, 254, 73, 159, 73, 72, 255, 159, 4, 255, 76, 260, 159, 45, 213, 73, 101, 159, 255, 255, 255, 159, 65, 159, 4, 159, 278, 73, 278, 4, 47, 19, 257, 159, 159, 173, 159, 73, 73, 45, 158, 4, 159, 159, 255, 159, 159, 134, 40, 159, 159, 101, 73, 255, 159, 173, 159, 18, 211, 73, 73, 159, 255, 159, 70, 4, 278, 4, 159, 82, 255, 231, 159, 159, 274, 159, 16, 73, 73, 9, 203, 255, 255, 159, 159, 73, 255, 255, 255, 159, 4, 108, 139, 73, 159, 73, 63, 255, 159, 278, 122, 159, 73, 242, 159, 295, 159, 278, 160, 73, 200, 255, 159, 255, 231, 294, 73, 255, 231, 159, 45, 159, 4, 77, 111, 249, 73, 249, 255, 159, 133, 159, 73, 73, 4, 188, 278, 159, 278, 73, 278, 4, 159, 257, 146, 73, 73, 159, 278, 255, 255, 159, 249, 4, 159, 263, 73, 159, 136, 75, 238, 25, 45, 255, 265, 75, 159, 200, 238, 159, 255, 73, 159, 255, 95, 255, 254, 159, 73, 73, 159, 294, 159, 255, 159, 255, 4, 159, 200, 249, 159, 159, 255, 159, 255, 255, 255, 63, 255, 255, 255, 73, 142, 159, 73, 106, 77, 159, 159, 73, 255, 159, 188, 255, 300, 159, 255, 22, 270, 73, 255, 159, 159, 73, 159, 55, 255, 73, 278, 296, 218, 255, 4, 283, 147, 159, 159, 159, 255, 255, 255, 73, 73, 255, 73, 255, 278, 255, 249, 73, 255, 255, 4, 73, 73, 73, 294, 255, 159, 73, 215, 73, 73, 73, 255, 73, 159, 73, 88, 255, 88, 255, 234, 200, 255, 73, 159, 159, 159, 294, 73, 88, 73, 159, 278, 73, 4, 73, 159, 159, 73, 86, 231, 278, 73, 159, 73, 73, 73, 159, 159, 73, 159, 283, 190, 294, 188, 28, 294, 4, 294, 294, 294, 294, 249, 67, 294, 4, 196, 281, 294, 4, 111, 294, 142, 254, 196, 294, 294, 88, 59, 249, 249, 249, 258, 4, 15, 142, 88, 293, 88, 15, 88, 4, 146, 88, 120, 88, 111, 63, 4, 242, 4, 9, 290, 4, 4, 4, 50, 301, 120, 200, 249, 196, 4, 237, 4, 9, 9, 75, 4, 242, 120, 111, 4, 238, 219, 9, 128, 146, 272, 239, 59, 245, 249, 101, 4, 41, 142, 111, 240, 70, 238, 111, 249, 4, 128, 213, 247, 90, 111, 254, 277, 105, 241, 63, 9, 77, 128, 277, 4, 238, 142, 9, 224, 283, 177, 4, 50, 219, 14, 4, 120, 101, 293, 72, 110, 128, 4, 142, 4, 200, 270, 88, 4, 4, 215, 37, 4, 101, 111, 270, 4, 9, 4, 63, 9, 51, 254, 120, 4, 146, 4, 188, 125, 4, 188, 120, 146, 95, 128, 147, 4, 280, 188, 4, 196, 142, 4, 213, 56, 294, 70, 254, 82, 95, 91, 9, 77, 4, 4, 70, 289, 254, 142, 75, 142, 75, 4, 200, 215, 4, 4, 182, 101, 200, 4, 4, 293, 279, 88, 289, 120, 128, 88, 142, 120, 146, 120, 120, 301, 88, 270, 142, 239, 111, 188, 142, 50, 4, 9, 82, 110, 237, 9, 290, 75, 95, 4, 188, 63, 128, 63, 210, 147, 63, 188, 200, 146, 188, 128, 247, 213, 59, 4, 249, 188, 190, 4, 128, 4, 272, 4, 188, 9, 188, 270, 128, 238, 238, 245, 9, 146, 188, 4, 4, 188, 63, 37, 111, 249, 75, 37, 51, 200, 188, 188, 188, 4, 142, 26, 200, 190, 146, 4, 51, 200, 9, 294, 188, 14, 105, 4, 4, 111, 213, 4, 191, 77, 238, 222, 4, 63, 177, 111, 111, 111, 4, 242, 142, 188, 77, 270, 111, 9, 75, 240, 242, 283, 213, 75, 9, 4, 4, 280, 131, 82, 254, 9, 188, 242, 4, 213, 4, 177, 4, 4, 254, 9, 277, 56, 209, 277, 43, 4, 4, 4, 9, 90, 219, 219, 200, 177, 4, 4, 177, 4, 177, 38, 177, 200, 106, 254, 294, 213, 63, 215, 75, 254, 283, 41, 213, 215, 213, 70, 254, 4, 196, 101, 224, 249, 188, 101, 215, 4, 213, 224, 101, 101, 270, 147, 146, 101, 4, 4, 162, 4, 101, 4, 188, 4, 70, 47, 142, 213, 142, 196, 224, 294, 249, 249, 142, 4, 70, 75, 249, 200, 125, 196, 146, 4, 147, 200, 182, 4, 4, 249, 213, 188, 4, 60, 146, 254, 241, 4, 72, 95, 4, 70, 213, 37, 9, 242, 146, 188, 222, 162, 177, 26, 101, 128, 254, 49, 