{"Run": 14, "K": 426, "WCSSD": 2190.1062111942265, "Purity": 0.4904093902089894, "Time": 24.19175410270691, "Kmeans_Labels": [25, 135, 307, 25, 25, 25, 113, 67, 135, 25, 25, 318, 77, 77, 142, 25, 341, 49, 25, 25, 25, 25, 263, 77, 256, 49, 77, 49, 316, 142, 77, 25, 192, 49, 25, 156, 77, 77, 324, 77, 333, 77, 241, 203, 77, 25, 256, 238, 25, 54, 25, 333, 333, 219, 196, 25, 25, 345, 25, 25, 25, 106, 25, 83, 25, 135, 77, 135, 77, 25, 49, 25, 142, 104, 68, 25, 25, 25, 341, 25, 270, 11, 19, 49, 67, 25, 104, 171, 25, 25, 142, 410, 32, 142, 25, 25, 25, 25, 67, 410, 67, 68, 25, 35, 35, 267, 267, 35, 142, 68, 231, 323, 231, 77, 354, 68, 208, 145, 333, 346, 25, 25, 346, 52, 25, 346, 74, 25, 145, 156, 346, 346, 156, 25, 156, 192, 25, 25, 25, 25, 101, 417, 417, 192, 346, 346, 142, 25, 370, 25, 346, 290, 104, 74, 25, 346, 25, 238, 25, 25, 25, 346, 346, 25, 157, 146, 156, 99, 85, 104, 341, 25, 25, 333, 346, 115, 83, 223, 346, 25, 25, 25, 146, 146, 346, 263, 421, 25, 25, 263, 25, 101, 238, 346, 25, 25, 25, 263, 25, 19, 67, 254, 341, 336, 346, 67, 346, 19, 142, 219, 254, 25, 178, 67, 114, 346, 346, 19, 324, 101, 67, 68, 25, 324, 249, 346, 25, 405, 333, 346, 25, 25, 67, 25, 67, 142, 19, 192, 25, 25, 346, 25, 283, 67, 333, 142, 156, 25, 263, 168, 383, 19, 25, 346, 156, 292, 346, 333, 346, 19, 333, 25, 324, 57, 35, 25, 263, 35, 25, 19, 25, 267, 333, 238, 267, 254, 145, 254, 346, 35, 346, 267, 25, 25, 267, 267, 83, 79, 267, 145, 346, 267, 25, 231, 238, 267, 25, 267, 231, 96, 25, 267, 25, 238, 238, 267, 267, 267, 25, 231, 101, 25, 25, 310, 19, 231, 25, 231, 231, 156, 231, 231, 333, 231, 83, 324, 25, 116, 101, 231, 192, 346, 346, 25, 333, 25, 346, 25, 49, 346, 25, 25, 213, 263, 346, 333, 130, 346, 410, 335, 410, 333, 333, 410, 25, 25, 57, 85, 392, 278, 407, 25, 302, 407, 231, 101, 61, 407, 346, 25, 407, 407, 61, 346, 61, 346, 346, 346, 333, 269, 333, 333, 346, 341, 25, 333, 333, 49, 25, 263, 25, 25, 341, 25, 241, 25, 83, 200, 25, 209, 101, 390, 25, 127, 156, 101, 25, 25, 208, 25, 145, 339, 25, 104, 135, 142, 267, 263, 104, 225, 25, 25, 25, 142, 209, 35, 25, 231, 29, 407, 407, 241, 25, 104, 25, 249, 249, 192, 192, 25, 25, 25, 23, 23, 19, 19, 231, 231, 145, 231, 324, 324, 231, 209, 25, 166, 166, 219, 325, 325, 263, 263, 416, 25, 25, 192, 309, 309, 25, 25, 25, 25, 25, 25, 372, 101, 25, 19, 32, 32, 67, 67, 25, 240, 240, 142, 142, 19, 19, 174, 23, 25, 19, 19, 25, 88, 25, 23, 23, 25, 67, 18, 101, 19, 19, 25, 19, 19, 382, 307, 307, 25, 25, 25, 25, 25, 142, 395, 25, 25, 35, 108, 35, 35, 35, 35, 108, 142, 25, 65, 65, 267, 19, 19, 187, 187, 51, 51, 19, 324, 221, 267, 267, 236, 236, 25, 25, 142, 142, 234, 234, 35, 35, 231, 231, 195, 70, 70, 70, 70, 372, 25, 101, 101, 324, 277, 277, 400, 400, 400, 400, 25, 25, 25, 25, 25, 25, 101, 410, 410, 410, 410, 410, 25, 410, 410, 25, 25, 145, 325, 325, 23, 142, 23, 45, 45, 61, 61, 233, 233, 78, 78, 338, 338, 350, 350, 25, 407, 407, 61, 61, 176, 176, 61, 61, 325, 325, 233, 25, 25, 372, 25, 104, 423, 365, 321, 304, 365, 365, 365, 365, 365, 324, 324, 365, 365, 365, 95, 63, 349, 365, 365, 219, 374, 365, 349, 365, 83, 25, 209, 25, 325, 241, 241, 341, 341, 120, 120, 358, 25, 90, 90, 249, 25, 25, 25, 25, 25, 25, 209, 83, 25, 25, 142, 25, 241, 209, 25, 19, 341, 19, 19, 25, 142, 142, 142, 25, 32, 341, 25, 142, 25, 25, 25, 142, 171, 19, 142, 142, 209, 19, 420, 25, 174, 105, 19, 105, 142, 420, 167, 105, 25, 25, 105, 167, 105, 25, 19, 105, 105, 171, 142, 19, 19, 237, 382, 209, 142, 25, 25, 35, 101, 35, 17, 35, 84, 25, 231, 35, 35, 25, 326, 231, 35, 231, 326, 19, 231, 398, 142, 142, 35, 231, 231, 323, 35, 314, 231, 142, 231, 231, 231, 221, 308, 23, 231, 231, 231, 219, 36, 231, 231, 231, 231, 234, 234, 231, 234, 231, 142, 326, 231, 231, 231, 231, 142, 280, 126, 231, 25, 231, 25, 231, 280, 280, 111, 23, 250, 250, 250, 111, 277, 277, 23, 231, 231, 231, 231, 49, 49, 231, 25, 263, 25, 263, 87, 220, 101, 87, 263, 410, 410, 410, 231, 231, 263, 25, 220, 101, 25, 145, 190, 25, 25, 312, 98, 98, 238, 25, 25, 411, 411, 407, 407, 407, 25, 233, 407, 325, 61, 83, 407, 338, 341, 325, 78, 407, 25, 301, 301, 156, 325, 341, 341, 238, 407, 407, 407, 238, 25, 142, 407, 61, 190, 68, 25, 25, 25, 407, 356, 25, 25, 284, 25, 25, 192, 25, 25, 25, 25, 25, 25, 142, 43, 25, 171, 25, 171, 270, 34, 341, 25, 231, 35, 231, 326, 311, 219, 25, 341, 341, 341, 21, 25, 25, 192, 25, 341, 25, 205, 49, 333, 80, 231, 231, 407, 231, 231, 56, 25, 160, 25, 133, 183, 371, 35, 183, 209, 183, 272, 133, 344, 407, 244, 133, 244, 102, 244, 244, 244, 244, 94, 244, 244, 2, 150, 183, 371, 244, 295, 375, 244, 244, 385, 385, 244, 133, 183, 244, 244, 244, 244, 183, 244, 385, 378, 244, 183, 183, 244, 244, 183, 244, 25, 244, 189, 244, 133, 347, 56, 145, 183, 244, 103, 25, 25, 25, 133, 244, 244, 249, 83, 183, 244, 183, 244, 25, 244, 9, 286, 244, 244, 244, 244, 56, 25, 179, 244, 244, 257, 333, 192, 256, 244, 244, 244, 244, 244, 30, 244, 244, 244, 244, 262, 244, 244, 244, 244, 244, 133, 135, 158, 262, 244, 244, 238, 58, 25, 172, 25, 133, 386, 133, 241, 409, 244, 371, 173, 244, 5, 59, 244, 49, 133, 372, 244, 183, 183, 183, 244, 183, 244, 238, 244, 244, 133, 244, 25, 241, 183, 183, 244, 244, 244, 244, 177, 133, 189, 156, 25, 244, 244, 327, 244, 123, 223, 25, 244, 244, 372, 133, 183, 244, 244, 244, 244, 97, 369, 133, 244, 183, 244, 276, 25, 244, 25, 244, 23, 183, 262, 244, 244, 256, 244, 249, 133, 344, 263, 386, 183, 198, 244, 244, 133, 183, 183, 183, 244, 25, 183, 147, 160, 244, 133, 247, 183, 244, 244, 263, 244, 133, 25, 244, 226, 244, 244, 133, 133, 142, 183, 244, 183, 262, 156, 133, 183, 385, 244, 244, 244, 238, 33, 198, 126, 133, 158, 183, 244, 244, 244, 133, 133, 57, 94, 244, 244, 244, 133, 244, 371, 244, 183, 25, 133, 216, 244, 273, 183, 183, 244, 275, 25, 144, 183, 133, 244, 133, 25, 35, 183, 244, 183, 244, 25, 244, 156, 35, 244, 183, 133, 244, 406, 231, 183, 341, 244, 133, 133, 244, 138, 244, 183, 244, 183, 25, 244, 276, 249, 244, 244, 183, 244, 183, 183, 183, 209, 183, 183, 183, 344, 263, 244, 50, 85, 86, 244, 248, 133, 183, 244, 145, 183, 183, 244, 183, 133, 360, 133, 183, 244, 244, 133, 244, 133, 183, 133, 244, 192, 344, 183, 25, 192, 192, 244, 244, 21, 381, 183, 183, 133, 133, 183, 133, 183, 244, 183, 249, 133, 272, 183, 249, 244, 133, 133, 138, 183, 244, 133, 238, 344, 244, 133, 183, 133, 244, 133, 325, 183, 407, 183, 407, 156, 183, 133, 244, 244, 244, 145, 133, 407, 133, 244, 244, 133, 293, 138, 367, 244, 133, 156, 262, 244, 133, 244, 133, 133, 133, 244, 244, 133, 244, 192, 315, 333, 239, 12, 333, 145, 333, 333, 333, 333, 184, 238, 333, 25, 279, 145, 333, 192, 324, 333, 25, 341, 279, 333, 333, 325, 142, 249, 249, 249, 80, 238, 425, 364, 407, 122, 407, 46, 407, 302, 61, 325, 176, 110, 410, 209, 135, 258, 25, 220, 111, 263, 238, 249, 410, 145, 332, 57, 238, 25, 396, 25, 25, 25, 142, 142, 263, 174, 61, 324, 410, 35, 19, 55, 231, 252, 51, 8, 25, 35, 137, 372, 395, 357, 25, 324, 410, 101, 35, 324, 25, 180, 234, 49, 311, 19, 181, 25, 32, 317, 25, 209, 142, 171, 245, 32, 25, 35, 292, 142, 135, 192, 88, 219, 410, 19, 324, 25, 61, 372, 28, 241, 25, 107, 416, 25, 25, 156, 238, 325, 287, 25, 238, 83, 416, 372, 324, 156, 25, 271, 25, 209, 25, 267, 25, 61, 25, 25, 25, 25, 25, 25, 156, 233, 25, 25, 326, 25, 19, 49, 219, 322, 25, 165, 25, 71, 101, 156, 101, 219, 23, 399, 392, 25, 171, 25, 135, 101, 25, 341, 25, 25, 25, 359, 156, 156, 238, 25, 25, 25, 372, 6, 25, 25, 122, 219, 325, 25, 176, 231, 407, 25, 61, 61, 332, 233, 145, 407, 238, 292, 8, 410, 25, 25, 410, 25, 220, 246, 25, 25, 55, 111, 142, 399, 156, 126, 209, 231, 209, 404, 96, 209, 219, 57, 25, 102, 234, 311, 25, 25, 25, 145, 102, 315, 249, 231, 25, 51, 156, 219, 142, 219, 232, 326, 35, 35, 35, 25, 25, 25, 395, 238, 219, 209, 281, 324, 238, 156, 83, 267, 219, 219, 249, 219, 219, 292, 418, 57, 315, 57, 145, 267, 156, 25, 333, 219, 324, 317, 25, 25, 324, 62, 25, 223, 171, 35, 182, 25, 209, 88, 324, 324, 324, 25, 258, 25, 219, 171, 25, 181, 25, 25, 410, 174, 192, 49, 219, 142, 180, 25, 49, 25, 23, 143, 142, 102, 19, 126, 49, 25, 88, 298, 25, 219, 271, 32, 101, 264, 