{"Run": 13, "K": 401, "WCSSD": 2185.455832168887, "Purity": 0.39758230199983685, "Time": 22.55527400970459, "Kmeans_Labels": [76, 85, 66, 276, 8, 8, 229, 164, 8, 5, 8, 192, 118, 118, 39, 8, 247, 278, 134, 8, 138, 8, 134, 118, 108, 278, 8, 278, 88, 331, 108, 324, 88, 278, 8, 8, 108, 108, 121, 108, 324, 229, 281, 348, 108, 2, 108, 324, 8, 68, 144, 115, 115, 8, 76, 27, 134, 278, 276, 276, 134, 278, 8, 150, 27, 14, 108, 85, 108, 27, 278, 144, 8, 51, 26, 8, 76, 144, 247, 8, 219, 354, 5, 278, 164, 8, 51, 301, 8, 5, 8, 8, 382, 5, 68, 8, 8, 8, 164, 8, 164, 26, 129, 373, 373, 229, 229, 171, 251, 26, 265, 265, 265, 108, 76, 26, 134, 8, 115, 123, 8, 8, 352, 276, 276, 352, 199, 276, 271, 8, 352, 352, 8, 354, 8, 8, 8, 8, 280, 8, 388, 276, 276, 388, 352, 352, 8, 8, 8, 276, 338, 22, 51, 8, 8, 352, 8, 61, 276, 8, 8, 352, 352, 8, 8, 352, 51, 199, 217, 51, 247, 8, 8, 115, 352, 134, 131, 281, 352, 8, 144, 354, 232, 68, 352, 8, 352, 324, 8, 8, 134, 388, 135, 352, 276, 276, 8, 335, 8, 5, 164, 8, 247, 23, 352, 164, 213, 164, 51, 115, 8, 144, 164, 164, 164, 352, 352, 5, 121, 388, 164, 8, 8, 121, 354, 352, 8, 121, 115, 352, 8, 8, 164, 206, 361, 8, 5, 8, 226, 115, 352, 8, 179, 298, 115, 5, 195, 8, 335, 142, 229, 121, 8, 185, 354, 98, 352, 115, 352, 8, 115, 282, 121, 82, 373, 8, 335, 373, 134, 23, 311, 229, 51, 134, 229, 8, 115, 134, 352, 326, 163, 76, 76, 8, 229, 229, 23, 79, 229, 271, 194, 229, 51, 265, 171, 229, 171, 229, 253, 115, 8, 391, 8, 171, 171, 92, 229, 229, 8, 265, 388, 76, 171, 171, 77, 76, 354, 265, 265, 8, 265, 265, 115, 265, 23, 121, 8, 76, 388, 195, 102, 352, 352, 76, 115, 371, 352, 76, 278, 352, 8, 8, 2, 335, 352, 115, 8, 352, 354, 2, 388, 115, 115, 2, 121, 76, 82, 217, 33, 109, 109, 8, 8, 109, 265, 388, 21, 109, 352, 8, 109, 109, 21, 352, 21, 352, 119, 352, 115, 247, 115, 115, 352, 150, 8, 115, 115, 278, 276, 354, 8, 8, 247, 324, 281, 8, 23, 386, 8, 352, 388, 8, 276, 8, 8, 388, 134, 276, 276, 8, 8, 354, 27, 51, 51, 8, 171, 335, 51, 352, 60, 276, 51, 8, 348, 373, 216, 265, 33, 109, 109, 281, 51, 51, 8, 144, 144, 8, 8, 346, 276, 8, 22, 22, 5, 5, 57, 57, 8, 265, 95, 95, 265, 348, 8, 109, 109, 8, 109, 109, 8, 8, 8, 209, 209, 8, 281, 281, 276, 27, 27, 27, 276, 27, 101, 388, 8, 25, 8, 8, 164, 164, 198, 5, 5, 8, 8, 68, 68, 8, 22, 8, 185, 185, 144, 9, 8, 22, 22, 134, 164, 185, 388, 207, 207, 216, 5, 5, 373, 66, 66, 73, 8, 8, 8, 8, 68, 317, 134, 344, 373, 8, 306, 373, 373, 306, 8, 8, 276, 15, 15, 229, 251, 251, 171, 171, 265, 265, 265, 121, 265, 171, 171, 188, 188, 354, 354, 265, 265, 288, 288, 195, 195, 265, 265, 8, 22, 22, 22, 22, 386, 8, 388, 388, 121, 8, 8, 121, 121, 8, 8, 8, 8, 354, 8, 45, 45, 388, 2, 100, 100, 8, 8, 8, 8, 2, 269, 269, 8, 314, 314, 22, 324, 22, 8, 8, 21, 21, 21, 21, 300, 300, 189, 189, 21, 21, 8, 109, 109, 21, 21, 21, 21, 378, 378, 109, 109, 109, 8, 8, 386, 8, 51, 47, 47, 47, 47, 47, 47, 47, 262, 290, 121, 374, 262, 47, 47, 108, 47, 47, 47, 47, 199, 47, 47, 47, 47, 23, 40, 348, 8, 109, 281, 281, 247, 247, 256, 256, 8, 76, 53, 53, 51, 8, 162, 8, 27, 68, 276, 348, 23, 276, 8, 324, 8, 281, 8, 68, 276, 247, 5, 5, 8, 5, 5, 8, 370, 27, 247, 8, 27, 8, 198, 198, 176, 301, 68, 68, 68, 301, 323, 281, 144, 8, 130, 5, 130, 68, 281, 130, 5, 68, 144, 68, 5, 68, 8, 207, 130, 130, 301, 68, 207, 207, 68, 195, 68, 353, 8, 8, 373, 388, 373, 82, 171, 373, 8, 265, 373, 373, 8, 15, 265, 373, 15, 15, 265, 15, 265, 171, 251, 76, 265, 265, 251, 373, 8, 265, 265, 76, 265, 76, 265, 8, 22, 265, 265, 265, 354, 354, 265, 265, 265, 265, 265, 265, 265, 265, 265, 115, 265, 265, 90, 90, 265, 90, 197, 68, 90, 195, 265, 8, 312, 197, 197, 297, 244, 297, 297, 297, 297, 8, 8, 117, 265, 265, 90, 265, 278, 278, 265, 8, 8, 8, 8, 45, 235, 388, 378, 134, 8, 2, 2, 76, 76, 269, 195, 144, 252, 144, 8, 378, 8, 8, 366, 8, 8, 234, 8, 8, 8, 8, 109, 109, 109, 151, 21, 109, 109, 21, 365, 109, 189, 247, 35, 277, 109, 214, 277, 277, 8, 35, 8, 8, 8, 109, 109, 109, 8, 8, 144, 109, 21, 215, 26, 167, 167, 167, 109, 8, 134, 27, 68, 8, 27, 44, 27, 134, 8, 8, 8, 68, 159, 8, 8, 301, 8, 301, 68, 82, 169, 8, 265, 171, 265, 115, 265, 115, 144, 247, 247, 247, 105, 51, 276, 8, 8, 247, 144, 217, 278, 115, 354, 76, 228, 109, 76, 228, 8, 137, 16, 5, 239, 6, 208, 373, 6, 348, 6, 296, 16, 16, 109, 105, 112, 287, 134, 105, 105, 105, 105, 199, 105, 105, 237, 105, 6, 208, 105, 6, 105, 105, 105, 296, 296, 105, 16, 6, 105, 105, 105, 105, 6, 105, 296, 296, 105, 6, 6, 105, 105, 286, 147, 8, 105, 286, 105, 16, 16, 8, 271, 6, 105, 105, 144, 150, 68, 16, 105, 105, 330, 150, 6, 105, 6, 105, 245, 105, 105, 8, 105, 105, 55, 105, 8, 8, 105, 105, 105, 16, 115, 8, 287, 105, 105, 310, 105, 105, 6, 105, 105, 105, 105, 69, 105, 105, 105, 105, 105, 16, 8, 313, 69, 105, 105, 166, 231, 8, 36, 144, 16, 105, 302, 281, 6, 183, 208, 292, 105, 105, 105, 132, 278, 16, 386, 105, 6, 6, 6, 105, 6, 105, 135, 105, 105, 340, 105, 8, 281, 201, 6, 105, 105, 127, 105, 105, 16, 31, 115, 354, 105, 105, 6, 105, 105, 243, 137, 80, 105, 386, 16, 6, 105, 127, 105, 105, 105, 126, 16, 105, 6, 380, 388, 8, 105, 8, 105, 22, 6, 69, 105, 105, 108, 105, 8, 16, 16, 144, 353, 6, 6, 105, 105, 16, 6, 6, 6, 105, 8, 6, 36, 16, 105, 16, 8, 6, 105, 237, 115, 105, 16, 5, 105, 8, 105, 105, 239, 16, 199, 6, 105, 96, 69, 199, 16, 6, 296, 105, 105, 287, 202, 31, 121, 134, 16, 313, 6, 105, 51, 105, 16, 16, 82, 199, 105, 105, 105, 16, 105, 208, 105, 6, 8, 16, 16, 105, 105, 157, 6, 105, 8, 8, 105, 6, 16, 172, 16, 8, 373, 6, 105, 329, 105, 8, 105, 199, 373, 105, 6, 16, 105, 6, 76, 6, 247, 105, 16, 16, 105, 359, 105, 6, 105, 6, 8, 254, 199, 330, 238, 105, 6, 105, 6, 6, 6, 348, 6, 286, 6, 16, 324, 105, 16, 217, 301, 105, 105, 16, 6, 105, 115, 6, 6, 286, 259, 16, 8, 105, 6, 105, 105, 105, 105, 16, 6, 16, 105, 105, 16, 6, 8, 8, 387, 105, 105, 105, 6, 6, 6, 16, 16, 6, 291, 6, 105, 6, 330, 327, 296, 6, 8, 105, 16, 105, 359, 6, 105, 16, 32, 16, 105, 291, 6, 16, 105, 16, 109, 329, 109, 329, 109, 199, 6, 16, 105, 105, 105, 115, 16, 109, 16, 359, 105, 16, 8, 359, 364, 105, 16, 199, 69, 105, 16, 105, 16, 112, 16, 287, 105, 16, 105, 103, 87, 115, 199, 199, 115, 8, 115, 115, 115, 115, 8, 135, 115, 8, 276, 271, 115, 8, 121, 115, 8, 181, 276, 115, 115, 109, 51, 354, 354, 354, 354, 363, 134, 8, 109, 124, 182, 144, 109, 8, 21, 109, 21, 109, 121, 8, 85, 5, 134, 235, 297, 8, 171, 354, 2, 13, 21, 82, 199, 367, 8, 76, 8, 170, 8, 8, 165, 8, 21, 121, 279, 373, 5, 8, 265, 276, 265, 199, 51, 171, 8, 386, 317, 324, 8, 121, 8, 368, 373, 121, 8, 8, 265, 278, 265, 5, 121, 8, 27, 185, 276, 348, 8, 301, 195, 27, 8, 373, 324, 8, 144, 116, 3, 8, 2, 5, 121, 8, 21, 386, 43, 281, 8, 265, 8, 8, 8, 8, 8, 167, 68, 68, 14, 241, 8, 386, 121, 181, 8, 68, 8, 348, 309, 229, 8, 178, 8, 8, 8, 8, 274, 8, 51, 21, 8, 76, 268, 8, 8, 278, 134, 350, 307, 8, 59, 278, 388, 324, 388, 8, 22, 76, 33, 8, 301, 23, 8, 388, 8, 247, 324, 8, 144, 305, 354, 199, 14, 8, 68, 392, 386, 134, 8, 168, 124, 134, 167, 8, 21, 265, 109, 324, 21, 21, 21, 21, 13, 182, 8, 98, 199, 121, 134, 144, 2, 134, 235, 22, 8, 76, 8, 297, 8, 76, 354, 8, 348, 265, 348, 334, 134, 8, 358, 82, 8, 134, 265, 265, 91, 51, 144, 34, 134, 87, 354, 265, 8, 265, 8, 144, 8, 134, 230, 268, 373, 373, 171, 170, 8, 8, 317, 171, 134, 348, 23, 121, 8, 51, 241, 229, 199, 115, 134, 369, 8, 98, 144, 82, 87, 144, 144, 229, 199, 309, 115, 134, 121, 185, 134, 195, 121, 231, 68, 139, 301, 373, 342, 168, 8, 3, 121, 121, 121, 8, 5, 8, 199, 301, 203, 121, 8, 8, 8, 8, 116, 278, 115, 176, 8, 8, 278, 68, 22, 324, 8, 230, 5, 8, 278, 8, 9, 8, 8, 8, 68, 27, 388, 278, 27, 8, 68, 279, 8, 8, 5, 5, 5, 8, 9, 23, 8, 9, 8, 9, 134, 9, 199, 217, 8, 115, 278, 246, 14, 305, 8, 23, 324, 278, 14, 23, 368, 247, 8, 276, 144, 144, 199, 18, 386, 14, 8, 278, 144, 386, 386, 284, 8, 8, 386, 8, 59, 174, 276, 386, 8, 199, 144, 388, 319, 324, 278, 8, 307, 144, 134, 8, 199, 8, 8, 388, 341, 8, 134, 274, 367, 276, 8, 88, 51, 392, 8, 8, 70, 278, 18, 68, 278, 8, 68, 276, 350, 281, 76, 8, 388, 278, 23, 8, 5, 8, 110, 342, 174, 9, 144, 386, 265, 8, 12, 230, 247, 230, 8, 319, 199, 8, 22, 144, 68, 14, 8, 9, 115, 281, 246, 144, 115, 