{"Run": 1, "K": 518, "WCSSD": 2113.4083965608647, "Purity": 0.42004423445821193, "Time": 28.24333906173706, "Kmeans_Labels": [122, 52, 8, 512, 2, 100, 52, 406, 2, 420, 2, 492, 455, 152, 414, 2, 2, 402, 2, 446, 206, 2, 142, 152, 51, 340, 337, 402, 38, 411, 51, 63, 38, 402, 446, 234, 152, 349, 343, 152, 226, 464, 19, 448, 152, 279, 51, 2, 400, 300, 281, 416, 416, 234, 122, 172, 415, 402, 510, 512, 429, 402, 2, 19, 172, 255, 152, 487, 152, 172, 51, 414, 192, 87, 389, 2, 122, 2, 78, 2, 345, 2, 289, 402, 149, 2, 183, 378, 151, 2, 2, 2, 192, 192, 2, 2, 192, 218, 406, 2, 406, 389, 2, 511, 252, 106, 106, 458, 192, 389, 334, 192, 395, 152, 122, 389, 416, 2, 414, 92, 2, 2, 232, 512, 2, 92, 458, 512, 8, 78, 92, 64, 142, 2, 2, 38, 2, 2, 2, 2, 480, 512, 512, 208, 92, 232, 11, 142, 185, 512, 92, 418, 87, 38, 2, 92, 2, 219, 512, 400, 492, 92, 251, 492, 2, 92, 87, 453, 168, 87, 78, 21, 2, 416, 92, 2, 46, 148, 92, 2, 2, 414, 2, 2, 92, 2, 92, 337, 2, 2, 2, 480, 337, 92, 512, 512, 2, 78, 2, 289, 406, 195, 142, 46, 92, 406, 92, 289, 201, 303, 195, 2, 406, 406, 406, 92, 92, 289, 39, 81, 406, 126, 2, 39, 416, 92, 276, 289, 416, 142, 2, 2, 406, 2, 406, 414, 289, 38, 492, 2, 92, 2, 480, 420, 416, 289, 420, 2, 78, 265, 289, 289, 2, 92, 18, 96, 92, 2, 92, 289, 492, 122, 39, 8, 252, 2, 78, 332, 447, 289, 142, 353, 497, 142, 106, 142, 238, 142, 92, 252, 92, 122, 122, 414, 250, 106, 46, 252, 106, 8, 92, 106, 2, 106, 2, 106, 2, 174, 2, 38, 2, 106, 2, 337, 2, 173, 106, 106, 2, 334, 480, 122, 2, 387, 289, 122, 78, 334, 106, 234, 2, 356, 416, 516, 46, 142, 2, 5, 480, 420, 38, 92, 92, 122, 416, 2, 92, 122, 90, 92, 2, 337, 120, 78, 92, 416, 444, 92, 2, 2, 282, 492, 416, 2, 492, 2, 8, 170, 17, 261, 161, 316, 170, 161, 2, 480, 10, 161, 274, 2, 161, 161, 10, 274, 10, 235, 92, 92, 460, 78, 460, 336, 92, 19, 2, 416, 416, 402, 512, 170, 2, 400, 142, 337, 30, 51, 132, 295, 16, 448, 480, 2, 512, 142, 337, 480, 2, 2, 512, 2, 8, 2, 172, 413, 52, 2, 106, 78, 87, 92, 87, 2, 87, 192, 448, 252, 2, 122, 17, 161, 161, 30, 170, 87, 12, 492, 492, 38, 38, 492, 512, 2, 249, 249, 289, 289, 2, 2, 8, 334, 492, 492, 337, 322, 38, 337, 337, 492, 509, 509, 433, 433, 2, 172, 172, 93, 19, 19, 512, 172, 172, 29, 512, 172, 2, 480, 2, 212, 192, 192, 406, 406, 2, 289, 289, 486, 486, 289, 289, 192, 187, 376, 289, 289, 2, 110, 2, 187, 187, 2, 406, 16, 480, 289, 289, 2, 215, 289, 252, 8, 8, 2, 8, 8, 440, 440, 2, 276, 409, 221, 252, 514, 221, 252, 252, 221, 514, 458, 512, 106, 106, 106, 289, 289, 375, 375, 9, 9, 289, 492, 117, 106, 106, 289, 289, 2, 2, 334, 334, 334, 334, 107, 107, 334, 334, 103, 187, 187, 187, 187, 2, 2, 480, 480, 39, 146, 146, 461, 461, 461, 461, 2, 2, 414, 2, 34, 34, 480, 2, 120, 120, 120, 120, 492, 2, 285, 420, 420, 125, 161, 161, 187, 2, 187, 337, 337, 40, 40, 472, 472, 10, 10, 261, 261, 314, 314, 2, 58, 58, 10, 10, 355, 355, 10, 10, 261, 261, 161, 414, 2, 295, 2, 87, 33, 33, 33, 33, 33, 33, 33, 33, 33, 492, 289, 33, 33, 33, 152, 33, 33, 33, 33, 8, 33, 478, 33, 430, 46, 448, 448, 2, 261, 19, 19, 78, 78, 172, 172, 192, 365, 502, 502, 192, 276, 2, 2, 172, 300, 512, 448, 46, 512, 2, 2, 2, 30, 448, 2, 289, 52, 289, 289, 2, 192, 192, 192, 2, 268, 216, 234, 164, 2, 2, 2, 300, 378, 300, 300, 300, 448, 289, 192, 276, 192, 242, 289, 68, 300, 192, 242, 289, 196, 2, 300, 289, 300, 2, 289, 242, 300, 401, 84, 289, 289, 300, 420, 13, 506, 2, 2, 252, 480, 266, 8, 384, 252, 2, 334, 384, 458, 458, 334, 273, 252, 471, 106, 289, 471, 192, 458, 192, 122, 334, 334, 192, 458, 2, 334, 458, 122, 362, 122, 117, 289, 187, 334, 334, 293, 170, 2, 348, 227, 227, 22, 334, 334, 334, 334, 334, 192, 334, 334, 334, 22, 506, 22, 248, 300, 420, 420, 420, 2, 420, 248, 248, 341, 187, 341, 341, 341, 341, 146, 146, 187, 2, 2, 334, 341, 402, 402, 341, 2, 8, 170, 8, 403, 337, 414, 403, 234, 234, 2, 2, 327, 327, 403, 420, 492, 480, 337, 125, 37, 2, 2, 337, 70, 70, 337, 337, 337, 115, 115, 161, 269, 269, 337, 472, 161, 261, 40, 150, 95, 10, 119, 261, 10, 95, 191, 10, 10, 414, 261, 78, 78, 2, 58, 161, 372, 2, 2, 334, 161, 355, 271, 389, 459, 459, 459, 161, 38, 276, 172, 300, 501, 172, 38, 172, 2, 2, 2, 171, 228, 492, 2, 2, 489, 2, 378, 8, 8, 300, 2, 2, 252, 2, 416, 170, 276, 337, 78, 78, 78, 88, 87, 297, 2, 123, 78, 337, 170, 402, 416, 2, 122, 334, 435, 122, 334, 137, 2, 76, 407, 197, 133, 2, 252, 133, 448, 346, 54, 292, 197, 58, 88, 197, 88, 160, 88, 197, 88, 88, 78, 463, 463, 438, 88, 82, 170, 88, 133, 88, 330, 88, 54, 54, 88, 197, 133, 88, 88, 412, 463, 133, 88, 54, 54, 88, 133, 133, 463, 328, 133, 88, 2, 180, 488, 88, 197, 197, 137, 8, 133, 488, 88, 170, 399, 300, 292, 197, 88, 276, 46, 133, 488, 133, 488, 78, 88, 463, 2, 88, 193, 432, 88, 137, 229, 88, 88, 477, 197, 416, 158, 51, 88, 88, 88, 88, 488, 133, 88, 88, 88, 88, 223, 88, 88, 488, 88, 88, 495, 52, 16, 223, 88, 88, 255, 73, 2, 148, 78, 197, 88, 197, 19, 133, 88, 2, 133, 88, 88, 88, 488, 402, 197, 295, 88, 133, 133, 133, 468, 260, 88, 414, 88, 88, 292, 463, 2, 30, 133, 223, 197, 88, 88, 88, 197, 197, 283, 337, 2, 135, 88, 133, 127, 477, 148, 2, 88, 88, 295, 197, 133, 88, 88, 88, 88, 88, 441, 197, 88, 133, 88, 480, 2, 463, 2, 88, 369, 133, 223, 88, 88, 51, 88, 454, 197, 292, 2, 506, 133, 133, 88, 330, 197, 145, 133, 133, 88, 31, 133, 25, 76, 88, 197, 448, 133, 217, 463, 170, 88, 197, 407, 88, 2, 88, 88, 197, 197, 8, 284, 88, 133, 223, 170, 292, 133, 131, 88, 488, 88, 337, 493, 284, 170, 197, 16, 133, 88, 223, 88, 197, 197, 8, 414, 463, 488, 463, 197, 88, 2, 88, 223, 8, 292, 197, 88, 88, 133, 133, 88, 16, 2, 88, 133, 197, 88, 197, 2, 252, 133, 488, 133, 463, 414, 88, 8, 252, 88, 133, 197, 88, 133, 122, 133, 80, 88, 197, 197, 197, 496, 88, 133, 88, 133, 2, 197, 276, 501, 88, 88, 133, 88, 133, 133, 133, 448, 133, 133, 133, 292, 276, 496, 61, 88, 378, 463, 88, 292, 346, 197, 416, 133, 133, 88, 133, 515, 2, 479, 133, 88, 88, 197, 230, 419, 133, 197, 88, 488, 197, 490, 2, 38, 38, 88, 88, 88, 133, 133, 133, 197, 197, 505, 197, 133, 88, 27, 501, 197, 54, 287, 2, 197, 197, 197, 496, 133, 88, 3, 181, 197, 197, 197, 133, 197, 159, 197, 261, 133, 58, 133, 161, 8, 351, 197, 153, 88, 88, 2, 451, 58, 197, 496, 88, 197, 336, 496, 197, 88, 197, 170, 223, 463, 445, 363, 491, 197, 197, 88, 88, 292, 88, 38, 170, 416, 170, 453, 416, 8, 416, 416, 416, 416, 276, 337, 416, 2, 262, 8, 416, 2, 492, 416, 288, 276, 45, 416, 416, 261, 87, 416, 416, 416, 2, 2, 337, 443, 161, 55, 161, 337, 58, 165, 10, 261, 355, 261, 492, 448, 52, 289, 2, 308, 341, 359, 458, 2, 2, 2, 10, 118, 16, 512, 481, 122, 2, 2, 437, 8, 337, 192, 10, 289, 2, 252, 289, 2, 334, 512, 9, 113, 320, 47, 276, 2, 276, 394, 2, 39, 2, 480, 252, 71, 2, 2, 334, 311, 170, 192, 289, 2, 298, 234, 512, 448, 192, 354, 66, 268, 2, 252, 226, 192, 492, 396, 23, 170, 2, 289, 128, 2, 10, 295, 177, 19, 307, 2, 2, 2, 367, 2, 304, 459, 452, 300, 255, 50, 2, 480, 492, 276, 2, 192, 2, 448, 214, 106, 78, 10, 2, 8, 2, 2, 172, 414, 469, 472, 8, 122, 471, 276, 202, 402, 192, 2, 512, 2, 32, 402, 480, 416, 480, 78, 186, 122, 342, 276, 378, 138, 52, 480, 2, 78, 414, 2, 2, 97, 18, 36, 255, 2, 300, 414, 295, 24, 276, 276, 55, 296, 459, 2, 355, 414, 58, 414, 10, 10, 10, 472, 2, 161, 304, 101, 113, 492, 492, 2, 2, 2, 308, 204, 307, 122, 2, 341, 8, 122, 18, 234, 448, 334, 448, 361, 2, 448, 416, 8, 8, 8, 334, 170, 205, 320, 8, 16, 8, 170, 2, 334, 2, 9, 170, 492, 192, 94, 184, 471, 252, 252, 47, 2, 8, 2, 276, 458, 16, 448, 46, 71, 446, 416, 50, 106, 43, 8, 276, 170, 170, 101, 8, 118, 170, 8, 470, 106, 416, 214, 416, 192, 128, 234, 2, 420, 128, 402, 300, 222, 378, 252, 170, 276, 448, 23, 492, 39, 289, 234, 289, 2, 263, 354, 2, 289, 276, 2, 2, 192, 396, 311, 2, 192, 2, 2, 402, 300, 186, 78, 437, 8, 86, 2, 402, 2, 23, 414, 2, 78, 192, 268, 480, 190, 298, 2, 300, 2, 2, 192, 192, 289, 289, 2, 23, 138, 202, 23, 202, 23, 2, 23, 36, 170, 2, 416, 402, 448, 255, 97, 78, 46, 394, 402, 276, 46, 480, 59, 2, 512, 475, 492, 163, 8, 2, 255, 2, 402, 492, 295, 402, 416, 276, 8, 480, 52, 32, 398, 512, 295, 2, 2, 414, 480, 30, 226, 402, 2, 512, 492, 416, 2, 16, 2, 2, 417, 485, 390, 24, 172, 512, 