{"Run": 3, "K": 544, "WCSSD": 2052.2247669606068, "Purity": 0.5313484111079302, "Time": 32.17782115936279, "Kmeans_Labels": [143, 2, 405, 12, 492, 2, 205, 117, 208, 2, 492, 300, 131, 131, 505, 2, 2, 273, 477, 2, 2, 492, 264, 131, 121, 273, 2, 273, 265, 2, 2, 254, 265, 273, 2, 397, 131, 400, 188, 131, 100, 205, 109, 281, 131, 362, 512, 2, 261, 106, 483, 517, 517, 166, 477, 134, 477, 273, 12, 507, 2, 273, 477, 19, 134, 114, 131, 397, 131, 134, 273, 2, 398, 477, 84, 261, 2, 492, 426, 2, 138, 261, 120, 273, 39, 403, 477, 492, 2, 2, 2, 2, 156, 275, 138, 492, 261, 2, 39, 2, 451, 84, 341, 44, 44, 205, 205, 44, 480, 84, 126, 109, 109, 131, 2, 84, 41, 2, 463, 174, 2, 397, 539, 12, 2, 174, 490, 12, 217, 208, 174, 381, 264, 321, 2, 185, 504, 463, 463, 463, 65, 12, 145, 2, 174, 539, 2, 463, 2, 12, 174, 238, 477, 2, 2, 268, 2, 2, 12, 261, 486, 174, 174, 61, 456, 174, 477, 196, 266, 477, 174, 413, 2, 517, 74, 130, 140, 450, 174, 321, 463, 321, 138, 138, 174, 2, 342, 2, 445, 463, 397, 65, 18, 174, 88, 2, 2, 477, 2, 369, 350, 442, 264, 140, 174, 332, 174, 418, 477, 490, 264, 463, 39, 39, 39, 174, 174, 479, 188, 65, 39, 84, 260, 188, 261, 174, 463, 188, 517, 174, 2, 2, 39, 2, 39, 2, 50, 281, 321, 463, 174, 2, 65, 39, 517, 137, 261, 2, 477, 174, 205, 515, 2, 224, 321, 264, 174, 463, 174, 2, 61, 2, 188, 24, 44, 2, 477, 44, 477, 369, 463, 205, 95, 465, 205, 182, 261, 182, 174, 44, 174, 205, 487, 477, 205, 205, 140, 44, 205, 217, 270, 205, 287, 109, 414, 205, 414, 205, 109, 208, 2, 205, 2, 239, 414, 205, 205, 205, 205, 109, 65, 487, 414, 414, 369, 487, 261, 109, 109, 397, 109, 109, 517, 109, 329, 188, 2, 321, 65, 109, 321, 174, 75, 143, 517, 143, 174, 2, 264, 174, 2, 321, 362, 477, 362, 463, 2, 362, 463, 362, 8, 61, 517, 368, 463, 2, 417, 266, 87, 52, 365, 166, 166, 365, 109, 65, 52, 365, 174, 2, 365, 365, 66, 174, 66, 174, 174, 174, 463, 292, 463, 517, 174, 17, 2, 517, 517, 0, 12, 2, 2, 472, 417, 95, 2, 397, 492, 99, 2, 281, 65, 2, 12, 463, 261, 65, 477, 492, 12, 276, 417, 61, 258, 477, 2, 2, 414, 477, 477, 174, 83, 2, 2, 2, 492, 44, 371, 109, 87, 365, 365, 450, 261, 477, 2, 100, 100, 265, 265, 2, 12, 463, 238, 238, 168, 168, 109, 109, 2, 109, 188, 188, 109, 281, 2, 221, 221, 463, 52, 52, 166, 166, 2, 134, 134, 2, 134, 134, 134, 134, 134, 134, 12, 134, 387, 65, 2, 533, 275, 275, 39, 39, 495, 2, 2, 492, 492, 56, 56, 56, 238, 2, 492, 492, 2, 333, 166, 238, 238, 166, 39, 500, 65, 150, 150, 371, 275, 275, 410, 322, 322, 2, 417, 417, 2, 2, 138, 534, 465, 12, 44, 289, 44, 44, 44, 44, 289, 275, 2, 452, 452, 205, 480, 480, 101, 101, 109, 109, 109, 133, 109, 414, 414, 369, 369, 321, 321, 271, 271, 54, 54, 2, 2, 109, 192, 161, 132, 132, 132, 132, 99, 2, 199, 199, 188, 2, 2, 389, 389, 389, 389, 2, 2, 321, 2, 2, 2, 65, 362, 362, 362, 8, 8, 392, 463, 362, 506, 506, 289, 30, 30, 238, 187, 238, 166, 166, 66, 66, 52, 52, 93, 93, 52, 52, 52, 52, 2, 365, 365, 52, 52, 52, 52, 365, 365, 365, 365, 365, 61, 2, 99, 273, 477, 13, 13, 13, 13, 13, 13, 13, 323, 13, 188, 188, 13, 290, 328, 131, 13, 13, 13, 13, 463, 13, 13, 13, 13, 140, 475, 281, 492, 52, 272, 272, 134, 134, 134, 134, 477, 2, 134, 134, 477, 2, 2, 2, 134, 2, 12, 436, 140, 12, 2, 186, 2, 450, 436, 138, 369, 292, 275, 275, 2, 275, 275, 2, 2, 134, 292, 397, 139, 2, 495, 495, 275, 307, 427, 275, 275, 281, 275, 340, 2, 56, 275, 369, 275, 138, 367, 275, 275, 138, 2, 275, 275, 275, 383, 150, 275, 275, 62, 138, 150, 150, 267, 460, 275, 61, 86, 86, 44, 180, 304, 109, 414, 44, 2, 109, 304, 44, 109, 354, 109, 44, 109, 452, 109, 109, 109, 2, 480, 2, 109, 109, 480, 109, 2, 431, 109, 109, 184, 109, 109, 2, 238, 109, 109, 109, 2, 2, 109, 109, 109, 271, 271, 271, 457, 271, 109, 271, 271, 271, 40, 40, 109, 271, 109, 138, 40, 109, 109, 51, 5, 109, 109, 2, 422, 109, 109, 109, 166, 2, 2, 422, 109, 109, 246, 109, 175, 175, 109, 136, 91, 2, 91, 166, 166, 65, 166, 43, 166, 255, 255, 278, 278, 506, 166, 166, 2, 166, 289, 166, 2, 2, 89, 166, 166, 166, 428, 428, 397, 397, 365, 365, 365, 166, 52, 52, 365, 66, 379, 365, 52, 292, 52, 93, 365, 2, 93, 93, 402, 52, 2, 2, 301, 365, 365, 365, 289, 2, 123, 365, 52, 166, 84, 388, 388, 388, 365, 157, 289, 134, 138, 2, 134, 134, 134, 2, 485, 2, 2, 138, 187, 2, 2, 62, 2, 62, 417, 417, 138, 2, 109, 414, 109, 289, 109, 477, 166, 292, 303, 292, 364, 492, 12, 492, 321, 399, 321, 266, 273, 517, 249, 143, 136, 365, 143, 136, 144, 2, 141, 464, 170, 112, 100, 44, 112, 281, 538, 220, 219, 302, 365, 364, 79, 364, 100, 364, 151, 364, 364, 61, 364, 364, 364, 364, 441, 228, 364, 526, 364, 364, 364, 220, 220, 364, 302, 112, 433, 407, 364, 364, 112, 364, 220, 220, 364, 112, 112, 364, 364, 210, 364, 492, 364, 1, 461, 302, 302, 144, 217, 112, 364, 364, 261, 17, 138, 302, 302, 27, 42, 17, 112, 364, 112, 364, 146, 364, 364, 2, 364, 189, 364, 364, 144, 492, 201, 364, 364, 302, 490, 2, 512, 364, 364, 364, 364, 364, 112, 364, 364, 364, 364, 448, 364, 364, 364, 364, 364, 302, 397, 299, 448, 364, 364, 98, 208, 492, 450, 208, 302, 364, 302, 17, 112, 364, 1, 112, 364, 364, 364, 364, 273, 257, 99, 364, 112, 112, 112, 364, 112, 236, 18, 364, 364, 524, 364, 492, 2, 112, 112, 302, 364, 364, 364, 302, 302, 432, 167, 2, 14, 364, 112, 364, 364, 450, 2, 82, 364, 36, 190, 336, 364, 364, 364, 364, 364, 302, 118, 364, 112, 364, 65, 138, 364, 2, 364, 49, 112, 448, 364, 183, 512, 364, 501, 302, 302, 2, 61, 112, 181, 364, 364, 262, 112, 112, 21, 364, 2, 112, 361, 141, 364, 302, 208, 215, 364, 364, 261, 364, 432, 464, 364, 2, 364, 364, 170, 305, 477, 313, 364, 112, 448, 261, 219, 112, 220, 202, 364, 364, 18, 62, 313, 259, 302, 299, 112, 497, 477, 298, 302, 302, 417, 61, 364, 364, 364, 302, 364, 100, 364, 112, 417, 305, 302, 364, 364, 112, 112, 364, 2, 518, 364, 112, 60, 364, 302, 2, 44, 112, 364, 232, 364, 261, 376, 477, 44, 364, 112, 302, 11, 112, 109, 107, 292, 364, 302, 302, 302, 107, 364, 335, 364, 288, 166, 302, 463, 42, 364, 7, 112, 364, 112, 112, 112, 281, 416, 210, 112, 219, 2, 107, 302, 266, 62, 364, 364, 219, 538, 364, 330, 112, 112, 1, 112, 302, 517, 248, 112, 364, 364, 302, 364, 302, 112, 302, 364, 364, 302, 466, 100, 265, 265, 364, 364, 364, 112, 112, 112, 302, 302, 112, 302, 112, 364, 112, 42, 111, 220, 112, 2, 302, 425, 302, 107, 112, 364, 302, 98, 302, 302, 365, 141, 302, 364, 302, 52, 112, 365, 232, 365, 477, 112, 302, 364, 169, 364, 244, 302, 365, 57, 103, 364, 302, 351, 103, 364, 364, 302, 517, 448, 364, 302, 364, 302, 79, 302, 364, 532, 219, 364, 265, 352, 517, 261, 316, 517, 3, 517, 517, 517, 517, 397, 18, 517, 492, 12, 217, 517, 327, 188, 517, 2, 292, 12, 517, 517, 52, 477, 261, 261, 261, 249, 67, 439, 2, 365, 6, 365, 334, 528, 166, 365, 52, 52, 355, 463, 281, 241, 492, 2, 166, 109, 166, 414, 2, 362, 330, 289, 394, 252, 12, 492, 2, 404, 2, 396, 2, 315, 56, 289, 437, 453, 44, 120, 463, 109, 417, 109, 110, 61, 414, 261, 543, 195, 2, 2, 188, 482, 65, 44, 188, 319, 2, 271, 273, 109, 275, 188, 306, 134, 500, 12, 281, 289, 62, 109, 134, 2, 44, 2, 2, 477, 273, 346, 129, 362, 120, 347, 2, 66, 99, 510, 272, 68, 109, 2, 138, 2, 2, 166, 388, 537, 138, 98, 140, 2, 99, 527, 231, 2, 275, 2, 281, 463, 463, 208, 52, 2, 417, 2, 100, 134, 2, 261, 52, 417, 2, 452, 208, 2, 273, 2, 370, 12, 2, 2, 273, 65, 261, 65, 463, 119, 2, 87, 366, 62, 140, 516, 65, 2, 2, 2, 2, 2, 514, 321, 477, 98, 296, 138, 2, 99, 100, 463, 321, 6, 41, 388, 2, 52, 70, 528, 2, 289, 365, 289, 52, 330, 365, 166, 147, 110, 463, 525, 2, 362, 2, 166, 238, 68, 2, 463, 109, 2, 2, 321, 136, 430, 109, 281, 271, 208, 281, 100, 100, 417, 100, 271, 109, 273, 61, 2, 61, 100, 352, 2, 109, 404, 109, 261, 100, 289, 100, 349, 452, 44, 44, 414, 2, 417, 100, 195, 414, 100, 281, 140, 188, 208, 517, 140, 205, 426, 426, 477, 100, 129, 147, 250, 394, 352, 417, 61, 463, 477, 463, 517, 2, 347, 500, 2, 100, 188, 208, 138, 450, 62, 44, 166, 321, 281, 346, 527, 188, 437, 166, 492, 2, 463, 62, 2, 188, 366, 2, 482, 56, 273, 273, 2, 275, 2, 2, 273, 138, 119, 2, 396, 100, 369, 2, 273, 296, 346, 71, 2, 463, 275, 134, 65, 273, 134, 477, 138, 453, 2, 2, 275, 120, 120, 2, 346, 140, 2, 346, 2, 227, 130, 346, 477, 266, 306,