{"Run": 8, "K": 629, "WCSSD": 1974.4393385812696, "Purity": 0.456019569337354, "Time": 36.82619500160217, "Kmeans_Labels": [481, 332, 188, 463, 539, 12, 332, 178, 207, 572, 470, 325, 72, 72, 12, 12, 12, 12, 437, 162, 12, 470, 325, 72, 325, 321, 72, 140, 186, 572, 72, 625, 186, 12, 162, 325, 72, 72, 54, 72, 264, 218, 25, 352, 72, 12, 72, 99, 35, 572, 373, 385, 385, 44, 593, 126, 111, 332, 463, 463, 111, 12, 470, 104, 126, 67, 72, 332, 72, 126, 72, 325, 572, 227, 45, 12, 12, 470, 12, 519, 12, 12, 537, 466, 178, 12, 227, 470, 441, 572, 213, 142, 182, 572, 12, 470, 12, 12, 178, 12, 455, 45, 159, 4, 4, 32, 32, 4, 12, 45, 469, 250, 469, 72, 593, 45, 207, 12, 12, 17, 12, 12, 17, 463, 12, 17, 12, 463, 559, 207, 540, 447, 325, 60, 12, 470, 207, 12, 12, 12, 151, 463, 463, 12, 17, 17, 12, 115, 111, 463, 17, 118, 227, 12, 12, 17, 12, 99, 463, 30, 12, 513, 17, 12, 12, 17, 227, 480, 337, 227, 12, 12, 525, 385, 17, 111, 104, 333, 17, 60, 12, 60, 12, 60, 17, 625, 17, 279, 60, 437, 12, 151, 167, 17, 12, 266, 12, 207, 628, 417, 255, 12, 12, 104, 17, 178, 17, 178, 572, 136, 12, 228, 178, 178, 106, 392, 478, 572, 54, 432, 178, 45, 312, 54, 74, 17, 12, 54, 385, 17, 12, 470, 178, 12, 178, 572, 572, 470, 60, 389, 17, 24, 151, 178, 385, 178, 12, 12, 207, 515, 32, 417, 12, 350, 60, 12, 111, 266, 17, 417, 12, 12, 54, 28, 309, 369, 207, 4, 207, 417, 559, 426, 251, 266, 32, 12, 213, 12, 17, 17, 17, 593, 287, 306, 32, 32, 104, 4, 32, 559, 17, 32, 12, 566, 12, 32, 12, 32, 566, 161, 12, 32, 99, 228, 12, 32, 130, 32, 12, 469, 151, 593, 12, 99, 417, 593, 12, 469, 566, 625, 566, 469, 385, 566, 104, 147, 12, 213, 151, 566, 473, 17, 17, 481, 385, 281, 17, 593, 375, 17, 12, 270, 151, 207, 17, 385, 590, 17, 213, 552, 574, 559, 385, 12, 54, 228, 28, 337, 108, 196, 29, 12, 264, 196, 566, 29, 621, 607, 17, 12, 29, 29, 621, 17, 508, 17, 17, 17, 12, 339, 385, 325, 294, 12, 12, 385, 385, 343, 470, 625, 12, 35, 548, 252, 112, 325, 470, 601, 12, 352, 151, 12, 463, 12, 603, 151, 111, 470, 463, 12, 559, 12, 126, 227, 332, 475, 32, 207, 227, 17, 557, 12, 12, 572, 470, 4, 12, 12, 108, 29, 29, 25, 12, 227, 12, 559, 559, 592, 592, 437, 463, 572, 118, 118, 435, 435, 566, 566, 559, 566, 54, 54, 566, 352, 12, 55, 55, 437, 196, 196, 160, 160, 256, 367, 367, 12, 25, 25, 463, 310, 310, 126, 463, 126, 213, 151, 12, 545, 225, 225, 178, 178, 572, 572, 572, 268, 268, 349, 349, 349, 118, 572, 470, 470, 228, 472, 12, 118, 118, 60, 178, 582, 151, 40, 40, 12, 572, 572, 283, 86, 86, 228, 12, 12, 12, 12, 12, 71, 12, 463, 4, 514, 4, 4, 4, 4, 514, 495, 463, 41, 41, 532, 298, 298, 572, 572, 253, 253, 469, 54, 566, 32, 32, 469, 469, 60, 60, 311, 311, 235, 235, 4, 4, 469, 235, 228, 221, 221, 221, 221, 213, 437, 65, 65, 54, 618, 618, 394, 394, 611, 611, 228, 228, 60, 228, 577, 577, 151, 552, 552, 552, 574, 574, 437, 437, 552, 275, 275, 316, 29, 29, 0, 445, 0, 228, 228, 505, 505, 443, 443, 488, 488, 196, 196, 196, 196, 12, 29, 29, 621, 621, 148, 148, 621, 146, 29, 29, 29, 437, 331, 213, 12, 227, 408, 452, 303, 452, 541, 452, 452, 128, 452, 54, 54, 128, 452, 452, 72, 452, 452, 452, 452, 437, 480, 452, 452, 452, 104, 12, 352, 470, 196, 25, 25, 362, 362, 567, 567, 569, 593, 126, 126, 385, 12, 12, 12, 126, 228, 463, 352, 104, 463, 12, 12, 12, 25, 352, 12, 435, 332, 572, 572, 12, 572, 572, 572, 572, 578, 25, 12, 126, 8, 572, 572, 572, 77, 73, 572, 572, 605, 572, 299, 12, 349, 572, 435, 572, 572, 299, 295, 572, 228, 228, 572, 295, 572, 228, 40, 572, 572, 77, 12, 40, 40, 228, 283, 352, 545, 12, 12, 4, 151, 328, 28, 4, 378, 625, 566, 328, 381, 381, 342, 487, 4, 566, 235, 235, 566, 566, 572, 545, 593, 566, 566, 250, 566, 12, 566, 566, 593, 566, 593, 566, 12, 118, 469, 469, 469, 12, 12, 566, 566, 566, 134, 235, 235, 469, 235, 566, 235, 235, 235, 404, 404, 566, 416, 433, 228, 16, 228, 566, 12, 566, 433, 433, 135, 118, 135, 135, 135, 135, 604, 604, 118, 566, 566, 404, 566, 375, 375, 566, 228, 228, 12, 228, 577, 228, 437, 228, 60, 99, 552, 552, 228, 228, 275, 228, 228, 228, 228, 316, 228, 228, 228, 263, 228, 228, 471, 228, 228, 12, 12, 29, 29, 29, 228, 443, 29, 554, 360, 104, 29, 196, 12, 196, 467, 29, 12, 467, 467, 437, 196, 284, 284, 99, 29, 29, 29, 99, 12, 469, 29, 148, 586, 45, 228, 228, 228, 29, 12, 12, 461, 12, 60, 126, 126, 126, 111, 421, 12, 12, 572, 445, 325, 625, 77, 12, 77, 28, 28, 60, 353, 566, 235, 566, 235, 48, 164, 202, 624, 12, 624, 3, 470, 463, 470, 60, 60, 60, 101, 12, 385, 155, 481, 50, 29, 481, 50, 376, 372, 304, 12, 243, 276, 99, 4, 84, 352, 446, 425, 543, 334, 29, 377, 543, 3, 429, 3, 543, 3, 304, 27, 3, 3, 169, 3, 84, 99, 3, 84, 122, 3, 3, 425, 425, 3, 543, 84, 3, 3, 3, 3, 84, 3, 425, 425, 3, 84, 84, 3, 3, 84, 204, 583, 570, 304, 3, 499, 543, 376, 559, 84, 377, 3, 12, 385, 12, 543, 204, 3, 60, 104, 84, 3, 84, 335, 12, 204, 3, 12, 204, 204, 3, 3, 534, 415, 3, 3, 204, 543, 385, 12, 204, 3, 204, 22, 204, 377, 84, 204, 438, 204, 3, 68, 204, 3, 377, 3, 3, 543, 332, 163, 68, 3, 3, 67, 207, 470, 120, 12, 543, 204, 543, 25, 84, 204, 99, 84, 304, 3, 3, 3, 12, 543, 213, 380, 84, 84, 114, 204, 84, 3, 167, 124, 3, 543, 3, 82, 25, 84, 84, 204, 3, 442, 3, 521, 304, 335, 99, 12, 3, 204, 84, 543, 204, 120, 372, 377, 377, 213, 543, 84, 204, 442, 3, 3, 3, 543, 543, 3, 84, 3, 233, 12, 3, 204, 184, 204, 84, 68, 204, 3, 72, 141, 12, 314, 179, 325, 204, 84, 84, 219, 3, 543, 84, 84, 84, 3, 12, 84, 368, 304, 3, 543, 207, 84, 3, 524, 625, 3, 543, 12, 3, 12, 204, 3, 243, 543, 12, 84, 204, 345, 68, 264, 543, 276, 68, 56, 3, 3, 167, 77, 84, 409, 543, 189, 84, 304, 304, 3, 543, 543, 28, 27, 619, 377, 3, 543, 3, 99, 204, 84, 470, 543, 543, 507, 3, 84, 84, 486, 189, 58, 3, 84, 181, 3, 543, 490, 4, 70, 610, 424, 3, 625, 377, 289, 204, 204, 84, 543, 3, 84, 593, 296, 385, 237, 543, 543, 69, 296, 3, 84, 3, 84, 214, 324, 233, 60, 3, 516, 84, 3, 84, 84, 290, 352, 84, 84, 84, 543, 12, 296, 543, 337, 77, 3, 3, 543, 446, 543, 591, 84, 84, 3, 84, 543, 12, 543, 84, 3, 3, 543, 3, 543, 483, 543, 3, 377, 543, 383, 12, 12, 186, 449, 3, 3, 84, 84, 84, 543, 39, 84, 585, 249, 3, 581, 60, 543, 425, 84, 12, 543, 543, 351, 296, 212, 3, 543, 67, 334, 543, 585, 84, 543, 304, 543, 196, 424, 29, 424, 29, 289, 84, 543, 3, 3, 377, 264, 543, 29, 301, 291, 3, 543, 12, 296, 204, 3, 194, 207, 68, 3, 543, 3, 543, 543, 543, 3, 3, 543, 3, 413, 606, 385, 559, 602, 385, 12, 385, 385, 385, 385, 60, 167, 385, 113, 240, 559, 385, 12, 54, 385, 12, 620, 240, 385, 385, 371, 227, 74, 74, 74, 155, 62, 297, 232, 29, 15, 29, 13, 29, 264, 621, 506, 573, 196, 437, 352, 332, 470, 357, 228, 135, 533, 213, 99, 552, 264, 621, 28, 437, 397, 470, 593, 527, 625, 572, 150, 228, 349, 621, 54, 60, 496, 537, 228, 12, 463, 253, 242, 203, 143, 60, 213, 34, 12, 81, 54, 12, 151, 4, 76, 457, 12, 566, 12, 48, 572, 54, 12, 225, 350, 463, 352, 235, 77, 566, 578, 12, 4, 625, 572, 224, 195, 472, 12, 552, 537, 54, 379, 621, 622, 91, 25, 470, 566, 256, 12, 12, 559, 530, 196, 12, 572, 78, 104, 256, 213, 274, 623, 12, 572, 12, 352, 228, 32, 220, 621, 12, 405, 1, 504, 168, 12, 26, 443, 37, 593, 600, 12, 12, 466, 12, 12, 463, 173, 271, 466, 51, 559, 588, 267, 118, 593, 108, 185, 77, 104, 332, 151, 228, 228, 434, 410, 12, 12, 60, 518, 67, 336, 12, 223, 213, 207, 12, 437, 15, 559, 196, 228, 573, 172, 29, 434, 621, 621, 621, 443, 264, 29, 530, 12, 242, 437, 12, 12, 552, 357, 228, 118, 470, 593, 228, 135, 150, 593, 60, 559, 307, 166, 352, 469, 161, 352, 559, 28, 37, 429, 566, 48, 12, 203, 150, 437, 559, 606, 99, 12, 527, 253, 559, 559, 235, 111, 596, 600, 4, 4, 143, 625, 423, 504, 34, 213, 559, 352, 104, 76, 162, 60, 104, 32, 437, 559, 102, 559, 12, 12, 559, 28, 606, 28, 559, 32, 5, 228, 385, 12, 54, 350, 437, 12, 54, 207, 12, 120, 77, 496, 529, 437, 352, 472, 274, 54, 54, 572, 470, 81, 437, 77, 199, 54, 185, 410, 12, 349, 195, 12, 213, 572, 12, 12, 466, 520, 118, 12, 572, 429, 96, 553, 572, 336, 472, 12, 572, 267, 572, 578, 51, 375, 225, 356, 572, 60, 12, 572, 572, 537, 537, 559, 247, 104, 12, 472, 12, 575, 111, 472, 518, 180, 12, 385, 12, 305, 156, 12, 220, 104, 12, 466, 67, 104, 151, 12, 12, 463, 213, 213, 207, 559, 