{"Run": 7, "K": 514, "WCSSD": 2096.482192383789, "Purity": 0.425475113067769, "Time": 28.67035984992981, "Kmeans_Labels": [21, 71, 383, 276, 423, 423, 71, 41, 177, 396, 423, 123, 423, 413, 151, 9, 9, 142, 413, 413, 413, 423, 195, 9, 413, 142, 413, 142, 499, 9, 413, 413, 499, 142, 413, 413, 123, 413, 123, 413, 493, 128, 188, 12, 37, 286, 413, 378, 316, 91, 451, 375, 375, 361, 9, 180, 9, 142, 276, 218, 9, 142, 423, 347, 180, 346, 71, 71, 413, 108, 142, 304, 353, 369, 176, 9, 9, 423, 401, 9, 9, 7, 396, 142, 41, 9, 369, 423, 9, 396, 9, 280, 180, 396, 151, 423, 151, 333, 41, 358, 41, 176, 9, 277, 251, 128, 128, 251, 396, 153, 436, 37, 436, 413, 396, 176, 252, 9, 447, 497, 447, 447, 497, 276, 9, 497, 447, 276, 310, 443, 497, 497, 360, 9, 9, 499, 461, 433, 447, 447, 272, 276, 276, 499, 497, 497, 151, 447, 9, 276, 497, 43, 369, 363, 247, 497, 443, 139, 276, 316, 447, 497, 497, 447, 9, 497, 369, 104, 265, 369, 401, 195, 9, 375, 497, 76, 347, 59, 282, 9, 447, 447, 90, 229, 181, 443, 497, 9, 9, 443, 9, 97, 156, 497, 147, 93, 9, 54, 9, 396, 41, 195, 195, 347, 497, 41, 133, 41, 396, 447, 195, 19, 41, 41, 402, 497, 61, 396, 123, 478, 41, 77, 9, 123, 139, 497, 447, 396, 375, 145, 9, 423, 41, 9, 41, 91, 396, 499, 451, 447, 285, 9, 97, 41, 375, 396, 447, 447, 54, 497, 354, 396, 9, 502, 225, 195, 497, 93, 100, 396, 447, 396, 123, 463, 251, 9, 54, 251, 451, 347, 195, 128, 475, 93, 253, 195, 447, 195, 497, 251, 497, 128, 337, 447, 195, 128, 347, 251, 128, 310, 465, 128, 9, 37, 284, 128, 284, 128, 37, 207, 9, 128, 9, 284, 284, 128, 437, 128, 396, 436, 477, 337, 284, 185, 44, 337, 456, 436, 37, 413, 37, 436, 375, 37, 347, 194, 396, 101, 97, 37, 499, 497, 497, 21, 375, 21, 497, 388, 195, 497, 447, 447, 496, 54, 497, 447, 9, 286, 47, 286, 134, 447, 375, 271, 461, 396, 478, 67, 14, 24, 330, 9, 447, 24, 37, 97, 24, 330, 497, 170, 330, 348, 336, 497, 447, 497, 497, 497, 195, 401, 447, 375, 497, 401, 207, 375, 375, 142, 224, 443, 9, 151, 195, 475, 188, 413, 347, 101, 9, 12, 97, 447, 276, 69, 104, 97, 301, 276, 252, 423, 478, 9, 180, 369, 71, 443, 284, 54, 369, 497, 369, 9, 9, 9, 12, 251, 9, 396, 14, 330, 330, 466, 9, 369, 443, 451, 451, 499, 499, 451, 276, 396, 43, 43, 396, 396, 37, 37, 37, 37, 428, 428, 37, 184, 207, 330, 330, 451, 24, 24, 443, 443, 9, 2, 2, 499, 274, 274, 276, 279, 279, 180, 276, 180, 101, 422, 350, 396, 9, 9, 41, 41, 339, 396, 396, 423, 423, 325, 325, 117, 43, 9, 396, 396, 9, 172, 107, 189, 189, 107, 41, 473, 97, 396, 396, 9, 91, 91, 251, 383, 383, 344, 488, 488, 9, 9, 151, 9, 151, 276, 251, 201, 251, 251, 251, 251, 201, 9, 276, 137, 137, 128, 37, 37, 284, 284, 227, 227, 416, 123, 37, 284, 284, 458, 458, 9, 9, 436, 436, 415, 415, 251, 251, 436, 436, 396, 508, 508, 508, 508, 101, 9, 97, 97, 123, 9, 9, 123, 123, 9, 9, 9, 9, 9, 9, 9, 9, 97, 286, 286, 286, 134, 134, 54, 9, 286, 9, 9, 400, 330, 330, 40, 151, 40, 427, 427, 336, 336, 431, 431, 299, 299, 24, 24, 431, 431, 9, 330, 330, 431, 431, 75, 75, 330, 330, 330, 330, 330, 104, 500, 101, 9, 369, 74, 410, 74, 74, 74, 74, 74, 74, 74, 123, 123, 74, 420, 74, 177, 74, 74, 74, 74, 461, 74, 74, 74, 230, 347, 9, 12, 423, 24, 448, 448, 401, 401, 2, 2, 139, 9, 180, 180, 139, 460, 9, 175, 180, 19, 276, 12, 347, 276, 289, 413, 9, 188, 12, 9, 276, 424, 169, 169, 9, 408, 408, 396, 9, 180, 401, 413, 180, 9, 192, 192, 91, 111, 91, 91, 91, 490, 396, 188, 9, 117, 91, 396, 91, 91, 188, 99, 91, 91, 9, 91, 99, 91, 396, 396, 91, 91, 409, 151, 396, 396, 91, 396, 91, 446, 9, 9, 251, 97, 251, 478, 284, 352, 29, 37, 251, 251, 37, 137, 37, 251, 37, 137, 436, 37, 37, 396, 446, 251, 37, 37, 37, 227, 207, 37, 227, 436, 37, 396, 37, 9, 43, 436, 436, 436, 294, 9, 37, 37, 37, 436, 436, 415, 436, 415, 37, 447, 436, 436, 37, 37, 37, 436, 364, 91, 37, 396, 37, 9, 37, 364, 364, 98, 43, 95, 95, 421, 98, 396, 396, 43, 37, 37, 37, 37, 142, 142, 37, 396, 478, 451, 478, 208, 139, 9, 208, 513, 139, 286, 286, 9, 9, 9, 9, 9, 9, 9, 400, 468, 9, 9, 447, 9, 9, 139, 53, 53, 125, 125, 486, 330, 330, 9, 431, 330, 330, 336, 347, 330, 382, 401, 3, 299, 330, 9, 299, 299, 104, 3, 443, 443, 139, 330, 330, 330, 139, 9, 472, 72, 75, 468, 176, 395, 395, 395, 330, 499, 9, 180, 91, 152, 180, 499, 25, 9, 223, 356, 9, 91, 151, 9, 469, 349, 220, 111, 478, 478, 200, 9, 37, 284, 37, 447, 37, 413, 207, 401, 401, 401, 26, 423, 276, 499, 9, 401, 9, 278, 142, 375, 478, 376, 102, 330, 376, 102, 474, 461, 118, 396, 303, 50, 9, 251, 50, 12, 50, 149, 62, 62, 330, 381, 15, 26, 476, 26, 26, 26, 26, 28, 26, 26, 26, 26, 50, 451, 26, 50, 26, 26, 168, 52, 52, 26, 118, 50, 26, 26, 26, 26, 50, 26, 52, 52, 26, 50, 50, 26, 26, 119, 26, 423, 130, 119, 26, 62, 62, 474, 310, 50, 197, 504, 423, 151, 9, 118, 359, 26, 362, 347, 50, 26, 50, 26, 177, 26, 345, 9, 26, 503, 63, 26, 474, 423, 26, 26, 26, 62, 379, 499, 26, 26, 26, 26, 26, 26, 50, 26, 26, 26, 26, 182, 26, 26, 26, 26, 26, 246, 71, 10, 182, 26, 26, 346, 183, 121, 59, 9, 62, 510, 62, 188, 50, 26, 119, 149, 26, 26, 26, 26, 142, 62, 101, 26, 239, 50, 50, 26, 372, 26, 106, 26, 329, 314, 26, 56, 188, 50, 50, 503, 26, 26, 26, 62, 118, 62, 202, 9, 26, 26, 50, 26, 26, 59, 461, 26, 26, 101, 62, 50, 26, 26, 26, 26, 26, 62, 62, 26, 50, 287, 97, 413, 26, 317, 88, 43, 50, 182, 26, 66, 26, 26, 139, 62, 62, 396, 446, 50, 50, 26, 26, 62, 50, 50, 50, 26, 9, 50, 23, 118, 26, 389, 177, 50, 26, 26, 443, 26, 62, 396, 26, 9, 26, 328, 303, 88, 163, 308, 26, 50, 182, 375, 62, 50, 52, 26, 26, 26, 106, 111, 308, 451, 62, 263, 50, 118, 50, 26, 62, 62, 478, 28, 450, 26, 26, 62, 26, 9, 26, 50, 478, 62, 62, 26, 26, 50, 50, 26, 451, 9, 26, 50, 62, 26, 62, 9, 251, 50, 26, 281, 26, 151, 26, 54, 251, 26, 50, 62, 26, 204, 436, 50, 401, 26, 62, 62, 26, 375, 26, 50, 26, 109, 231, 26, 207, 362, 26, 26, 143, 26, 50, 50, 50, 12, 50, 119, 50, 62, 413, 26, 62, 67, 111, 26, 26, 62, 50, 26, 413, 50, 308, 119, 50, 62, 151, 62, 50, 26, 26, 39, 26, 62, 50, 62, 26, 499, 62, 50, 9, 306, 191, 26, 26, 26, 50, 50, 50, 62, 62, 83, 80, 50, 26, 50, 362, 62, 149, 50, 9, 62, 62, 62, 396, 417, 26, 62, 346, 62, 62, 80, 281, 62, 26, 62, 24, 281, 330, 281, 235, 54, 50, 62, 26, 26, 381, 447, 62, 330, 494, 26, 26, 62, 9, 62, 26, 26, 62, 375, 182, 26, 62, 26, 62, 15, 62, 26, 26, 62, 26, 499, 451, 375, 451, 104, 375, 9, 375, 375, 375, 375, 379, 156, 375, 423, 276, 310, 375, 499, 157, 375, 390, 401, 276, 375, 375, 24, 413, 139, 139, 139, 478, 139, 9, 9, 330, 151, 232, 14, 330, 9, 132, 24, 75, 24, 9, 12, 429, 396, 9, 9, 98, 9, 338, 215, 286, 413, 447, 54, 104, 276, 423, 9, 396, 478, 9, 461, 393, 117, 447, 123, 9, 251, 396, 9, 436, 478, 374, 104, 104, 284, 158, 101, 9, 9, 9, 123, 9, 418, 251, 244, 413, 379, 415, 142, 37, 408, 123, 394, 180, 275, 38, 12, 447, 349, 37, 180, 9, 251, 493, 9, 451, 459, 172, 9, 286, 396, 123, 221, 336, 101, 16, 448, 423, 37, 9, 423, 434, 9, 9, 395, 9, 91, 346, 347, 9, 455, 454, 181, 9, 91, 9, 398, 9, 128, 177, 431, 9, 342, 9, 9, 180, 9, 139, 431, 478, 9, 137, 413, 9, 142, 206, 423, 276, 124, 9, 142, 97, 104, 97, 9, 43, 505, 14, 9, 111, 347, 71, 97, 9, 443, 413, 110, 127, 151, 225, 373, 346, 9, 91, 262, 101, 9, 256, 9, 151, 266, 395, 9, 75, 11, 330, 413, 447, 132, 447, 431, 413, 232, 9, 413, 104, 9, 54, 127, 286, 9, 9, 43, 423, 9, 9, 98, 461, 505, 225, 396, 323, 436, 12, 436, 207, 12, 139, 478, 478, 476, 415, 37, 142, 104, 461, 324, 291, 451, 215, 436, 396, 374, 104, 291, 447, 476, 104, 137, 251, 251, 284, 478, 478, 9, 9, 338, 291, 12, 347, 244, 177, 375, 347, 128, 451, 291, 9, 298, 9, 413, 35, 54, 451, 478, 104, 128, 54, 9, 375, 206, 123, 275, 9, 9, 123, 177, 91, 59, 111, 251, 414, 9, 12, 172, 454, 123, 123, 154, 396, 9, 104, 349, 9, 123, 9, 110, 9, 117, 459, 142, 9, 91, 379, 173, 142, 91, 43, 413, 9, 476, 257, 9, 142, 9, 172, 9, 9, 9, 91, 180, 97, 142, 180, 9, 91, 9, 9, 9, 408, 396, 396, 9, 172, 347, 9, 172, 9, 172, 76, 172, 373, 67, 394, 375, 142, 413, 346, 151, 177, 499, 9, 142, 346, 347, 418, 138, 9, 276, 451, 451, 164, 86, 101, 346, 9, 142, 451, 101, 142, 207, 413, 342, 455, 71, 9, 9, 276, 101, 122, 104, 104, 97, 179, 493, 142, 124, 276, 451, 375, 413, 104, 423, 221, 97, 423,