{"Run": 0, "K": 194, "WCSSD": 2451.0070394069953, "Purity": 0.4434583452619525, "Time": 7.921855926513672, "Kmeans_Labels": [2, 117, 130, 21, 2, 2, 18, 95, 18, 2, 2, 29, 14, 14, 2, 2, 53, 2, 9, 2, 2, 2, 9, 14, 14, 2, 2, 141, 2, 137, 14, 2, 2, 53, 2, 2, 14, 14, 166, 14, 88, 175, 64, 155, 14, 2, 14, 2, 2, 2, 146, 168, 168, 99, 2, 2, 2, 18, 21, 21, 2, 2, 2, 64, 2, 96, 14, 18, 14, 18, 18, 2, 2, 2, 121, 2, 2, 2, 53, 54, 2, 2, 147, 2, 95, 2, 144, 97, 2, 2, 2, 2, 2, 2, 2, 175, 2, 2, 95, 2, 95, 66, 2, 76, 76, 15, 192, 192, 2, 66, 113, 92, 113, 14, 162, 66, 168, 2, 2, 36, 2, 2, 36, 21, 2, 36, 2, 21, 168, 168, 36, 36, 2, 2, 152, 2, 2, 2, 2, 2, 141, 21, 21, 2, 36, 36, 2, 2, 2, 21, 36, 183, 144, 2, 2, 36, 2, 2, 21, 2, 2, 36, 36, 2, 2, 36, 144, 9, 81, 144, 53, 2, 2, 168, 36, 2, 68, 9, 36, 2, 146, 2, 2, 2, 36, 98, 36, 2, 2, 98, 2, 141, 9, 36, 2, 21, 2, 9, 2, 162, 95, 2, 53, 68, 36, 95, 36, 162, 2, 2, 2, 2, 95, 95, 95, 36, 36, 162, 166, 141, 95, 179, 2, 166, 2, 36, 2, 162, 168, 36, 2, 2, 95, 2, 95, 2, 162, 155, 2, 2, 36, 2, 141, 95, 168, 95, 2, 2, 9, 167, 162, 162, 2, 34, 168, 127, 36, 2, 36, 162, 2, 2, 166, 130, 76, 2, 9, 76, 2, 162, 2, 175, 98, 2, 175, 2, 168, 2, 36, 76, 36, 175, 178, 2, 175, 175, 68, 76, 175, 168, 36, 175, 2, 113, 192, 175, 192, 175, 113, 9, 73, 175, 2, 192, 28, 175, 175, 175, 175, 113, 141, 178, 192, 192, 162, 113, 2, 113, 113, 2, 113, 113, 168, 113, 68, 166, 2, 56, 141, 113, 2, 36, 36, 2, 168, 2, 36, 2, 2, 36, 2, 88, 95, 9, 36, 168, 2, 36, 2, 2, 141, 9, 168, 2, 85, 2, 130, 81, 41, 32, 119, 88, 2, 119, 113, 141, 13, 119, 36, 2, 119, 119, 13, 36, 13, 36, 124, 36, 2, 53, 2, 9, 36, 2, 2, 168, 168, 2, 21, 2, 2, 2, 53, 98, 64, 2, 68, 56, 2, 155, 141, 2, 21, 2, 150, 141, 2, 2, 21, 2, 2, 2, 2, 144, 18, 2, 192, 9, 144, 36, 88, 2, 2, 2, 155, 76, 2, 113, 41, 119, 40, 64, 2, 144, 2, 98, 98, 2, 2, 2, 21, 2, 183, 183, 162, 162, 113, 113, 2, 113, 166, 166, 113, 155, 2, 119, 119, 98, 32, 32, 2, 2, 2, 2, 2, 2, 70, 70, 21, 2, 2, 2, 21, 63, 56, 141, 2, 162, 2, 2, 95, 95, 24, 162, 162, 2, 2, 162, 162, 188, 183, 2, 162, 162, 2, 44, 18, 183, 183, 2, 58, 34, 141, 162, 162, 2, 162, 162, 76, 130, 130, 2, 2, 2, 2, 2, 2, 74, 2, 21, 76, 2, 76, 76, 76, 76, 2, 2, 2, 113, 113, 175, 92, 92, 192, 192, 113, 113, 162, 166, 113, 192, 192, 162, 162, 2, 2, 113, 113, 88, 88, 76, 76, 113, 113, 2, 183, 183, 183, 183, 56, 2, 141, 141, 166, 59, 59, 166, 166, 2, 2, 2, 2, 2, 2, 2, 2, 141, 2, 2, 2, 2, 2, 2, 2, 2, 2, 2, 186, 119, 119, 183, 168, 183, 2, 2, 13, 13, 90, 90, 64, 64, 32, 32, 32, 32, 2, 114, 114, 13, 13, 13, 13, 13, 13, 40, 40, 90, 2, 2, 56, 2, 144, 50, 50, 50, 50, 50, 50, 50, 65, 50, 166, 166, 50, 50, 50, 14, 50, 50, 50, 50, 98, 50, 50, 50, 50, 68, 155, 155, 2, 32, 151, 151, 53, 53, 2, 2, 2, 178, 141, 141, 168, 2, 2, 2, 63, 2, 21, 155, 68, 21, 2, 2, 2, 64, 155, 2, 162, 53, 162, 162, 2, 162, 162, 2, 2, 106, 53, 191, 2, 2, 24, 24, 2, 97, 162, 162, 162, 155, 162, 64, 2, 188, 42, 162, 42, 2, 64, 162, 162, 2, 2, 42, 162, 42, 162, 162, 42, 42, 97, 2, 162, 162, 2, 2, 155, 2, 2, 2, 76, 141, 76, 130, 192, 76, 2, 113, 76, 76, 2, 113, 113, 76, 113, 113, 113, 113, 113, 192, 113, 76, 113, 92, 92, 76, 88, 113, 113, 113, 113, 113, 113, 162, 183, 113, 113, 113, 23, 2, 113, 163, 163, 113, 113, 37, 113, 37, 113, 88, 113, 113, 113, 113, 113, 88, 113, 166, 113, 112, 113, 116, 57, 113, 113, 30, 183, 30, 30, 30, 30, 59, 59, 183, 113, 113, 113, 113, 2, 2, 113, 2, 2, 2, 2, 2, 2, 141, 2, 2, 2, 2, 2, 113, 113, 2, 88, 2, 141, 2, 186, 2, 2, 2, 88, 2, 2, 88, 2, 2, 2, 2, 119, 39, 39, 2, 90, 119, 119, 13, 68, 119, 32, 53, 32, 40, 119, 2, 119, 119, 2, 32, 2, 2, 89, 114, 40, 40, 88, 2, 88, 119, 13, 9, 172, 88, 88, 88, 119, 2, 88, 2, 53, 2, 2, 2, 63, 2, 2, 2, 2, 2, 2, 2, 88, 97, 2, 97, 130, 130, 53, 123, 113, 192, 113, 88, 113, 98, 2, 53, 53, 53, 83, 2, 102, 2, 2, 53, 2, 81, 53, 168, 2, 113, 113, 119, 113, 113, 2, 2, 83, 162, 83, 20, 2, 76, 17, 155, 20, 55, 83, 83, 119, 83, 83, 83, 2, 83, 83, 83, 83, 35, 83, 83, 83, 86, 20, 98, 83, 20, 83, 83, 83, 55, 55, 83, 83, 20, 83, 83, 83, 83, 20, 83, 55, 55, 83, 20, 20, 83, 83, 20, 83, 2, 83, 83, 83, 83, 83, 2, 9, 20, 83, 83, 2, 165, 2, 83, 83, 83, 98, 68, 20, 83, 20, 83, 2, 83, 83, 2, 83, 83, 83, 83, 2, 2, 83, 33, 100, 83, 80, 2, 83, 83, 83, 83, 83, 83, 20, 83, 83, 83, 83, 55, 83, 83, 83, 4, 83, 83, 18, 9, 83, 83, 83, 96, 135, 2, 19, 2, 83, 83, 83, 64, 20, 83, 2, 20, 83, 83, 83, 83, 2, 83, 56, 83, 20, 20, 20, 83, 20, 83, 2, 83, 83, 83, 83, 2, 64, 20, 20, 83, 83, 83, 83, 83, 83, 83, 168, 2, 83, 83, 20, 83, 100, 19, 2, 83, 83, 56, 83, 20, 83, 83, 83, 83, 83, 156, 83, 83, 20, 83, 141, 2, 83, 2, 83, 183, 20, 83, 133, 83, 14, 83, 2, 83, 83, 2, 2, 20, 20, 83, 83, 83, 20, 20, 20, 83, 2, 20, 9, 83, 83, 83, 155, 20, 83, 83, 98, 83, 83, 162, 83, 2, 83, 83, 83, 83, 168, 20, 83, 20, 55, 98, 83, 20, 55, 83, 83, 83, 9, 97, 20, 2, 83, 9, 20, 83, 83, 83, 83, 83, 130, 35, 83, 83, 83, 83, 83, 2, 83, 20, 2, 83, 83, 83, 83, 20, 20, 83, 2, 2, 83, 20, 83, 7, 83, 2, 76, 20, 83, 20, 83, 2, 83, 168, 76, 83, 20, 83, 83, 20, 113, 20, 53, 83, 83, 83, 83, 9, 83, 20, 83, 20, 88, 83, 168, 168, 83, 83, 20, 83, 20, 17, 20, 155, 20, 20, 20, 83, 2, 83, 83, 81, 97, 83, 83, 83, 20, 83, 168, 20, 20, 83, 20, 83, 98, 83, 20, 83, 83, 83, 83, 83, 20, 83, 83, 83, 83, 20, 2, 2, 81, 83, 83, 83, 20, 20, 20, 83, 83, 20, 83, 20, 83, 20, 168, 83, 55, 20, 97, 83, 160, 83, 9, 20, 83, 83, 96, 83, 173, 83, 20, 83, 83, 185, 32, 20, 119, 20, 119, 168, 20, 83, 83, 83, 83, 168, 83, 40, 83, 83, 83, 83, 2, 83, 83, 131, 83, 98, 55, 83, 83, 83, 83, 83, 83, 83, 83, 83, 83, 2, 108, 168, 9, 9, 168, 2, 168, 168, 168, 168, 168, 98, 168, 2, 21, 168, 168, 2, 166, 168, 2, 126, 21, 168, 168, 32, 2, 168, 168, 168, 2, 2, 2, 2, 40, 136, 119, 41, 0, 2, 13, 32, 13, 32, 166, 155, 18, 162, 2, 2, 30, 2, 192, 60, 2, 2, 13, 130, 98, 67, 2, 2, 88, 175, 2, 2, 2, 188, 13, 166, 2, 76, 147, 2, 113, 130, 113, 9, 9, 192, 2, 56, 74, 2, 2, 166, 93, 141, 76, 166, 2, 2, 113, 2, 113, 162, 166, 2, 106, 34, 21, 155, 2, 97, 113, 106, 2, 76, 168, 2, 18, 2, 44, 2, 2, 147, 166, 2, 13, 56, 136, 184, 2, 113, 2, 2, 2, 2, 2, 32, 2, 62, 96, 142, 2, 56, 166, 126, 2, 2, 2, 155, 2, 175, 2, 13, 2, 115, 2, 180, 2, 2, 9, 90, 2, 2, 113, 2, 162, 53, 2, 2, 21, 2, 2, 2, 141, 168, 141, 134, 183, 2, 41, 158, 97, 162, 18, 141, 82, 53, 2, 2, 2, 2, 2, 168, 96, 2, 2, 2, 56, 2, 2, 45, 136, 1, 32, 82, 13, 177, 0, 2, 13, 13, 13, 90, 2, 119, 2, 127, 9, 166, 2, 2, 2, 2, 2, 183, 2, 2, 2, 30, 2, 2, 2, 78, 155, 113, 155, 88, 9, 155, 9, 130, 2, 159, 113, 113, 2, 9, 2, 168, 159, 88, 60, 113, 88, 113, 9, 98, 2, 159, 88, 113, 76, 76, 192, 175, 2, 180, 74, 192, 159, 155, 68, 166, 2, 9, 142, 175, 9, 9, 98, 98, 2, 127, 46, 130, 168, 130, 2, 175, 168, 2, 168, 2, 166, 34, 2, 2, 166, 135, 2, 9, 97, 76, 2, 45, 155, 44, 166, 166, 166, 2, 162, 2, 9, 97, 2, 166, 158, 2, 93, 188, 2, 2, 2, 2, 2, 2, 53, 2, 183, 109, 2, 159, 162, 2, 162, 2, 44, 2, 2, 134, 2, 106, 141, 2, 106, 2, 62, 2, 2, 2, 162, 147, 147, 2, 44, 162, 2, 44, 162, 169, 2, 44, 168, 81, 2, 168, 162, 155, 157, 2, 2, 68, 2, 2, 96, 68, 141, 53, 2, 21, 27, 56, 9, 18, 56, 96, 2, 2, 98, 56, 56, 9, 2, 115, 56, 18, 2, 2, 2, 56, 2, 9, 9, 141, 64, 168, 2, 2, 21, 18, 168, 2, 98, 2, 2, 141, 2, 168, 2, 2, 67, 130, 2, 2, 9, 2, 2, 2, 25, 2, 141, 2, 2, 2, 2, 21, 2, 184, 2, 2, 141, 2, 68, 2, 162, 2, 88, 2, 2, 44, 46, 56, 177, 35, 61, 2, 53, 88, 2, 64, 98, 78, 183, 56, 2, 157, 9, 169, 88, 64, 155, 2, 168, 2, 2, 130, 127, 2, 25, 9, 2, 130, 98, 127, 101, 64, 2, 2, 2, 41, 88, 2, 9, 2, 40, 2, 13, 136, 119, 119, 148, 187, 119, 13, 53, 95, 148, 40, 140, 119, 21, 148, 91, 66, 66, 175, 130, 107, 132, 148, 95, 148, 166, 148, 13, 53, 162, 113, 148, 68, 53, 22, 21, 34, 148, 168, 2, 92, 79, 42, 13, 40, 148, 148, 113, 162, 2, 148, 2, 57, 22, 2, 183, 148, 2, 148, 148, 148, 56, 88, 40, 148, 148, 22, 119, 21, 148, 22, 148, 2, 22, 119, 130, 22, 76, 22, 13, 22, 168, 148, 22, 148, 22, 22, 148, 22, 113, 22, 22, 148, 34, 162, 119, 119, 56, 122, 49, 148, 96, 128, 96, 5, 125, 168, 148, 119, 141, 148, 148, 22, 90, 22, 22, 148, 22, 22, 138, 148, 162, 22, 2, 22, 66, 22, 162, 22, 22, 148, 