{"Run": 4, "K": 194, "WCSSD": 2478.396804831515, "Purity": 0.32530403810146513, "Time": 7.691159963607788, "Kmeans_Labels": [37, 10, 10, 10, 10, 10, 10, 115, 10, 59, 10, 120, 10, 108, 104, 10, 84, 160, 10, 16, 10, 10, 10, 108, 108, 106, 10, 106, 16, 10, 108, 10, 16, 106, 10, 10, 108, 108, 108, 108, 69, 108, 58, 124, 108, 190, 108, 10, 104, 59, 33, 69, 69, 10, 54, 10, 90, 106, 10, 10, 10, 106, 106, 63, 10, 29, 108, 10, 108, 157, 106, 104, 10, 10, 90, 10, 54, 10, 84, 10, 10, 10, 93, 106, 10, 10, 10, 10, 10, 10, 10, 10, 59, 175, 10, 10, 10, 10, 10, 54, 10, 90, 10, 131, 131, 137, 137, 131, 10, 90, 58, 58, 58, 150, 115, 90, 90, 10, 104, 184, 10, 10, 27, 10, 10, 184, 129, 10, 90, 10, 184, 184, 10, 10, 10, 16, 104, 10, 10, 104, 95, 100, 10, 16, 184, 27, 10, 104, 10, 10, 184, 113, 10, 16, 104, 184, 10, 10, 10, 104, 10, 184, 184, 10, 10, 184, 104, 90, 122, 10, 155, 10, 10, 69, 184, 10, 63, 53, 121, 10, 104, 104, 10, 10, 184, 10, 184, 10, 10, 54, 10, 95, 96, 184, 10, 10, 10, 54, 54, 115, 10, 10, 84, 63, 184, 10, 184, 115, 59, 104, 10, 104, 20, 10, 10, 184, 184, 115, 10, 95, 184, 90, 10, 69, 54, 184, 104, 115, 69, 184, 10, 10, 104, 10, 59, 1, 115, 16, 10, 104, 184, 10, 95, 115, 69, 115, 104, 10, 54, 184, 115, 115, 10, 44, 17, 34, 184, 104, 184, 115, 104, 54, 131, 10, 131, 10, 54, 131, 90, 115, 10, 137, 54, 137, 137, 10, 104, 104, 184, 131, 184, 54, 54, 171, 10, 137, 63, 131, 10, 90, 184, 137, 10, 58, 137, 137, 137, 137, 58, 98, 53, 137, 137, 137, 137, 137, 137, 137, 58, 58, 95, 54, 137, 137, 115, 54, 10, 58, 58, 10, 58, 58, 69, 58, 63, 104, 34, 41, 95, 37, 16, 168, 184, 37, 69, 37, 184, 54, 106, 184, 104, 69, 166, 54, 184, 104, 104, 184, 104, 190, 166, 104, 69, 190, 10, 34, 10, 122, 97, 109, 24, 10, 104, 109, 58, 24, 99, 24, 184, 10, 24, 24, 99, 184, 99, 184, 184, 184, 104, 84, 104, 69, 184, 84, 10, 69, 69, 106, 10, 54, 34, 104, 84, 54, 10, 10, 63, 41, 10, 124, 95, 104, 10, 104, 69, 95, 184, 10, 10, 10, 90, 54, 157, 10, 10, 136, 137, 54, 10, 184, 90, 10, 10, 10, 185, 131, 10, 58, 97, 24, 24, 53, 104, 10, 10, 69, 69, 16, 16, 10, 10, 26, 113, 113, 115, 115, 58, 58, 58, 58, 10, 10, 58, 124, 10, 24, 24, 90, 109, 109, 10, 10, 10, 157, 157, 16, 10, 10, 10, 10, 10, 10, 10, 157, 41, 95, 10, 115, 144, 144, 115, 115, 59, 115, 115, 59, 59, 59, 59, 34, 113, 34, 115, 115, 10, 64, 10, 113, 113, 10, 10, 44, 95, 115, 115, 10, 59, 59, 131, 10, 10, 10, 10, 10, 10, 10, 10, 10, 62, 10, 131, 10, 131, 131, 131, 131, 10, 59, 10, 58, 58, 137, 115, 115, 137, 137, 58, 58, 135, 10, 58, 127, 127, 115, 115, 90, 90, 135, 135, 135, 135, 131, 131, 58, 135, 34, 113, 113, 113, 113, 41, 10, 40, 40, 10, 34, 34, 34, 34, 34, 34, 34, 34, 10, 34, 10, 10, 95, 190, 190, 190, 166, 166, 10, 10, 190, 10, 10, 90, 24, 24, 113, 34, 113, 10, 10, 99, 99, 99, 99, 12, 12, 109, 109, 109, 109, 10, 24, 24, 99, 99, 99, 99, 99, 99, 156, 156, 24, 90, 10, 41, 106, 108, 50, 50, 50, 50, 50, 50, 50, 50, 50, 10, 115, 42, 116, 50, 108, 50, 50, 43, 50, 104, 50, 50, 50, 50, 63, 124, 124, 10, 109, 84, 84, 84, 84, 10, 10, 10, 54, 95, 95, 10, 10, 10, 10, 157, 10, 10, 124, 63, 10, 10, 88, 10, 53, 124, 10, 115, 84, 59, 59, 10, 59, 59, 59, 134, 144, 84, 10, 59, 10, 59, 59, 59, 67, 59, 59, 59, 124, 115, 34, 10, 34, 35, 115, 59, 59, 34, 59, 59, 59, 10, 59, 59, 59, 34, 115, 59, 59, 67, 10, 115, 115, 59, 59, 59, 48, 10, 10, 131, 95, 131, 58, 137, 131, 10, 58, 131, 131, 58, 135, 58, 131, 58, 135, 115, 58, 58, 10, 58, 131, 58, 58, 58, 131, 10, 58, 58, 58, 58, 58, 58, 115, 113, 58, 58, 58, 54, 54, 58, 58, 58, 135, 135, 135, 135, 135, 58, 135, 135, 135, 58, 3, 58, 3, 58, 59, 58, 34, 58, 10, 37, 58, 58, 37, 113, 80, 80, 80, 37, 34, 34, 113, 58, 58, 58, 37, 106, 106, 37, 34, 54, 10, 54, 178, 34, 95, 178, 10, 10, 190, 190, 37, 37, 10, 37, 34, 37, 34, 90, 34, 34, 34, 69, 34, 34, 69, 10, 10, 10, 10, 24, 24, 24, 34, 99, 109, 109, 99, 63, 24, 99, 57, 109, 12, 24, 10, 12, 12, 104, 109, 84, 84, 10, 24, 24, 24, 10, 10, 135, 162, 99, 69, 90, 10, 10, 10, 24, 16, 10, 157, 10, 10, 157, 16, 157, 10, 10, 10, 10, 10, 34, 10, 10, 10, 10, 10, 36, 10, 84, 10, 58, 137, 58, 135, 58, 90, 104, 84, 84, 84, 8, 10, 10, 16, 165, 84, 10, 122, 106, 69, 54, 37, 58, 24, 37, 58, 10, 10, 8, 115, 8, 45, 10, 131, 45, 124, 45, 45, 8, 47, 24, 8, 8, 105, 90, 8, 8, 8, 8, 90, 8, 8, 8, 8, 45, 90, 8, 45, 8, 8, 8, 8, 90, 8, 8, 45, 8, 8, 8, 8, 45, 8, 90, 90, 8, 45, 45, 8, 8, 45, 8, 10, 8, 8, 8, 8, 8, 10, 90, 45, 8, 8, 69, 69, 10, 8, 8, 8, 10, 63, 45, 8, 45, 8, 182, 8, 8, 10, 145, 8, 8, 8, 10, 89, 8, 8, 8, 8, 104, 16, 105, 8, 8, 8, 8, 8, 45, 8, 8, 8, 8, 69, 8, 8, 8, 8, 8, 8, 10, 73, 8, 8, 8, 29, 10, 10, 53, 10, 8, 8, 8, 53, 45, 8, 76, 45, 8, 8, 8, 8, 106, 8, 41, 8, 45, 61, 45, 8, 45, 8, 96, 8, 8, 8, 8, 10, 53, 45, 45, 8, 8, 8, 8, 8, 8, 8, 147, 10, 8, 15, 45, 8, 8, 53, 10, 8, 8, 41, 8, 45, 8, 8, 151, 8, 8, 8, 8, 8, 45, 8, 102, 10, 8, 10, 8, 113, 45, 8, 8, 8, 108, 8, 10, 47, 8, 10, 48, 45, 45, 8, 8, 8, 75, 45, 45, 8, 10, 45, 32, 8, 8, 8, 124, 45, 8, 8, 54, 8, 8, 115, 8, 10, 154, 8, 8, 8, 90, 94, 8, 45, 8, 69, 8, 45, 8, 8, 8, 105, 96, 67, 94, 90, 8, 73, 45, 8, 8, 8, 8, 8, 10, 90, 8, 8, 8, 8, 8, 10, 8, 45, 10, 8, 8, 8, 8, 45, 45, 146, 10, 10, 8, 45, 8, 8, 8, 10, 131, 45, 8, 45, 8, 104, 8, 90, 131, 8, 45, 8, 8, 45, 58, 45, 84, 8, 8, 8, 8, 69, 8, 45, 8, 45, 10, 8, 90, 34, 8, 8, 45, 8, 45, 45, 45, 124, 45, 45, 25, 8, 10, 8, 8, 122, 67, 8, 8, 8, 45, 8, 104, 45, 45, 8, 45, 8, 90, 8, 45, 8, 8, 8, 8, 8, 45, 8, 8, 16, 8, 45, 54, 11, 16, 77, 8, 8, 45, 45, 45, 8, 8, 45, 8, 45, 8, 45, 69, 8, 45, 45, 10, 8, 8, 8, 69, 45, 8, 8, 10, 47, 8, 24, 45, 8, 8, 8, 109, 45, 24, 45, 24, 90, 45, 8, 8, 8, 8, 69, 8, 109, 8, 8, 8, 8, 10, 8, 8, 8, 8, 69, 69, 8, 8, 8, 8, 8, 8, 105, 8, 8, 8, 16, 90, 69, 54, 90, 69, 10, 69, 69, 69, 69, 69, 96, 69, 10, 4, 90, 69, 16, 69, 69, 10, 84, 4, 69, 69, 109, 108, 54, 54, 54, 54, 10, 10, 10, 187, 164, 24, 39, 109, 69, 99, 109, 99, 109, 90, 98, 10, 49, 10, 34, 37, 10, 137, 111, 190, 10, 99, 10, 139, 10, 10, 54, 10, 10, 59, 104, 34, 34, 99, 115, 10, 131, 93, 34, 58, 10, 58, 10, 106, 131, 92, 41, 10, 10, 10, 69, 69, 95, 30, 115, 173, 10, 135, 106, 58, 59, 115, 10, 10, 44, 10, 124, 10, 10, 58, 144, 10, 131, 69, 59, 10, 16, 64, 69, 190, 93, 34, 10, 99, 41, 164, 53, 10, 58, 10, 10, 10, 90, 10, 109, 10, 59, 29, 63, 10, 51, 34, 90, 10, 59, 10, 124, 10, 131, 112, 99, 10, 10, 10, 10, 157, 143, 90, 99, 10, 54, 135, 54, 115, 106, 10, 10, 10, 10, 180, 106, 95, 69, 52, 10, 113, 54, 97, 10, 67, 10, 10, 95, 34, 84, 10, 10, 10, 10, 17, 90, 29, 79, 10, 10, 41, 85, 10, 34, 164, 90, 109, 34, 99, 58, 109, 10, 99, 99, 99, 99, 10, 24, 10, 34, 10, 90, 10, 10, 190, 10, 34, 113, 10, 54, 34, 37, 104, 54, 17, 90, 124, 58, 124, 135, 54, 98, 90, 69, 10, 90, 135, 58, 106, 106, 10, 90, 181, 90, 111, 58, 10, 58, 69, 181, 10, 90, 69, 135, 131, 30, 131, 10, 10, 10, 10, 137, 181, 124, 63, 115, 10, 69, 63, 115, 34, 90, 90, 69, 69, 34, 90, 10, 90, 10, 104, 131, 90, 10, 69, 10, 34, 44, 10, 10, 34, 23, 10, 53, 67, 131, 69, 34, 124, 64, 34, 69, 115, 10, 49, 10, 90, 10, 10, 115, 10, 10, 69, 34, 16, 106, 78, 34, 10, 10, 106, 10, 113, 10, 59, 181, 115, 10, 106, 79, 64, 10, 10, 10, 59, 144, 95, 106, 10, 10, 59, 10, 10, 59, 59, 93, 93, 90, 64, 10, 10, 64, 115, 64, 90, 64, 90, 122, 10, 69, 106, 124, 29, 10, 112, 16, 10, 106, 172, 106, 95, 84, 10, 10, 41, 101, 90, 90, 41, 29, 10, 106, 101, 41, 41, 90, 54, 10, 51, 10, 180, 34, 10, 41, 10, 90, 10, 52, 53, 69, 106, 10, 10, 10, 69, 173, 139, 10, 10, 95, 10, 69, 85, 157, 10, 10, 10, 16, 90, 10, 10, 10, 10, 106, 90, 10, 106, 10, 10, 10, 10, 53, 54, 143, 95, 132, 63, 6, 115, 10, 135, 69, 34, 64, 90, 41, 58, 10, 9, 69, 84, 69, 10, 53, 54, 90, 113, 101, 10, 29, 69, 64, 10, 63, 124, 10, 69, 157, 90, 10, 34, 69, 90, 32, 70, 69, 69, 34, 10, 16, 10, 183, 54, 39, 10, 10, 90, 34, 187, 10, 99, 164, 24, 24, 7, 39, 24, 99, 84, 7, 7, 109, 7, 24, 10, 7, 7, 90, 7, 131, 10, 109, 37, 7, 190, 7, 190, 7, 99, 84, 115, 58, 7, 63, 84, 7, 10, 44, 7, 69, 10, 115, 24, 59, 99, 24, 7, 7, 186, 59, 59, 7, 10, 58, 7, 104, 72, 7, 190, 7, 7, 7, 41, 135, 109, 65, 16, 7, 24, 10, 10, 7, 7, 37, 7, 24, 10, 7, 131, 7, 