{"Run": 4, "K": 355, "WCSSD": 2247.544227788487, "Purity": 0.37772451349863917, "Time": 20.57397484779358, "Kmeans_Labels": [343, 333, 15, 170, 2, 2, 333, 338, 333, 2, 2, 339, 2, 224, 2, 2, 3, 287, 221, 328, 2, 2, 221, 224, 91, 184, 2, 287, 328, 105, 224, 2, 328, 287, 2, 2, 224, 224, 339, 224, 47, 302, 247, 201, 224, 2, 224, 2, 2, 113, 2, 81, 81, 1, 343, 2, 221, 287, 170, 170, 2, 287, 2, 268, 2, 225, 224, 333, 224, 287, 287, 2, 249, 248, 294, 2, 343, 2, 197, 2, 210, 2, 249, 287, 338, 2, 81, 2, 2, 2, 2, 2, 113, 341, 2, 2, 2, 2, 338, 2, 338, 294, 134, 132, 132, 302, 302, 132, 249, 294, 247, 249, 173, 315, 343, 294, 81, 2, 2, 97, 2, 2, 29, 170, 170, 97, 173, 170, 193, 1, 97, 97, 1, 2, 111, 328, 2, 2, 178, 2, 74, 170, 170, 328, 97, 29, 2, 2, 2, 170, 278, 20, 248, 328, 2, 97, 2, 2, 170, 2, 2, 97, 97, 2, 302, 97, 81, 41, 70, 248, 3, 2, 2, 81, 97, 2, 320, 45, 97, 2, 2, 2, 2, 2, 97, 2, 97, 2, 2, 81, 2, 266, 63, 97, 250, 170, 2, 90, 2, 2, 338, 210, 3, 320, 50, 338, 97, 69, 2, 50, 210, 2, 97, 338, 338, 97, 97, 249, 339, 343, 66, 1, 2, 339, 64, 97, 2, 339, 81, 97, 2, 2, 338, 2, 338, 2, 2, 164, 1, 2, 97, 2, 74, 338, 81, 126, 2, 220, 90, 97, 302, 339, 2, 97, 2, 210, 97, 2, 97, 220, 2, 343, 339, 84, 132, 27, 90, 132, 2, 320, 210, 302, 258, 210, 302, 210, 2, 210, 189, 132, 97, 343, 343, 221, 302, 302, 320, 132, 302, 193, 159, 302, 2, 247, 293, 302, 2, 302, 247, 328, 45, 302, 173, 293, 39, 302, 302, 302, 173, 247, 74, 343, 339, 173, 22, 343, 1, 247, 247, 229, 247, 22, 81, 247, 80, 133, 2, 343, 74, 71, 164, 97, 97, 343, 81, 2, 131, 343, 287, 97, 2, 2, 7, 90, 97, 81, 2, 97, 2, 210, 228, 2, 81, 2, 339, 343, 84, 70, 267, 93, 93, 2, 1, 93, 247, 343, 318, 93, 21, 2, 93, 93, 318, 21, 318, 21, 97, 97, 2, 3, 2, 81, 97, 268, 2, 81, 81, 287, 170, 81, 279, 2, 3, 258, 2, 2, 320, 57, 221, 201, 74, 2, 170, 2, 2, 74, 97, 170, 170, 2, 210, 2, 2, 248, 333, 2, 293, 90, 81, 97, 81, 170, 2, 2, 201, 132, 2, 343, 267, 93, 93, 45, 1, 248, 2, 1, 1, 164, 164, 2, 170, 177, 20, 20, 2, 2, 247, 247, 2, 247, 339, 339, 247, 201, 328, 345, 345, 173, 93, 93, 2, 2, 2, 162, 162, 164, 2, 2, 170, 2, 2, 2, 170, 300, 49, 74, 2, 249, 113, 113, 338, 338, 113, 113, 113, 2, 2, 113, 113, 113, 20, 2, 210, 210, 2, 38, 2, 20, 20, 2, 338, 280, 74, 2, 2, 2, 113, 113, 132, 15, 15, 2, 210, 210, 335, 335, 2, 2, 210, 170, 132, 81, 132, 132, 132, 132, 81, 249, 307, 169, 169, 302, 249, 249, 173, 173, 249, 249, 173, 339, 247, 302, 302, 173, 173, 2, 2, 114, 114, 173, 173, 132, 132, 155, 247, 2, 20, 20, 20, 20, 49, 2, 343, 343, 339, 151, 151, 339, 339, 2, 2, 2, 2, 188, 2, 2, 2, 56, 2, 2, 2, 104, 104, 2, 221, 213, 2, 2, 193, 93, 93, 20, 2, 20, 2, 2, 318, 318, 36, 36, 68, 68, 36, 36, 36, 36, 235, 93, 93, 36, 36, 36, 36, 318, 318, 93, 93, 36, 221, 2, 49, 287, 248, 204, 204, 204, 204, 204, 195, 230, 204, 204, 339, 339, 204, 204, 204, 224, 204, 204, 204, 204, 81, 204, 124, 204, 204, 320, 201, 201, 2, 93, 268, 268, 3, 3, 162, 162, 199, 343, 2, 2, 2, 2, 2, 2, 300, 2, 170, 299, 320, 170, 2, 310, 2, 45, 201, 2, 170, 3, 340, 340, 2, 340, 340, 249, 2, 2, 3, 2, 113, 2, 2, 2, 113, 115, 113, 113, 113, 201, 113, 45, 2, 113, 113, 113, 113, 113, 45, 113, 48, 113, 2, 113, 113, 113, 2, 2, 113, 113, 115, 330, 2, 2, 113, 249, 201, 249, 2, 2, 132, 74, 132, 84, 61, 132, 28, 247, 61, 132, 173, 169, 247, 132, 247, 169, 247, 247, 249, 249, 249, 343, 247, 247, 249, 249, 2, 247, 249, 160, 247, 249, 247, 173, 20, 247, 247, 247, 2, 2, 247, 211, 211, 247, 247, 247, 247, 173, 247, 114, 169, 173, 247, 247, 247, 173, 273, 265, 247, 2, 247, 2, 247, 273, 273, 33, 20, 18, 18, 18, 33, 151, 151, 20, 247, 247, 247, 247, 287, 287, 247, 341, 221, 1, 221, 2, 2, 2, 2, 2, 2, 2, 2, 59, 59, 2, 336, 2, 343, 290, 2, 96, 2, 2, 2, 2, 2, 221, 2, 2, 2, 2, 93, 93, 93, 2, 36, 93, 93, 318, 320, 93, 36, 260, 36, 68, 93, 2, 68, 68, 2, 36, 2, 2, 263, 93, 93, 93, 173, 2, 173, 93, 36, 96, 294, 2, 2, 2, 93, 328, 81, 2, 298, 2, 81, 328, 2, 2, 252, 2, 2, 2, 2, 2, 2, 115, 2, 198, 210, 84, 3, 2, 247, 132, 247, 169, 269, 81, 2, 194, 3, 194, 227, 1, 55, 164, 2, 3, 2, 70, 287, 81, 2, 343, 341, 93, 343, 341, 2, 2, 291, 339, 291, 6, 135, 132, 6, 201, 6, 137, 291, 291, 78, 227, 291, 227, 221, 191, 152, 227, 227, 288, 227, 227, 53, 227, 6, 135, 153, 275, 227, 227, 34, 137, 137, 227, 291, 6, 227, 227, 186, 227, 6, 227, 137, 137, 227, 6, 6, 227, 227, 6, 227, 2, 227, 153, 227, 291, 291, 2, 193, 6, 153, 227, 1, 268, 2, 291, 45, 227, 2, 268, 6, 153, 6, 153, 268, 227, 227, 2, 227, 227, 227, 227, 2, 2, 227, 227, 274, 291, 81, 328, 227, 227, 141, 227, 227, 153, 6, 227, 227, 153, 227, 1, 227, 180, 153, 227, 227, 291, 108, 1, 291, 227, 227, 225, 2, 2, 244, 271, 291, 227, 291, 140, 6, 227, 135, 6, 227, 227, 227, 153, 287, 346, 49, 227, 6, 6, 6, 153, 6, 227, 63, 227, 227, 291, 227, 2, 45, 6, 6, 227, 153, 227, 227, 291, 291, 153, 2, 312, 153, 87, 6, 227, 274, 45, 2, 153, 227, 49, 291, 6, 227, 227, 153, 152, 227, 291, 291, 227, 6, 32, 74, 187, 227, 2, 153, 227, 6, 153, 227, 227, 224, 227, 314, 291, 291, 2, 2, 6, 6, 153, 227, 291, 88, 6, 6, 227, 2, 6, 46, 291, 227, 291, 201, 6, 227, 53, 81, 245, 291, 339, 227, 2, 227, 217, 291, 291, 2, 6, 227, 99, 1, 81, 291, 6, 137, 227, 153, 227, 63, 115, 6, 265, 291, 2, 6, 227, 1, 227, 291, 291, 84, 288, 227, 153, 227, 291, 152, 135, 227, 6, 210, 291, 291, 227, 205, 6, 6, 227, 2, 2, 227, 6, 304, 227, 291, 2, 132, 6, 153, 106, 227, 2, 227, 1, 132, 227, 6, 291, 227, 6, 343, 6, 3, 227, 291, 291, 227, 1, 227, 6, 227, 6, 173, 227, 286, 1, 227, 227, 6, 296, 52, 6, 6, 201, 6, 6, 6, 291, 2, 227, 291, 70, 115, 227, 227, 291, 6, 227, 81, 6, 354, 227, 6, 291, 81, 291, 6, 227, 227, 283, 153, 291, 6, 163, 227, 164, 291, 6, 2, 164, 328, 227, 227, 227, 240, 6, 6, 291, 291, 6, 291, 6, 227, 6, 1, 291, 137, 6, 2, 353, 291, 291, 1, 6, 227, 291, 156, 291, 291, 291, 6, 291, 227, 291, 93, 106, 78, 106, 165, 1, 106, 291, 227, 227, 227, 2, 291, 93, 291, 227, 152, 291, 102, 291, 153, 227, 291, 138, 1, 227, 291, 153, 153, 291, 291, 227, 227, 291, 227, 164, 246, 81, 1, 41, 81, 2, 81, 81, 81, 81, 208, 63, 81, 2, 170, 193, 81, 79, 339, 81, 2, 3, 170, 81, 81, 93, 2, 64, 64, 64, 2, 2, 24, 1, 93, 209, 342, 236, 93, 1, 93, 93, 318, 93, 167, 201, 333, 2, 2, 2, 33, 2, 173, 173, 2, 81, 318, 84, 221, 170, 2, 343, 173, 2, 2, 2, 2, 113, 318, 339, 149, 132, 2, 2, 173, 170, 249, 96, 81, 132, 2, 49, 2, 2, 2, 339, 173, 74, 132, 339, 2, 2, 247, 287, 269, 277, 339, 2, 2, 210, 170, 329, 313, 115, 247, 2, 2, 132, 47, 249, 144, 164, 38, 1, 2, 2, 334, 40, 318, 57, 209, 45, 332, 247, 2, 210, 86, 1, 216, 93, 121, 2, 225, 320, 2, 85, 339, 81, 9, 113, 2, 201, 2, 302, 309, 318, 2, 49, 2, 173, 81, 2, 81, 36, 210, 343, 169, 221, 2, 287, 2, 2, 170, 2, 0, 287, 74, 1, 74, 173, 20, 343, 267, 2, 115, 320, 333, 74, 173, 3, 2, 2, 2, 2, 2, 81, 225, 2, 2, 221, 49, 221, 173, 2, 209, 1, 93, 173, 318, 247, 93, 2, 318, 93, 318, 36, 81, 342, 216, 2, 96, 167, 2, 2, 2, 2, 2, 10, 332, 343, 2, 33, 2, 343, 2, 341, 329, 247, 329, 173, 221, 201, 221, 84, 210, 221, 247, 269, 287, 81, 2, 81, 221, 210, 173, 173, 173, 249, 1, 221, 313, 221, 257, 169, 132, 132, 132, 2, 210, 173, 2, 173, 221, 329, 320, 339, 210, 81, 320, 302, 172, 292, 2, 221, 1, 2, 81, 84, 210, 221, 2, 302, 1, 2, 81, 2, 334, 210, 2, 1, 339, 270, 2, 45, 115, 132, 1, 2, 201, 38, 339, 339, 339, 2, 2, 2, 81, 115, 2, 339, 2, 2, 173, 113, 164, 287, 173, 113, 2, 2, 287, 2, 20, 2, 2, 257, 173, 265, 287, 2, 38, 2, 2, 173, 113, 2, 74, 185, 2, 2, 2, 149, 2, 249, 277, 2, 2, 1, 31, 320, 2, 38, 2, 38, 81, 38, 81, 70, 2, 81, 287, 201, 225, 2, 309, 164, 2, 287, 225, 320, 74, 3, 2, 150, 49, 49, 171, 1, 49, 225, 9, 287, 144, 49, 49, 81, 221, 49, 85, 333, 0, 2, 170, 57, 2, 2, 2, 74, 45, 47, 287, 2, 170, 144, 81, 2, 221, 210, 40, 74, 2, 1, 221, 81, 170, 170, 2, 328, 81, 221, 221, 2, 13, 287, 1, 121, 287, 2, 298, 170, 2, 45, 343, 2, 74, 287, 320, 2, 173, 210, 265, 1, 2, 31, 81, 49, 247, 288, 82, 257, 3, 257, 221, 45, 221, 341, 10, 49, 2, 225, 1, 38, 81, 320, 201, 2, 81, 232, 81, 84, 2, 110, 81, 2, 107, 210, 221, 2, 170, 328, 1, 268, 2, 236, 81, 1, 265, 2, 93, 2, 318, 209, 93, 93, 147, 24, 165, 318, 3, 338,