{"Run": 13, "K": 346, "WCSSD": 2272.563597674691, "Purity": 0.4884053821929573, "Time": 18.59835910797119, "Kmeans_Labels": [8, 101, 125, 247, 1, 268, 101, 134, 203, 1, 1, 135, 173, 173, 246, 1, 1, 1, 268, 92, 1, 1, 200, 173, 173, 167, 173, 194, 92, 1, 173, 1, 92, 234, 1, 1, 173, 173, 135, 173, 268, 337, 15, 189, 173, 1, 173, 8, 246, 1, 1, 268, 268, 1, 71, 45, 268, 101, 247, 247, 1, 167, 1, 15, 45, 111, 173, 101, 173, 45, 173, 246, 1, 71, 183, 246, 1, 1, 1, 1, 1, 234, 1, 246, 134, 1, 71, 67, 1, 1, 1, 1, 45, 1, 246, 327, 246, 1, 134, 1, 134, 183, 1, 273, 273, 327, 239, 273, 73, 183, 59, 81, 59, 173, 8, 183, 268, 1, 1, 255, 35, 282, 255, 247, 247, 255, 1, 247, 124, 1, 255, 255, 1, 39, 1, 92, 1, 1, 1, 1, 156, 247, 247, 92, 255, 255, 1, 1, 246, 247, 255, 257, 71, 92, 1, 255, 1, 1, 247, 246, 1, 190, 255, 1, 327, 255, 71, 204, 34, 71, 24, 132, 344, 268, 255, 1, 285, 14, 255, 1, 1, 1, 1, 1, 255, 1, 255, 1, 1, 268, 1, 156, 234, 255, 247, 247, 1, 75, 1, 1, 134, 200, 200, 61, 255, 134, 255, 134, 71, 1, 200, 1, 134, 134, 134, 255, 255, 1, 135, 156, 134, 1, 1, 135, 234, 255, 1, 135, 268, 255, 1, 1, 134, 1, 134, 1, 1, 223, 1, 1, 255, 1, 156, 134, 268, 134, 1, 1, 75, 95, 327, 327, 1, 329, 39, 200, 255, 1, 16, 1, 1, 8, 135, 40, 273, 1, 75, 273, 268, 1, 1, 327, 76, 1, 327, 327, 1, 1, 255, 273, 255, 327, 8, 246, 327, 196, 164, 273, 327, 124, 255, 327, 1, 327, 343, 327, 1, 327, 1, 268, 1, 327, 1, 8, 145, 327, 327, 327, 327, 59, 156, 8, 8, 8, 59, 8, 1, 59, 327, 1, 59, 59, 268, 224, 164, 248, 1, 11, 156, 8, 92, 255, 255, 8, 268, 8, 255, 8, 200, 255, 1, 234, 301, 75, 255, 88, 1, 255, 246, 1, 156, 75, 268, 8, 135, 8, 40, 34, 64, 245, 50, 1, 1, 50, 59, 31, 47, 50, 161, 1, 50, 50, 47, 161, 47, 161, 229, 255, 1, 1, 1, 268, 255, 1, 1, 268, 268, 1, 247, 1, 1, 246, 211, 76, 15, 1, 164, 11, 1, 150, 156, 1, 247, 1, 234, 156, 255, 1, 247, 1, 234, 1, 45, 71, 101, 1, 327, 75, 71, 255, 235, 247, 71, 1, 150, 273, 1, 8, 64, 50, 50, 15, 1, 71, 1, 72, 72, 92, 92, 1, 247, 1, 257, 257, 1, 1, 166, 166, 1, 59, 135, 135, 59, 150, 1, 8, 8, 234, 245, 245, 8, 8, 1, 216, 216, 92, 33, 33, 45, 45, 45, 45, 60, 45, 11, 280, 237, 1, 259, 259, 134, 134, 1, 1, 1, 1, 1, 1, 1, 1, 257, 170, 87, 87, 234, 227, 101, 257, 257, 101, 134, 1, 156, 44, 44, 1, 1, 1, 273, 91, 91, 234, 56, 56, 1, 1, 246, 1, 1, 177, 273, 8, 177, 273, 273, 177, 8, 1, 1, 13, 13, 327, 59, 59, 1, 1, 59, 59, 59, 135, 59, 327, 327, 59, 59, 1, 1, 323, 323, 323, 323, 62, 62, 59, 59, 1, 257, 257, 257, 257, 11, 1, 156, 156, 135, 1, 1, 135, 135, 1, 1, 1, 1, 1, 8, 1, 1, 156, 1, 8, 8, 1, 1, 92, 1, 1, 179, 179, 234, 245, 245, 257, 231, 257, 234, 234, 55, 55, 331, 331, 15, 15, 245, 245, 260, 260, 1, 50, 50, 47, 47, 232, 232, 94, 233, 245, 245, 331, 1, 1, 250, 129, 71, 103, 103, 103, 270, 103, 103, 103, 103, 103, 135, 198, 103, 103, 103, 173, 103, 318, 103, 103, 268, 103, 103, 103, 103, 164, 294, 150, 1, 245, 33, 33, 90, 90, 216, 216, 268, 118, 45, 45, 268, 1, 1, 1, 45, 1, 247, 150, 164, 247, 1, 1, 1, 15, 150, 1, 69, 101, 1, 1, 1, 1, 1, 1, 1, 259, 1, 1, 45, 1, 1, 1, 1, 67, 1, 1, 1, 150, 1, 15, 234, 1, 57, 1, 57, 1, 15, 1, 1, 1, 1, 57, 1, 57, 1, 44, 57, 57, 67, 1, 44, 44, 1, 1, 150, 317, 1, 1, 273, 156, 273, 40, 273, 273, 1, 59, 273, 273, 8, 13, 327, 273, 323, 202, 202, 323, 59, 8, 59, 273, 59, 81, 81, 273, 1, 59, 59, 59, 32, 59, 59, 1, 257, 59, 59, 59, 1, 1, 59, 59, 59, 323, 323, 323, 59, 323, 59, 323, 323, 323, 323, 323, 59, 323, 59, 135, 323, 9, 59, 1, 17, 59, 59, 156, 257, 59, 59, 59, 8, 1, 1, 257, 59, 59, 323, 59, 300, 300, 59, 1, 234, 1, 234, 179, 8, 156, 8, 1, 8, 8, 8, 59, 59, 179, 8, 8, 156, 1, 234, 8, 1, 1, 1, 8, 8, 234, 8, 8, 1, 1, 50, 50, 50, 8, 331, 50, 245, 55, 164, 50, 245, 1, 245, 245, 50, 1, 245, 245, 234, 245, 1, 1, 234, 50, 50, 50, 234, 1, 110, 50, 47, 234, 183, 8, 8, 8, 50, 92, 8, 45, 1, 1, 42, 307, 45, 1, 1, 1, 1, 1, 1, 268, 1, 159, 1, 67, 116, 40, 1, 1, 59, 273, 59, 323, 59, 268, 8, 1, 246, 1, 6, 71, 247, 92, 1, 1, 1, 34, 167, 268, 1, 8, 59, 50, 8, 59, 126, 1, 2, 1, 2, 328, 1, 99, 128, 150, 328, 209, 2, 2, 50, 119, 271, 295, 296, 119, 2, 119, 119, 23, 119, 119, 278, 119, 328, 234, 119, 328, 119, 295, 119, 209, 209, 119, 2, 328, 119, 119, 119, 119, 328, 119, 209, 209, 119, 328, 328, 119, 119, 184, 278, 1, 119, 295, 119, 2, 2, 126, 124, 328, 119, 119, 1, 1, 1, 2, 295, 119, 268, 164, 328, 119, 328, 119, 1, 295, 119, 1, 295, 119, 295, 119, 126, 1, 119, 119, 295, 2, 268, 92, 295, 119, 119, 119, 119, 119, 328, 119, 295, 295, 119, 271, 295, 119, 119, 147, 295, 2, 101, 268, 271, 119, 119, 210, 1, 1, 14, 1, 2, 119, 2, 15, 328, 119, 234, 209, 319, 148, 290, 119, 1, 2, 11, 119, 328, 328, 328, 27, 328, 119, 234, 119, 119, 2, 119, 1, 141, 328, 328, 295, 119, 295, 119, 193, 2, 295, 234, 1, 119, 295, 328, 119, 119, 14, 1, 119, 119, 11, 2, 328, 295, 295, 119, 119, 119, 2, 2, 119, 328, 119, 156, 117, 172, 295, 119, 295, 328, 271, 295, 119, 173, 119, 1, 2, 2, 1, 317, 328, 328, 119, 295, 2, 328, 197, 197, 119, 1, 328, 14, 2, 119, 2, 150, 328, 119, 119, 234, 119, 2, 1, 119, 1, 119, 119, 2, 2, 1, 328, 295, 328, 271, 268, 2, 328, 209, 120, 119, 119, 234, 67, 135, 234, 2, 1, 328, 119, 271, 119, 2, 2, 40, 23, 119, 320, 119, 2, 119, 1, 3, 328, 1, 2, 2, 119, 119, 100, 328, 119, 1, 1, 119, 328, 2, 119, 154, 246, 273, 328, 119, 267, 119, 246, 119, 0, 273, 119, 328, 2, 119, 328, 59, 70, 268, 119, 2, 2, 119, 220, 119, 328, 119, 70, 1, 295, 268, 1, 119, 108, 328, 119, 328, 128, 328, 150, 328, 184, 201, 2, 234, 295, 2, 34, 67, 278, 119, 2, 328, 119, 268, 328, 328, 119, 214, 2, 268, 2, 328, 119, 295, 2, 119, 2, 328, 2, 119, 74, 2, 328, 8, 92, 20, 119, 119, 6, 222, 328, 328, 2, 2, 184, 2, 328, 119, 328, 268, 2, 209, 328, 234, 295, 2, 2, 220, 328, 119, 295, 111, 2, 295, 295, 328, 2, 119, 2, 245, 267, 50, 267, 295, 0, 328, 2, 119, 21, 119, 1, 2, 50, 2, 295, 119, 2, 1, 295, 295, 119, 2, 268, 271, 119, 2, 119, 271, 271, 295, 295, 119, 2, 119, 92, 122, 268, 298, 204, 268, 1, 268, 268, 268, 268, 268, 234, 268, 289, 247, 124, 268, 92, 135, 268, 1, 234, 247, 268, 268, 245, 71, 234, 234, 234, 1, 1, 208, 8, 50, 53, 50, 152, 50, 1, 149, 245, 232, 245, 293, 150, 101, 1, 136, 8, 59, 1, 8, 1, 8, 1, 47, 40, 268, 247, 1, 96, 1, 327, 1, 246, 242, 1, 37, 135, 1, 273, 1, 113, 59, 247, 59, 234, 71, 273, 311, 155, 1, 1, 1, 135, 1, 156, 273, 135, 1, 58, 323, 1, 59, 1, 135, 1, 85, 329, 247, 150, 8, 159, 78, 259, 1, 273, 8, 303, 101, 92, 227, 1, 8, 1, 135, 305, 47, 97, 53, 33, 1, 59, 1, 1, 1, 1, 8, 245, 1, 1, 111, 164, 1, 5, 135, 234, 1, 1, 1, 153, 1, 186, 1, 47, 1, 1, 1, 1, 45, 51, 75, 331, 1, 8, 13, 268, 1, 167, 1, 1, 247, 1, 263, 167, 156, 234, 156, 1, 257, 8, 64, 1, 67, 1, 101, 156, 1, 1, 1, 1, 1, 1, 39, 268, 111, 1, 1, 1, 11, 268, 1, 1, 53, 296, 245, 1, 232, 59, 50, 1, 37, 149, 47, 331, 1, 50, 8, 65, 234, 293, 321, 1, 8, 136, 8, 257, 1, 96, 113, 59, 246, 8, 39, 1, 150, 192, 150, 323, 268, 150, 234, 40, 1, 296, 323, 59, 1, 71, 1, 1, 296, 122, 1, 59, 1, 59, 334, 296, 8, 296, 158, 13, 273, 273, 273, 327, 1, 1, 1, 8, 296, 150, 19, 135, 234, 234, 164, 49, 1, 296, 268, 83, 1, 65, 246, 40, 122, 296, 1, 186, 268, 1, 268, 1, 135, 329, 1, 1, 135, 234, 1, 14, 67, 273, 268, 1, 150, 227, 135, 135, 135, 234, 1, 1, 234, 159, 137, 135, 1, 1, 1, 1, 92, 1, 1, 1, 58, 1, 167, 1, 257, 1, 1, 296, 1, 1, 1, 1, 227, 1, 1, 1, 1, 259, 156, 167, 85, 1, 1, 1, 1, 303, 1, 1, 1, 1, 227, 1, 1, 227, 1, 227, 268, 227, 268, 34, 1, 268, 1, 150, 111, 1, 1, 92, 1, 167, 111, 213, 156, 1, 1, 213, 11, 11, 41, 101, 155, 111, 1, 1, 268, 11, 11, 234, 268, 1, 5, 101, 263, 1, 247, 97, 46, 204, 1, 156, 15, 8, 1, 1, 247, 101, 268, 1, 268, 1, 305, 156, 1, 1, 268, 45, 247, 247, 289, 92, 268, 1, 1, 1, 268, 167, 234, 1, 1, 1, 1, 247, 1, 33, 8, 51, 156, 167, 264, 1, 1, 1, 236, 268, 1, 227, 246, 11, 59, 23, 10, 30, 164, 158, 1, 15, 268, 1, 257, 11, 1, 111, 334, 227, 8, 15, 150, 1, 268, 45, 268, 40, 65, 234, 75, 121, 236, 1, 83, 65, 247, 15, 234, 45, 1, 152, 8, 8, 236, 242, 50, 1, 47, 53, 50, 50, 26, 64, 50, 55, 26, 134, 26, 272, 26, 50, 247, 26, 26, 183, 183, 327, 125, 245, 133, 26, 134, 26, 135, 26, 188, 89, 291, 59, 26, 164, 26, 89,