{"Run": 4, "K": 38, "WCSSD": 2871.225049360878, "Purity": 0.16134126853867817, "Time": 2.1326470375061035, "Kmeans_Labels": [12, 9, 17, 9, 9, 9, 9, 9, 9, 9, 9, 9, 9, 9, 9, 9, 9, 9, 9, 9, 9, 9, 9, 9, 9, 9, 9, 9, 9, 35, 9, 9, 9, 9, 9, 9, 9, 9, 9, 9, 9, 9, 8, 9, 12, 9, 9, 9, 9, 9, 9, 9, 9, 9, 9, 9, 9, 9, 9, 9, 9, 9, 9, 33, 9, 9, 9, 9, 9, 9, 9, 9, 35, 9, 9, 9, 9, 9, 9, 8, 9, 9, 35, 9, 9, 33, 9, 9, 9, 9, 9, 9, 9, 9, 9, 9, 9, 9, 9, 9, 9, 9, 9, 35, 15, 9, 35, 35, 35, 9, 12, 35, 12, 9, 35, 9, 9, 9, 9, 9, 9, 9, 9, 9, 9, 9, 9, 9, 9, 9, 9, 9, 9, 9, 9, 9, 9, 9, 9, 9, 9, 27, 27, 9, 9, 33, 9, 9, 9, 9, 9, 9, 9, 9, 9, 9, 9, 9, 9, 9, 9, 9, 9, 9, 9, 9, 9, 9, 9, 9, 9, 9, 9, 9, 9, 9, 33, 8, 9, 9, 9, 9, 9, 9, 9, 9, 9, 9, 9, 9, 9, 9, 9, 9, 9, 9, 9, 9, 9, 35, 33, 9, 9, 33, 9, 9, 9, 9, 9, 14, 9, 9, 9, 9, 9, 9, 9, 35, 9, 9, 9, 9, 9, 9, 9, 9, 9, 9, 9, 9, 9, 9, 9, 9, 9, 9, 9, 9, 9, 9, 9, 9, 9, 9, 9, 35, 9, 9, 9, 9, 35, 35, 9, 9, 9, 9, 9, 9, 9, 9, 9, 9, 9, 17, 17, 9, 9, 9, 9, 33, 9, 17, 9, 9, 9, 17, 9, 9, 9, 9, 9, 35, 9, 9, 9, 9, 33, 35, 9, 9, 9, 17, 9, 12, 9, 18, 9, 18, 9, 9, 8, 18, 9, 9, 9, 35, 18, 18, 9, 12, 9, 9, 9, 9, 35, 12, 9, 12, 12, 9, 12, 12, 9, 12, 33, 9, 12, 9, 9, 12, 9, 9, 9, 12, 9, 9, 9, 9, 9, 12, 9, 9, 9, 9, 9, 9, 9, 9, 9, 9, 9, 9, 9, 12, 9, 9, 17, 9, 13, 30, 30, 9, 9, 30, 12, 30, 22, 30, 9, 9, 30, 30, 22, 9, 22, 9, 9, 9, 9, 9, 9, 9, 9, 9, 9, 9, 9, 9, 9, 9, 9, 9, 17, 9, 8, 9, 33, 9, 9, 9, 9, 9, 9, 9, 9, 9, 9, 33, 9, 9, 17, 9, 9, 9, 9, 9, 9, 9, 9, 9, 9, 9, 9, 9, 9, 9, 9, 12, 13, 30, 30, 19, 9, 9, 9, 9, 9, 9, 9, 9, 9, 9, 9, 9, 9, 9, 12, 12, 9, 12, 9, 9, 12, 9, 9, 9, 9, 9, 30, 30, 9, 9, 9, 9, 9, 9, 8, 8, 17, 17, 17, 9, 9, 9, 3, 9, 9, 35, 9, 9, 9, 9, 9, 9, 9, 9, 9, 35, 35, 9, 9, 9, 9, 9, 9, 23, 9, 9, 9, 9, 9, 9, 9, 35, 35, 9, 35, 9, 35, 17, 17, 9, 17, 17, 9, 9, 9, 9, 9, 9, 17, 9, 9, 17, 17, 9, 9, 35, 9, 35, 35, 35, 35, 35, 35, 35, 35, 35, 12, 9, 12, 35, 35, 35, 35, 9, 9, 12, 12, 12, 12, 9, 9, 12, 12, 9, 9, 9, 9, 9, 9, 9, 9, 9, 9, 9, 9, 12, 12, 9, 9, 12, 12, 9, 9, 9, 9, 9, 9, 9, 9, 9, 9, 9, 9, 9, 9, 9, 9, 30, 30, 9, 9, 9, 9, 9, 22, 22, 25, 25, 22, 22, 22, 22, 22, 22, 9, 30, 30, 22, 22, 22, 22, 22, 22, 30, 30, 30, 9, 9, 9, 9, 9, 9, 9, 9, 9, 9, 9, 9, 9, 9, 9, 9, 9, 9, 9, 9, 9, 9, 9, 9, 9, 9, 9, 9, 9, 33, 9, 9, 9, 30, 8, 8, 9, 9, 9, 9, 9, 9, 9, 9, 9, 9, 9, 9, 9, 9, 9, 9, 33, 9, 9, 9, 9, 8, 9, 9, 35, 9, 35, 35, 9, 35, 35, 35, 9, 9, 8, 9, 9, 9, 9, 9, 9, 9, 9, 9, 9, 9, 35, 8, 9, 9, 9, 35, 35, 9, 8, 9, 35, 9, 9, 9, 9, 9, 9, 35, 35, 9, 9, 9, 35, 35, 9, 35, 9, 35, 9, 9, 9, 9, 9, 17, 9, 9, 9, 12, 9, 35, 35, 35, 12, 35, 12, 35, 35, 12, 35, 35, 35, 35, 12, 12, 35, 35, 9, 12, 35, 12, 12, 35, 12, 9, 12, 12, 12, 12, 9, 9, 12, 12, 12, 12, 12, 12, 12, 12, 12, 26, 12, 12, 12, 12, 12, 12, 12, 9, 12, 12, 12, 9, 12, 12, 12, 12, 12, 12, 12, 12, 12, 8, 8, 12, 12, 12, 12, 12, 9, 9, 12, 12, 17, 9, 17, 9, 9, 9, 9, 9, 9, 9, 9, 12, 12, 9, 12, 12, 12, 9, 9, 9, 9, 9, 9, 9, 9, 9, 9, 9, 9, 9, 30, 30, 30, 9, 25, 30, 30, 22, 33, 30, 22, 9, 30, 22, 30, 33, 22, 22, 9, 30, 8, 8, 9, 30, 30, 30, 9, 9, 9, 30, 22, 9, 9, 9, 9, 9, 30, 9, 9, 9, 9, 9, 9, 9, 9, 9, 9, 9, 9, 9, 9, 9, 9, 9, 9, 9, 17, 17, 9, 9, 12, 35, 12, 9, 12, 9, 9, 9, 9, 9, 24, 9, 9, 9, 9, 9, 9, 9, 9, 9, 9, 12, 12, 30, 12, 12, 9, 9, 24, 9, 24, 32, 9, 16, 32, 9, 32, 32, 24, 24, 30, 24, 24, 16, 9, 24, 24, 24, 16, 9, 24, 24, 16, 24, 32, 9, 24, 32, 24, 16, 24, 16, 9, 24, 24, 32, 24, 24, 24, 24, 32, 16, 32, 9, 24, 32, 32, 24, 24, 32, 16, 9, 16, 16, 24, 24, 24, 9, 9, 32, 16, 24, 9, 9, 9, 24, 16, 24, 9, 33, 32, 16, 32, 16, 9, 16, 24, 9, 16, 24, 16, 24, 9, 9, 24, 24, 16, 24, 9, 9, 16, 24, 16, 24, 16, 16, 32, 16, 16, 16, 24, 16, 16, 24, 16, 24, 16, 24, 9, 9, 16, 24, 24, 9, 9, 9, 8, 9, 24, 16, 24, 8, 32, 16, 9, 32, 16, 24, 24, 16, 9, 24, 9, 24, 32, 32, 32, 16, 32, 24, 9, 16, 24, 24, 24, 9, 8, 32, 32, 16, 24, 16, 24, 24, 24, 16, 9, 9, 24, 16, 32, 24, 24, 8, 9, 24, 24, 9, 24, 32, 16, 16, 24, 24, 24, 24, 24, 24, 32, 24, 9, 9, 24, 16, 16, 16, 32, 16, 16, 24, 16, 24, 9, 24, 24, 9, 16, 32, 32, 16, 24, 24, 32, 32, 32, 16, 9, 32, 8, 24, 24, 24, 9, 32, 24, 24, 9, 24, 24, 9, 24, 9, 24, 24, 24, 24, 9, 32, 16, 32, 16, 9, 24, 32, 16, 16, 24, 24, 9, 16, 32, 9, 24, 9, 32, 24, 16, 16, 24, 24, 17, 9, 24, 16, 24, 24, 24, 9, 16, 32, 17, 24, 24, 24, 24, 32, 32, 16, 9, 9, 24, 32, 24, 24, 24, 9, 9, 32, 16, 32, 24, 9, 24, 9, 16, 16, 32, 24, 24, 32, 12, 32, 9, 24, 24, 24, 24, 9, 24, 32, 24, 32, 9, 16, 9, 9, 24, 24, 32, 24, 32, 32, 32, 9, 32, 32, 32, 24, 9, 16, 24, 16, 9, 24, 24, 24, 32, 16, 9, 32, 32, 16, 32, 24, 9, 16, 32, 24, 16, 16, 24, 24, 32, 16, 24, 16, 24, 32, 9, 9, 9, 16, 16, 24, 32, 32, 32, 24, 24, 32, 6, 32, 24, 32, 9, 24, 32, 32, 9, 16, 24, 16, 16, 32, 24, 24, 9, 24, 16, 16, 32, 24, 24, 24, 30, 32, 30, 32, 30, 9, 32, 16, 24, 24, 24, 9, 24, 30, 24, 16, 24, 24, 9, 16, 16, 24, 24, 9, 9, 24, 24, 24, 16, 24, 24, 16, 16, 24, 24, 9, 9, 9, 9, 9, 9, 9, 9, 9, 9, 9, 9, 9, 9, 9, 9, 9, 9, 9, 9, 9, 9, 9, 9, 9, 9, 30, 9, 9, 9, 9, 9, 9, 29, 9, 30, 9, 30, 29, 30, 9, 30, 30, 22, 30, 9, 9, 9, 35, 9, 9, 12, 9, 9, 9, 9, 9, 22, 17, 9, 9, 9, 12, 9, 9, 9, 9, 30, 9, 22, 9, 9, 9, 9, 9, 12, 17, 35, 9, 9, 9, 9, 9, 9, 9, 9, 9, 9, 9, 9, 35, 9, 9, 12, 9, 12, 35, 9, 9, 9, 9, 9, 9, 9, 9, 12, 9, 9, 9, 9, 35, 9, 9, 23, 9, 9, 35, 9, 9, 22, 9, 9, 8, 9, 12, 9, 9, 9, 9, 9, 30, 9, 9, 9, 33, 9, 9, 9, 9, 9, 9, 9, 9, 2, 9, 9, 22, 9, 17, 9, 9, 9, 9, 9, 25, 17, 9, 35, 9, 9, 9, 9, 9, 10, 9, 9, 9, 9, 9, 9, 9, 9, 9, 13, 9, 9, 33, 9, 9, 9, 9, 9, 9, 9, 9, 9, 9, 9, 31, 9, 9, 9, 9, 9, 9, 9, 9, 30, 9, 22, 12, 30, 9, 22, 30, 22, 25, 9, 30, 9, 9, 9, 9, 9, 9, 9, 9, 9, 9, 9, 12, 9, 12, 9, 9, 9, 9, 9, 12, 9, 12, 9, 9, 7, 17, 17, 9, 12, 12, 9, 9, 9, 9, 9, 9, 9, 12, 9, 35, 9, 9, 9, 9, 9, 35, 9, 9, 9, 9, 17, 9, 9, 9, 9, 9, 33, 35, 9, 9, 33, 35, 9, 9, 9, 9, 9, 9, 9, 17, 9, 17, 9, 9, 9, 2, 9, 9, 9, 9, 9, 9, 9, 9, 9, 8, 9, 9, 9, 9, 9, 23, 9, 9, 9, 9, 35, 9, 9, 9, 9, 9, 9, 9, 9, 9, 9, 9, 9, 9, 9, 9, 9, 9, 9, 9, 9, 9, 9, 9, 9, 31, 23, 9, 9, 9, 9, 9, 9, 9, 9, 9, 9, 9, 9, 35, 35, 35, 9, 9, 23, 33, 9, 23, 9, 23, 9, 23, 9, 9, 9, 9, 9, 9, 9, 9, 9, 33, 9, 9, 9, 33, 9, 9, 9, 17, 9, 9, 9, 9, 9, 9, 9, 9, 9, 9, 9, 9, 9, 17, 9, 9, 9, 9, 9, 9, 9, 9, 9, 9, 8, 9, 9, 9, 10, 9, 9, 9, 9, 9, 9, 9, 9, 9, 9, 9, 9, 17, 9, 9, 9, 9, 9, 9, 9, 9, 9, 9, 9, 17, 9, 9, 9, 8, 9, 9, 17, 9, 33, 9, 9, 17, 9, 9, 9, 23, 9, 9, 12, 9, 9, 9, 33, 9, 9, 8, 9, 9, 9, 9, 9, 9, 9, 23, 9, 8, 9, 9, 9, 9, 9, 17, 9, 9, 9, 9, 9, 17, 9, 9, 9, 8, 9, 9, 9, 29, 9, 9, 9, 30, 30, 9, 22, 9, 30, 30, 9, 29, 30, 22, 9, 9, 9, 30, 9, 30, 9, 9, 9, 9, 9, 17, 17, 30, 12, 12, 9, 9, 12, 9, 22, 9, 35, 12, 9, 33, 9, 9, 9, 9, 9, 9, 9, 35, 30, 9, 22, 30, 9, 9, 35, 9, 9, 9, 9, 12, 9, 9, 20, 9, 12, 9, 9, 29, 9, 9, 30, 8, 9, 9, 30, 33, 9, 9, 9, 12, 9, 30, 17, 9, 9, 9, 22, 12, 9, 9, 9, 9, 9, 9, 9, 9, 12, 9, 9, 9, 9, 9, 30, 22, 9, 9, 12, 9, 9, 9, 9, 30, 30, 9, 9, 30, 9, 9, 33, 9, 22, 9, 9, 9, 17, 9, 9, 9, 9, 33, 9, 17, 9, 9, 33, 9, 9, 9, 9, 9, 9, 9, 29, 9, 37, 9, 9, 9, 9, 9, 9, 9, 17, 9, 9, 9, 9, 9, 9, 9, 9, 9, 5, 33, 9, 9, 9, 9, 9, 9, 9, 13, 33, 9, 9, 9, 9, 9, 9, 9, 9, 9, 33, 9, 9, 9, 9, 9, 9, 8, 9, 23, 9, 33, 9, 9, 9, 8, 9, 33, 9, 9, 9, 9, 9, 9, 9, 17, 9, 9, 9, 9, 9, 9, 9, 9, 9, 9, 9, 9, 23, 9, 9, 9, 9, 9, 9, 9, 9, 35, 9, 9, 9, 21, 9, 30, 9, 9, 9, 9, 9, 9, 30, 9, 9, 9, 33, 9, 9, 9, 9, 9, 9, 21, 8, 9, 9, 9, 9, 9, 9, 9, 9, 9, 9, 33, 9, 9, 9, 9, 9, 9, 9, 9, 9, 17, 9, 9, 9, 9, 9, 9, 9, 8, 9, 9, 9, 9, 9, 9, 21, 9, 9, 9, 8, 8, 21, 21, 9, 21, 8, 21, 21, 21, 34, 35, 9, 9, 21, 21, 21, 21, 33, 8, 8, 21, 21, 21, 21, 9, 21, 9, 8, 8, 21, 9, 21, 8, 21, 9, 9, 9, 9, 9, 9, 9, 9, 9, 9, 9, 9, 9, 9, 9, 9, 9, 12, 8, 9, 9, 9, 9, 9, 9, 9, 9, 9, 9, 8, 9, 9, 9, 9, 1, 9, 9, 9, 9, 9, 9, 9, 13, 9, 9, 21, 21, 35, 9, 9, 21, 11, 21, 9, 21, 21, 21, 9, 9, 17, 9, 8, 21, 21, 9, 9, 9, 9, 0, 9, 27, 9, 9, 33, 9, 9, 21, 9, 17, 9, 9, 21, 21, 17, 9, 9, 9, 9, 9, 22, 21, 12, 35, 22, 21, 21, 21, 9, 9, 21, 9, 21, 9, 8, 9, 9, 9, 9, 9, 9, 9, 8, 9, 9, 9, 9, 9, 30, 30, 30, 33, 17, 33, 9, 9, 4, 9, 9, 9, 9, 33, 30, 9, 9, 9, 9, 33, 33, 9, 9, 30, 9, 9, 9, 9, 9, 9, 9, 9, 9, 9, 9, 9, 9, 9, 33, 9, 8, 9, 9, 9, 9, 9, 8, 9, 9, 8, 9, 9, 9, 9, 33, 13, 13, 13, 13,