{"Run": 14, "K": 447, "WCSSD": 2169.320184073716, "Purity": 0.517892928714572, "Time": 24.18798017501831, "Kmeans_Labels": [408, 24, 221, 133, 8, 55, 24, 229, 24, 62, 8, 161, 203, 203, 8, 8, 8, 333, 78, 110, 78, 315, 377, 203, 91, 333, 281, 333, 110, 198, 203, 78, 162, 333, 203, 145, 203, 203, 158, 203, 78, 124, 203, 163, 366, 177, 91, 240, 8, 295, 176, 433, 433, 145, 220, 131, 440, 24, 57, 57, 8, 333, 8, 115, 131, 217, 203, 24, 203, 131, 333, 78, 8, 108, 172, 8, 8, 371, 8, 8, 8, 326, 423, 333, 229, 8, 108, 287, 345, 415, 8, 8, 131, 203, 50, 315, 347, 78, 229, 8, 229, 172, 8, 288, 288, 101, 101, 288, 118, 172, 406, 337, 374, 203, 220, 172, 45, 8, 55, 23, 55, 55, 23, 57, 8, 23, 55, 57, 240, 55, 3, 305, 8, 55, 272, 110, 55, 55, 55, 55, 29, 57, 127, 110, 23, 23, 8, 429, 8, 57, 23, 15, 108, 110, 55, 23, 8, 55, 57, 55, 55, 23, 23, 55, 101, 23, 421, 45, 27, 108, 23, 8, 8, 433, 23, 171, 348, 81, 23, 8, 55, 55, 358, 358, 23, 30, 23, 8, 8, 30, 401, 29, 249, 23, 55, 55, 55, 92, 98, 72, 229, 377, 221, 115, 23, 323, 23, 229, 108, 55, 377, 55, 229, 229, 229, 23, 23, 72, 161, 29, 229, 172, 8, 161, 266, 23, 277, 72, 433, 23, 8, 55, 229, 8, 229, 45, 72, 110, 55, 55, 23, 8, 29, 242, 433, 44, 62, 55, 92, 23, 72, 72, 8, 23, 30, 377, 23, 55, 23, 72, 55, 8, 161, 221, 288, 8, 92, 288, 45, 72, 8, 101, 55, 55, 101, 221, 351, 55, 23, 288, 23, 220, 220, 55, 101, 101, 101, 288, 101, 240, 23, 101, 8, 101, 8, 101, 102, 101, 8, 110, 8, 101, 8, 89, 8, 72, 101, 101, 8, 406, 120, 220, 72, 45, 72, 180, 8, 406, 406, 315, 406, 406, 433, 406, 115, 256, 8, 14, 29, 62, 110, 82, 23, 408, 433, 8, 23, 220, 377, 23, 55, 240, 177, 92, 23, 12, 55, 23, 55, 177, 29, 184, 433, 177, 161, 8, 221, 414, 48, 387, 54, 240, 55, 155, 406, 29, 387, 54, 23, 55, 54, 54, 54, 23, 240, 23, 432, 23, 55, 8, 55, 326, 23, 8, 8, 433, 433, 333, 139, 419, 46, 55, 221, 45, 8, 203, 115, 14, 8, 23, 29, 319, 144, 55, 8, 29, 213, 8, 57, 8, 221, 8, 131, 108, 24, 8, 101, 92, 108, 23, 108, 8, 108, 143, 315, 288, 8, 406, 48, 54, 54, 30, 289, 108, 110, 168, 168, 110, 110, 8, 57, 8, 15, 15, 72, 72, 406, 406, 8, 406, 161, 161, 240, 315, 110, 240, 240, 31, 387, 387, 240, 240, 245, 131, 131, 8, 131, 131, 131, 131, 131, 131, 16, 246, 14, 29, 45, 72, 8, 8, 229, 229, 8, 261, 261, 8, 8, 285, 285, 285, 398, 8, 72, 72, 240, 405, 24, 15, 15, 24, 229, 380, 29, 336, 336, 8, 50, 94, 288, 221, 221, 240, 221, 221, 8, 8, 8, 8, 8, 148, 159, 315, 196, 446, 446, 196, 315, 50, 8, 406, 406, 101, 337, 337, 8, 8, 406, 406, 230, 161, 406, 72, 72, 72, 72, 268, 268, 406, 406, 406, 406, 62, 62, 406, 378, 8, 15, 15, 15, 15, 14, 315, 29, 29, 161, 8, 8, 161, 161, 8, 8, 8, 8, 8, 8, 77, 77, 29, 177, 177, 177, 45, 45, 110, 8, 177, 141, 141, 240, 105, 105, 15, 78, 15, 240, 240, 123, 123, 320, 320, 157, 157, 147, 147, 387, 387, 315, 54, 54, 123, 123, 123, 123, 399, 54, 54, 54, 54, 45, 189, 14, 315, 108, 154, 154, 154, 411, 154, 154, 154, 65, 154, 161, 161, 154, 154, 154, 203, 28, 154, 154, 154, 315, 154, 154, 154, 154, 115, 8, 315, 8, 387, 17, 17, 365, 365, 131, 131, 335, 132, 131, 131, 347, 8, 311, 8, 246, 30, 57, 163, 115, 57, 8, 78, 8, 8, 8, 50, 72, 58, 50, 50, 8, 50, 50, 8, 8, 131, 43, 8, 131, 418, 8, 8, 50, 287, 50, 50, 50, 287, 126, 84, 8, 285, 50, 72, 50, 50, 84, 50, 50, 233, 207, 50, 8, 50, 8, 336, 50, 50, 287, 50, 336, 336, 50, 62, 163, 190, 8, 8, 288, 29, 437, 8, 288, 288, 315, 211, 437, 288, 8, 406, 406, 288, 406, 406, 72, 406, 406, 8, 337, 288, 406, 406, 337, 337, 315, 406, 337, 220, 406, 220, 406, 8, 88, 406, 406, 406, 8, 8, 406, 406, 406, 406, 406, 406, 406, 406, 406, 433, 406, 274, 406, 406, 66, 274, 406, 50, 406, 62, 356, 315, 356, 406, 406, 376, 15, 292, 292, 292, 292, 78, 78, 15, 406, 406, 406, 292, 333, 333, 292, 8, 221, 326, 221, 77, 240, 29, 77, 30, 135, 407, 407, 406, 406, 259, 62, 240, 29, 240, 240, 240, 8, 8, 240, 240, 240, 240, 240, 240, 240, 240, 54, 54, 54, 240, 121, 54, 54, 123, 115, 54, 187, 8, 387, 157, 54, 315, 157, 157, 315, 387, 8, 8, 240, 54, 54, 54, 240, 8, 406, 54, 123, 240, 241, 240, 240, 240, 54, 342, 8, 131, 32, 93, 131, 110, 131, 8, 8, 8, 8, 50, 8, 433, 30, 287, 8, 223, 221, 221, 50, 8, 406, 36, 406, 433, 8, 145, 420, 8, 8, 8, 20, 108, 57, 8, 8, 8, 8, 414, 333, 433, 8, 408, 296, 54, 408, 296, 302, 8, 199, 8, 257, 193, 368, 288, 251, 78, 166, 51, 20, 20, 54, 20, 20, 20, 331, 20, 20, 20, 350, 74, 20, 20, 363, 20, 150, 145, 20, 193, 20, 20, 20, 51, 83, 20, 20, 193, 20, 20, 20, 20, 193, 20, 149, 83, 20, 193, 193, 20, 20, 193, 363, 8, 20, 20, 20, 20, 379, 302, 240, 193, 20, 20, 145, 145, 169, 20, 20, 20, 8, 115, 193, 228, 310, 338, 8, 20, 20, 8, 20, 38, 20, 20, 302, 8, 20, 22, 20, 20, 433, 76, 91, 20, 20, 20, 20, 338, 193, 20, 20, 20, 20, 430, 20, 20, 338, 20, 20, 20, 24, 380, 430, 20, 20, 217, 30, 8, 81, 8, 20, 20, 20, 186, 193, 20, 368, 193, 20, 205, 20, 338, 333, 111, 109, 20, 193, 193, 193, 20, 193, 174, 249, 20, 20, 20, 20, 8, 8, 193, 193, 107, 20, 20, 20, 20, 20, 392, 445, 326, 20, 263, 193, 354, 20, 81, 8, 20, 20, 14, 20, 193, 20, 20, 20, 20, 20, 439, 20, 20, 193, 20, 29, 203, 20, 8, 332, 15, 193, 430, 20, 20, 91, 20, 237, 20, 20, 8, 190, 271, 193, 20, 20, 20, 193, 193, 193, 20, 8, 193, 18, 199, 20, 20, 30, 193, 20, 49, 30, 20, 20, 8, 20, 283, 20, 303, 257, 332, 8, 193, 20, 193, 430, 145, 20, 193, 51, 20, 338, 20, 249, 287, 193, 45, 20, 380, 193, 20, 193, 20, 20, 20, 208, 74, 343, 20, 20, 20, 20, 368, 20, 193, 75, 20, 20, 20, 20, 193, 193, 20, 8, 8, 20, 193, 20, 20, 20, 8, 288, 441, 392, 193, 20, 384, 20, 78, 288, 20, 193, 20, 20, 193, 220, 193, 129, 20, 20, 20, 20, 328, 20, 193, 20, 193, 8, 20, 433, 93, 20, 37, 193, 20, 193, 251, 193, 78, 193, 193, 193, 20, 78, 20, 20, 414, 287, 363, 20, 20, 166, 20, 145, 193, 193, 20, 361, 20, 8, 20, 193, 20, 282, 20, 20, 20, 193, 20, 20, 110, 20, 193, 8, 349, 110, 20, 20, 20, 193, 193, 193, 20, 20, 193, 20, 193, 20, 193, 93, 20, 51, 193, 8, 20, 20, 20, 328, 193, 20, 60, 217, 20, 20, 20, 193, 20, 20, 20, 387, 193, 54, 193, 54, 78, 193, 20, 20, 20, 20, 8, 394, 54, 20, 20, 20, 20, 8, 20, 20, 20, 20, 145, 430, 20, 20, 20, 20, 20, 20, 20, 20, 20, 20, 110, 326, 433, 326, 45, 433, 8, 433, 433, 433, 433, 433, 249, 433, 8, 57, 240, 433, 47, 161, 433, 315, 240, 57, 433, 433, 387, 108, 286, 286, 286, 8, 8, 137, 240, 54, 19, 400, 48, 54, 240, 54, 197, 123, 318, 161, 315, 24, 8, 100, 240, 292, 240, 8, 222, 177, 78, 8, 316, 142, 8, 8, 220, 8, 8, 203, 300, 402, 285, 433, 161, 280, 288, 423, 8, 406, 221, 406, 357, 108, 288, 30, 14, 8, 78, 78, 161, 79, 29, 330, 161, 203, 8, 406, 333, 8, 50, 161, 264, 131, 8, 265, 163, 352, 287, 62, 131, 8, 288, 78, 391, 24, 110, 405, 40, 177, 423, 161, 8, 232, 14, 434, 17, 8, 406, 334, 78, 8, 112, 240, 387, 214, 50, 217, 115, 334, 14, 161, 78, 8, 50, 426, 315, 8, 101, 30, 210, 315, 221, 8, 8, 131, 8, 250, 121, 221, 220, 406, 10, 8, 333, 8, 8, 57, 8, 8, 333, 29, 433, 29, 145, 15, 140, 48, 383, 287, 8, 24, 29, 239, 8, 78, 254, 78, 8, 30, 234, 217, 253, 50, 8, 226, 315, 8, 353, 19, 103, 387, 239, 123, 406, 54, 78, 433, 54, 8, 121, 78, 400, 240, 78, 357, 161, 209, 78, 177, 100, 240, 15, 8, 220, 8, 292, 300, 140, 30, 8, 163, 39, 163, 406, 315, 315, 433, 208, 221, 431, 406, 8, 8, 108, 300, 8, 427, 326, 222, 406, 8, 406, 145, 427, 352, 427, 78, 406, 288, 330, 288, 8, 221, 8, 8, 8, 427, 163, 115, 161, 30, 45, 115, 101, 326, 0, 8, 145, 40, 78, 8, 316, 326, 221, 55, 101, 433, 8, 433, 8, 161, 8, 8, 62, 161, 30, 50, 81, 287, 288, 145, 353, 8, 405, 161, 161, 161, 240, 8, 78, 240, 287, 8, 161, 383, 254, 79, 285, 110, 333, 8, 50, 8, 8, 333, 50, 15, 78, 203, 427, 72, 8, 333, 253, 405, 370, 8, 145, 50, 131, 29, 333, 131, 8, 50, 280, 8, 391, 50, 423, 423, 112, 405, 8, 8, 405, 8, 405, 171, 405, 234, 414, 264, 433, 333, 183, 217, 8, 30, 115, 78, 128, 45, 115, 29, 30, 8, 221, 14, 14, 416, 24, 14, 217, 8, 333, 433, 14, 14, 424, 10, 221, 14, 24, 8, 45, 8, 14, 30, 45, 45, 29, 219, 78, 333, 8, 57, 24, 433, 203, 142, 78, 8, 29, 8, 8, 315, 131, 8, 221, 8, 110, 30, 8, 8, 315, 422, 333, 240, 214, 333, 221, 362, 265, 8, 17, 220, 8, 29, 333, 115, 8, 72, 221, 45, 145, 45, 405, 8, 14, 406, 74, 26, 