{"Run": 6, "K": 200, "WCSSD": 2482.278204453426, "Purity": 0.3292449530421704, "Time": 7.664293050765991, "Kmeans_Labels": [6, 72, 6, 6, 6, 6, 72, 25, 72, 4, 6, 6, 114, 153, 6, 6, 6, 19, 128, 154, 128, 6, 199, 153, 153, 19, 128, 19, 154, 149, 153, 128, 154, 19, 128, 6, 153, 153, 153, 153, 128, 153, 198, 31, 153, 97, 153, 128, 6, 6, 6, 136, 136, 6, 192, 54, 6, 72, 6, 6, 6, 19, 19, 39, 54, 144, 153, 72, 153, 54, 19, 128, 6, 6, 136, 6, 6, 6, 164, 6, 6, 136, 4, 19, 25, 6, 136, 123, 6, 6, 6, 6, 54, 4, 6, 6, 6, 128, 25, 6, 25, 136, 6, 47, 47, 174, 174, 174, 6, 136, 14, 118, 14, 153, 6, 136, 136, 44, 6, 140, 6, 159, 140, 6, 54, 140, 6, 6, 136, 6, 140, 140, 199, 6, 6, 154, 6, 6, 94, 55, 79, 6, 6, 154, 140, 140, 6, 6, 6, 6, 140, 68, 6, 154, 6, 140, 6, 6, 6, 6, 6, 140, 140, 6, 6, 140, 136, 51, 136, 6, 140, 199, 6, 136, 140, 6, 39, 198, 140, 6, 6, 6, 6, 6, 140, 6, 140, 6, 6, 136, 136, 79, 136, 140, 6, 6, 6, 136, 6, 4, 25, 69, 199, 39, 140, 25, 140, 43, 4, 6, 69, 6, 25, 25, 25, 140, 140, 4, 6, 79, 25, 6, 6, 6, 84, 140, 6, 6, 136, 199, 6, 6, 25, 6, 25, 6, 6, 154, 6, 6, 140, 6, 79, 167, 136, 25, 6, 6, 136, 140, 47, 174, 6, 140, 6, 199, 140, 6, 178, 6, 6, 6, 47, 6, 74, 6, 136, 47, 136, 6, 199, 79, 136, 199, 6, 199, 128, 199, 140, 194, 140, 6, 192, 6, 199, 174, 39, 47, 6, 136, 140, 174, 6, 14, 174, 174, 6, 174, 14, 38, 6, 174, 6, 174, 174, 174, 174, 115, 183, 14, 79, 192, 174, 174, 6, 192, 6, 14, 14, 154, 14, 14, 136, 14, 39, 199, 6, 128, 79, 24, 154, 140, 140, 6, 136, 24, 140, 6, 199, 140, 6, 6, 34, 136, 140, 136, 6, 140, 6, 136, 79, 136, 136, 133, 6, 6, 6, 136, 177, 58, 33, 6, 6, 33, 14, 79, 116, 33, 140, 6, 33, 33, 58, 140, 6, 140, 140, 140, 199, 127, 6, 136, 140, 6, 6, 136, 136, 19, 6, 6, 6, 6, 164, 136, 198, 6, 39, 162, 6, 31, 79, 6, 6, 199, 136, 79, 140, 6, 6, 6, 6, 6, 54, 136, 3, 6, 174, 136, 136, 140, 136, 6, 6, 6, 31, 47, 6, 14, 177, 33, 33, 198, 6, 136, 154, 136, 136, 154, 154, 6, 128, 6, 68, 68, 4, 4, 14, 14, 14, 14, 6, 6, 14, 31, 41, 6, 6, 136, 58, 58, 6, 6, 6, 54, 54, 154, 54, 54, 54, 54, 54, 54, 6, 54, 162, 79, 6, 6, 161, 161, 25, 25, 6, 4, 4, 163, 163, 4, 4, 4, 68, 6, 6, 6, 6, 136, 72, 68, 68, 72, 25, 6, 79, 66, 66, 6, 4, 4, 47, 6, 6, 6, 6, 6, 6, 6, 6, 47, 6, 6, 8, 6, 47, 8, 8, 47, 6, 174, 6, 14, 14, 174, 14, 14, 174, 174, 14, 14, 14, 6, 14, 174, 174, 95, 95, 6, 6, 152, 152, 152, 152, 47, 47, 14, 152, 6, 68, 68, 68, 68, 162, 6, 79, 79, 6, 6, 6, 6, 6, 6, 6, 6, 6, 165, 6, 6, 6, 79, 6, 96, 96, 6, 6, 154, 6, 6, 6, 6, 6, 138, 138, 68, 128, 68, 101, 101, 129, 129, 58, 58, 198, 198, 58, 58, 58, 58, 154, 146, 146, 58, 58, 58, 58, 58, 58, 58, 58, 58, 6, 6, 162, 19, 136, 168, 168, 168, 168, 75, 168, 168, 168, 168, 168, 6, 168, 168, 168, 153, 168, 168, 168, 168, 136, 168, 168, 168, 168, 39, 31, 31, 6, 58, 198, 198, 54, 54, 54, 54, 136, 192, 54, 54, 136, 6, 6, 6, 54, 6, 6, 31, 39, 6, 6, 128, 6, 198, 31, 6, 4, 164, 4, 4, 6, 4, 4, 6, 6, 54, 164, 6, 54, 6, 6, 6, 4, 123, 4, 180, 180, 31, 4, 198, 6, 4, 4, 108, 4, 4, 198, 4, 4, 4, 6, 4, 4, 4, 6, 66, 4, 4, 123, 6, 66, 66, 4, 4, 4, 6, 6, 6, 47, 47, 47, 14, 47, 47, 6, 14, 47, 47, 174, 152, 14, 47, 14, 152, 14, 14, 14, 174, 14, 47, 14, 14, 118, 174, 117, 0, 174, 14, 145, 14, 14, 6, 68, 14, 14, 14, 6, 6, 14, 14, 14, 152, 152, 152, 152, 152, 14, 152, 152, 152, 14, 14, 14, 152, 10, 175, 14, 14, 14, 6, 14, 176, 176, 24, 184, 85, 85, 85, 24, 6, 6, 184, 14, 14, 14, 24, 7, 7, 24, 6, 6, 136, 6, 6, 6, 79, 6, 6, 6, 36, 36, 24, 24, 6, 24, 6, 24, 6, 6, 6, 6, 6, 6, 6, 6, 136, 6, 6, 6, 6, 33, 33, 33, 6, 58, 33, 58, 129, 39, 33, 58, 164, 58, 58, 33, 6, 58, 58, 6, 58, 6, 6, 6, 146, 33, 33, 6, 6, 128, 33, 58, 6, 136, 6, 6, 6, 33, 154, 6, 54, 6, 6, 54, 154, 54, 6, 136, 100, 6, 6, 6, 6, 6, 123, 6, 123, 6, 20, 164, 6, 14, 174, 14, 152, 14, 6, 6, 164, 164, 164, 150, 6, 6, 154, 110, 164, 6, 136, 19, 136, 6, 14, 14, 189, 14, 14, 6, 6, 1, 6, 1, 130, 6, 47, 130, 31, 130, 130, 1, 1, 33, 150, 1, 150, 136, 150, 150, 150, 150, 136, 150, 150, 150, 150, 130, 136, 124, 130, 150, 150, 150, 150, 136, 150, 1, 130, 150, 150, 150, 150, 130, 150, 136, 136, 150, 130, 130, 150, 150, 130, 150, 6, 150, 124, 150, 1, 1, 6, 136, 130, 124, 150, 143, 6, 6, 1, 150, 150, 136, 39, 130, 124, 130, 124, 6, 150, 150, 6, 150, 150, 150, 150, 6, 6, 150, 150, 150, 1, 136, 154, 150, 150, 150, 150, 150, 124, 130, 150, 150, 150, 150, 92, 150, 150, 124, 150, 150, 1, 72, 136, 92, 150, 150, 144, 6, 6, 28, 6, 1, 150, 1, 198, 130, 150, 6, 130, 150, 150, 150, 124, 19, 1, 162, 150, 40, 130, 130, 150, 130, 150, 6, 150, 150, 1, 150, 6, 198, 130, 130, 150, 124, 150, 150, 1, 1, 124, 136, 6, 150, 150, 130, 150, 150, 198, 6, 150, 150, 162, 1, 130, 150, 150, 124, 150, 150, 1, 1, 150, 130, 150, 79, 6, 126, 6, 150, 68, 130, 92, 150, 150, 153, 150, 6, 1, 1, 6, 6, 130, 130, 124, 150, 1, 130, 130, 130, 150, 6, 130, 28, 1, 150, 1, 31, 130, 150, 150, 136, 150, 1, 6, 78, 187, 150, 126, 1, 1, 6, 130, 150, 130, 92, 136, 1, 130, 92, 150, 124, 150, 136, 123, 130, 98, 1, 6, 130, 150, 130, 150, 1, 1, 6, 136, 150, 124, 150, 1, 150, 6, 150, 130, 6, 1, 1, 150, 150, 46, 130, 150, 6, 6, 150, 130, 1, 150, 1, 6, 15, 130, 124, 130, 150, 6, 150, 136, 47, 150, 130, 1, 150, 130, 14, 130, 164, 150, 1, 1, 150, 134, 150, 130, 148, 130, 6, 150, 136, 136, 150, 188, 130, 150, 130, 130, 103, 31, 130, 130, 130, 1, 128, 150, 1, 150, 82, 150, 150, 1, 130, 150, 136, 35, 130, 124, 130, 1, 136, 1, 130, 150, 150, 1, 150, 1, 130, 160, 150, 124, 1, 130, 6, 154, 154, 124, 150, 150, 130, 130, 130, 1, 1, 130, 1, 130, 150, 130, 136, 1, 130, 130, 6, 1, 1, 1, 134, 130, 150, 1, 144, 1, 1, 189, 130, 1, 150, 1, 58, 130, 33, 130, 58, 136, 130, 1, 150, 150, 150, 136, 1, 33, 1, 150, 150, 1, 6, 134, 124, 150, 1, 136, 92, 150, 1, 150, 1, 1, 1, 150, 150, 1, 150, 154, 136, 136, 136, 136, 136, 6, 136, 136, 136, 136, 136, 136, 136, 6, 26, 136, 136, 154, 171, 136, 128, 164, 109, 136, 136, 58, 6, 84, 84, 84, 6, 6, 37, 128, 33, 128, 33, 37, 33, 6, 58, 58, 58, 58, 6, 31, 72, 6, 12, 6, 24, 128, 128, 6, 6, 6, 6, 20, 136, 6, 6, 6, 6, 6, 4, 6, 6, 4, 136, 128, 6, 47, 4, 6, 14, 6, 14, 6, 19, 47, 6, 162, 6, 128, 128, 6, 6, 79, 16, 6, 6, 6, 152, 19, 14, 4, 6, 186, 77, 6, 6, 132, 6, 123, 14, 54, 6, 47, 128, 6, 72, 185, 136, 136, 6, 4, 6, 6, 129, 162, 54, 198, 6, 14, 6, 128, 6, 6, 6, 58, 6, 6, 144, 39, 6, 162, 6, 136, 6, 4, 6, 31, 32, 47, 6, 58, 6, 6, 6, 6, 54, 6, 6, 58, 6, 192, 152, 128, 6, 19, 6, 6, 6, 128, 6, 106, 79, 136, 79, 6, 68, 99, 177, 6, 123, 6, 72, 79, 6, 164, 128, 128, 27, 6, 6, 136, 166, 6, 6, 6, 162, 136, 6, 6, 128, 136, 58, 6, 58, 14, 33, 128, 136, 58, 6, 58, 6, 33, 6, 128, 6, 6, 6, 27, 6, 12, 6, 68, 6, 6, 6, 24, 6, 99, 6, 175, 31, 14, 132, 155, 38, 31, 136, 136, 6, 136, 152, 14, 19, 19, 6, 136, 136, 136, 6, 14, 6, 14, 136, 136, 6, 136, 136, 152, 47, 16, 47, 6, 6, 6, 6, 128, 136, 132, 39, 6, 136, 6, 39, 6, 136, 136, 136, 136, 136, 128, 6, 20, 136, 136, 6, 47, 136, 32, 136, 6, 6, 6, 6, 6, 6, 19, 6, 198, 123, 47, 6, 6, 31, 136, 6, 6, 128, 6, 6, 128, 136, 123, 6, 6, 6, 128, 6, 4, 185, 19, 151, 4, 6, 6, 19, 6, 68, 128, 4, 136, 6, 175, 19, 6, 136, 6, 6, 6, 4, 54, 79, 19, 77, 6, 6, 6, 6, 6, 4, 4, 4, 6, 136, 6, 6, 136, 6, 136, 6, 136, 136, 136, 186, 136, 19, 31, 144, 6, 6, 154, 128, 19, 144, 19, 79, 199, 6, 6, 162, 162, 136, 162, 162, 144, 6, 19, 136, 162, 162, 136, 128, 6, 162, 72, 6, 128, 6, 162, 6, 51, 6, 79, 198, 128, 19, 128, 6, 72, 136, 6, 136, 128, 6, 79, 6, 136, 136, 54, 6, 6, 6, 42, 136, 6, 195, 6, 81, 106, 88, 6, 19, 6, 6, 6, 6, 198, 192, 6, 79, 19, 39, 6, 6, 6, 175, 6, 128, 136, 6, 162, 14, 136, 29, 136, 164, 136, 195, 198, 136, 175, 68, 162, 6, 144, 136, 136, 6, 198, 31, 6, 136, 54, 6, 6, 128, 136, 71, 28, 175, 136, 136, 128, 6, 198, 6, 54, 6, 37, 6, 128, 175, 6, 33, 128, 58, 54, 33, 189, 122, 37, 33, 129, 164, 25, 122, 58, 122, 33, 6, 122, 122, 136, 122, 47, 6, 58, 141, 122, 34, 122, 6, 6, 33, 164, 122, 14, 9, 121, 164, 122, 6, 6, 122, 136, 6, 14, 33, 4, 58, 33, 122, 122, 14, 54, 6, 122, 6, 14, 122, 136, 68, 122, 36, 122, 122, 37, 162, 6, 58, 198, 154, 122, 33, 6, 6, 122, 122, 14, 122, 33, 6, 122, 47, 122, 58, 122, 136, 122, 157, 122, 122, 122,