{"Run": 14, "K": 553, "WCSSD": 2034.657978382355, "Purity": 0.5430861723446894, "Time": 31.50288486480713, "Kmeans_Labels": [512, 110, 464, 2, 2, 2, 110, 289, 110, 2, 2, 35, 2, 463, 336, 45, 2, 44, 503, 503, 503, 2, 386, 2, 167, 44, 503, 44, 126, 2, 167, 503, 126, 44, 503, 2, 2, 446, 35, 463, 503, 167, 31, 72, 24, 2, 167, 114, 2, 392, 506, 472, 472, 259, 80, 136, 2, 110, 17, 2, 2, 15, 2, 474, 136, 400, 167, 110, 463, 136, 167, 503, 2, 130, 495, 408, 2, 2, 207, 2, 231, 2, 271, 538, 289, 2, 17, 257, 2, 2, 414, 304, 148, 187, 414, 551, 538, 503, 289, 304, 289, 495, 2, 219, 155, 135, 135, 155, 2, 495, 151, 396, 151, 167, 80, 495, 472, 2, 2, 208, 2, 304, 87, 304, 2, 87, 304, 485, 161, 259, 92, 87, 386, 2, 324, 270, 262, 2, 2, 304, 390, 200, 2, 126, 87, 87, 304, 240, 2, 2, 87, 228, 17, 126, 304, 87, 2, 2, 2, 2, 2, 328, 87, 304, 2, 87, 17, 428, 194, 17, 87, 386, 2, 472, 87, 121, 109, 65, 87, 2, 304, 2, 2, 2, 87, 324, 146, 2, 2, 324, 311, 11, 541, 87, 2, 2, 2, 143, 2, 20, 289, 386, 386, 109, 87, 289, 87, 289, 17, 62, 386, 2, 76, 289, 289, 87, 87, 2, 35, 80, 289, 495, 2, 35, 70, 468, 2, 486, 472, 386, 2, 2, 289, 173, 289, 392, 152, 126, 2, 240, 87, 2, 11, 289, 472, 289, 8, 2, 143, 87, 373, 135, 2, 57, 382, 386, 87, 2, 87, 2, 240, 152, 405, 2, 155, 2, 143, 433, 414, 2, 386, 68, 311, 404, 135, 338, 143, 386, 87, 155, 87, 80, 80, 2, 386, 135, 109, 155, 2, 161, 87, 135, 2, 24, 404, 135, 404, 135, 24, 253, 2, 135, 2, 404, 404, 268, 135, 135, 152, 151, 11, 80, 404, 404, 152, 51, 2, 151, 24, 414, 24, 151, 472, 24, 109, 35, 152, 220, 11, 24, 32, 317, 87, 512, 472, 152, 87, 80, 386, 171, 364, 240, 241, 143, 399, 240, 240, 87, 2, 240, 221, 89, 472, 152, 35, 152, 240, 478, 458, 351, 21, 304, 240, 21, 24, 11, 149, 21, 552, 2, 21, 21, 284, 552, 388, 552, 87, 190, 225, 8, 225, 143, 87, 2, 2, 472, 472, 44, 414, 324, 2, 138, 545, 311, 2, 167, 109, 488, 2, 72, 11, 304, 2, 415, 259, 11, 312, 414, 2, 2, 8, 2, 435, 17, 110, 132, 404, 143, 17, 87, 188, 229, 17, 2, 19, 155, 2, 151, 458, 21, 21, 31, 2, 17, 2, 509, 509, 126, 126, 2, 503, 199, 266, 266, 152, 152, 24, 24, 24, 24, 35, 35, 24, 72, 311, 240, 240, 259, 149, 149, 240, 240, 491, 281, 281, 126, 285, 285, 136, 136, 136, 136, 2, 136, 182, 11, 2, 2, 412, 412, 289, 289, 392, 75, 75, 294, 294, 145, 145, 145, 88, 152, 160, 160, 2, 288, 110, 266, 266, 2, 289, 26, 11, 295, 295, 2, 362, 392, 155, 330, 330, 259, 2, 2, 499, 499, 2, 242, 2, 256, 116, 2, 256, 116, 116, 256, 2, 396, 2, 527, 527, 135, 103, 103, 404, 404, 9, 9, 151, 35, 24, 404, 404, 20, 20, 2, 2, 151, 151, 151, 151, 155, 155, 151, 151, 152, 395, 395, 395, 395, 143, 2, 11, 11, 35, 152, 152, 35, 35, 152, 152, 152, 152, 93, 1, 240, 240, 11, 2, 153, 153, 221, 221, 2, 2, 2, 152, 152, 8, 460, 460, 266, 503, 266, 240, 240, 284, 284, 82, 82, 112, 112, 149, 149, 149, 149, 498, 533, 533, 284, 284, 284, 284, 216, 21, 291, 291, 39, 2, 2, 182, 2, 17, 261, 261, 261, 261, 261, 365, 261, 261, 261, 35, 35, 261, 261, 261, 463, 261, 261, 261, 261, 240, 261, 261, 261, 261, 109, 72, 264, 2, 391, 31, 31, 2, 2, 281, 281, 304, 80, 136, 136, 418, 205, 2, 205, 136, 392, 200, 72, 109, 2, 210, 459, 304, 31, 72, 143, 2, 110, 366, 366, 2, 366, 366, 2, 2, 412, 8, 414, 136, 2, 2, 2, 392, 257, 392, 133, 133, 72, 392, 195, 2, 145, 392, 152, 392, 392, 52, 170, 511, 465, 304, 392, 170, 392, 2, 295, 442, 442, 257, 2, 295, 295, 392, 392, 41, 2, 2, 2, 155, 11, 467, 24, 404, 155, 414, 24, 467, 155, 2, 527, 24, 155, 287, 86, 86, 287, 24, 2, 347, 80, 24, 24, 396, 155, 2, 97, 24, 151, 24, 80, 24, 2, 266, 462, 178, 151, 277, 2, 212, 115, 115, 151, 151, 151, 151, 151, 24, 370, 151, 151, 24, 24, 24, 151, 300, 37, 24, 24, 24, 304, 24, 300, 300, 152, 266, 24, 24, 24, 152, 152, 152, 266, 24, 24, 24, 24, 44, 44, 24, 152, 240, 421, 240, 240, 152, 240, 240, 483, 240, 240, 240, 501, 501, 259, 58, 152, 427, 152, 240, 305, 28, 28, 472, 259, 259, 240, 240, 240, 520, 520, 21, 176, 176, 259, 284, 21, 149, 284, 411, 21, 149, 259, 149, 112, 21, 259, 112, 112, 2, 149, 550, 550, 259, 533, 21, 533, 8, 304, 151, 21, 284, 305, 495, 259, 259, 259, 21, 505, 304, 136, 392, 449, 136, 126, 136, 304, 2, 2, 2, 392, 304, 152, 2, 257, 2, 257, 2, 2, 223, 196, 24, 404, 24, 472, 24, 234, 240, 8, 8, 8, 318, 17, 2, 126, 310, 8, 2, 341, 44, 472, 2, 512, 24, 21, 512, 24, 304, 2, 283, 2, 283, 5, 2, 155, 5, 72, 5, 5, 283, 283, 21, 12, 283, 139, 421, 139, 283, 102, 139, 432, 67, 67, 67, 139, 5, 421, 139, 5, 139, 139, 139, 139, 421, 139, 283, 5, 139, 139, 139, 139, 5, 139, 421, 421, 232, 5, 387, 67, 139, 493, 139, 345, 139, 198, 139, 283, 283, 304, 161, 5, 380, 139, 2, 476, 2, 283, 139, 139, 311, 109, 5, 489, 5, 380, 2, 139, 67, 323, 139, 513, 139, 139, 2, 358, 139, 139, 139, 283, 113, 126, 500, 139, 139, 139, 139, 380, 5, 139, 302, 139, 139, 104, 139, 139, 380, 139, 139, 239, 110, 26, 104, 139, 139, 400, 2, 2, 65, 213, 96, 139, 283, 31, 125, 139, 2, 5, 447, 139, 139, 380, 44, 131, 182, 139, 5, 5, 5, 139, 508, 74, 541, 139, 139, 283, 67, 2, 2, 5, 5, 139, 139, 139, 139, 283, 283, 49, 372, 2, 139, 139, 5, 139, 139, 65, 2, 139, 139, 182, 283, 5, 139, 139, 139, 139, 139, 101, 283, 139, 5, 139, 403, 2, 139, 308, 139, 266, 5, 104, 139, 139, 167, 183, 2, 283, 283, 2, 2, 5, 5, 139, 139, 283, 5, 5, 5, 139, 510, 5, 33, 283, 139, 283, 72, 5, 139, 67, 324, 139, 49, 2, 139, 2, 139, 139, 283, 283, 89, 5, 139, 5, 104, 472, 283, 5, 104, 139, 380, 139, 541, 257, 5, 37, 283, 26, 5, 139, 5, 100, 283, 283, 2, 432, 139, 253, 139, 283, 139, 2, 139, 5, 2, 283, 283, 139, 139, 5, 5, 139, 26, 2, 139, 5, 283, 139, 283, 2, 155, 5, 380, 5, 139, 336, 139, 89, 155, 139, 5, 71, 139, 5, 80, 5, 8, 139, 283, 283, 139, 48, 139, 5, 139, 5, 240, 139, 367, 385, 139, 139, 5, 139, 5, 5, 5, 72, 5, 493, 5, 283, 503, 48, 283, 194, 257, 67, 139, 332, 5, 139, 324, 5, 5, 139, 5, 283, 8, 519, 5, 139, 139, 283, 139, 283, 5, 283, 139, 126, 283, 14, 2, 126, 126, 139, 322, 318, 5, 5, 5, 283, 283, 5, 283, 5, 353, 206, 385, 283, 5, 5, 311, 283, 283, 537, 48, 5, 139, 283, 400, 283, 283, 283, 5, 283, 139, 252, 149, 5, 21, 5, 21, 89, 5, 283, 139, 139, 12, 259, 283, 533, 283, 48, 139, 507, 259, 48, 139, 139, 283, 16, 104, 139, 255, 139, 283, 283, 283, 139, 139, 283, 139, 126, 421, 472, 2, 311, 472, 2, 472, 472, 472, 472, 455, 541, 472, 2, 2, 161, 472, 126, 35, 472, 503, 8, 2, 472, 472, 149, 17, 70, 70, 70, 2, 2, 414, 240, 21, 326, 21, 29, 21, 240, 259, 149, 284, 149, 35, 72, 110, 259, 397, 152, 24, 143, 404, 423, 240, 521, 259, 304, 8, 2, 2, 80, 152, 124, 325, 254, 240, 145, 259, 35, 2, 409, 271, 259, 69, 514, 9, 240, 17, 404, 421, 182, 242, 503, 169, 469, 340, 235, 155, 35, 2, 2, 151, 44, 24, 366, 35, 327, 226, 57, 202, 72, 304, 257, 24, 412, 2, 155, 503, 2, 440, 316, 288, 343, 240, 271, 35, 2, 284, 488, 18, 31, 2, 24, 491, 503, 2, 414, 152, 149, 3, 303, 400, 109, 491, 182, 35, 8, 2, 392, 304, 72, 2, 259, 259, 348, 413, 186, 2, 421, 375, 2, 105, 284, 2, 80, 527, 503, 2, 44, 304, 2, 2, 211, 443, 279, 11, 455, 11, 259, 266, 80, 458, 313, 257, 203, 0, 11, 333, 259, 162, 419, 532, 414, 382, 89, 400, 2, 392, 2, 182, 60, 517, 421, 326, 422, 149, 333, 284, 24, 21, 162, 259, 259, 259, 284, 521, 21, 152, 503, 240, 35, 240, 532, 240, 397, 152, 439, 2, 80, 259, 24, 254, 80, 382, 434, 72, 151, 72, 179, 89, 72, 421, 472, 2, 421, 151, 24, 2, 17, 254, 324, 421, 421, 423, 69, 152, 9, 259, 421, 304, 421, 8, 527, 155, 155, 404, 124, 259, 421, 242, 404, 421, 72, 109, 35, 304, 472, 109, 135, 230, 357, 311, 85, 343, 503, 421, 304, 421, 430, 259, 259, 89, 2, 472, 304, 35, 57, 2, 2, 35, 44, 392, 65, 257, 409, 142, 421, 72, 288, 35, 469, 35, 240, 259, 169, 324, 257, 8, 35, 313, 419, 340, 145, 316, 44, 143, 392, 2, 2, 44, 392, 266, 503, 325, 421, 108, 37, 44, 2, 243, 2, 2, 259, 392, 412, 11, 44, 226, 143, 303, 2, 2, 2, 366, 271, 271, 414, 288, 203, 2, 288, 2, 288, 368, 288, 89, 194, 327, 472, 44, 72, 10, 414, 259, 126, 503, 44, 421, 109, 235, 386, 304, 192, 182, 233, 236, 182, 182, 400, 2, 484, 440, 182, 182, 398, 503, 186, 182, 0, 443, 487, 2, 488, 2, 428, 2, 11, 4, 503, 44, 211, 2, 440, 89, 2, 8, 503, 2, 11, 2, 354, 60, 375, 2, 514,