{"Run": 3, "K": 553, "WCSSD": 2035.8995364451218, "Purity": 0.5422273117663899, "Time": 32.05957579612732, "Kmeans_Labels": [9, 442, 171, 311, 9, 9, 442, 203, 442, 188, 4, 143, 332, 332, 234, 453, 138, 87, 359, 415, 415, 460, 425, 332, 48, 87, 415, 87, 251, 460, 195, 415, 251, 87, 415, 31, 48, 48, 244, 48, 415, 48, 9, 441, 48, 442, 48, 415, 438, 9, 30, 536, 536, 522, 343, 9, 448, 87, 311, 311, 9, 87, 9, 59, 251, 218, 48, 442, 48, 442, 79, 415, 9, 343, 14, 9, 9, 9, 120, 9, 39, 9, 286, 87, 464, 59, 343, 121, 9, 188, 251, 206, 484, 188, 423, 460, 548, 415, 203, 9, 203, 14, 525, 297, 297, 475, 475, 297, 9, 200, 81, 95, 95, 94, 9, 14, 519, 9, 143, 262, 9, 31, 262, 311, 9, 229, 143, 311, 39, 120, 262, 262, 506, 206, 251, 251, 143, 454, 143, 143, 273, 311, 311, 325, 262, 262, 9, 143, 9, 311, 82, 362, 343, 251, 143, 262, 9, 272, 311, 242, 226, 262, 262, 9, 9, 290, 343, 272, 128, 343, 340, 9, 9, 536, 262, 1, 86, 62, 262, 9, 30, 143, 290, 544, 262, 9, 262, 9, 9, 22, 31, 273, 548, 364, 251, 63, 9, 132, 251, 108, 203, 425, 425, 86, 262, 203, 262, 203, 343, 143, 425, 143, 203, 203, 203, 9, 262, 180, 278, 273, 203, 14, 251, 278, 239, 262, 143, 278, 536, 262, 9, 9, 203, 9, 203, 9, 188, 441, 143, 143, 262, 251, 273, 488, 536, 203, 488, 9, 132, 262, 545, 278, 251, 161, 206, 425, 262, 63, 262, 9, 143, 9, 278, 432, 297, 9, 132, 297, 359, 108, 9, 475, 143, 63, 475, 156, 143, 425, 165, 297, 262, 9, 9, 359, 475, 475, 475, 297, 475, 39, 262, 156, 9, 95, 350, 475, 531, 83, 143, 110, 546, 475, 9, 350, 396, 475, 475, 475, 9, 95, 273, 9, 278, 9, 188, 9, 120, 95, 95, 31, 95, 95, 536, 95, 86, 278, 9, 452, 422, 488, 251, 247, 262, 9, 536, 143, 304, 388, 425, 262, 143, 536, 135, 201, 135, 143, 143, 262, 143, 135, 135, 143, 536, 135, 278, 9, 156, 128, 76, 43, 93, 143, 522, 93, 522, 273, 93, 93, 262, 143, 136, 93, 93, 262, 120, 262, 262, 262, 143, 523, 143, 272, 262, 59, 9, 536, 536, 87, 311, 452, 510, 242, 340, 272, 9, 31, 86, 57, 346, 441, 70, 143, 311, 143, 337, 273, 359, 311, 311, 9, 156, 352, 120, 343, 442, 120, 350, 256, 343, 262, 343, 311, 343, 120, 441, 297, 9, 95, 76, 93, 93, 62, 251, 343, 251, 346, 346, 251, 251, 9, 311, 9, 362, 362, 198, 198, 95, 95, 9, 55, 322, 322, 95, 441, 359, 522, 522, 525, 43, 43, 153, 153, 9, 16, 16, 251, 120, 120, 311, 2, 2, 9, 311, 251, 9, 273, 9, 526, 228, 228, 203, 203, 345, 188, 188, 251, 251, 188, 188, 9, 362, 9, 505, 505, 232, 15, 442, 362, 362, 442, 203, 161, 273, 188, 188, 9, 188, 188, 238, 551, 551, 9, 357, 357, 9, 9, 78, 9, 78, 311, 297, 522, 297, 297, 297, 297, 522, 188, 9, 95, 95, 475, 98, 98, 9, 9, 95, 95, 95, 278, 95, 361, 361, 188, 188, 206, 206, 95, 95, 95, 95, 488, 488, 95, 95, 346, 362, 362, 362, 362, 452, 9, 60, 60, 278, 415, 415, 419, 419, 336, 336, 9, 9, 206, 9, 548, 548, 273, 135, 135, 135, 455, 455, 9, 175, 135, 9, 9, 39, 93, 93, 362, 415, 362, 113, 113, 392, 392, 392, 392, 9, 9, 93, 93, 93, 93, 9, 541, 541, 392, 392, 67, 67, 93, 552, 93, 93, 93, 9, 100, 57, 460, 343, 283, 482, 42, 482, 482, 482, 482, 428, 482, 278, 278, 482, 482, 482, 360, 482, 482, 482, 482, 163, 482, 482, 33, 18, 86, 441, 441, 9, 93, 59, 59, 340, 340, 16, 16, 548, 9, 410, 410, 293, 9, 316, 9, 251, 9, 311, 441, 86, 311, 9, 415, 397, 62, 11, 452, 311, 340, 188, 188, 9, 188, 188, 9, 251, 484, 502, 31, 120, 126, 345, 345, 120, 121, 188, 188, 188, 441, 188, 9, 442, 188, 188, 188, 188, 9, 9, 188, 188, 30, 30, 188, 188, 188, 188, 188, 188, 188, 121, 9, 188, 188, 188, 379, 441, 526, 284, 284, 297, 529, 297, 39, 297, 297, 370, 95, 297, 297, 9, 95, 95, 297, 95, 95, 95, 95, 95, 9, 526, 297, 95, 95, 95, 297, 217, 95, 95, 95, 95, 95, 95, 9, 515, 95, 95, 95, 254, 143, 95, 522, 522, 95, 95, 95, 81, 95, 95, 452, 95, 95, 95, 95, 95, 95, 102, 167, 95, 488, 488, 9, 488, 101, 101, 380, 362, 241, 241, 241, 380, 415, 415, 362, 95, 95, 95, 95, 87, 87, 95, 9, 156, 9, 156, 442, 13, 9, 442, 206, 143, 135, 135, 95, 95, 9, 488, 13, 9, 414, 39, 442, 9, 9, 143, 548, 548, 272, 363, 363, 31, 31, 93, 253, 253, 442, 288, 93, 93, 392, 86, 93, 392, 340, 93, 93, 93, 548, 93, 93, 548, 93, 457, 457, 272, 541, 93, 93, 272, 9, 306, 93, 67, 442, 439, 415, 415, 415, 93, 116, 9, 120, 500, 117, 120, 251, 120, 359, 548, 442, 9, 9, 9, 272, 9, 97, 9, 121, 156, 382, 340, 9, 95, 297, 95, 452, 477, 206, 522, 340, 340, 340, 409, 343, 311, 251, 9, 340, 206, 128, 524, 536, 9, 95, 95, 93, 95, 95, 358, 9, 169, 9, 377, 99, 468, 297, 99, 441, 99, 99, 169, 169, 118, 463, 169, 463, 346, 463, 463, 463, 463, 147, 54, 54, 177, 409, 99, 468, 0, 99, 463, 463, 409, 177, 272, 463, 169, 99, 463, 463, 463, 463, 99, 463, 272, 272, 463, 99, 497, 54, 177, 99, 381, 9, 355, 409, 463, 169, 169, 358, 39, 99, 409, 463, 9, 59, 9, 169, 169, 463, 206, 59, 99, 463, 99, 409, 59, 177, 463, 9, 463, 376, 463, 463, 358, 9, 463, 281, 177, 169, 536, 251, 294, 463, 463, 463, 463, 463, 99, 177, 177, 436, 463, 25, 10, 463, 463, 463, 463, 169, 442, 173, 25, 463, 463, 218, 55, 9, 292, 9, 169, 463, 169, 59, 99, 463, 468, 99, 463, 463, 463, 177, 87, 169, 57, 463, 99, 99, 99, 193, 318, 463, 548, 463, 463, 169, 54, 9, 9, 99, 25, 463, 463, 463, 463, 169, 169, 152, 548, 522, 463, 177, 99, 463, 245, 62, 9, 463, 463, 472, 169, 99, 177, 463, 463, 463, 463, 169, 169, 463, 202, 463, 420, 9, 463, 177, 463, 177, 99, 25, 463, 463, 294, 463, 309, 169, 169, 176, 177, 99, 99, 409, 463, 169, 99, 99, 99, 463, 251, 99, 114, 169, 463, 169, 55, 99, 463, 54, 22, 463, 169, 9, 463, 9, 463, 486, 377, 426, 265, 99, 177, 421, 25, 359, 169, 99, 25, 177, 463, 463, 548, 121, 202, 408, 169, 173, 99, 463, 25, 177, 169, 169, 39, 147, 463, 463, 463, 169, 463, 468, 463, 25, 156, 71, 169, 463, 463, 99, 99, 409, 251, 251, 463, 99, 169, 463, 169, 220, 297, 69, 152, 235, 463, 225, 463, 206, 297, 463, 99, 169, 463, 29, 41, 537, 478, 463, 169, 169, 463, 537, 463, 99, 463, 99, 9, 463, 420, 117, 463, 463, 99, 463, 99, 99, 99, 441, 99, 99, 99, 169, 287, 537, 169, 128, 121, 177, 166, 169, 99, 409, 148, 99, 99, 409, 99, 154, 120, 169, 99, 463, 463, 169, 463, 169, 211, 177, 463, 409, 169, 99, 9, 251, 128, 243, 409, 409, 99, 99, 99, 169, 169, 99, 169, 99, 463, 99, 117, 413, 99, 99, 9, 169, 295, 51, 537, 235, 463, 169, 59, 169, 169, 169, 235, 169, 463, 295, 43, 235, 118, 235, 93, 206, 99, 169, 463, 463, 463, 536, 169, 93, 169, 463, 463, 169, 9, 537, 0, 463, 169, 272, 25, 463, 169, 294, 169, 169, 169, 463, 177, 169, 463, 251, 346, 536, 352, 272, 536, 39, 536, 536, 536, 536, 442, 548, 536, 9, 311, 39, 536, 251, 278, 536, 415, 340, 311, 536, 536, 93, 248, 473, 473, 473, 9, 303, 548, 415, 93, 313, 93, 548, 93, 522, 156, 35, 67, 43, 143, 441, 442, 188, 178, 13, 380, 522, 272, 143, 135, 465, 9, 382, 384, 311, 9, 95, 9, 164, 9, 429, 277, 188, 536, 278, 9, 64, 286, 522, 95, 481, 95, 536, 343, 297, 469, 9, 9, 415, 415, 278, 144, 273, 297, 278, 9, 9, 95, 430, 477, 188, 278, 522, 8, 450, 311, 441, 9, 97, 488, 484, 9, 297, 415, 543, 442, 87, 160, 251, 135, 286, 278, 9, 67, 57, 365, 59, 9, 95, 9, 415, 9, 548, 143, 415, 342, 9, 218, 86, 9, 487, 278, 536, 208, 140, 251, 441, 168, 216, 522, 333, 9, 156, 9, 346, 120, 442, 272, 288, 156, 9, 95, 415, 499, 223, 405, 159, 155, 415, 251, 435, 273, 536, 273, 120, 77, 9, 299, 400, 492, 86, 442, 273, 418, 120, 415, 56, 415, 206, 206, 206, 212, 9, 9, 513, 57, 460, 9, 540, 313, 346, 415, 418, 67, 296, 93, 415, 536, 156, 9, 288, 465, 93, 143, 415, 536, 143, 9, 415, 135, 178, 13, 362, 9, 95, 522, 380, 429, 9, 206, 27, 441, 95, 441, 95, 372, 441, 346, 382, 156, 346, 95, 477, 87, 343, 429, 206, 346, 536, 143, 95, 9, 95, 285, 346, 9, 346, 424, 95, 297, 297, 297, 164, 156, 346, 9, 272, 346, 441, 511, 278, 9, 206, 86, 475, 403, 346, 206, 485, 251, 415, 206, 382, 536, 156, 470, 216, 206, 168, 536, 405, 278, 450, 9, 271, 278, 55, 9, 62, 492, 64, 462, 540, 441, 160, 278, 278, 278, 522, 188, 415, 389, 97, 120, 278, 400, 56, 144, 188, 87, 430, 452, 415, 9, 307, 223, 32, 77, 415, 9, 346, 188, 167, 87, 9, 15, 9, 9, 120, 140, 484, 273, 87, 8, 452, 9, 9, 9, 543, 188, 286, 286, 548, 15, 86, 499, 15, 499, 260, 1, 15, 206, 128, 522, 536, 87, 415, 218, 206, 522, 528, 415, 111, 206, 86, 