{"Run": 9, "K": 553, "WCSSD": 2059.3635528235172, "Purity": 0.5256226739192671, "Time": 32.04154300689697, "Kmeans_Labels": [110, 449, 105, 6, 6, 6, 449, 74, 449, 547, 6, 6, 6, 68, 410, 6, 6, 528, 6, 364, 304, 6, 200, 68, 469, 528, 6, 528, 361, 523, 68, 6, 305, 54, 364, 6, 68, 282, 307, 68, 317, 68, 314, 298, 472, 366, 469, 422, 410, 357, 6, 317, 317, 401, 79, 89, 67, 449, 229, 6, 6, 528, 6, 312, 89, 244, 68, 449, 68, 89, 528, 263, 394, 415, 526, 410, 6, 6, 6, 6, 6, 108, 547, 528, 74, 6, 229, 446, 6, 547, 499, 199, 89, 146, 410, 6, 410, 6, 74, 6, 74, 429, 155, 382, 368, 119, 119, 368, 6, 429, 399, 345, 530, 68, 547, 429, 108, 6, 317, 23, 6, 6, 23, 6, 6, 23, 6, 159, 499, 6, 23, 23, 200, 6, 6, 361, 6, 6, 97, 197, 162, 444, 229, 361, 23, 23, 6, 6, 67, 6, 23, 8, 229, 179, 6, 23, 6, 6, 533, 410, 6, 23, 23, 6, 6, 23, 229, 356, 10, 229, 6, 200, 6, 317, 23, 168, 61, 44, 23, 6, 317, 6, 6, 6, 23, 6, 23, 6, 6, 410, 6, 459, 474, 23, 395, 6, 6, 410, 6, 402, 74, 200, 200, 211, 23, 74, 23, 547, 229, 317, 200, 357, 547, 483, 95, 23, 289, 547, 147, 459, 74, 6, 6, 147, 431, 23, 317, 547, 317, 200, 6, 6, 74, 6, 547, 50, 547, 361, 6, 317, 23, 6, 358, 74, 317, 547, 547, 6, 410, 23, 24, 402, 6, 427, 108, 238, 67, 317, 23, 547, 317, 547, 147, 6, 368, 6, 410, 368, 108, 402, 200, 119, 170, 200, 119, 200, 317, 200, 23, 158, 23, 79, 79, 410, 119, 119, 499, 368, 119, 499, 23, 119, 6, 116, 6, 119, 6, 416, 530, 499, 6, 276, 499, 242, 547, 119, 119, 119, 6, 530, 459, 79, 547, 108, 207, 79, 123, 530, 530, 499, 530, 207, 317, 321, 61, 6, 547, 79, 459, 194, 361, 23, 391, 110, 317, 110, 23, 79, 200, 23, 6, 6, 480, 410, 23, 317, 317, 480, 6, 480, 480, 317, 317, 480, 547, 547, 87, 10, 214, 380, 228, 476, 6, 42, 530, 459, 45, 228, 23, 6, 228, 351, 45, 23, 45, 23, 23, 487, 200, 6, 317, 499, 23, 312, 335, 317, 317, 528, 6, 410, 6, 410, 200, 170, 314, 6, 61, 421, 6, 298, 459, 6, 6, 317, 317, 459, 67, 6, 6, 6, 317, 108, 89, 229, 449, 143, 119, 410, 229, 23, 229, 6, 229, 6, 298, 189, 6, 530, 214, 228, 228, 314, 6, 229, 6, 108, 108, 361, 361, 6, 444, 547, 8, 8, 547, 547, 530, 530, 530, 530, 547, 547, 530, 298, 499, 228, 228, 16, 42, 42, 6, 6, 6, 132, 132, 361, 531, 531, 388, 89, 89, 89, 6, 89, 99, 459, 6, 448, 547, 547, 74, 74, 547, 547, 547, 372, 372, 302, 302, 302, 71, 547, 427, 427, 547, 26, 365, 8, 8, 365, 355, 28, 459, 14, 14, 6, 146, 146, 368, 105, 105, 108, 6, 6, 6, 6, 6, 368, 410, 43, 368, 428, 43, 368, 368, 43, 428, 547, 6, 530, 530, 119, 209, 209, 547, 547, 530, 530, 530, 547, 530, 403, 403, 402, 402, 6, 6, 275, 275, 261, 261, 368, 368, 530, 530, 547, 8, 8, 8, 8, 99, 6, 459, 459, 147, 547, 547, 547, 547, 547, 547, 386, 386, 410, 376, 291, 291, 459, 253, 107, 107, 480, 480, 439, 499, 480, 332, 332, 499, 228, 228, 157, 547, 157, 547, 547, 437, 437, 517, 517, 41, 41, 42, 42, 42, 42, 6, 434, 434, 45, 45, 135, 135, 45, 45, 456, 456, 228, 410, 32, 270, 6, 229, 273, 512, 458, 458, 458, 458, 458, 458, 458, 12, 547, 185, 458, 458, 68, 458, 458, 458, 458, 410, 458, 458, 458, 458, 61, 298, 298, 6, 42, 309, 309, 89, 89, 132, 132, 344, 79, 89, 89, 317, 183, 6, 460, 89, 357, 398, 298, 61, 6, 6, 354, 6, 314, 298, 257, 402, 466, 247, 247, 6, 436, 436, 547, 6, 89, 350, 6, 89, 21, 547, 547, 146, 240, 509, 548, 548, 298, 109, 547, 6, 302, 146, 402, 146, 357, 547, 146, 146, 357, 357, 353, 146, 353, 547, 14, 146, 146, 446, 6, 14, 14, 357, 547, 146, 6, 6, 6, 368, 459, 368, 6, 368, 368, 493, 430, 368, 368, 368, 468, 349, 368, 468, 119, 530, 468, 530, 547, 209, 368, 530, 254, 254, 368, 6, 530, 530, 530, 530, 530, 530, 6, 8, 530, 530, 530, 6, 6, 530, 530, 530, 128, 279, 502, 471, 502, 530, 252, 406, 406, 169, 169, 530, 406, 522, 357, 169, 547, 530, 479, 91, 522, 522, 194, 8, 194, 194, 194, 194, 547, 547, 8, 294, 294, 169, 90, 528, 528, 90, 53, 108, 108, 108, 291, 547, 410, 547, 424, 108, 390, 390, 194, 194, 291, 547, 547, 547, 547, 499, 547, 6, 6, 317, 535, 535, 108, 6, 6, 6, 6, 228, 228, 228, 547, 517, 228, 42, 45, 61, 228, 517, 6, 42, 41, 228, 6, 41, 41, 410, 42, 143, 143, 108, 434, 228, 228, 499, 222, 499, 488, 135, 108, 429, 108, 108, 108, 228, 6, 6, 89, 357, 150, 89, 361, 89, 67, 6, 325, 6, 357, 547, 317, 6, 446, 6, 543, 357, 6, 357, 6, 530, 368, 530, 373, 196, 317, 6, 492, 350, 492, 13, 229, 186, 361, 6, 6, 230, 10, 528, 317, 56, 110, 19, 228, 110, 19, 6, 348, 417, 547, 251, 334, 477, 368, 93, 298, 334, 310, 506, 417, 228, 13, 225, 13, 108, 330, 13, 13, 13, 47, 13, 13, 201, 13, 334, 108, 13, 334, 13, 13, 13, 360, 360, 13, 417, 524, 13, 13, 13, 13, 457, 303, 360, 360, 13, 334, 334, 13, 13, 334, 13, 6, 13, 13, 13, 417, 417, 6, 499, 226, 13, 13, 6, 312, 6, 417, 269, 13, 150, 25, 334, 13, 334, 13, 312, 13, 532, 6, 13, 13, 117, 13, 6, 6, 13, 140, 13, 417, 487, 180, 13, 13, 13, 13, 13, 13, 334, 13, 13, 13, 13, 520, 13, 13, 13, 13, 13, 417, 449, 28, 520, 13, 13, 73, 260, 6, 414, 6, 417, 13, 417, 314, 76, 13, 477, 334, 13, 134, 13, 13, 528, 417, 99, 13, 334, 334, 83, 236, 334, 63, 474, 13, 13, 417, 13, 6, 314, 239, 334, 102, 13, 13, 13, 417, 417, 308, 370, 318, 13, 13, 334, 13, 13, 44, 348, 285, 13, 99, 417, 334, 13, 13, 13, 527, 145, 417, 441, 13, 39, 13, 58, 6, 13, 6, 13, 542, 334, 13, 13, 13, 68, 13, 6, 417, 417, 547, 6, 334, 334, 204, 13, 417, 334, 334, 334, 171, 227, 316, 268, 417, 13, 417, 298, 334, 13, 13, 108, 13, 417, 547, 13, 6, 13, 13, 251, 417, 6, 334, 362, 334, 520, 317, 417, 334, 360, 435, 13, 13, 452, 446, 39, 108, 417, 28, 334, 100, 334, 13, 417, 417, 181, 47, 13, 13, 13, 417, 13, 477, 13, 334, 6, 417, 417, 13, 13, 295, 334, 13, 28, 6, 13, 334, 417, 13, 417, 6, 368, 334, 308, 334, 13, 38, 13, 108, 368, 13, 334, 417, 13, 334, 79, 149, 317, 13, 417, 417, 13, 149, 375, 334, 13, 334, 6, 13, 58, 150, 293, 13, 129, 13, 334, 93, 334, 298, 320, 334, 334, 417, 6, 85, 417, 10, 446, 13, 13, 417, 334, 13, 317, 334, 334, 13, 334, 202, 317, 417, 334, 13, 13, 187, 13, 417, 334, 417, 13, 361, 417, 198, 108, 361, 361, 13, 13, 13, 334, 334, 334, 417, 417, 334, 417, 334, 13, 334, 150, 417, 310, 334, 499, 417, 417, 241, 149, 334, 13, 417, 319, 417, 417, 417, 334, 506, 13, 417, 42, 334, 228, 334, 153, 108, 334, 417, 13, 13, 13, 317, 417, 228, 417, 515, 13, 417, 6, 515, 13, 13, 417, 317, 520, 13, 417, 13, 417, 225, 210, 13, 13, 417, 13, 264, 156, 317, 108, 122, 317, 78, 317, 317, 317, 317, 80, 474, 317, 112, 6, 499, 317, 6, 547, 317, 346, 224, 368, 317, 317, 223, 229, 431, 431, 431, 56, 193, 6, 6, 57, 15, 228, 519, 525, 6, 42, 42, 135, 42, 82, 298, 449, 547, 6, 547, 9, 6, 6, 317, 480, 6, 45, 6, 317, 6, 496, 547, 6, 22, 547, 499, 547, 287, 262, 547, 141, 368, 547, 547, 530, 188, 530, 108, 229, 46, 6, 99, 368, 504, 6, 147, 317, 217, 368, 547, 6, 475, 502, 528, 196, 247, 547, 6, 89, 427, 6, 298, 281, 446, 530, 89, 392, 368, 317, 106, 449, 361, 451, 6, 480, 547, 147, 272, 45, 99, 103, 1, 470, 530, 6, 6, 6, 6, 341, 42, 6, 6, 73, 306, 6, 99, 255, 224, 98, 146, 6, 298, 547, 167, 6, 45, 6, 6, 6, 108, 438, 75, 139, 517, 6, 79, 468, 499, 447, 31, 6, 6, 6, 286, 227, 528, 459, 317, 459, 317, 36, 79, 256, 6, 446, 6, 449, 459, 499, 547, 411, 6, 6, 499, 108, 426, 73, 6, 357, 410, 99, 108, 6, 538, 15, 108, 42, 499, 135, 530, 525, 411, 262, 42, 45, 517, 6, 228, 341, 238, 108, 82, 6, 6, 480, 6, 547, 8, 470, 547, 547, 9, 499, 79, 108, 108, 298, 530, 298, 502, 499, 298, 108, 181, 6, 108, 502, 196, 6, 229, 499, 317, 108, 156, 317, 530, 6, 530, 301, 108, 281, 67, 500, 468, 368, 368, 46, 22, 6, 108, 368, 6, 108, 298, 61, 547, 364, 317, 306, 119, 208, 317, 499, 317, 6, 238, 108, 6, 156, 108, 499, 167, 317, 547, 317, 6, 147, 427, 6, 317, 130, 498, 357, 44, 446, 368, 218, 538, 298, 451, 255, 147, 547, 547, 547, 6, 317, 446, 6, 547, 6, 6, 317, 287, 361, 528, 499, 547, 475, 6, 31, 357, 36, 6, 547, 500, 402, 6, 528, 6, 26, 410, 374, 317, 146, 89, 459, 516, 89, 489, 6, 141, 6, 106, 247, 547, 547, 6, 30, 6, 447, 26, 447, 26, 67, 26, 426, 10, 6, 317, 528, 6, 73, 499, 6, 361, 504, 528, 6, 528, 217, 200, 6, 6, 99, 433, 69, 449, 99, 73, 98, 528, 433, 99, 99, 317, 499, 6, 99, 449, 227, 547, 6, 99, 6, 378, 6, 459, 314, 317, 528, 286, 6, 449, 317, 6, 