{"Run": 9, "K": 581, "WCSSD": 2031.758822847525, "Purity": 0.5473804752361867, "Time": 33.73148798942566, "Kmeans_Labels": [223, 225, 133, 511, 335, 385, 225, 172, 225, 163, 16, 338, 92, 92, 44, 16, 402, 16, 16, 16, 16, 16, 198, 92, 92, 281, 16, 493, 42, 16, 544, 16, 42, 281, 385, 16, 92, 92, 154, 373, 456, 269, 36, 75, 92, 236, 92, 14, 51, 220, 352, 558, 558, 220, 43, 16, 314, 225, 511, 511, 426, 281, 16, 36, 16, 87, 92, 225, 92, 16, 92, 16, 16, 355, 68, 16, 16, 16, 550, 314, 318, 314, 16, 385, 172, 248, 114, 16, 214, 16, 16, 490, 433, 16, 220, 16, 161, 16, 172, 16, 172, 68, 16, 237, 237, 547, 547, 237, 16, 68, 515, 49, 515, 92, 43, 68, 558, 16, 334, 71, 334, 334, 71, 511, 506, 48, 334, 511, 93, 161, 71, 71, 365, 241, 470, 45, 370, 523, 334, 334, 493, 511, 511, 42, 71, 71, 152, 334, 16, 511, 540, 409, 114, 170, 334, 560, 16, 505, 511, 51, 334, 418, 71, 401, 16, 71, 114, 541, 353, 114, 402, 16, 16, 558, 71, 6, 97, 446, 71, 334, 352, 334, 16, 220, 71, 220, 71, 191, 16, 220, 461, 493, 489, 71, 334, 334, 334, 330, 536, 255, 172, 198, 402, 97, 71, 172, 71, 172, 103, 254, 198, 334, 172, 54, 172, 71, 71, 16, 154, 493, 172, 68, 16, 154, 161, 71, 334, 154, 558, 71, 334, 187, 172, 95, 172, 298, 262, 382, 552, 334, 71, 93, 447, 59, 558, 172, 203, 16, 330, 393, 269, 547, 16, 504, 241, 198, 71, 334, 71, 16, 334, 16, 242, 72, 237, 512, 330, 237, 314, 97, 93, 269, 349, 334, 269, 334, 334, 334, 323, 237, 71, 43, 43, 334, 269, 269, 97, 237, 269, 93, 339, 269, 16, 515, 547, 425, 466, 547, 16, 161, 16, 0, 16, 547, 547, 547, 269, 269, 16, 515, 493, 43, 547, 547, 255, 43, 402, 515, 515, 16, 515, 515, 558, 515, 97, 154, 16, 43, 493, 59, 42, 71, 71, 223, 558, 16, 71, 43, 198, 260, 334, 334, 573, 330, 71, 334, 334, 236, 334, 236, 146, 334, 558, 236, 154, 16, 228, 270, 430, 210, 572, 334, 173, 210, 515, 493, 210, 572, 71, 334, 301, 572, 509, 71, 476, 71, 71, 71, 160, 402, 445, 347, 71, 131, 16, 558, 558, 16, 511, 16, 16, 334, 307, 349, 16, 16, 97, 202, 16, 75, 368, 334, 511, 334, 347, 493, 71, 16, 511, 16, 93, 314, 334, 114, 225, 16, 547, 330, 114, 71, 114, 16, 114, 220, 75, 237, 16, 515, 15, 572, 572, 36, 16, 114, 354, 94, 94, 42, 42, 16, 511, 16, 409, 409, 16, 16, 102, 102, 93, 515, 154, 154, 312, 75, 16, 312, 312, 94, 210, 210, 312, 312, 16, 227, 227, 42, 36, 36, 511, 65, 65, 16, 511, 16, 202, 493, 16, 16, 433, 433, 172, 172, 431, 16, 16, 16, 16, 488, 488, 367, 409, 16, 472, 472, 16, 238, 16, 525, 525, 16, 172, 140, 493, 174, 174, 16, 16, 16, 237, 133, 133, 16, 16, 16, 94, 94, 16, 16, 16, 511, 237, 516, 237, 237, 237, 237, 516, 16, 16, 408, 408, 269, 515, 515, 376, 376, 515, 515, 515, 147, 515, 547, 547, 111, 111, 161, 161, 515, 515, 420, 420, 118, 118, 515, 515, 338, 409, 409, 409, 409, 261, 16, 493, 493, 154, 201, 201, 251, 251, 251, 251, 16, 16, 338, 16, 16, 16, 493, 236, 236, 236, 236, 236, 161, 406, 236, 328, 328, 93, 572, 572, 110, 558, 110, 312, 312, 345, 345, 345, 345, 345, 345, 210, 210, 210, 210, 16, 497, 497, 345, 345, 345, 345, 312, 32, 572, 572, 572, 314, 162, 202, 16, 114, 26, 26, 26, 26, 26, 26, 290, 26, 26, 154, 154, 26, 26, 26, 527, 26, 26, 26, 26, 220, 541, 26, 26, 26, 286, 220, 75, 16, 210, 36, 36, 402, 402, 227, 227, 161, 43, 493, 493, 20, 16, 16, 16, 16, 16, 511, 75, 97, 511, 561, 558, 16, 314, 75, 220, 511, 529, 467, 467, 16, 467, 467, 16, 16, 433, 313, 16, 16, 314, 570, 570, 220, 477, 488, 212, 212, 75, 488, 16, 86, 367, 488, 16, 488, 40, 16, 416, 16, 16, 352, 16, 416, 16, 16, 174, 488, 488, 175, 220, 174, 174, 220, 59, 75, 16, 116, 116, 237, 493, 29, 72, 547, 237, 16, 515, 29, 237, 16, 408, 515, 237, 408, 408, 408, 408, 161, 16, 515, 43, 515, 515, 49, 237, 161, 515, 16, 43, 378, 43, 515, 16, 432, 515, 342, 515, 16, 16, 515, 515, 515, 380, 420, 420, 515, 420, 515, 161, 548, 548, 82, 82, 515, 226, 423, 391, 82, 59, 515, 161, 43, 423, 423, 245, 522, 245, 245, 245, 245, 201, 201, 522, 515, 515, 563, 515, 42, 42, 515, 312, 312, 314, 312, 312, 56, 493, 312, 236, 312, 486, 486, 515, 515, 328, 59, 533, 493, 16, 93, 312, 16, 16, 338, 312, 312, 224, 312, 312, 16, 16, 572, 216, 216, 312, 390, 572, 210, 345, 258, 572, 345, 402, 210, 345, 572, 498, 345, 345, 334, 210, 16, 16, 16, 350, 572, 350, 16, 558, 515, 572, 345, 463, 68, 161, 161, 161, 572, 16, 161, 16, 220, 347, 16, 42, 385, 115, 16, 16, 16, 220, 16, 338, 457, 175, 16, 316, 72, 411, 220, 16, 16, 547, 515, 408, 314, 195, 16, 402, 402, 402, 18, 114, 511, 42, 89, 402, 338, 270, 281, 558, 565, 223, 515, 572, 223, 515, 16, 250, 577, 16, 577, 197, 16, 237, 79, 75, 503, 271, 577, 459, 572, 18, 217, 18, 552, 18, 577, 18, 18, 530, 18, 18, 264, 18, 63, 240, 18, 63, 18, 18, 18, 271, 271, 18, 577, 63, 18, 18, 18, 18, 63, 18, 271, 271, 18, 471, 63, 18, 18, 63, 18, 16, 18, 18, 317, 577, 577, 16, 93, 438, 322, 18, 94, 21, 220, 577, 577, 18, 249, 458, 63, 18, 63, 528, 462, 319, 18, 16, 18, 18, 18, 18, 16, 16, 18, 18, 143, 577, 558, 517, 18, 18, 18, 18, 18, 528, 63, 18, 18, 306, 18, 12, 18, 18, 184, 18, 18, 577, 225, 125, 132, 18, 18, 87, 3, 16, 446, 16, 206, 18, 577, 119, 63, 18, 240, 471, 18, 109, 18, 528, 16, 577, 202, 519, 63, 252, 63, 18, 63, 18, 489, 18, 18, 577, 18, 16, 16, 138, 132, 18, 18, 18, 18, 577, 577, 528, 347, 16, 18, 18, 63, 18, 18, 446, 250, 18, 18, 202, 577, 63, 18, 18, 18, 18, 496, 577, 299, 18, 239, 18, 493, 220, 18, 16, 18, 409, 63, 132, 18, 18, 92, 128, 16, 459, 340, 331, 16, 63, 63, 18, 18, 243, 63, 63, 63, 18, 16, 63, 78, 577, 315, 577, 385, 63, 18, 434, 220, 18, 577, 16, 18, 16, 205, 364, 577, 577, 161, 63, 18, 311, 132, 93, 577, 197, 132, 18, 528, 18, 489, 175, 239, 314, 577, 64, 63, 18, 132, 18, 577, 577, 106, 530, 484, 18, 18, 577, 18, 16, 18, 132, 16, 577, 577, 18, 18, 63, 63, 482, 64, 220, 104, 63, 243, 273, 577, 16, 237, 63, 528, 63, 18, 161, 18, 161, 237, 18, 63, 577, 18, 63, 69, 442, 402, 18, 577, 577, 18, 442, 18, 13, 18, 63, 16, 18, 220, 249, 18, 18, 63, 18, 63, 79, 63, 75, 554, 63, 63, 340, 5, 442, 372, 270, 175, 18, 18, 577, 503, 18, 93, 63, 63, 18, 63, 577, 93, 577, 189, 18, 18, 577, 18, 577, 537, 577, 18, 294, 340, 63, 16, 42, 83, 18, 18, 18, 63, 537, 63, 577, 577, 63, 344, 63, 18, 63, 249, 577, 271, 63, 16, 577, 577, 577, 442, 159, 18, 577, 145, 459, 577, 451, 243, 577, 18, 577, 210, 63, 572, 63, 572, 161, 63, 577, 18, 277, 18, 16, 577, 350, 577, 18, 18, 577, 16, 442, 130, 481, 577, 558, 12, 18, 577, 18, 577, 217, 577, 18, 300, 577, 18, 42, 314, 558, 314, 105, 558, 93, 558, 558, 558, 558, 347, 489, 558, 16, 511, 93, 558, 16, 154, 558, 16, 62, 511, 558, 558, 210, 114, 161, 161, 161, 565, 16, 256, 566, 369, 33, 572, 256, 572, 16, 166, 210, 259, 210, 220, 75, 225, 16, 16, 533, 245, 312, 182, 343, 236, 93, 220, 72, 155, 511, 284, 43, 204, 16, 16, 16, 312, 367, 220, 154, 16, 237, 16, 193, 515, 511, 515, 16, 114, 237, 314, 440, 16, 16, 16, 247, 220, 493, 237, 154, 16, 403, 420, 281, 314, 467, 209, 220, 433, 504, 234, 47, 161, 175, 59, 433, 16, 237, 456, 16, 181, 42, 238, 220, 236, 16, 144, 549, 259, 202, 289, 36, 16, 515, 16, 16, 16, 220, 308, 210, 220, 16, 87, 97, 16, 202, 154, 62, 96, 16, 16, 75, 385, 269, 220, 345, 16, 16, 16, 16, 385, 334, 385, 390, 532, 43, 408, 346, 16, 281, 16, 16, 511, 16, 556, 281, 493, 347, 508, 220, 409, 43, 15, 253, 67, 16, 225, 493, 16, 161, 121, 16, 385, 16, 338, 161, 87, 266, 220, 314, 142, 338, 220, 385, 33, 58, 210, 16, 259, 515, 572, 121, 220, 166, 220, 390, 93, 572, 308, 61, 16, 220, 385, 385, 236, 16, 533, 409, 16, 43, 193, 245, 16, 43, 338, 27, 363, 515, 47, 515, 161, 75, 330, 72, 532, 371, 420, 314, 385, 114, 16, 93, 58, 314, 343, 515, 204, 515, 314, 285, 161, 58, 7, 408, 237, 237, 237, 16, 99, 16, 16, 182, 285, 47, 97, 154, 385, 338, 97, 269, 314, 285, 385, 220, 220, 61, 93, 72, 314, 72, 347, 269, 38, 385, 558, 16, 144, 504, 388, 59, 333, 385, 220, 446, 67, 237, 421, 385, 75, 238, 154, 247, 154, 2, 16, 16, 558, 175, 16, 209, 253, 16, 220, 367, 42, 281, 501, 16, 403, 287, 281, 220, 409, 220, 16, 58, 514, 16, 16, 266, 238, 16, 16, 220, 16, 433, 493, 281, 433, 16, 16, 16, 16, 16, 467, 16, 16, 220, 76, 16, 16, 483, 16, 76, 6, 238, 161, 270, 220, 