{"Run": 6, "K": 352, "WCSSD": 2274.5185443468063, "Purity": 0.48726023475522473, "Time": 18.58406710624695, "Kmeans_Labels": [236, 196, 121, 218, 14, 14, 196, 12, 196, 14, 14, 249, 71, 71, 14, 14, 14, 20, 198, 69, 198, 14, 91, 71, 71, 20, 198, 20, 69, 14, 71, 198, 69, 20, 198, 282, 200, 71, 249, 71, 198, 71, 94, 29, 71, 14, 71, 198, 175, 229, 14, 201, 201, 180, 236, 25, 157, 20, 218, 218, 14, 20, 20, 18, 257, 36, 0, 38, 323, 257, 20, 198, 9, 14, 184, 14, 14, 14, 157, 277, 14, 106, 14, 20, 12, 14, 190, 117, 14, 14, 14, 14, 226, 14, 14, 14, 175, 198, 12, 14, 12, 239, 14, 158, 158, 108, 108, 158, 14, 184, 94, 143, 94, 71, 17, 57, 128, 14, 275, 149, 14, 175, 66, 14, 14, 149, 175, 218, 41, 201, 149, 149, 91, 49, 180, 69, 275, 29, 84, 275, 47, 218, 218, 69, 149, 66, 14, 14, 14, 218, 149, 63, 190, 5, 14, 238, 14, 275, 218, 275, 14, 149, 149, 142, 14, 149, 157, 92, 19, 190, 285, 14, 292, 201, 149, 14, 18, 89, 149, 14, 14, 273, 14, 14, 149, 258, 8, 101, 14, 258, 92, 47, 209, 149, 14, 341, 14, 180, 14, 14, 12, 91, 285, 18, 149, 12, 149, 12, 14, 14, 91, 229, 12, 12, 231, 14, 149, 14, 319, 47, 12, 184, 281, 249, 106, 149, 275, 249, 201, 149, 14, 157, 12, 14, 12, 174, 14, 29, 107, 275, 149, 14, 47, 12, 201, 14, 14, 296, 180, 149, 108, 94, 14, 149, 49, 91, 149, 341, 149, 296, 275, 14, 249, 125, 158, 14, 180, 158, 14, 18, 14, 108, 92, 341, 108, 14, 275, 91, 160, 158, 149, 288, 236, 275, 108, 108, 18, 158, 108, 41, 149, 108, 80, 115, 14, 108, 14, 46, 94, 69, 14, 108, 14, 101, 14, 108, 108, 108, 94, 94, 47, 236, 14, 14, 94, 236, 14, 94, 94, 69, 94, 94, 201, 94, 18, 249, 14, 236, 47, 94, 69, 149, 149, 236, 201, 14, 149, 236, 197, 149, 14, 106, 315, 180, 149, 275, 275, 315, 275, 275, 199, 92, 201, 14, 14, 14, 125, 19, 40, 164, 52, 14, 275, 164, 94, 47, 297, 52, 149, 201, 52, 52, 297, 149, 297, 149, 149, 149, 275, 285, 275, 101, 149, 180, 137, 201, 201, 20, 218, 14, 157, 275, 285, 92, 14, 255, 18, 343, 14, 29, 47, 180, 218, 275, 348, 47, 149, 14, 232, 14, 14, 106, 257, 190, 196, 201, 108, 180, 14, 149, 14, 14, 14, 14, 29, 158, 14, 94, 40, 52, 52, 89, 14, 190, 69, 304, 304, 69, 69, 14, 218, 14, 63, 63, 14, 14, 94, 94, 14, 94, 85, 85, 94, 29, 69, 267, 267, 277, 167, 167, 14, 14, 14, 257, 257, 69, 257, 257, 218, 257, 257, 257, 218, 257, 343, 259, 172, 14, 226, 226, 12, 12, 14, 229, 229, 14, 14, 229, 229, 14, 63, 14, 14, 14, 14, 111, 271, 63, 63, 271, 12, 14, 47, 14, 14, 14, 229, 229, 158, 121, 121, 14, 14, 14, 106, 106, 14, 14, 106, 218, 158, 14, 158, 158, 158, 158, 14, 14, 14, 94, 94, 108, 183, 183, 14, 14, 4, 4, 64, 249, 94, 32, 32, 94, 94, 14, 14, 64, 64, 64, 64, 127, 127, 94, 64, 277, 63, 63, 63, 63, 343, 14, 152, 152, 249, 165, 165, 249, 249, 14, 14, 14, 14, 14, 14, 14, 14, 47, 172, 275, 275, 24, 24, 69, 277, 275, 210, 210, 41, 52, 52, 63, 198, 63, 198, 198, 287, 287, 100, 100, 14, 14, 164, 164, 164, 164, 69, 52, 52, 177, 177, 177, 177, 297, 297, 52, 52, 100, 277, 14, 343, 20, 71, 54, 54, 54, 54, 54, 54, 54, 54, 54, 45, 249, 54, 54, 54, 71, 54, 54, 102, 54, 175, 54, 54, 54, 54, 18, 29, 29, 14, 164, 180, 180, 285, 285, 257, 257, 175, 236, 257, 257, 175, 14, 221, 14, 257, 229, 218, 29, 18, 218, 14, 198, 75, 89, 29, 273, 218, 285, 135, 135, 14, 135, 135, 14, 14, 226, 285, 14, 257, 14, 14, 14, 229, 117, 229, 229, 229, 29, 229, 14, 157, 14, 229, 14, 229, 229, 14, 229, 229, 229, 14, 229, 14, 229, 14, 14, 229, 229, 181, 14, 14, 14, 229, 229, 29, 6, 106, 106, 158, 47, 158, 125, 158, 158, 92, 94, 158, 158, 195, 64, 94, 158, 94, 94, 94, 94, 94, 256, 183, 236, 94, 143, 143, 256, 31, 94, 256, 236, 94, 94, 94, 14, 63, 94, 94, 94, 106, 140, 94, 94, 94, 129, 64, 64, 94, 64, 94, 64, 64, 64, 94, 153, 94, 64, 94, 229, 153, 14, 94, 21, 94, 94, 94, 47, 63, 94, 94, 94, 14, 165, 165, 63, 94, 94, 94, 94, 20, 20, 94, 14, 14, 277, 14, 14, 101, 47, 14, 14, 275, 14, 14, 94, 94, 210, 14, 14, 47, 14, 14, 157, 14, 14, 90, 14, 14, 194, 14, 14, 14, 14, 52, 52, 52, 14, 100, 164, 52, 297, 18, 52, 100, 285, 203, 52, 52, 14, 52, 52, 348, 203, 14, 14, 101, 52, 52, 52, 204, 275, 64, 52, 177, 175, 184, 101, 101, 101, 52, 69, 101, 257, 229, 172, 257, 69, 257, 43, 14, 14, 14, 229, 14, 157, 101, 117, 14, 117, 229, 58, 285, 14, 94, 158, 182, 101, 94, 92, 14, 285, 285, 285, 309, 14, 218, 14, 106, 285, 14, 19, 20, 201, 14, 236, 94, 52, 236, 94, 132, 14, 15, 14, 15, 35, 92, 158, 35, 29, 35, 113, 15, 15, 52, 309, 316, 309, 277, 309, 15, 309, 309, 92, 309, 309, 309, 309, 113, 92, 309, 113, 309, 309, 309, 309, 172, 309, 15, 113, 309, 309, 309, 309, 332, 309, 172, 172, 309, 35, 113, 309, 309, 113, 309, 14, 309, 173, 309, 15, 15, 132, 41, 13, 270, 309, 14, 180, 14, 15, 15, 309, 172, 18, 113, 309, 35, 309, 180, 309, 309, 14, 289, 309, 309, 309, 132, 14, 309, 122, 289, 15, 201, 69, 71, 309, 309, 309, 309, 309, 113, 309, 309, 309, 309, 92, 309, 309, 309, 309, 309, 15, 196, 157, 316, 309, 306, 36, 92, 14, 89, 157, 15, 244, 15, 180, 113, 309, 92, 113, 309, 309, 309, 309, 20, 15, 343, 309, 113, 35, 113, 309, 113, 309, 209, 309, 309, 15, 309, 14, 14, 113, 113, 309, 309, 309, 309, 15, 15, 117, 348, 14, 309, 309, 113, 162, 309, 89, 14, 309, 309, 343, 15, 35, 309, 309, 309, 243, 279, 30, 15, 309, 193, 309, 47, 14, 309, 14, 309, 63, 35, 309, 309, 309, 71, 309, 14, 15, 333, 14, 6, 113, 113, 309, 309, 15, 35, 113, 35, 309, 14, 113, 78, 15, 309, 298, 29, 113, 309, 309, 258, 309, 15, 14, 207, 14, 309, 144, 15, 15, 92, 35, 309, 220, 92, 175, 15, 35, 172, 309, 309, 309, 209, 117, 193, 277, 15, 14, 113, 309, 113, 309, 15, 15, 125, 175, 309, 309, 309, 15, 309, 92, 309, 113, 14, 15, 15, 211, 309, 35, 113, 309, 14, 157, 309, 113, 15, 309, 15, 157, 158, 113, 309, 35, 309, 156, 309, 92, 158, 309, 35, 15, 309, 113, 236, 310, 72, 309, 15, 15, 309, 310, 309, 35, 309, 113, 14, 309, 106, 172, 309, 309, 35, 309, 35, 35, 113, 29, 113, 113, 113, 15, 198, 310, 15, 19, 117, 309, 309, 312, 35, 309, 61, 113, 35, 309, 35, 15, 14, 15, 113, 309, 309, 15, 309, 15, 35, 15, 309, 309, 15, 35, 277, 69, 69, 173, 309, 309, 110, 35, 113, 15, 15, 113, 15, 35, 309, 113, 172, 15, 113, 35, 14, 15, 15, 15, 310, 35, 309, 15, 36, 15, 15, 52, 35, 15, 309, 15, 164, 35, 52, 35, 219, 92, 35, 15, 309, 309, 309, 14, 37, 52, 15, 309, 309, 15, 101, 310, 309, 309, 15, 201, 92, 309, 15, 309, 15, 316, 15, 309, 309, 15, 309, 69, 277, 201, 92, 92, 201, 14, 201, 201, 201, 201, 172, 209, 201, 290, 218, 41, 201, 103, 249, 201, 198, 136, 158, 201, 201, 164, 71, 106, 106, 106, 14, 14, 14, 198, 52, 308, 2, 40, 52, 14, 52, 164, 297, 178, 14, 268, 196, 14, 14, 101, 94, 275, 275, 61, 14, 198, 297, 125, 101, 218, 326, 236, 14, 62, 14, 67, 101, 14, 297, 344, 14, 158, 14, 277, 94, 218, 4, 14, 20, 158, 92, 343, 14, 198, 198, 249, 14, 81, 189, 249, 14, 14, 94, 99, 94, 135, 249, 14, 226, 242, 237, 29, 318, 117, 94, 226, 14, 158, 198, 14, 277, 155, 111, 14, 275, 14, 249, 14, 297, 343, 191, 180, 14, 94, 14, 198, 14, 180, 101, 101, 229, 229, 36, 18, 14, 343, 249, 124, 14, 229, 14, 29, 51, 65, 206, 297, 14, 14, 14, 61, 257, 14, 175, 100, 185, 97, 64, 198, 14, 20, 175, 214, 218, 198, 276, 251, 47, 180, 47, 14, 63, 236, 40, 261, 74, 18, 196, 47, 14, 285, 198, 16, 198, 14, 106, 92, 36, 14, 330, 14, 343, 277, 14, 157, 308, 277, 101, 14, 297, 96, 52, 198, 297, 52, 297, 100, 198, 2, 101, 198, 14, 14, 14, 198, 14, 14, 101, 63, 14, 236, 277, 94, 67, 236, 106, 277, 118, 73, 29, 22, 14, 268, 277, 125, 185, 293, 94, 94, 20, 20, 28, 61, 293, 277, 61, 94, 14, 4, 92, 293, 318, 293, 106, 64, 158, 189, 158, 62, 3, 61, 14, 275, 293, 29, 18, 249, 106, 106, 18, 108, 157, 157, 92, 277, 14, 198, 277, 125, 277, 277, 14, 65, 92, 51, 201, 175, 249, 242, 14, 157, 249, 20, 330, 265, 74, 158, 14, 157, 23, 111, 249, 249, 344, 14, 14, 198, 175, 117, 14, 249, 261, 16, 14, 14, 155, 99, 275, 229, 14, 14, 20, 229, 63, 198, 14, 293, 14, 277, 20, 14, 111, 14, 14, 14, 229, 226, 47, 20, 226, 14, 229, 14, 14, 14, 135, 14, 14, 180, 111, 18, 14, 111, 14, 111, 14, 111, 92, 19, 14, 201, 20, 29, 273, 14, 206, 18, 198, 20, 36, 18, 81, 285, 14, 218, 283, 343, 83, 157, 343, 36, 14, 20, 201, 343, 343, 151, 198, 14, 343, 196, 276, 172, 218, 343, 