{"Run": 13, "K": 495, "WCSSD": 2140.0294327726397, "Purity": 0.416752884527838, "Time": 27.021515130996704, "Kmeans_Labels": [98, 3, 94, 212, 184, 3, 157, 112, 465, 290, 3, 366, 137, 137, 465, 3, 160, 3, 81, 392, 3, 3, 453, 137, 159, 465, 417, 15, 392, 3, 465, 341, 392, 465, 465, 3, 117, 117, 366, 117, 417, 117, 106, 244, 117, 3, 117, 417, 383, 3, 32, 453, 453, 417, 98, 3, 3, 3, 381, 212, 3, 9, 3, 178, 3, 148, 117, 3, 117, 3, 437, 465, 3, 165, 139, 215, 98, 3, 160, 87, 3, 406, 394, 465, 112, 3, 165, 58, 3, 363, 312, 465, 3, 44, 3, 3, 465, 3, 112, 3, 112, 298, 3, 328, 328, 157, 157, 38, 3, 139, 248, 248, 248, 117, 98, 139, 406, 3, 408, 250, 3, 384, 103, 212, 3, 433, 465, 212, 453, 3, 103, 103, 166, 465, 3, 320, 3, 3, 465, 465, 89, 212, 212, 392, 103, 103, 365, 3, 3, 448, 103, 430, 165, 27, 3, 103, 3, 3, 212, 465, 3, 103, 103, 3, 3, 103, 165, 371, 326, 165, 160, 3, 3, 453, 103, 3, 121, 168, 103, 465, 32, 3, 3, 3, 103, 3, 410, 3, 3, 156, 3, 89, 406, 103, 3, 306, 3, 323, 3, 442, 243, 3, 160, 121, 103, 112, 103, 112, 165, 3, 3, 3, 112, 112, 227, 331, 39, 290, 366, 98, 112, 139, 3, 366, 406, 487, 3, 366, 453, 103, 3, 3, 112, 3, 112, 3, 290, 244, 154, 3, 103, 3, 89, 112, 453, 290, 235, 3, 323, 103, 157, 157, 3, 150, 3, 417, 103, 306, 103, 3, 3, 435, 366, 94, 328, 3, 323, 328, 3, 442, 3, 157, 255, 306, 157, 3, 453, 3, 103, 328, 103, 98, 98, 296, 157, 157, 121, 328, 157, 453, 103, 157, 3, 248, 490, 157, 84, 80, 248, 406, 3, 157, 3, 413, 366, 157, 157, 157, 135, 248, 316, 416, 366, 406, 290, 98, 160, 248, 248, 392, 248, 248, 453, 407, 121, 366, 3, 98, 89, 98, 3, 103, 103, 98, 453, 152, 103, 131, 417, 276, 465, 166, 89, 323, 103, 453, 3, 103, 3, 453, 419, 88, 453, 3, 74, 98, 59, 326, 10, 31, 224, 465, 417, 224, 248, 98, 378, 224, 103, 3, 224, 99, 378, 103, 53, 103, 103, 455, 465, 160, 465, 453, 103, 178, 406, 453, 453, 3, 3, 3, 3, 465, 160, 255, 106, 3, 392, 364, 3, 244, 371, 3, 212, 249, 453, 89, 3, 392, 465, 3, 386, 3, 3, 153, 3, 3, 490, 254, 165, 103, 165, 3, 165, 371, 244, 328, 420, 98, 10, 224, 224, 106, 3, 165, 3, 470, 470, 362, 362, 371, 212, 371, 369, 369, 290, 290, 248, 248, 3, 248, 366, 366, 248, 244, 392, 417, 417, 371, 31, 31, 166, 166, 3, 418, 418, 3, 147, 147, 212, 3, 3, 3, 212, 65, 364, 15, 3, 3, 223, 223, 112, 112, 3, 44, 44, 170, 170, 44, 44, 44, 430, 3, 1, 1, 465, 47, 417, 430, 430, 417, 79, 150, 89, 290, 290, 420, 44, 310, 328, 94, 94, 166, 142, 142, 3, 3, 3, 167, 3, 350, 440, 432, 350, 440, 440, 350, 432, 25, 3, 248, 248, 157, 248, 248, 3, 3, 78, 78, 3, 366, 248, 446, 446, 290, 290, 3, 3, 69, 69, 69, 69, 337, 337, 248, 69, 166, 307, 307, 277, 277, 364, 3, 98, 98, 366, 409, 409, 366, 366, 166, 166, 237, 237, 3, 166, 3, 3, 15, 3, 3, 3, 419, 419, 3, 3, 3, 151, 151, 453, 258, 258, 430, 86, 430, 251, 251, 53, 53, 208, 208, 404, 404, 31, 31, 31, 31, 392, 224, 224, 378, 378, 340, 340, 166, 224, 31, 31, 224, 3, 3, 364, 460, 145, 118, 118, 118, 118, 118, 118, 118, 118, 118, 366, 366, 481, 118, 467, 117, 118, 398, 118, 118, 3, 398, 118, 398, 118, 121, 371, 244, 3, 31, 106, 106, 160, 160, 4, 4, 465, 98, 89, 89, 453, 371, 3, 371, 65, 3, 212, 244, 121, 292, 3, 424, 465, 106, 429, 3, 292, 160, 387, 387, 3, 387, 387, 3, 3, 223, 160, 3, 44, 166, 3, 3, 44, 314, 44, 44, 44, 244, 44, 106, 465, 44, 44, 290, 44, 166, 106, 44, 44, 465, 465, 44, 44, 44, 290, 290, 169, 169, 314, 3, 290, 290, 290, 290, 44, 260, 445, 180, 328, 221, 328, 94, 328, 328, 311, 248, 328, 301, 301, 69, 248, 328, 248, 69, 248, 248, 248, 471, 248, 328, 248, 248, 248, 471, 3, 248, 471, 98, 248, 98, 248, 3, 430, 248, 412, 248, 3, 3, 248, 248, 248, 69, 69, 194, 69, 69, 472, 69, 477, 360, 248, 304, 248, 304, 248, 357, 304, 166, 248, 3, 248, 248, 248, 166, 430, 166, 166, 166, 166, 97, 97, 430, 248, 248, 248, 287, 392, 392, 287, 166, 166, 3, 166, 141, 166, 3, 141, 3, 166, 271, 271, 98, 98, 14, 68, 166, 98, 2, 453, 166, 3, 3, 3, 247, 247, 18, 166, 166, 3, 3, 224, 224, 224, 166, 208, 224, 31, 53, 121, 224, 340, 160, 31, 489, 224, 3, 489, 489, 3, 31, 417, 417, 406, 224, 224, 224, 406, 3, 45, 224, 340, 166, 139, 164, 164, 228, 224, 392, 485, 359, 3, 3, 3, 392, 359, 465, 289, 3, 3, 3, 166, 371, 3, 314, 3, 314, 94, 270, 160, 3, 248, 297, 248, 69, 248, 183, 417, 160, 160, 160, 16, 165, 212, 3, 3, 160, 465, 326, 9, 453, 3, 98, 248, 224, 98, 248, 3, 465, 268, 290, 268, 149, 196, 328, 185, 244, 149, 149, 268, 268, 224, 16, 201, 16, 154, 16, 268, 173, 16, 83, 96, 96, 16, 16, 149, 371, 338, 149, 16, 16, 16, 16, 406, 16, 268, 149, 16, 96, 16, 96, 149, 16, 406, 406, 96, 149, 234, 96, 16, 149, 16, 3, 16, 16, 16, 268, 268, 3, 453, 149, 16, 16, 465, 178, 3, 268, 16, 6, 371, 121, 149, 16, 261, 16, 178, 16, 207, 3, 16, 16, 16, 16, 3, 3, 427, 0, 16, 268, 455, 401, 16, 16, 16, 16, 16, 127, 162, 16, 231, 16, 16, 453, 64, 16, 16, 16, 16, 268, 3, 130, 201, 199, 95, 148, 3, 3, 280, 465, 268, 16, 268, 106, 149, 16, 196, 149, 16, 16, 16, 324, 85, 268, 105, 16, 149, 149, 149, 16, 149, 16, 406, 16, 96, 358, 96, 204, 106, 149, 149, 264, 16, 40, 16, 268, 268, 268, 453, 52, 16, 16, 149, 16, 16, 449, 465, 16, 16, 364, 353, 149, 16, 40, 16, 190, 16, 268, 268, 16, 54, 16, 288, 3, 96, 3, 375, 430, 149, 16, 16, 16, 117, 35, 3, 268, 268, 465, 260, 319, 149, 16, 16, 268, 149, 149, 149, 16, 3, 149, 72, 268, 200, 268, 244, 149, 16, 96, 156, 16, 268, 290, 16, 3, 16, 16, 268, 268, 166, 149, 16, 149, 453, 371, 268, 149, 16, 16, 16, 16, 406, 314, 54, 434, 268, 130, 149, 16, 201, 16, 268, 268, 94, 83, 96, 16, 96, 268, 96, 196, 16, 149, 3, 268, 385, 443, 203, 149, 149, 16, 130, 371, 16, 149, 268, 16, 268, 453, 328, 300, 16, 415, 96, 391, 16, 389, 328, 16, 76, 268, 484, 149, 98, 149, 160, 16, 268, 268, 16, 453, 16, 149, 16, 149, 3, 16, 288, 371, 16, 16, 149, 16, 149, 185, 149, 244, 149, 149, 149, 268, 417, 16, 268, 291, 314, 16, 16, 268, 149, 16, 171, 149, 149, 16, 149, 272, 453, 411, 149, 16, 16, 268, 16, 268, 149, 479, 96, 16, 268, 149, 3, 3, 326, 16, 16, 16, 149, 149, 149, 268, 268, 149, 268, 149, 16, 149, 371, 317, 149, 149, 406, 268, 268, 268, 453, 149, 400, 268, 178, 268, 268, 268, 149, 268, 16, 34, 31, 415, 224, 415, 224, 389, 149, 268, 16, 16, 16, 3, 268, 224, 268, 16, 96, 268, 406, 268, 16, 16, 268, 371, 453, 96, 268, 16, 268, 201, 268, 16, 16, 268, 16, 392, 439, 453, 371, 371, 453, 3, 453, 453, 453, 453, 371, 406, 453, 124, 212, 453, 453, 3, 366, 453, 3, 390, 212, 453, 453, 31, 165, 406, 406, 406, 3, 3, 3, 417, 224, 125, 259, 10, 213, 417, 166, 344, 340, 31, 366, 244, 465, 290, 3, 166, 248, 417, 3, 3, 3, 240, 473, 94, 406, 3, 3, 98, 3, 3, 428, 56, 166, 44, 378, 132, 3, 328, 394, 451, 248, 94, 78, 166, 23, 328, 179, 465, 167, 3, 3, 366, 371, 15, 328, 366, 3, 3, 69, 3, 248, 387, 366, 458, 3, 150, 129, 244, 461, 314, 68, 223, 3, 328, 417, 3, 232, 3, 447, 371, 3, 394, 366, 3, 378, 364, 322, 106, 3, 248, 3, 3, 3, 342, 166, 228, 3, 3, 136, 121, 3, 15, 366, 397, 3, 44, 3, 244, 166, 327, 371, 378, 465, 63, 3, 465, 3, 3, 371, 208, 3, 482, 69, 392, 465, 9, 303, 3, 212, 294, 3, 465, 89, 417, 89, 371, 430, 98, 10, 3, 314, 3, 491, 15, 3, 166, 408, 417, 332, 465, 3, 406, 148, 3, 3, 3, 128, 406, 371, 465, 125, 371, 228, 3, 340, 248, 213, 408, 378, 166, 473, 208, 240, 259, 166, 417, 166, 366, 3, 332, 3, 3, 166, 430, 3, 98, 451, 248, 56, 98, 3, 434, 457, 248, 244, 45, 406, 244, 175, 94, 3, 144, 69, 248, 241, 23, 56, 453, 144, 439, 3, 248, 3, 78, 417, 144, 461, 144, 242, 69, 328, 328, 328, 3, 158, 465, 167, 3, 144, 244, 121, 366, 453, 453, 121, 157, 465, 144, 3, 371, 371, 417, 465, 94, 439, 94, 3, 327, 154, 166, 453, 303, 366, 150, 3, 3, 113, 110, 3, 168, 314, 328, 494, 465, 244, 447, 366, 366, 132, 417, 290, 3, 453, 314, 166, 366, 3, 417, 371, 44, 3, 3, 371, 44, 3, 3, 9, 3, 430, 417, 428, 144, 3, 434, 290, 3, 47, 3, 3, 371, 44, 223, 89, 9, 3, 406, 3, 3, 3, 3, 387, 394, 394, 342, 47, 3, 465, 47, 465, 47, 3, 47, 406, 326, 458, 453, 3, 3, 148, 465, 371, 121, 3, 9, 82, 121, 15, 253, 3, 269, 364, 364, 371, 372, 465, 136, 3, 3, 133, 364, 364, 406, 392, 63, 15, 491, 3, 3, 3, 364, 3, 371, 465, 89, 106, 417, 3, 294, 212, 232, 453, 3, 406, 3, 3, 89, 3, 154, 