{"Run": 9, "K": 582, "WCSSD": 2079.831092008889, "Purity": 0.5224735184655024, "Time": 32.08559513092041, "Kmeans_Labels": [453, 516, 3, 225, 291, 3, 516, 282, 516, 42, 3, 551, 3, 3, 3, 3, 3, 446, 85, 48, 172, 3, 140, 3, 526, 446, 3, 446, 345, 375, 569, 349, 345, 446, 444, 3, 353, 33, 360, 3, 118, 563, 63, 538, 264, 3, 526, 523, 3, 327, 368, 354, 354, 284, 346, 3, 3, 446, 225, 225, 3, 446, 3, 63, 3, 158, 516, 561, 3, 446, 446, 3, 3, 427, 19, 3, 3, 3, 330, 471, 3, 3, 152, 446, 282, 477, 131, 3, 3, 3, 421, 3, 159, 448, 3, 294, 466, 3, 282, 3, 282, 95, 3, 268, 89, 563, 563, 264, 55, 336, 130, 264, 3, 449, 346, 19, 128, 3, 261, 7, 3, 167, 86, 225, 225, 7, 352, 225, 15, 33, 7, 7, 359, 3, 60, 513, 141, 3, 33, 3, 532, 225, 225, 311, 7, 86, 3, 3, 3, 225, 7, 23, 131, 3, 3, 7, 3, 33, 335, 3, 82, 7, 7, 100, 3, 7, 131, 476, 480, 131, 7, 3, 3, 354, 7, 142, 22, 64, 7, 3, 368, 3, 380, 380, 7, 3, 7, 11, 456, 48, 3, 173, 110, 7, 284, 225, 3, 266, 562, 3, 282, 140, 3, 22, 7, 282, 7, 282, 131, 3, 140, 3, 282, 282, 282, 7, 7, 3, 360, 173, 282, 19, 3, 80, 160, 7, 355, 360, 354, 7, 3, 284, 282, 3, 282, 3, 3, 538, 3, 261, 7, 213, 173, 282, 354, 282, 3, 492, 266, 7, 563, 563, 3, 79, 361, 140, 7, 33, 7, 492, 33, 3, 360, 225, 268, 264, 266, 268, 471, 3, 123, 377, 213, 264, 563, 3, 261, 3, 7, 268, 7, 346, 346, 3, 340, 196, 22, 268, 563, 15, 7, 563, 413, 563, 264, 563, 264, 563, 264, 345, 76, 563, 264, 264, 499, 563, 563, 563, 3, 264, 519, 507, 264, 264, 77, 346, 3, 178, 563, 266, 3, 77, 354, 3, 22, 43, 3, 245, 173, 346, 3, 7, 7, 453, 354, 3, 7, 346, 446, 7, 3, 128, 263, 266, 7, 277, 3, 7, 3, 82, 381, 244, 354, 3, 360, 3, 3, 53, 29, 91, 138, 33, 222, 91, 48, 173, 301, 138, 7, 33, 138, 138, 401, 7, 155, 7, 455, 7, 261, 284, 261, 128, 7, 63, 303, 354, 354, 260, 225, 462, 3, 3, 3, 213, 501, 3, 22, 245, 3, 538, 173, 3, 225, 3, 33, 173, 7, 3, 225, 3, 344, 3, 3, 131, 516, 3, 264, 266, 131, 7, 131, 3, 131, 284, 538, 268, 284, 264, 29, 138, 138, 224, 365, 131, 3, 244, 244, 244, 244, 48, 225, 284, 23, 23, 3, 3, 367, 367, 3, 130, 360, 360, 48, 538, 417, 138, 138, 284, 91, 91, 3, 3, 3, 233, 233, 63, 63, 63, 225, 3, 3, 438, 0, 206, 308, 173, 33, 149, 159, 159, 282, 282, 3, 3, 3, 3, 3, 3, 3, 3, 23, 3, 3, 3, 3, 27, 48, 23, 23, 3, 282, 117, 173, 82, 82, 284, 3, 3, 268, 3, 3, 21, 509, 509, 3, 3, 213, 264, 264, 225, 268, 31, 225, 268, 268, 225, 31, 264, 284, 419, 419, 563, 215, 215, 264, 264, 530, 530, 3, 360, 130, 348, 348, 264, 264, 3, 3, 541, 541, 528, 528, 3, 3, 178, 195, 3, 212, 212, 212, 212, 245, 3, 173, 173, 12, 78, 78, 164, 164, 164, 164, 3, 3, 3, 3, 437, 437, 173, 3, 573, 573, 381, 381, 468, 66, 328, 3, 3, 15, 138, 138, 305, 349, 305, 405, 405, 401, 401, 301, 301, 317, 317, 91, 91, 301, 301, 3, 536, 536, 301, 301, 301, 301, 472, 566, 91, 91, 496, 13, 3, 245, 446, 131, 17, 17, 17, 17, 17, 17, 17, 17, 17, 360, 360, 17, 17, 17, 266, 508, 298, 17, 17, 35, 17, 17, 17, 17, 22, 284, 538, 3, 91, 63, 63, 231, 231, 233, 233, 258, 346, 173, 173, 258, 284, 256, 284, 206, 3, 225, 538, 22, 225, 3, 349, 3, 3, 538, 33, 225, 236, 125, 125, 3, 487, 487, 3, 3, 159, 40, 33, 332, 349, 3, 3, 332, 54, 3, 3, 3, 538, 3, 3, 3, 3, 3, 3, 3, 3, 3, 3, 3, 3, 128, 3, 3, 3, 3, 82, 3, 3, 54, 3, 82, 82, 3, 3, 538, 252, 33, 3, 268, 37, 268, 3, 264, 435, 3, 130, 268, 268, 264, 419, 563, 268, 394, 428, 428, 394, 349, 238, 55, 264, 505, 44, 55, 238, 3, 264, 238, 346, 130, 346, 130, 264, 23, 264, 3, 130, 3, 3, 349, 440, 440, 338, 102, 195, 195, 195, 130, 195, 195, 195, 69, 69, 3, 69, 3, 360, 69, 3, 130, 154, 346, 3, 3, 384, 23, 384, 384, 384, 384, 78, 78, 23, 74, 74, 195, 384, 446, 446, 384, 74, 48, 471, 48, 437, 3, 48, 68, 3, 48, 488, 488, 3, 3, 48, 33, 349, 173, 3, 213, 349, 3, 3, 33, 253, 253, 48, 490, 490, 33, 33, 138, 138, 138, 349, 301, 91, 91, 301, 22, 138, 91, 82, 91, 317, 138, 33, 317, 317, 33, 91, 33, 33, 33, 185, 138, 138, 128, 197, 33, 138, 301, 48, 19, 349, 349, 349, 138, 266, 349, 3, 327, 3, 438, 3, 3, 3, 33, 3, 33, 3, 3, 3, 33, 464, 3, 503, 3, 213, 3, 3, 3, 264, 145, 84, 349, 82, 48, 403, 284, 403, 171, 131, 225, 169, 82, 33, 33, 53, 446, 354, 3, 453, 3, 138, 453, 3, 3, 3, 201, 3, 201, 4, 3, 331, 4, 538, 4, 581, 201, 250, 283, 171, 402, 147, 274, 171, 127, 171, 171, 409, 166, 166, 166, 171, 237, 244, 171, 4, 171, 307, 171, 581, 581, 171, 458, 101, 171, 171, 171, 399, 4, 171, 581, 581, 166, 4, 4, 166, 171, 249, 171, 3, 171, 227, 171, 201, 326, 3, 15, 4, 171, 242, 244, 545, 3, 201, 201, 171, 82, 386, 4, 171, 183, 105, 484, 171, 166, 3, 171, 223, 362, 171, 3, 3, 171, 171, 171, 201, 258, 83, 357, 171, 171, 171, 93, 171, 4, 171, 171, 171, 171, 300, 171, 171, 171, 415, 171, 201, 516, 174, 300, 171, 171, 337, 266, 3, 265, 244, 201, 171, 201, 63, 4, 171, 227, 581, 171, 171, 171, 171, 446, 201, 245, 171, 4, 4, 4, 171, 4, 171, 110, 171, 171, 201, 166, 3, 3, 4, 1, 171, 171, 153, 171, 24, 293, 522, 33, 3, 171, 171, 4, 407, 171, 498, 3, 171, 171, 373, 201, 4, 171, 153, 171, 171, 171, 201, 201, 171, 322, 171, 173, 3, 166, 255, 171, 23, 4, 300, 171, 171, 357, 171, 161, 250, 201, 244, 3, 4, 109, 171, 171, 202, 4, 4, 4, 370, 3, 4, 461, 201, 171, 201, 266, 4, 392, 166, 48, 171, 201, 3, 171, 3, 188, 171, 201, 201, 213, 322, 171, 4, 300, 358, 201, 4, 300, 171, 171, 357, 110, 54, 500, 471, 201, 117, 4, 171, 518, 171, 201, 201, 3, 81, 347, 171, 166, 201, 166, 3, 171, 1, 3, 201, 201, 72, 171, 4, 4, 171, 117, 284, 171, 331, 202, 97, 201, 3, 416, 4, 171, 4, 166, 349, 171, 213, 268, 171, 4, 201, 171, 75, 346, 180, 284, 171, 201, 201, 289, 180, 171, 4, 171, 4, 264, 525, 515, 266, 171, 171, 4, 171, 4, 4, 4, 538, 4, 249, 226, 201, 349, 180, 420, 53, 54, 166, 370, 201, 4, 171, 213, 4, 4, 227, 4, 201, 128, 201, 4, 171, 171, 201, 171, 201, 4, 201, 171, 171, 201, 4, 3, 497, 53, 171, 171, 171, 425, 4, 4, 201, 143, 4, 201, 4, 171, 4, 266, 201, 581, 4, 3, 201, 201, 201, 180, 4, 171, 201, 158, 250, 171, 138, 202, 201, 171, 201, 91, 4, 283, 4, 91, 213, 4, 201, 171, 171, 171, 33, 543, 91, 201, 257, 166, 397, 3, 218, 171, 171, 201, 128, 300, 166, 201, 171, 201, 402, 201, 147, 171, 201, 171, 46, 471, 354, 244, 61, 354, 92, 354, 354, 354, 354, 266, 110, 354, 334, 225, 15, 354, 3, 360, 354, 3, 312, 225, 354, 354, 91, 131, 160, 160, 160, 3, 579, 264, 559, 138, 204, 138, 324, 91, 48, 91, 91, 301, 91, 48, 538, 516, 284, 3, 349, 384, 48, 264, 3, 3, 48, 371, 213, 471, 225, 3, 346, 3, 3, 62, 3, 3, 3, 301, 360, 58, 268, 152, 284, 447, 225, 530, 87, 131, 121, 48, 30, 82, 3, 3, 360, 284, 473, 268, 360, 3, 3, 44, 446, 349, 125, 360, 284, 159, 79, 225, 538, 3, 275, 482, 159, 3, 268, 118, 3, 214, 446, 27, 284, 3, 152, 94, 429, 401, 245, 321, 63, 284, 3, 3, 3, 3, 82, 349, 91, 3, 3, 158, 22, 3, 245, 360, 312, 3, 3, 3, 538, 3, 284, 284, 301, 288, 479, 3, 264, 3, 3, 128, 301, 3, 346, 419, 266, 3, 446, 3, 261, 225, 418, 82, 446, 173, 266, 132, 284, 168, 346, 29, 3, 54, 3, 516, 173, 33, 33, 261, 3, 3, 254, 361, 342, 158, 3, 3, 111, 245, 266, 119, 557, 204, 48, 91, 33, 301, 349, 91, 261, 301, 91, 371, 301, 48, 138, 349, 571, 87, 48, 48, 3, 3, 3, 349, 23, 284, 346, 284, 384, 3, 346, 361, 48, 538, 446, 538, 65, 266, 538, 471, 471, 3, 274, 44, 349, 446, 131, 3, 48, 410, 471, 3, 447, 3, 530, 577, 244, 3, 410, 128, 419, 268, 268, 121, 3, 3, 264, 82, 264, 410, 538, 22, 360, 444, 354, 22, 563, 471, 330, 82, 284, 284, 571, 542, 213, 471, 244, 3, 284, 213, 3, 354, 3, 94, 79, 3, 3, 360, 446, 3, 56, 54, 268, 400, 557, 538, 27, 360, 360, 360, 48, 284, 3, 48, 275, 434, 360, 3, 3, 284, 3, 446, 446, 284, 332, 3, 3, 446, 3, 168, 82, 62, 410, 3, 3, 446, 3, 27, 3, 3, 284, 3, 159, 173, 446, 159, 3, 3, 58, 3, 3, 125, 152, 152, 82, 27, 3, 3, 27, 3, 99, 142, 27, 342, 243, 284, 354, 446, 3, 158, 254, 284, 22, 3, 446, 82, 446, 473, 117, 3, 225, 245, 214, 422, 213, 30, 158, 3, 446, 214, 411, 411, 445, 266, 479, 245, 516, 82, 3, 225, 245, 3, 476, 3, 132, 224, 118, 446, 418, 225, 214, 343, 3, 471, 3, 429, 173, 3, 48, 266, 3, 225, 225, 334, 345, 48, 111, 325, 288, 3, 446, 486, 3, 504, 3, 327, 225, 261, 63, 346, 3, 173, 292, 319, 3, 3, 3, 48, 400, 3, 27, 542, 411, 349, 81, 182, 128, 22, 128, 325,