{"Run": 14, "K": 33, "WCSSD": 2694.850851120657, "Purity": 0.4133982250214715, "Time": 2.0007898807525635, "Kmeans_Labels": [32, 12, 18, 4, 4, 13, 12, 5, 12, 22, 4, 8, 12, 5, 12, 12, 23, 23, 29, 15, 28, 4, 23, 12, 5, 23, 12, 7, 15, 11, 5, 13, 15, 23, 5, 12, 5, 5, 8, 5, 13, 17, 6, 19, 9, 12, 5, 12, 12, 13, 12, 13, 13, 13, 32, 28, 10, 23, 4, 4, 10, 23, 23, 6, 28, 12, 5, 12, 5, 28, 23, 12, 11, 12, 13, 12, 32, 4, 13, 6, 18, 10, 11, 23, 5, 5, 12, 10, 4, 22, 15, 13, 28, 5, 13, 4, 12, 13, 5, 13, 13, 13, 13, 17, 22, 17, 11, 17, 11, 13, 30, 11, 30, 5, 32, 13, 13, 4, 13, 21, 13, 13, 21, 23, 28, 21, 13, 4, 32, 13, 21, 21, 23, 13, 15, 15, 13, 23, 13, 13, 7, 4, 4, 15, 21, 21, 28, 23, 12, 4, 21, 0, 23, 15, 13, 21, 13, 4, 4, 12, 29, 21, 21, 29, 4, 21, 13, 29, 13, 23, 21, 23, 4, 13, 21, 13, 4, 6, 21, 23, 29, 29, 4, 13, 21, 13, 21, 13, 13, 13, 4, 7, 29, 21, 4, 4, 13, 13, 32, 22, 5, 23, 23, 5, 21, 22, 21, 22, 22, 22, 23, 13, 21, 23, 17, 21, 21, 22, 8, 7, 21, 13, 19, 8, 13, 21, 13, 22, 13, 23, 28, 13, 13, 4, 22, 29, 22, 19, 13, 13, 21, 13, 7, 22, 13, 22, 13, 22, 13, 21, 22, 22, 28, 21, 13, 23, 21, 4, 21, 22, 29, 32, 8, 18, 21, 4, 13, 17, 29, 22, 23, 18, 5, 4, 17, 18, 13, 23, 21, 21, 21, 32, 32, 29, 23, 17, 23, 17, 32, 32, 21, 18, 29, 9, 17, 17, 4, 17, 9, 13, 6, 17, 17, 17, 17, 30, 17, 32, 30, 30, 7, 32, 17, 13, 22, 32, 23, 30, 9, 15, 9, 30, 13, 9, 6, 8, 32, 32, 7, 9, 15, 21, 21, 32, 13, 32, 21, 32, 23, 21, 13, 13, 7, 13, 21, 13, 13, 21, 13, 13, 7, 29, 13, 32, 8, 14, 18, 29, 31, 1, 1, 13, 13, 1, 9, 7, 1, 1, 21, 13, 1, 1, 1, 21, 1, 21, 21, 21, 23, 13, 13, 13, 21, 4, 13, 13, 13, 23, 4, 32, 13, 12, 18, 5, 6, 13, 15, 24, 29, 21, 7, 13, 4, 23, 4, 7, 21, 4, 4, 4, 18, 29, 28, 23, 12, 13, 17, 13, 13, 21, 29, 4, 23, 5, 19, 17, 13, 32, 31, 1, 1, 6, 15, 13, 15, 13, 13, 15, 15, 13, 4, 22, 0, 0, 22, 22, 9, 9, 9, 9, 8, 8, 9, 19, 15, 13, 13, 13, 1, 1, 13, 13, 28, 28, 28, 12, 28, 28, 28, 28, 28, 28, 4, 15, 24, 7, 4, 11, 5, 5, 22, 22, 5, 14, 14, 22, 22, 14, 14, 14, 0, 14, 22, 22, 13, 13, 12, 0, 0, 12, 13, 29, 7, 11, 11, 13, 22, 22, 11, 18, 18, 29, 18, 18, 13, 13, 13, 17, 17, 4, 17, 13, 17, 17, 17, 17, 13, 11, 18, 30, 30, 30, 11, 11, 11, 11, 11, 11, 30, 8, 9, 30, 30, 30, 30, 32, 32, 30, 30, 30, 30, 17, 17, 30, 30, 14, 0, 0, 0, 0, 24, 13, 7, 7, 8, 14, 14, 8, 8, 13, 13, 14, 14, 13, 14, 13, 13, 7, 32, 32, 32, 7, 7, 13, 32, 32, 13, 13, 32, 1, 1, 0, 13, 0, 13, 13, 1, 1, 1, 1, 1, 1, 1, 1, 1, 1, 15, 1, 1, 1, 1, 1, 1, 1, 1, 1, 1, 1, 29, 12, 24, 23, 5, 16, 16, 16, 16, 16, 16, 16, 16, 16, 8, 8, 16, 16, 16, 5, 16, 16, 16, 16, 13, 16, 16, 16, 16, 5, 19, 19, 4, 1, 6, 6, 28, 28, 28, 28, 13, 32, 28, 28, 13, 7, 12, 13, 15, 13, 4, 19, 5, 4, 6, 13, 13, 6, 19, 13, 4, 12, 11, 11, 13, 11, 11, 11, 22, 28, 6, 13, 14, 13, 5, 5, 14, 10, 14, 22, 22, 10, 11, 14, 12, 14, 22, 22, 22, 11, 14, 14, 22, 13, 13, 22, 22, 22, 14, 11, 22, 22, 10, 13, 11, 11, 14, 11, 19, 11, 13, 13, 17, 17, 17, 9, 17, 17, 13, 9, 17, 11, 17, 30, 9, 17, 9, 30, 30, 9, 11, 11, 11, 32, 9, 9, 11, 11, 13, 9, 11, 30, 9, 11, 9, 13, 0, 30, 30, 9, 13, 13, 9, 9, 9, 30, 30, 30, 30, 30, 9, 30, 30, 30, 9, 9, 9, 30, 9, 8, 9, 9, 9, 13, 9, 9, 9, 14, 0, 9, 9, 9, 14, 14, 14, 0, 9, 9, 9, 9, 15, 15, 9, 9, 18, 29, 18, 13, 13, 7, 13, 13, 13, 32, 32, 14, 14, 13, 32, 9, 14, 14, 32, 13, 14, 14, 13, 14, 14, 13, 13, 13, 13, 13, 1, 1, 1, 13, 1, 1, 1, 1, 5, 1, 1, 29, 1, 1, 1, 5, 1, 1, 29, 1, 6, 6, 13, 1, 1, 1, 30, 5, 30, 1, 1, 13, 13, 1, 1, 1, 1, 15, 13, 28, 13, 13, 28, 15, 28, 13, 13, 12, 13, 13, 13, 13, 13, 10, 12, 10, 18, 18, 13, 28, 9, 17, 9, 30, 9, 13, 13, 10, 12, 10, 3, 13, 4, 23, 24, 24, 24, 13, 23, 13, 13, 32, 9, 1, 32, 9, 13, 6, 3, 22, 3, 2, 28, 17, 2, 19, 2, 2, 3, 3, 1, 3, 3, 3, 13, 3, 3, 3, 3, 29, 3, 3, 3, 3, 2, 10, 3, 2, 3, 3, 3, 3, 13, 3, 3, 2, 3, 3, 3, 3, 2, 3, 2, 2, 3, 2, 2, 3, 3, 2, 3, 13, 3, 3, 3, 3, 3, 13, 32, 2, 3, 3, 13, 12, 4, 3, 3, 3, 13, 5, 2, 3, 2, 3, 12, 3, 3, 4, 3, 3, 3, 3, 23, 4, 3, 3, 3, 3, 13, 15, 3, 3, 3, 3, 3, 3, 2, 3, 3, 3, 3, 2, 3, 3, 3, 3, 3, 3, 12, 29, 3, 3, 3, 12, 13, 4, 6, 13, 3, 3, 3, 6, 2, 3, 13, 2, 3, 3, 3, 3, 23, 3, 24, 3, 2, 2, 2, 3, 2, 3, 29, 3, 3, 3, 3, 4, 6, 2, 2, 3, 3, 3, 3, 3, 3, 10, 13, 13, 3, 3, 2, 3, 3, 6, 6, 3, 3, 24, 3, 2, 3, 3, 3, 3, 3, 3, 3, 3, 2, 3, 7, 13, 3, 2, 3, 0, 2, 3, 3, 3, 3, 3, 15, 3, 3, 5, 12, 2, 2, 3, 3, 3, 2, 2, 2, 3, 15, 2, 6, 3, 3, 3, 19, 2, 3, 3, 13, 3, 3, 22, 3, 4, 3, 3, 3, 3, 13, 2, 3, 2, 2, 13, 3, 2, 2, 3, 3, 3, 29, 10, 2, 8, 3, 29, 2, 3, 2, 3, 3, 3, 18, 29, 3, 3, 3, 3, 3, 28, 3, 2, 18, 3, 3, 3, 3, 2, 2, 3, 29, 10, 3, 2, 3, 3, 3, 17, 17, 2, 3, 2, 3, 12, 3, 13, 3, 3, 2, 3, 3, 2, 32, 2, 13, 3, 3, 3, 3, 13, 3, 2, 3, 2, 13, 3, 13, 13, 3, 3, 2, 3, 2, 2, 2, 19, 2, 2, 2, 3, 13, 3, 3, 3, 10, 3, 3, 3, 2, 3, 29, 2, 2, 3, 2, 3, 29, 3, 2, 3, 3, 3, 3, 3, 2, 3, 3, 3, 3, 2, 32, 15, 15, 3, 3, 3, 2, 2, 2, 3, 3, 2, 3, 2, 3, 2, 13, 3, 2, 2, 10, 3, 3, 3, 2, 2, 3, 3, 12, 3, 3, 3, 2, 3, 3, 3, 1, 2, 1, 2, 3, 13, 2, 3, 3, 3, 3, 13, 3, 1, 3, 3, 3, 3, 13, 3, 3, 3, 3, 13, 13, 3, 3, 3, 3, 3, 3, 3, 3, 3, 3, 15, 13, 13, 29, 13, 13, 28, 13, 13, 13, 13, 12, 13, 13, 4, 4, 32, 13, 15, 8, 13, 13, 13, 4, 13, 13, 1, 5, 12, 12, 12, 13, 13, 31, 9, 1, 28, 1, 31, 1, 13, 1, 1, 1, 1, 8, 19, 12, 11, 5, 13, 14, 13, 17, 30, 32, 29, 13, 18, 29, 4, 4, 32, 13, 4, 5, 32, 14, 14, 1, 22, 5, 17, 11, 13, 30, 18, 11, 13, 23, 17, 13, 24, 17, 15, 13, 8, 13, 7, 17, 8, 5, 4, 30, 23, 9, 11, 8, 13, 5, 17, 4, 19, 30, 10, 9, 28, 19, 17, 13, 11, 12, 23, 13, 15, 32, 11, 8, 4, 1, 24, 28, 6, 28, 9, 28, 13, 4, 29, 13, 1, 13, 22, 23, 5, 28, 24, 8, 13, 10, 5, 15, 19, 13, 17, 13, 1, 13, 24, 4, 9, 28, 4, 13, 1, 18, 32, 30, 15, 4, 23, 13, 28, 4, 13, 15, 23, 7, 13, 7, 13, 0, 32, 31, 13, 10, 4, 12, 7, 14, 13, 13, 13, 13, 13, 13, 29, 23, 5, 13, 29, 24, 13, 13, 23, 28, 13, 1, 14, 1, 9, 1, 13, 1, 1, 13, 1, 29, 1, 13, 13, 13, 8, 13, 13, 32, 5, 13, 0, 28, 32, 13, 14, 32, 32, 13, 8, 19, 30, 19, 30, 6, 19, 13, 18, 18, 13, 30, 9, 23, 23, 5, 29, 13, 13, 30, 30, 13, 11, 29, 13, 30, 13, 13, 30, 17, 17, 17, 4, 18, 9, 17, 17, 29, 19, 5, 8, 13, 13, 5, 17, 13, 13, 13, 13, 15, 13, 12, 18, 13, 18, 12, 17, 13, 13, 13, 13, 8, 17, 13, 13, 8, 23, 13, 6, 10, 17, 13, 23, 19, 13, 8, 8, 22, 22, 11, 13, 13, 10, 25, 8, 13, 13, 13, 14, 23, 23, 13, 14, 4, 22, 23, 13, 0, 29, 5, 13, 22, 8, 22, 5, 13, 29, 23, 13, 5, 28, 7, 23, 5, 13, 22, 5, 13, 11, 11, 11, 11, 29, 13, 4, 10, 13, 4, 13, 13, 13, 29, 29, 13, 13, 23, 19, 23, 13, 13, 4, 15, 23, 23, 23, 7, 23, 15, 18, 24, 24, 29, 12, 24, 23, 10, 23, 13, 24, 24, 13, 15, 24, 24, 12, 15, 14, 4, 24, 28, 29, 29, 7, 6, 13, 23, 13, 4, 12, 13, 5, 29, 13, 4, 7, 4, 13, 13, 28, 4, 18, 4, 15, 29, 29, 29, 13, 13, 23, 7, 13, 23, 18, 13, 4, 28, 6, 32, 4, 7, 23, 5, 10, 22, 18, 8, 13, 14, 13, 12, 24, 9, 29, 25, 13, 5, 13, 29, 6, 29, 8, 0, 24, 13, 23, 29, 13, 25, 6, 19, 5, 13, 28, 13, 18, 13, 29, 23, 13, 8, 18, 13, 13, 4, 6, 13, 28, 13, 31, 25, 9, 8, 14, 1, 13, 1, 28, 1, 1, 20, 31, 1, 1, 20, 20, 19, 1, 20, 1, 4, 20, 32, 19, 20, 18, 18, 1, 32, 20, 32, 20, 8, 29, 1, 20, 11, 30, 20, 28, 20, 20, 4, 17, 20, 13, 19, 11, 1, 13, 1, 1, 20, 19, 11, 28, 22, 20, 5, 9, 20, 13, 0, 19, 32, 19, 20, 19, 24, 30, 1, 6, 15, 20, 1, 4, 19, 20, 20, 32, 20, 1, 18, 20, 17, 20, 1, 20, 13, 19, 20, 20, 20, 20, 10, 20, 9, 20, 24, 20, 31, 22, 1, 1, 24, 19, 30, 20, 19, 13, 20, 20, 1, 13, 20, 1, 7, 19, 20, 20, 1, 20, 20, 20, 20, 20, 19, 19, 22, 20, 28, 20, 20, 20, 20, 20, 20, 20, 17, 12, 20, 20, 31, 20, 20, 20, 20, 19, 20, 19, 20, 19, 18, 20, 20, 22, 31, 20, 13, 19, 20, 20, 20, 20, 20, 13, 13, 28, 8, 32, 20, 31, 20, 32, 20, 29, 20, 20, 20, 20, 20, 20, 20, 19, 22, 20, 20, 19, 11, 6, 20, 19, 20, 20, 13, 20, 20, 6, 20, 20, 20, 20, 20, 20, 19, 20, 20, 20, 19, 20, 19, 20, 20, 19, 20, 20, 20, 19, 8, 20, 13, 19, 7, 32, 12, 20, 20, 19, 20, 11, 13, 29, 5, 27, 12, 1, 13, 13, 13, 13, 7, 13, 1, 15, 25, 13, 4, 29, 13, 32, 13, 12, 12, 27, 6, 12, 4, 13, 17, 12, 12, 13, 12, 13, 29, 15, 13, 12, 13, 13, 19, 12, 13, 19, 23, 18, 19, 12, 15, 13, 7, 13, 13, 6, 29, 12, 13, 23, 29, 13, 27, 13, 13, 29, 6, 6, 27, 27, 10, 27, 6, 27, 27, 27, 26, 22, 22, 7, 27, 27, 27, 27, 6, 6, 6, 27, 27, 27, 27, 13, 27, 4, 6, 6, 27, 29, 27, 12, 27, 4, 