{"Run": 6, "K": 33, "WCSSD": 2743.866636807307, "Purity": 0.4125393644431721, "Time": 2.067950963973999, "Kmeans_Labels": [1, 25, 9, 20, 12, 6, 17, 2, 22, 2, 12, 23, 24, 24, 12, 4, 21, 21, 0, 20, 4, 6, 4, 24, 24, 21, 24, 30, 20, 31, 24, 0, 20, 21, 24, 4, 24, 24, 24, 24, 0, 24, 14, 18, 24, 4, 24, 22, 12, 11, 22, 4, 4, 4, 5, 17, 18, 21, 28, 12, 4, 21, 28, 20, 17, 22, 24, 25, 24, 17, 24, 22, 31, 28, 6, 22, 5, 12, 25, 12, 11, 18, 31, 22, 2, 25, 28, 18, 20, 2, 2, 21, 2, 2, 11, 6, 22, 4, 2, 22, 2, 11, 4, 9, 9, 27, 27, 9, 31, 4, 14, 31, 14, 24, 5, 4, 4, 6, 4, 23, 4, 22, 23, 22, 20, 23, 22, 12, 4, 25, 23, 25, 4, 4, 20, 20, 4, 18, 22, 22, 30, 32, 28, 20, 23, 23, 12, 6, 28, 32, 23, 4, 28, 20, 6, 6, 4, 4, 20, 12, 4, 23, 23, 4, 27, 11, 28, 4, 6, 28, 25, 6, 27, 4, 23, 20, 12, 29, 23, 4, 22, 4, 11, 11, 23, 27, 23, 4, 6, 4, 4, 30, 4, 18, 2, 32, 4, 4, 4, 23, 2, 21, 25, 4, 23, 2, 23, 2, 2, 2, 6, 4, 23, 2, 2, 23, 23, 23, 23, 30, 23, 12, 2, 23, 4, 23, 4, 23, 4, 25, 4, 12, 4, 19, 2, 11, 23, 20, 4, 4, 23, 4, 30, 2, 4, 2, 4, 2, 4, 23, 27, 27, 2, 23, 4, 0, 23, 4, 23, 23, 4, 5, 23, 12, 9, 12, 4, 9, 25, 23, 4, 27, 2, 4, 27, 27, 4, 27, 9, 9, 23, 5, 5, 12, 27, 27, 27, 9, 27, 4, 9, 9, 4, 14, 9, 27, 25, 27, 9, 20, 29, 27, 27, 27, 23, 27, 27, 27, 27, 14, 30, 5, 23, 25, 27, 5, 25, 14, 14, 20, 14, 14, 4, 14, 28, 23, 1, 13, 30, 1, 20, 23, 23, 1, 4, 1, 23, 5, 21, 1, 4, 4, 30, 23, 23, 4, 4, 23, 4, 4, 30, 4, 4, 23, 23, 23, 12, 4, 8, 3, 3, 22, 4, 3, 14, 30, 3, 3, 23, 4, 3, 3, 3, 23, 3, 23, 23, 23, 4, 25, 4, 4, 23, 20, 4, 4, 4, 21, 12, 4, 4, 12, 25, 2, 29, 24, 20, 13, 4, 18, 30, 4, 12, 4, 4, 30, 23, 20, 32, 4, 4, 4, 17, 28, 22, 12, 27, 4, 28, 23, 28, 32, 28, 24, 12, 9, 4, 27, 8, 3, 3, 29, 2, 28, 20, 4, 4, 20, 20, 6, 0, 2, 2, 2, 23, 23, 14, 14, 14, 14, 23, 23, 14, 18, 20, 4, 4, 4, 3, 3, 4, 4, 4, 17, 17, 20, 17, 17, 32, 17, 17, 17, 20, 17, 13, 30, 17, 31, 21, 21, 2, 2, 2, 2, 2, 2, 2, 11, 11, 11, 2, 2, 2, 2, 22, 4, 11, 2, 2, 4, 4, 4, 30, 27, 27, 4, 11, 2, 31, 9, 9, 22, 12, 12, 4, 4, 12, 9, 12, 32, 9, 4, 9, 9, 9, 9, 4, 31, 32, 10, 10, 27, 31, 31, 9, 9, 31, 31, 10, 23, 14, 27, 27, 14, 14, 4, 4, 10, 10, 10, 10, 9, 9, 10, 10, 4, 5, 5, 5, 5, 13, 4, 30, 30, 23, 29, 29, 23, 23, 1, 1, 1, 1, 4, 27, 4, 4, 30, 19, 1, 1, 1, 1, 20, 4, 19, 1, 1, 4, 3, 3, 3, 0, 3, 0, 0, 3, 3, 3, 3, 3, 3, 3, 3, 3, 3, 20, 3, 3, 3, 3, 3, 3, 3, 3, 3, 3, 3, 4, 2, 13, 6, 28, 32, 32, 32, 32, 32, 32, 32, 32, 32, 23, 23, 32, 32, 32, 24, 32, 32, 32, 32, 4, 32, 32, 32, 32, 11, 18, 18, 12, 3, 20, 20, 25, 25, 17, 17, 22, 5, 30, 30, 22, 30, 20, 4, 17, 11, 32, 18, 20, 32, 11, 0, 25, 29, 18, 11, 11, 25, 31, 31, 11, 31, 31, 31, 2, 21, 25, 4, 17, 25, 2, 2, 11, 18, 11, 11, 11, 18, 31, 29, 22, 11, 11, 2, 11, 11, 29, 11, 11, 11, 22, 11, 2, 11, 2, 27, 11, 11, 18, 11, 27, 27, 11, 31, 11, 31, 4, 4, 9, 30, 9, 14, 9, 9, 4, 14, 9, 9, 9, 10, 14, 9, 10, 10, 10, 10, 10, 31, 31, 9, 14, 14, 31, 31, 6, 14, 31, 5, 14, 31, 14, 9, 5, 14, 14, 14, 4, 4, 14, 14, 14, 10, 10, 10, 14, 10, 14, 10, 10, 10, 10, 10, 14, 10, 14, 11, 10, 1, 14, 4, 1, 14, 14, 1, 14, 1, 1, 1, 1, 29, 29, 14, 14, 14, 10, 1, 20, 20, 1, 1, 4, 22, 4, 4, 4, 30, 1, 4, 4, 1, 1, 1, 1, 4, 1, 1, 1, 22, 4, 4, 28, 28, 4, 1, 1, 4, 4, 4, 4, 4, 3, 3, 3, 4, 3, 3, 3, 3, 20, 3, 3, 25, 3, 3, 3, 22, 3, 3, 4, 3, 29, 29, 4, 3, 3, 3, 4, 20, 14, 3, 3, 4, 4, 10, 10, 10, 3, 20, 20, 17, 11, 25, 17, 20, 17, 22, 4, 25, 4, 11, 4, 2, 4, 18, 20, 18, 11, 12, 25, 9, 14, 9, 14, 10, 14, 4, 4, 25, 25, 25, 7, 28, 32, 20, 11, 25, 13, 4, 21, 4, 4, 5, 14, 3, 5, 14, 2, 29, 7, 23, 7, 7, 4, 9, 7, 18, 7, 7, 7, 7, 3, 7, 7, 7, 4, 7, 7, 7, 7, 25, 7, 7, 7, 7, 7, 4, 7, 7, 7, 7, 7, 7, 4, 7, 7, 7, 7, 7, 7, 7, 7, 7, 4, 4, 7, 7, 7, 7, 7, 7, 7, 12, 7, 7, 7, 7, 7, 2, 4, 7, 7, 7, 22, 20, 11, 7, 7, 7, 4, 20, 7, 7, 7, 7, 25, 7, 7, 22, 7, 7, 7, 7, 4, 6, 7, 7, 7, 7, 4, 20, 24, 7, 7, 7, 7, 7, 7, 7, 7, 7, 7, 4, 7, 7, 7, 7, 7, 7, 4, 4, 7, 7, 7, 22, 11, 12, 29, 25, 7, 7, 7, 29, 7, 7, 4, 7, 7, 7, 7, 7, 21, 7, 13, 7, 7, 7, 7, 7, 7, 7, 4, 7, 7, 7, 7, 12, 29, 7, 7, 7, 7, 7, 7, 7, 7, 7, 4, 4, 7, 7, 7, 7, 7, 29, 29, 7, 7, 13, 7, 7, 7, 7, 7, 7, 7, 7, 7, 7, 7, 7, 30, 11, 7, 7, 7, 7, 7, 7, 7, 7, 24, 7, 6, 7, 7, 2, 7, 7, 7, 7, 7, 7, 7, 7, 7, 7, 2, 7, 29, 7, 7, 7, 18, 7, 7, 7, 4, 7, 7, 23, 7, 2, 7, 7, 7, 7, 4, 7, 7, 7, 7, 4, 7, 7, 7, 7, 7, 7, 4, 18, 23, 4, 7, 32, 7, 7, 7, 7, 7, 7, 12, 4, 7, 7, 7, 7, 7, 4, 7, 7, 12, 7, 7, 7, 7, 7, 7, 7, 2, 18, 7, 7, 7, 7, 7, 9, 9, 7, 7, 7, 7, 12, 7, 4, 7, 7, 7, 7, 7, 7, 5, 7, 25, 7, 7, 7, 7, 4, 7, 7, 7, 7, 4, 7, 4, 4, 7, 7, 7, 7, 7, 7, 7, 18, 7, 7, 7, 7, 0, 7, 7, 7, 18, 7, 7, 7, 7, 7, 4, 7, 7, 7, 7, 7, 4, 7, 7, 7, 7, 7, 7, 7, 7, 7, 7, 7, 7, 7, 5, 20, 20, 7, 7, 7, 7, 7, 7, 7, 7, 7, 7, 7, 7, 7, 4, 7, 7, 7, 18, 7, 7, 7, 4, 7, 7, 7, 20, 7, 7, 7, 7, 7, 7, 7, 3, 7, 3, 7, 7, 4, 7, 7, 7, 7, 7, 4, 7, 3, 7, 7, 7, 7, 4, 7, 7, 7, 7, 4, 4, 7, 7, 7, 7, 7, 7, 7, 7, 7, 7, 20, 4, 4, 4, 4, 4, 12, 4, 4, 4, 4, 25, 4, 4, 12, 12, 4, 4, 20, 23, 4, 4, 25, 9, 4, 4, 3, 28, 4, 4, 4, 4, 6, 8, 4, 3, 17, 3, 8, 3, 22, 3, 3, 3, 3, 23, 18, 25, 12, 24, 4, 1, 4, 4, 4, 1, 4, 3, 12, 21, 32, 12, 5, 4, 27, 24, 12, 3, 11, 3, 23, 2, 9, 11, 1, 14, 32, 31, 25, 28, 9, 21, 13, 9, 2, 22, 23, 4, 30, 9, 27, 21, 4, 10, 21, 14, 31, 23, 11, 2, 4, 32, 18, 10, 18, 14, 21, 6, 9, 0, 31, 4, 20, 4, 2, 1, 11, 23, 4, 3, 13, 17, 29, 12, 14, 4, 11, 4, 4, 4, 3, 11, 11, 22, 22, 4, 13, 23, 11, 6, 11, 2, 18, 21, 27, 25, 3, 4, 13, 22, 14, 17, 4, 4, 3, 4, 5, 10, 20, 32, 21, 22, 12, 20, 22, 2, 21, 30, 4, 30, 25, 2, 5, 8, 4, 18, 20, 25, 30, 4, 21, 19, 17, 6, 12, 4, 4, 21, 2, 11, 6, 13, 6, 22, 21, 17, 4, 3, 4, 3, 14, 3, 19, 3, 3, 3, 3, 4, 3, 4, 0, 25, 23, 6, 6, 1, 24, 4, 4, 12, 5, 1, 1, 12, 5, 4, 1, 18, 14, 18, 10, 29, 18, 4, 12, 4, 4, 10, 14, 6, 28, 22, 19, 4, 4, 4, 14, 4, 31, 4, 4, 10, 4, 4, 10, 9, 9, 9, 27, 4, 14, 9, 4, 4, 18, 20, 27, 22, 4, 22, 27, 4, 4, 4, 4, 2, 0, 22, 12, 4, 4, 4, 27, 4, 21, 4, 22, 23, 4, 4, 4, 23, 21, 11, 29, 18, 9, 4, 21, 18, 4, 23, 23, 23, 2, 12, 22, 4, 18, 32, 23, 4, 17, 4, 11, 20, 21, 4, 11, 4, 2, 21, 11, 2, 25, 24, 4, 21, 11, 21, 2, 4, 2, 2, 25, 11, 21, 30, 21, 2, 4, 11, 2, 4, 31, 31, 11, 11, 4, 4, 20, 18, 4, 32, 4, 20, 4, 4, 4, 11, 4, 21, 18, 21, 12, 25, 20, 2, 21, 21, 21, 30, 25, 2, 32, 13, 13, 4, 13, 13, 22, 6, 21, 4, 13, 13, 4, 20, 13, 13, 25, 2, 17, 20, 13, 4, 4, 19, 30, 29, 0, 21, 22, 20, 4, 4, 21, 21, 11, 4, 30, 12, 4, 6, 17, 32, 32, 12, 20, 19, 6, 4, 4, 21, 21, 30, 11, 24, 2, 11, 32, 12, 29, 5, 4, 30, 21, 12, 18, 21, 4, 10, 4, 17, 4, 22, 13, 14, 25, 32, 19, 25, 4, 4, 29, 4, 1, 4, 13, 11, 21, 4, 4, 32, 29, 18, 22, 4, 17, 20, 12, 0, 4, 21, 29, 17, 4, 4, 0, 32, 20, 4, 17, 12, 8, 32, 4, 4, 3, 3, 4, 3, 17, 3, 3, 16, 8, 3, 3, 25, 26, 26, 3, 16, 26, 32, 16, 5, 26, 16, 9, 9, 3, 1, 5, 1, 26, 1, 26, 3, 25, 31, 14, 26, 17, 26, 16, 20, 26, 16, 4, 6, 31, 5, 11, 3, 3, 26, 26, 14, 11, 23, 16, 2, 1, 16, 4, 1, 26, 1, 26, 16, 26, 13, 3, 3, 29, 20, 16, 3, 20, 26, 16, 26, 1, 16, 26, 12, 16, 9, 16, 3, 26, 4, 26, 16, 26, 16, 16, 26, 16, 14, 16, 13, 16, 26, 26, 3, 3, 13, 26, 10, 26, 26, 4, 16, 16, 3, 4, 16, 16, 30, 26, 26, 16, 3, 16, 16, 16, 26, 16, 26, 26, 23, 16, 17, 16, 26, 16, 16, 16, 16, 26, 2, 26, 16, 16, 8, 16, 26, 26, 16, 26, 16, 26, 16, 26, 12, 16, 16, 2, 26, 16, 4, 26, 16, 16, 26, 16, 16, 0, 4, 17, 4, 5, 16, 8, 16, 26, 26, 26, 26, 16, 16, 16, 16, 16, 16, 26, 2, 26, 16, 26, 31, 20, 26, 26, 16, 16, 4, 26, 16, 20, 26, 16, 16, 16, 16, 16, 26, 16, 16, 16, 26, 26, 26, 16, 16, 26, 16, 16, 26, 26, 16, 26, 4, 26, 30, 5, 25, 26, 26, 26, 16, 31, 4, 32, 24, 15, 25, 3, 11, 6, 11, 25, 30, 22, 3, 20, 32, 4, 20, 4, 11, 5, 4, 32, 22, 15, 20, 22, 12, 24, 4, 22, 20, 4, 22, 4, 4, 20, 22, 22, 4, 25, 18, 12, 11, 18, 21, 12, 6, 22, 20, 4, 30, 6, 4, 29, 4, 25, 4, 23, 8, 4, 15, 22, 4, 4, 29, 29, 15, 15, 5, 15, 29, 15, 15, 15, 8, 2, 2, 30, 15, 15, 15, 15, 29, 29, 29, 15, 15, 15, 15, 25, 15, 32, 29, 29, 15, 4, 15, 29, 15, 25, 4, 4, 18, 4, 4, 4, 23, 4, 4, 4, 4, 4, 30, 4, 11, 4, 14, 30, 4, 4, 4, 13, 6, 14, 22, 30, 4, 4, 29, 11, 4, 4, 4, 6, 22, 21, 30, 22, 4, 4, 4, 8, 30, 30, 15, 15, 2, 2, 4, 15, 15, 15, 19, 15, 15, 15, 4, 4, 12, 20, 29, 15, 15, 4, 1, 4, 4, 4, 30, 32, 4, 32, 4, 13, 4, 15, 30, 9, 4, 3, 