{"Run": 9, "K": 550, "WCSSD": 2083.849608440532, "Purity": 0.43541804376565363, "Time": 31.73907995223999, "Kmeans_Labels": [8, 261, 45, 416, 152, 8, 261, 30, 261, 31, 418, 543, 128, 128, 304, 8, 472, 8, 536, 241, 82, 418, 453, 128, 58, 314, 8, 388, 0, 8, 95, 8, 0, 400, 241, 300, 128, 269, 128, 128, 260, 335, 253, 86, 128, 8, 95, 8, 333, 134, 187, 481, 481, 8, 125, 82, 536, 33, 416, 416, 208, 314, 8, 317, 82, 261, 128, 261, 128, 82, 186, 8, 8, 125, 280, 8, 8, 418, 174, 300, 8, 157, 31, 314, 30, 8, 125, 418, 8, 8, 8, 8, 82, 8, 8, 65, 8, 219, 30, 8, 30, 400, 304, 103, 103, 335, 335, 77, 168, 400, 309, 153, 309, 128, 31, 400, 100, 8, 8, 428, 8, 549, 41, 416, 82, 41, 100, 416, 100, 219, 41, 41, 253, 8, 260, 418, 8, 74, 8, 8, 122, 416, 416, 0, 41, 41, 82, 80, 8, 416, 192, 183, 440, 8, 220, 41, 8, 219, 416, 333, 8, 41, 41, 8, 335, 41, 125, 344, 345, 440, 174, 8, 8, 481, 478, 248, 372, 253, 41, 8, 187, 449, 8, 8, 41, 8, 41, 8, 8, 8, 100, 388, 165, 41, 8, 219, 8, 222, 8, 31, 30, 453, 453, 317, 41, 30, 41, 30, 125, 8, 453, 8, 59, 30, 30, 41, 41, 283, 543, 388, 30, 400, 177, 509, 227, 41, 8, 543, 481, 41, 82, 52, 30, 8, 30, 489, 31, 292, 536, 219, 41, 8, 388, 30, 481, 30, 304, 82, 222, 41, 31, 543, 82, 41, 172, 7, 41, 219, 41, 82, 8, 542, 543, 319, 103, 8, 222, 103, 536, 317, 100, 335, 100, 219, 335, 82, 260, 100, 41, 197, 4, 335, 8, 536, 335, 422, 317, 403, 335, 527, 79, 335, 8, 335, 8, 335, 219, 335, 8, 223, 42, 335, 8, 8, 543, 335, 335, 335, 335, 309, 388, 8, 543, 100, 31, 8, 174, 309, 335, 8, 8, 309, 481, 309, 317, 543, 8, 117, 388, 8, 0, 198, 41, 8, 481, 8, 41, 8, 453, 41, 126, 549, 388, 222, 41, 260, 8, 41, 8, 8, 111, 536, 481, 8, 543, 8, 319, 68, 16, 496, 496, 8, 8, 496, 430, 388, 439, 496, 394, 253, 496, 496, 159, 394, 159, 518, 41, 41, 8, 174, 8, 549, 307, 174, 8, 481, 481, 8, 185, 8, 8, 8, 174, 100, 253, 95, 418, 87, 8, 86, 388, 253, 416, 8, 219, 388, 536, 418, 416, 8, 329, 100, 82, 125, 261, 54, 260, 222, 203, 41, 125, 8, 140, 8, 418, 103, 8, 245, 16, 496, 243, 253, 304, 162, 8, 536, 536, 0, 0, 536, 416, 8, 322, 322, 31, 31, 309, 309, 100, 309, 543, 543, 8, 86, 100, 304, 304, 35, 496, 496, 281, 281, 8, 67, 67, 536, 483, 483, 416, 82, 82, 82, 416, 82, 87, 388, 278, 8, 8, 8, 426, 426, 8, 31, 31, 418, 418, 139, 139, 139, 39, 8, 418, 418, 187, 56, 8, 324, 324, 8, 30, 8, 11, 31, 31, 8, 31, 31, 103, 45, 45, 8, 82, 82, 219, 219, 8, 116, 100, 416, 103, 219, 103, 103, 103, 103, 219, 34, 416, 309, 309, 335, 168, 168, 515, 515, 168, 168, 309, 543, 309, 151, 151, 309, 309, 8, 8, 309, 309, 395, 395, 190, 190, 309, 309, 300, 39, 39, 39, 39, 87, 211, 388, 388, 543, 253, 253, 543, 543, 8, 8, 88, 88, 8, 8, 279, 279, 236, 8, 8, 8, 111, 111, 8, 536, 536, 305, 305, 100, 496, 496, 39, 254, 39, 8, 8, 439, 439, 92, 92, 253, 253, 99, 99, 439, 439, 100, 496, 496, 439, 439, 439, 439, 166, 439, 496, 496, 92, 536, 8, 87, 8, 500, 90, 507, 142, 142, 142, 142, 142, 193, 142, 543, 543, 193, 437, 142, 128, 142, 142, 142, 142, 536, 142, 142, 102, 123, 317, 494, 86, 418, 496, 361, 361, 82, 82, 367, 367, 549, 8, 82, 82, 549, 8, 8, 8, 82, 134, 416, 156, 317, 416, 253, 8, 8, 488, 156, 8, 416, 174, 540, 540, 397, 540, 540, 8, 213, 82, 174, 8, 82, 260, 8, 8, 8, 364, 31, 410, 410, 86, 31, 253, 300, 139, 410, 31, 410, 8, 253, 31, 31, 134, 187, 495, 31, 492, 31, 31, 410, 410, 364, 8, 31, 31, 134, 31, 86, 438, 8, 8, 103, 103, 103, 263, 103, 51, 8, 168, 103, 103, 235, 309, 286, 103, 309, 309, 309, 526, 168, 168, 168, 103, 309, 168, 168, 168, 8, 168, 168, 309, 309, 393, 309, 8, 39, 309, 309, 309, 427, 8, 8, 493, 493, 309, 309, 337, 309, 529, 309, 320, 309, 309, 526, 526, 309, 526, 8, 543, 526, 297, 526, 8, 8, 8, 8, 468, 39, 468, 468, 468, 468, 253, 253, 39, 88, 88, 526, 341, 8, 8, 341, 8, 536, 300, 536, 279, 3, 388, 279, 421, 8, 8, 8, 309, 309, 305, 8, 24, 8, 8, 100, 304, 8, 8, 304, 8, 8, 304, 170, 170, 180, 180, 496, 496, 496, 8, 92, 496, 496, 439, 317, 69, 99, 174, 99, 253, 69, 253, 253, 253, 8, 99, 253, 253, 253, 496, 496, 496, 309, 8, 309, 496, 439, 66, 400, 253, 253, 253, 496, 343, 8, 82, 326, 100, 82, 0, 82, 248, 8, 8, 8, 8, 254, 8, 8, 364, 306, 364, 94, 319, 174, 521, 8, 103, 168, 260, 260, 549, 8, 174, 174, 174, 533, 125, 416, 418, 8, 174, 8, 68, 174, 481, 285, 8, 309, 496, 8, 309, 251, 226, 62, 31, 238, 277, 100, 131, 107, 86, 277, 490, 238, 76, 274, 477, 238, 533, 57, 49, 352, 533, 533, 75, 470, 470, 120, 533, 107, 100, 533, 277, 533, 404, 533, 490, 490, 533, 238, 277, 533, 417, 533, 106, 277, 533, 490, 490, 141, 277, 348, 433, 533, 84, 120, 444, 533, 120, 533, 238, 238, 251, 100, 107, 120, 533, 8, 293, 8, 238, 238, 141, 549, 317, 277, 533, 277, 120, 8, 120, 470, 8, 207, 533, 533, 533, 251, 418, 533, 533, 120, 238, 260, 8, 95, 533, 533, 533, 158, 120, 277, 120, 120, 120, 533, 351, 533, 176, 120, 533, 533, 238, 261, 514, 351, 255, 105, 194, 381, 418, 231, 8, 238, 533, 238, 253, 414, 533, 100, 277, 120, 533, 533, 356, 300, 238, 87, 533, 277, 277, 277, 533, 277, 460, 165, 533, 83, 238, 433, 418, 253, 107, 107, 533, 533, 533, 533, 238, 238, 120, 304, 8, 533, 120, 277, 533, 533, 253, 226, 533, 533, 87, 238, 277, 120, 165, 533, 533, 533, 238, 238, 533, 91, 533, 53, 8, 256, 120, 533, 205, 91, 351, 533, 533, 95, 533, 373, 238, 76, 8, 438, 378, 91, 533, 404, 62, 107, 91, 277, 505, 8, 277, 231, 62, 533, 238, 86, 107, 533, 433, 260, 533, 238, 31, 533, 8, 533, 141, 238, 238, 260, 469, 120, 107, 351, 100, 238, 277, 351, 533, 533, 533, 165, 364, 469, 300, 238, 228, 277, 533, 120, 120, 238, 452, 319, 75, 533, 454, 233, 238, 141, 100, 533, 277, 418, 238, 238, 533, 533, 107, 107, 120, 8, 8, 533, 131, 62, 547, 238, 8, 108, 301, 120, 277, 417, 100, 533, 260, 103, 120, 81, 238, 533, 349, 309, 107, 174, 545, 238, 238, 533, 360, 533, 277, 533, 277, 8, 533, 481, 100, 533, 533, 107, 533, 277, 107, 465, 86, 277, 84, 277, 76, 8, 360, 238, 68, 364, 433, 505, 238, 277, 533, 260, 257, 93, 533, 302, 238, 300, 238, 107, 533, 533, 120, 533, 238, 411, 238, 141, 76, 230, 277, 300, 0, 0, 533, 120, 533, 277, 379, 184, 238, 238, 313, 238, 277, 533, 138, 100, 323, 490, 277, 536, 120, 238, 238, 360, 277, 383, 259, 272, 76, 238, 419, 62, 238, 533, 238, 496, 277, 274, 277, 523, 260, 107, 120, 533, 533, 477, 260, 271, 496, 238, 479, 141, 238, 78, 360, 391, 533, 238, 100, 351, 141, 238, 533, 238, 238, 238, 533, 120, 238, 533, 0, 384, 481, 100, 344, 481, 82, 481, 481, 481, 481, 100, 165, 481, 418, 416, 100, 481, 82, 543, 481, 8, 174, 416, 481, 481, 316, 125, 227, 227, 227, 285, 8, 8, 8, 496, 101, 496, 163, 525, 161, 253, 215, 439, 447, 543, 86, 261, 31, 8, 535, 468, 239, 467, 8, 8, 155, 253, 319, 260, 219, 418, 8, 8, 234, 8, 8, 8, 139, 486, 543, 8, 250, 31, 536, 309, 416, 168, 8, 125, 103, 498, 87, 116, 253, 8, 543, 8, 388, 103, 543, 8, 346, 337, 8, 260, 540, 436, 8, 82, 506, 416, 485, 260, 364, 526, 82, 8, 103, 481, 366, 536, 0, 56, 267, 8, 31, 543, 82, 439, 212, 296, 361, 327, 8, 8, 82, 8, 253, 304, 253, 8, 264, 194, 317, 8, 87, 543, 200, 499, 8, 8, 86, 8, 335, 8, 439, 8, 82, 8, 369, 82, 8, 26, 92, 219, 8, 309, 536, 332, 314, 458, 82, 416, 8, 8, 314, 388, 481, 167, 260, 39, 85, 16, 8, 364, 317, 261, 377, 253, 174, 8, 8, 8, 260, 172, 260, 194, 8, 8, 8, 87, 325, 253, 549, 101, 57, 253, 253, 439, 365, 525, 8, 486, 253, 253, 92, 155, 496, 304, 144, 8, 543, 536, 8, 8, 8, 535, 39, 327, 8, 536, 468, 8, 85, 172, 464, 86, 309, 485, 309, 253, 86, 300, 319, 219, 57, 337, 260, 8, 125, 8, 260, 57, 304, 8, 309, 8, 168, 536, 354, 260, 57, 310, 309, 103, 103, 103, 234, 82, 369, 116, 467, 354, 485, 317, 543, 241, 294, 317, 335, 549, 354, 549, 304, 267, 144, 260, 319, 260, 300, 8, 335, 268, 8, 481, 458, 543, 506, 8, 536, 543, 381, 8, 253, 364, 250, 450, 549, 446, 56, 543, 543, 543, 8, 31, 8, 481, 364, 8, 436, 8, 8, 8, 139, 0, 8, 8, 8, 346, 8, 314, 8, 39, 8, 8, 57, 31, 300, 31, 8, 37, 8, 8, 260, 8, 82, 388, 314, 82, 549, 264, 8, 357, 366, 540, 31, 31, 253, 56, 317, 332, 37, 332, 56, 248, 37, 260, 68, 8, 481, 8, 8, 303, 260, 8, 317, 253, 314, 549, 317, 388, 174, 8, 416, 87, 87, 334, 100, 87, 194, 499, 82, 536, 87, 87, 304, 536, 82, 87, 261, 8,