{"Run": 4, "K": 178, "WCSSD": 2507.958025715885, "Purity": 0.3192331566562486, "Time": 7.456642150878906, "Kmeans_Labels": [9, 88, 9, 9, 9, 9, 88, 23, 88, 7, 9, 87, 95, 95, 9, 9, 74, 84, 9, 44, 9, 9, 61, 95, 95, 84, 95, 84, 44, 97, 95, 9, 44, 84, 9, 9, 95, 95, 87, 95, 9, 95, 9, 115, 95, 9, 95, 9, 9, 9, 9, 174, 174, 9, 9, 2, 9, 88, 15, 9, 9, 85, 9, 64, 2, 127, 67, 65, 95, 2, 95, 9, 9, 95, 36, 9, 9, 9, 74, 9, 9, 9, 29, 84, 23, 22, 174, 9, 9, 7, 9, 100, 2, 7, 108, 36, 9, 9, 23, 9, 23, 174, 9, 77, 77, 36, 36, 77, 97, 174, 21, 97, 9, 95, 7, 174, 174, 9, 9, 41, 9, 9, 41, 9, 9, 39, 9, 9, 116, 9, 41, 41, 9, 9, 9, 44, 9, 9, 9, 9, 37, 9, 9, 44, 41, 41, 9, 9, 9, 9, 41, 69, 9, 44, 9, 41, 9, 9, 9, 9, 9, 41, 41, 9, 36, 41, 70, 174, 80, 70, 74, 9, 9, 174, 41, 94, 64, 55, 41, 140, 9, 9, 9, 9, 41, 9, 114, 9, 9, 9, 9, 37, 174, 41, 9, 9, 140, 174, 9, 157, 23, 61, 74, 64, 41, 23, 41, 23, 7, 9, 61, 9, 23, 23, 23, 41, 41, 7, 87, 37, 23, 9, 9, 87, 174, 41, 9, 87, 174, 41, 9, 9, 23, 160, 23, 9, 7, 167, 9, 9, 60, 9, 37, 23, 174, 7, 9, 9, 174, 34, 157, 157, 9, 41, 174, 61, 41, 9, 41, 157, 9, 9, 87, 9, 77, 9, 174, 77, 9, 157, 9, 36, 9, 9, 36, 9, 174, 9, 41, 77, 41, 36, 9, 9, 36, 36, 64, 77, 36, 116, 41, 36, 9, 36, 36, 36, 9, 36, 77, 9, 9, 36, 9, 9, 87, 36, 36, 36, 36, 21, 159, 9, 87, 9, 157, 9, 74, 21, 36, 9, 21, 21, 174, 21, 64, 87, 9, 126, 37, 9, 44, 41, 41, 9, 174, 9, 41, 9, 61, 41, 9, 9, 23, 174, 41, 9, 9, 41, 9, 9, 37, 9, 174, 9, 87, 9, 121, 162, 91, 111, 111, 9, 9, 111, 111, 37, 146, 111, 41, 9, 24, 111, 146, 41, 146, 41, 41, 41, 9, 74, 9, 174, 41, 74, 9, 174, 174, 84, 9, 9, 9, 9, 74, 9, 9, 9, 64, 112, 9, 153, 37, 9, 9, 9, 174, 37, 41, 9, 9, 9, 9, 9, 2, 70, 88, 9, 36, 174, 9, 41, 174, 9, 9, 9, 115, 77, 9, 9, 91, 111, 111, 161, 9, 70, 9, 174, 174, 44, 44, 9, 9, 9, 86, 86, 7, 7, 21, 21, 9, 21, 87, 87, 9, 115, 9, 9, 9, 137, 111, 111, 9, 9, 9, 2, 2, 44, 2, 2, 2, 2, 2, 2, 9, 2, 126, 159, 9, 97, 9, 9, 23, 23, 9, 7, 7, 9, 9, 7, 7, 7, 86, 9, 9, 9, 9, 174, 88, 86, 86, 88, 23, 9, 37, 157, 157, 9, 7, 7, 77, 9, 9, 9, 9, 9, 9, 9, 9, 77, 9, 9, 135, 9, 77, 135, 135, 77, 9, 97, 9, 21, 21, 36, 97, 97, 97, 97, 97, 97, 157, 87, 21, 36, 36, 157, 157, 9, 9, 21, 21, 21, 21, 77, 77, 21, 21, 9, 86, 86, 86, 86, 126, 9, 37, 37, 87, 9, 9, 87, 87, 9, 9, 9, 9, 9, 9, 9, 9, 37, 9, 9, 9, 37, 37, 44, 9, 9, 9, 9, 9, 111, 111, 86, 9, 86, 9, 9, 146, 146, 146, 146, 141, 141, 146, 146, 146, 146, 9, 111, 111, 146, 146, 146, 146, 106, 146, 111, 111, 111, 9, 9, 126, 9, 95, 11, 11, 11, 11, 11, 11, 11, 11, 11, 87, 87, 11, 11, 11, 95, 11, 11, 11, 11, 174, 11, 11, 11, 11, 64, 115, 115, 9, 111, 161, 161, 74, 74, 2, 2, 9, 9, 2, 2, 174, 9, 9, 9, 2, 9, 9, 115, 64, 9, 9, 9, 9, 55, 115, 9, 157, 74, 7, 7, 9, 97, 97, 9, 9, 2, 74, 9, 164, 9, 9, 9, 164, 9, 7, 7, 7, 115, 7, 9, 9, 7, 7, 7, 7, 9, 9, 7, 7, 9, 9, 7, 7, 7, 7, 157, 7, 7, 9, 9, 157, 157, 7, 7, 115, 9, 9, 9, 77, 37, 77, 9, 77, 77, 9, 21, 77, 97, 97, 21, 21, 77, 28, 21, 21, 21, 21, 97, 97, 77, 21, 21, 97, 97, 9, 21, 97, 21, 21, 97, 21, 9, 86, 21, 21, 21, 79, 79, 21, 21, 21, 21, 21, 21, 21, 21, 21, 21, 21, 21, 21, 21, 21, 21, 21, 87, 21, 9, 21, 16, 21, 21, 21, 57, 86, 57, 57, 57, 57, 9, 9, 86, 21, 21, 21, 21, 84, 84, 21, 9, 9, 174, 9, 9, 9, 37, 9, 9, 9, 9, 9, 9, 9, 9, 9, 9, 37, 9, 9, 9, 109, 109, 9, 9, 9, 174, 9, 9, 9, 9, 111, 111, 111, 9, 146, 111, 111, 146, 64, 111, 146, 74, 146, 141, 111, 9, 141, 141, 9, 146, 9, 9, 174, 111, 143, 111, 9, 9, 9, 111, 146, 174, 174, 176, 176, 176, 111, 44, 161, 2, 74, 93, 2, 44, 2, 9, 9, 9, 9, 9, 9, 9, 9, 9, 9, 9, 9, 9, 74, 9, 9, 77, 21, 21, 173, 174, 9, 74, 74, 74, 99, 9, 9, 44, 9, 129, 126, 80, 84, 174, 9, 9, 21, 111, 9, 21, 9, 9, 156, 7, 89, 56, 174, 77, 56, 115, 56, 56, 89, 82, 111, 99, 3, 8, 174, 99, 99, 99, 99, 136, 99, 99, 99, 99, 56, 174, 99, 56, 99, 99, 99, 99, 174, 14, 89, 56, 99, 99, 99, 99, 56, 99, 174, 174, 99, 56, 56, 99, 99, 56, 99, 150, 99, 99, 99, 89, 89, 9, 116, 56, 99, 99, 9, 9, 9, 89, 89, 99, 174, 64, 56, 99, 56, 99, 9, 99, 99, 9, 99, 99, 99, 99, 9, 9, 99, 99, 99, 89, 174, 44, 95, 99, 99, 99, 99, 99, 56, 99, 99, 99, 99, 174, 99, 99, 99, 99, 99, 171, 88, 174, 3, 99, 99, 127, 9, 9, 55, 9, 89, 99, 89, 161, 56, 99, 174, 56, 99, 99, 99, 99, 84, 89, 126, 99, 56, 56, 56, 99, 56, 99, 9, 99, 99, 89, 99, 9, 9, 154, 56, 26, 99, 99, 99, 26, 89, 89, 174, 50, 99, 99, 56, 99, 99, 55, 9, 99, 99, 126, 89, 56, 99, 99, 99, 99, 99, 58, 89, 99, 56, 99, 37, 9, 99, 9, 99, 86, 56, 99, 99, 99, 95, 99, 9, 89, 82, 9, 9, 56, 56, 99, 99, 89, 56, 56, 56, 99, 9, 56, 55, 156, 99, 89, 144, 56, 99, 99, 174, 99, 89, 7, 8, 9, 99, 107, 89, 89, 9, 56, 99, 56, 174, 174, 89, 56, 99, 99, 99, 99, 174, 174, 87, 174, 89, 9, 56, 99, 3, 99, 89, 89, 9, 136, 99, 99, 99, 89, 99, 174, 99, 56, 9, 89, 89, 99, 99, 56, 56, 99, 9, 9, 99, 56, 89, 99, 89, 9, 77, 56, 99, 56, 99, 9, 99, 174, 77, 99, 56, 89, 99, 56, 157, 56, 52, 99, 89, 89, 99, 174, 99, 56, 99, 56, 9, 172, 174, 93, 99, 99, 56, 99, 56, 56, 56, 115, 56, 56, 56, 82, 165, 99, 89, 80, 174, 99, 99, 89, 56, 99, 174, 56, 56, 99, 56, 89, 174, 89, 56, 99, 99, 89, 99, 89, 56, 89, 48, 44, 82, 56, 9, 44, 44, 99, 99, 99, 56, 56, 56, 89, 89, 56, 89, 56, 99, 56, 93, 89, 56, 56, 9, 89, 89, 89, 9, 56, 99, 89, 127, 82, 13, 89, 56, 89, 99, 89, 111, 56, 111, 56, 111, 174, 56, 89, 99, 99, 99, 174, 89, 111, 89, 99, 99, 89, 9, 89, 99, 99, 89, 174, 174, 99, 89, 99, 89, 3, 89, 8, 99, 89, 99, 44, 174, 174, 174, 174, 174, 128, 174, 174, 174, 174, 174, 174, 174, 9, 9, 116, 174, 44, 87, 174, 9, 74, 77, 174, 174, 146, 95, 174, 174, 174, 9, 9, 9, 9, 111, 27, 111, 125, 111, 9, 146, 111, 146, 111, 87, 115, 88, 40, 9, 9, 57, 9, 9, 9, 9, 9, 146, 9, 174, 9, 9, 9, 9, 9, 9, 9, 72, 7, 146, 87, 9, 77, 29, 9, 9, 9, 97, 174, 174, 77, 9, 126, 9, 9, 9, 87, 9, 159, 77, 87, 9, 9, 21, 84, 173, 7, 87, 124, 2, 174, 9, 115, 9, 9, 21, 2, 9, 77, 9, 97, 88, 44, 174, 174, 9, 29, 87, 9, 146, 126, 27, 161, 9, 21, 9, 9, 9, 174, 9, 176, 9, 9, 127, 64, 9, 126, 87, 174, 9, 7, 9, 115, 9, 36, 9, 76, 9, 169, 9, 9, 2, 9, 174, 146, 9, 9, 21, 9, 120, 84, 9, 9, 9, 9, 9, 84, 37, 174, 37, 9, 86, 9, 91, 9, 9, 64, 88, 159, 9, 74, 47, 9, 9, 9, 174, 174, 127, 9, 9, 9, 126, 174, 9, 148, 27, 174, 176, 9, 146, 21, 111, 47, 146, 146, 146, 146, 9, 111, 9, 61, 174, 87, 9, 9, 9, 9, 9, 86, 9, 9, 9, 57, 9, 9, 174, 9, 115, 84, 115, 21, 9, 115, 174, 174, 9, 174, 21, 173, 84, 174, 9, 174, 174, 174, 9, 9, 9, 97, 174, 174, 9, 174, 174, 21, 77, 77, 77, 9, 9, 9, 9, 9, 174, 115, 64, 87, 9, 174, 64, 36, 174, 174, 174, 174, 174, 61, 174, 9, 174, 174, 102, 36, 174, 9, 174, 9, 87, 174, 9, 9, 118, 84, 9, 55, 9, 77, 9, 148, 115, 174, 87, 87, 87, 9, 40, 9, 174, 9, 33, 87, 9, 9, 9, 7, 44, 84, 9, 9, 9, 9, 84, 9, 86, 9, 9, 174, 157, 9, 84, 9, 174, 9, 9, 9, 7, 2, 37, 84, 2, 9, 9, 9, 9, 97, 7, 29, 29, 174, 174, 64, 120, 174, 120, 174, 94, 174, 174, 80, 124, 174, 84, 115, 127, 9, 9, 44, 9, 84, 127, 64, 159, 74, 9, 64, 126, 126, 174, 88, 126, 127, 9, 84, 174, 126, 126, 174, 9, 169, 126, 88, 9, 177, 9, 126, 9, 174, 9, 37, 161, 9, 84, 9, 9, 88, 174, 9, 174, 9, 9, 37, 9, 174, 174, 2, 9, 9, 138, 44, 174, 9, 9, 9, 174, 84, 174, 9, 84, 9, 9, 9, 9, 161, 9, 9, 159, 84, 64, 9, 157, 9, 59, 9, 177, 174, 174, 126, 21, 136, 38, 175, 74, 174, 9, 161, 174, 9, 86, 126, 9, 127, 174, 174, 9, 64, 115, 9, 174, 2, 94, 9, 61, 175, 174, 55, 174, 174, 174, 61, 9, 161, 9, 2, 9, 125, 9, 9, 59, 72, 111, 9, 76, 27, 111, 111, 149, 125, 111, 146, 74, 23, 149, 146, 149, 111, 15, 117, 149, 174, 149, 36, 9, 146, 9, 149, 23, 149, 87, 149, 146, 74, 97, 21, 149, 64, 74, 149, 9, 9, 149, 174, 9, 97, 111, 9, 106, 111, 149, 149, 97, 2, 7, 149, 9, 21, 149, 174, 86, 149, 9, 149, 149, 149, 126, 9, 111, 55, 44, 149, 111, 64, 9, 149, 149, 9, 149, 111, 9, 149, 77, 149, 146, 149, 174, 149, 149, 149, 149, 149, 149, 5, 36, 149, 126, 149, 125, 7, 146, 141, 126, 149, 21, 149, 127, 174, 127, 149, 111, 174, 149, 111, 37, 149, 149, 149, 146, 149, 149, 149, 149, 149, 149, 149, 157, 149, 2, 149, 149, 149, 157, 149, 149, 149, 23, 88, 5, 149, 125, 5, 149, 149, 149, 149, 149, 149, 149, 149, 77, 149, 149, 149, 80, 149, 174, 149, 149, 149, 80, 64, 149, 61, 174, 2, 59, 