{"Run": 1, "K": 90, "WCSSD": 2697.4863336181975, "Purity": 0.2563296646238283, "Time": 2.496093988418579, "Kmeans_Labels": [3, 3, 3, 3, 3, 3, 22, 3, 3, 3, 3, 3, 48, 48, 3, 3, 3, 3, 3, 3, 3, 3, 49, 48, 48, 3, 48, 27, 3, 62, 48, 3, 3, 3, 3, 3, 48, 48, 48, 48, 49, 48, 42, 45, 48, 3, 48, 49, 3, 3, 3, 49, 49, 3, 3, 28, 49, 3, 3, 3, 49, 74, 3, 59, 28, 12, 48, 12, 48, 28, 48, 3, 62, 3, 22, 3, 3, 3, 3, 3, 3, 3, 62, 3, 3, 3, 49, 3, 3, 3, 3, 3, 28, 3, 3, 22, 3, 3, 3, 3, 3, 3, 3, 22, 3, 22, 22, 22, 62, 39, 20, 62, 20, 48, 3, 49, 49, 3, 3, 3, 3, 3, 3, 3, 3, 3, 3, 3, 39, 49, 72, 75, 3, 3, 3, 3, 3, 45, 3, 3, 27, 3, 3, 27, 3, 3, 3, 3, 3, 3, 49, 72, 3, 3, 3, 3, 3, 49, 3, 3, 3, 3, 3, 3, 22, 3, 49, 39, 49, 3, 3, 3, 3, 49, 75, 3, 59, 42, 3, 3, 3, 3, 3, 3, 3, 3, 75, 3, 3, 49, 3, 27, 39, 3, 3, 3, 3, 39, 3, 3, 59, 3, 3, 59, 3, 3, 3, 3, 3, 3, 3, 3, 3, 3, 3, 3, 3, 3, 3, 27, 3, 3, 3, 49, 49, 3, 3, 3, 49, 75, 3, 3, 39, 3, 3, 3, 3, 45, 3, 39, 3, 3, 27, 69, 49, 3, 69, 3, 39, 3, 22, 22, 3, 84, 49, 3, 3, 3, 3, 3, 39, 3, 3, 3, 22, 3, 39, 22, 57, 59, 64, 22, 39, 3, 22, 3, 39, 3, 22, 22, 3, 22, 3, 3, 22, 22, 59, 22, 22, 39, 22, 22, 49, 22, 22, 22, 3, 22, 3, 49, 3, 22, 22, 22, 22, 22, 22, 22, 22, 20, 27, 3, 22, 3, 3, 3, 3, 20, 20, 49, 20, 20, 49, 20, 59, 3, 3, 81, 27, 69, 3, 3, 75, 3, 49, 3, 3, 3, 3, 69, 3, 49, 27, 39, 3, 49, 39, 3, 3, 39, 27, 49, 49, 3, 3, 3, 3, 49, 19, 86, 86, 3, 3, 86, 86, 27, 32, 86, 75, 3, 86, 86, 32, 75, 32, 75, 39, 49, 49, 3, 3, 49, 3, 3, 3, 49, 49, 3, 3, 3, 49, 3, 3, 39, 42, 3, 59, 81, 3, 45, 27, 3, 3, 3, 49, 27, 3, 3, 3, 3, 39, 3, 28, 3, 12, 11, 22, 39, 49, 75, 49, 3, 2, 3, 45, 22, 3, 3, 19, 86, 86, 42, 3, 49, 3, 39, 39, 39, 39, 39, 3, 3, 72, 72, 3, 3, 20, 20, 39, 20, 3, 3, 20, 5, 39, 86, 86, 39, 86, 86, 3, 3, 3, 28, 28, 3, 28, 28, 28, 28, 28, 28, 3, 28, 81, 27, 3, 62, 54, 54, 3, 3, 3, 3, 3, 3, 3, 3, 3, 3, 72, 3, 53, 53, 3, 39, 3, 72, 72, 3, 39, 3, 27, 3, 3, 3, 3, 3, 62, 3, 3, 3, 3, 3, 3, 3, 3, 22, 3, 3, 22, 49, 22, 22, 22, 22, 49, 62, 3, 20, 20, 22, 62, 62, 22, 22, 62, 62, 20, 3, 20, 22, 22, 20, 20, 3, 3, 20, 20, 20, 20, 3, 3, 20, 20, 3, 72, 72, 72, 72, 81, 3, 27, 27, 3, 3, 3, 3, 3, 3, 3, 3, 3, 3, 3, 3, 3, 27, 3, 3, 3, 3, 3, 49, 39, 3, 3, 3, 39, 86, 86, 72, 49, 72, 3, 3, 32, 32, 23, 23, 32, 32, 32, 32, 32, 32, 3, 18, 18, 32, 32, 32, 32, 32, 32, 86, 86, 86, 39, 73, 81, 3, 48, 39, 39, 39, 39, 39, 39, 39, 39, 39, 39, 3, 39, 39, 39, 48, 39, 39, 39, 39, 49, 39, 39, 39, 39, 59, 45, 45, 3, 86, 29, 29, 80, 80, 28, 28, 49, 3, 28, 28, 49, 3, 58, 3, 28, 3, 8, 45, 59, 3, 3, 3, 3, 42, 45, 3, 3, 7, 62, 62, 3, 62, 62, 62, 3, 54, 42, 3, 28, 89, 3, 3, 3, 49, 3, 3, 3, 45, 62, 42, 3, 3, 3, 3, 3, 62, 42, 3, 62, 3, 3, 3, 3, 3, 3, 3, 62, 3, 3, 3, 3, 3, 3, 62, 45, 62, 3, 3, 22, 27, 22, 3, 22, 15, 3, 20, 3, 62, 22, 20, 26, 22, 20, 20, 20, 20, 62, 62, 62, 3, 20, 20, 62, 79, 3, 20, 79, 20, 20, 62, 20, 3, 72, 20, 20, 20, 3, 3, 20, 3, 3, 20, 20, 20, 20, 20, 20, 20, 20, 20, 20, 20, 20, 20, 11, 3, 20, 69, 69, 49, 69, 69, 69, 69, 72, 69, 69, 69, 69, 3, 3, 72, 83, 83, 20, 69, 3, 3, 69, 83, 3, 39, 3, 3, 3, 27, 3, 3, 49, 3, 3, 69, 69, 3, 69, 69, 27, 3, 3, 49, 3, 3, 49, 3, 3, 49, 3, 3, 3, 3, 86, 86, 86, 3, 23, 86, 86, 32, 59, 86, 32, 3, 86, 32, 86, 3, 32, 32, 3, 86, 11, 11, 49, 87, 86, 86, 49, 36, 20, 86, 32, 49, 39, 3, 3, 3, 86, 3, 3, 28, 3, 3, 28, 28, 28, 3, 49, 3, 3, 3, 3, 3, 3, 3, 3, 3, 3, 33, 3, 3, 22, 22, 20, 49, 3, 49, 3, 49, 3, 49, 61, 3, 3, 3, 3, 3, 3, 49, 3, 49, 3, 69, 20, 86, 69, 20, 3, 3, 82, 3, 66, 21, 3, 22, 21, 45, 21, 21, 66, 66, 86, 35, 66, 61, 77, 61, 66, 61, 61, 39, 61, 61, 61, 61, 21, 49, 61, 21, 61, 61, 61, 61, 39, 61, 82, 21, 61, 61, 61, 61, 21, 61, 21, 49, 61, 21, 21, 61, 61, 21, 61, 3, 61, 61, 61, 66, 66, 3, 39, 21, 61, 61, 3, 3, 3, 66, 61, 61, 49, 59, 21, 61, 21, 61, 3, 61, 61, 3, 61, 61, 61, 61, 3, 3, 61, 61, 61, 66, 49, 3, 48, 61, 41, 61, 61, 61, 21, 61, 61, 61, 61, 49, 61, 61, 61, 61, 61, 66, 3, 39, 66, 65, 61, 12, 3, 3, 42, 3, 66, 61, 66, 42, 21, 61, 3, 21, 61, 61, 61, 61, 3, 66, 81, 61, 21, 21, 21, 61, 21, 61, 3, 61, 61, 66, 61, 3, 42, 21, 21, 61, 61, 61, 61, 66, 82, 66, 49, 3, 61, 61, 21, 61, 61, 42, 3, 61, 61, 81, 66, 21, 61, 61, 61, 61, 61, 66, 66, 61, 21, 61, 27, 3, 61, 3, 61, 72, 21, 61, 61, 61, 48, 61, 3, 66, 66, 3, 3, 21, 21, 61, 61, 66, 21, 21, 21, 61, 3, 21, 39, 82, 61, 66, 45, 21, 61, 61, 49, 61, 66, 3, 61, 3, 61, 61, 66, 66, 3, 21, 61, 21, 61, 39, 66, 21, 61, 61, 61, 61, 39, 49, 21, 39, 66, 39, 21, 61, 21, 61, 66, 66, 17, 39, 61, 61, 61, 66, 61, 3, 61, 21, 3, 66, 66, 61, 61, 21, 21, 61, 3, 3, 61, 21, 66, 61, 66, 3, 22, 21, 61, 21, 61, 3, 61, 39, 61, 61, 21, 66, 61, 21, 20, 21, 49, 61, 66, 66, 61, 49, 61, 21, 61, 21, 3, 61, 49, 49, 61, 61, 21, 61, 21, 21, 21, 45, 21, 21, 21, 66, 49, 61, 66, 61, 49, 61, 61, 66, 21, 61, 39, 21, 21, 61, 21, 66, 39, 66, 21, 61, 61, 66, 61, 66, 21, 66, 61, 35, 66, 21, 3, 3, 49, 61, 61, 61, 21, 21, 21, 66, 66, 21, 6, 21, 61, 21, 49, 66, 21, 21, 49, 66, 66, 66, 49, 21, 61, 66, 12, 66, 66, 6, 21, 66, 61, 66, 86, 21, 86, 21, 86, 39, 21, 66, 61, 61, 35, 49, 66, 18, 66, 61, 61, 66, 3, 66, 61, 61, 66, 49, 49, 61, 66, 61, 66, 66, 66, 61, 61, 66, 61, 3, 39, 49, 39, 39, 49, 3, 49, 49, 49, 49, 39, 39, 49, 3, 3, 39, 49, 3, 3, 49, 3, 39, 3, 49, 49, 86, 48, 39, 39, 39, 3, 3, 3, 3, 86, 3, 86, 19, 86, 3, 86, 86, 32, 86, 1, 45, 3, 3, 13, 3, 69, 3, 49, 3, 3, 39, 32, 3, 49, 3, 3, 3, 3, 3, 3, 3, 3, 3, 52, 3, 3, 22, 3, 3, 20, 3, 62, 3, 49, 22, 3, 81, 3, 3, 3, 49, 3, 27, 22, 22, 3, 16, 20, 3, 3, 62, 3, 3, 54, 84, 3, 45, 3, 3, 25, 54, 3, 3, 49, 37, 3, 3, 39, 39, 3, 3, 3, 3, 32, 81, 28, 29, 3, 20, 3, 3, 3, 39, 49, 86, 3, 3, 12, 59, 3, 81, 3, 39, 3, 3, 3, 45, 3, 22, 3, 32, 3, 3, 3, 3, 28, 3, 24, 23, 3, 3, 20, 3, 3, 74, 3, 3, 3, 3, 3, 3, 27, 39, 27, 3, 72, 39, 19, 3, 49, 59, 3, 27, 3, 3, 3, 3, 3, 3, 49, 39, 12, 3, 3, 3, 81, 49, 3, 49, 3, 39, 86, 3, 32, 20, 86, 3, 52, 86, 32, 23, 39, 86, 49, 3, 3, 1, 49, 3, 3, 13, 3, 72, 3, 3, 3, 69, 3, 39, 49, 3, 45, 20, 45, 20, 49, 45, 39, 17, 3, 77, 20, 3, 3, 49, 3, 39, 77, 39, 3, 20, 3, 62, 39, 77, 3, 77, 49, 20, 3, 22, 22, 3, 34, 3, 3, 49, 77, 45, 59, 22, 49, 49, 59, 22, 49, 49, 49, 39, 39, 3, 39, 3, 39, 39, 3, 22, 39, 3, 49, 3, 3, 84, 3, 3, 3, 49, 3, 42, 49, 22, 3, 49, 45, 39, 3, 49, 3, 3, 3, 3, 39, 3, 39, 3, 3, 3, 3, 3, 3, 3, 3, 3, 16, 3, 74, 3, 72, 3, 3, 77, 3, 3, 3, 3, 39, 3, 3, 3, 3, 54, 27, 74, 54, 49, 3, 3, 3, 37, 62, 3, 3, 39, 39, 59, 3, 39, 3, 39, 49, 39, 39, 49, 3, 49, 3, 45, 12, 3, 3, 59, 3, 3, 12, 59, 27, 3, 3, 59, 81, 81, 39, 39, 81, 12, 3, 3, 39, 81, 81, 39, 3, 3, 81, 3, 3, 3, 3, 81, 3, 39, 39, 27, 42, 49, 3, 3, 3, 3, 49, 3, 49, 3, 3, 27, 3, 39, 49, 28, 3, 3, 3, 3, 39, 3, 3, 3, 3, 3, 27, 3, 3, 3, 3, 3, 3, 29, 3, 3, 27, 74, 59, 3, 3, 34, 3, 3, 3, 39, 39, 81, 20, 39, 39, 77, 59, 49, 3, 42, 39, 3, 72, 81, 3, 12, 39, 39, 63, 42, 45, 3, 49, 28, 49, 3, 3, 49, 24, 39, 39, 49, 39, 3, 3, 42, 49, 28, 3, 19, 63, 3, 39, 3, 86, 3, 32, 28, 86, 86, 71, 19, 86, 32, 71, 71, 71, 86, 71, 86, 3, 71, 3, 39, 71, 30, 3, 86, 69, 71, 3, 71, 3, 3, 32, 71, 62, 20, 3, 59, 71, 71, 3, 84, 71, 49, 3, 62, 86, 3, 32, 86, 51, 71, 62, 28, 3, 71, 3, 69, 71, 39, 72, 71, 3, 71, 71, 71, 81, 3, 86, 42, 71, 71, 86, 3, 3, 71, 71, 69, 71, 86, 3, 71, 71, 71, 32, 71, 49, 71, 71, 71, 9, 71, 3, 71, 26, 71, 71, 71, 84, 3, 86, 32, 81, 71, 20, 71, 12, 39, 12, 71, 86, 49, 71, 86, 27, 71, 59, 71, 32, 71, 71, 71, 71, 71, 71, 71, 71, 71, 28, 71, 71, 71, 71, 71, 71, 71, 3, 71, 71, 71, 3, 71, 71, 71, 71, 71, 71, 71, 71, 3, 33, 71, 71, 71, 71, 71, 49, 71, 71, 71, 71, 59, 71, 3, 39, 28, 39, 71, 71, 19, 71, 71, 71, 71, 71, 71, 71, 71, 71, 71, 71, 71, 3, 39, 71, 71, 3, 42, 71, 39, 71, 71, 39, 71, 71, 29, 10, 71, 71, 71, 71, 71, 71, 71, 71, 71, 12, 71, 71, 71, 71, 45, 71, 71, 71, 3, 71, 71, 39, 12, 27, 71, 3, 71, 47, 71, 71, 62, 3, 3, 48, 4, 49, 86, 3, 3, 3, 3, 27, 3, 86, 3, 39, 3, 3, 39, 3, 3, 39, 39, 12, 4, 42, 3, 12, 3, 49, 12, 3, 49, 12, 3, 39, 59, 12, 12, 39, 3, 45, 3, 3, 45, 12, 3, 45, 12, 49, 49, 27, 49, 39, 42, 3, 3, 39, 3, 3, 49, 4, 3, 39, 39, 42, 39, 4, 4, 3, 4, 39, 4, 4, 4, 0, 3, 3, 27, 4, 4, 4, 4, 59, 42, 42, 4, 4, 4, 4, 39, 4, 3, 42, 39, 4, 