{"Run": 1, "K": 157, "WCSSD": 2513.566271233535, "Purity": 0.4420269109647867, "Time": 4.733412981033325, "Kmeans_Labels": [4, 4, 98, 155, 4, 4, 31, 35, 4, 139, 4, 152, 119, 119, 4, 4, 4, 4, 4, 130, 4, 4, 106, 119, 119, 4, 4, 4, 130, 4, 119, 4, 130, 113, 4, 4, 119, 119, 152, 119, 106, 119, 41, 74, 119, 4, 119, 102, 4, 4, 102, 106, 106, 102, 4, 4, 20, 4, 155, 155, 20, 4, 4, 41, 4, 151, 119, 4, 119, 4, 119, 4, 4, 102, 113, 4, 4, 46, 4, 4, 4, 4, 57, 21, 35, 4, 102, 99, 4, 4, 4, 4, 104, 139, 4, 31, 102, 4, 35, 4, 35, 113, 4, 98, 98, 31, 31, 10, 4, 113, 140, 62, 140, 119, 4, 113, 92, 4, 102, 48, 4, 102, 48, 155, 155, 48, 102, 155, 106, 102, 48, 48, 102, 4, 36, 130, 102, 102, 102, 102, 27, 155, 155, 130, 48, 48, 4, 102, 4, 155, 58, 30, 41, 130, 102, 48, 4, 102, 155, 4, 4, 48, 48, 102, 31, 48, 102, 2, 4, 102, 48, 4, 4, 106, 48, 4, 23, 43, 48, 4, 102, 102, 32, 32, 134, 4, 48, 4, 4, 4, 20, 4, 102, 48, 155, 155, 4, 106, 4, 140, 35, 4, 4, 23, 48, 35, 48, 35, 139, 102, 4, 102, 35, 35, 35, 48, 48, 139, 152, 4, 35, 113, 4, 152, 102, 48, 113, 152, 106, 48, 4, 4, 35, 4, 35, 139, 4, 130, 4, 102, 48, 4, 4, 35, 106, 35, 4, 4, 106, 48, 31, 152, 4, 48, 19, 4, 48, 102, 48, 4, 102, 50, 152, 155, 98, 4, 106, 98, 4, 23, 4, 31, 20, 10, 31, 4, 113, 4, 48, 98, 48, 98, 24, 4, 31, 31, 23, 98, 31, 106, 48, 31, 135, 62, 67, 31, 10, 31, 62, 106, 43, 31, 4, 10, 10, 31, 31, 31, 112, 140, 4, 24, 10, 10, 140, 24, 102, 140, 62, 106, 62, 140, 106, 62, 23, 152, 4, 138, 48, 62, 130, 48, 48, 4, 106, 4, 48, 4, 4, 48, 102, 102, 35, 106, 48, 102, 102, 48, 102, 36, 36, 102, 106, 4, 152, 4, 102, 142, 40, 9, 15, 4, 102, 15, 62, 15, 17, 15, 48, 102, 15, 15, 17, 48, 17, 48, 48, 48, 102, 102, 102, 106, 48, 41, 4, 106, 106, 4, 155, 20, 4, 102, 4, 20, 4, 4, 23, 138, 4, 74, 4, 102, 155, 102, 106, 4, 48, 4, 92, 4, 4, 4, 20, 102, 4, 4, 10, 106, 102, 48, 102, 155, 4, 139, 116, 98, 4, 140, 40, 15, 83, 43, 102, 102, 4, 102, 102, 130, 130, 4, 155, 4, 30, 30, 139, 139, 62, 62, 4, 62, 152, 152, 29, 74, 20, 15, 15, 36, 9, 9, 4, 4, 20, 97, 97, 130, 41, 41, 155, 4, 4, 4, 155, 4, 138, 35, 4, 4, 14, 14, 35, 35, 139, 139, 139, 4, 4, 139, 139, 139, 30, 4, 4, 4, 4, 49, 4, 30, 30, 4, 35, 4, 4, 139, 139, 4, 139, 139, 98, 98, 98, 4, 4, 4, 4, 4, 4, 98, 4, 155, 98, 106, 98, 98, 98, 98, 106, 139, 155, 140, 140, 31, 140, 140, 39, 39, 140, 140, 140, 152, 62, 10, 10, 140, 140, 4, 4, 140, 140, 140, 140, 98, 98, 140, 140, 4, 30, 30, 30, 30, 138, 4, 4, 4, 152, 4, 4, 152, 152, 4, 4, 4, 4, 4, 4, 4, 4, 12, 36, 36, 36, 36, 36, 36, 36, 36, 4, 4, 106, 15, 15, 30, 4, 30, 4, 4, 17, 17, 17, 17, 17, 17, 17, 17, 17, 17, 4, 83, 83, 17, 17, 17, 17, 17, 17, 83, 83, 15, 36, 4, 138, 4, 102, 51, 51, 51, 51, 51, 51, 51, 51, 51, 152, 152, 51, 51, 51, 119, 51, 51, 51, 51, 102, 51, 51, 51, 51, 23, 74, 74, 4, 15, 41, 41, 4, 4, 97, 97, 113, 4, 4, 4, 113, 4, 4, 4, 4, 4, 155, 74, 23, 155, 4, 4, 4, 43, 74, 4, 155, 63, 139, 139, 4, 139, 139, 139, 4, 14, 63, 4, 139, 4, 4, 4, 69, 108, 139, 139, 139, 74, 139, 4, 4, 139, 139, 139, 139, 139, 4, 139, 139, 139, 4, 139, 139, 139, 4, 139, 139, 139, 99, 4, 139, 139, 139, 139, 74, 36, 90, 90, 98, 125, 98, 106, 10, 98, 4, 62, 98, 98, 62, 140, 62, 146, 62, 140, 140, 62, 140, 10, 62, 98, 62, 62, 62, 8, 106, 62, 8, 140, 62, 148, 62, 4, 30, 140, 140, 140, 4, 4, 62, 62, 62, 140, 140, 140, 140, 140, 62, 140, 140, 140, 62, 62, 62, 140, 62, 152, 62, 62, 62, 4, 62, 62, 62, 4, 30, 62, 62, 62, 4, 4, 4, 30, 62, 62, 62, 62, 130, 130, 62, 62, 4, 102, 4, 4, 145, 4, 4, 20, 36, 4, 4, 62, 62, 4, 5, 145, 4, 4, 106, 4, 4, 4, 106, 4, 4, 107, 4, 4, 4, 4, 15, 15, 15, 4, 17, 15, 83, 17, 23, 15, 17, 36, 55, 17, 15, 4, 17, 17, 4, 55, 102, 102, 102, 83, 83, 83, 102, 4, 140, 15, 33, 4, 113, 102, 102, 102, 15, 130, 4, 4, 34, 144, 20, 130, 20, 4, 132, 4, 4, 4, 4, 106, 4, 99, 4, 99, 4, 4, 4, 4, 62, 10, 62, 102, 62, 106, 102, 63, 63, 63, 11, 102, 155, 130, 4, 4, 4, 142, 63, 106, 4, 62, 62, 15, 62, 62, 4, 4, 11, 4, 11, 115, 4, 98, 115, 74, 154, 141, 11, 11, 83, 11, 60, 11, 36, 11, 11, 11, 11, 36, 11, 11, 11, 11, 115, 102, 11, 115, 75, 11, 11, 131, 131, 11, 11, 115, 11, 11, 11, 11, 115, 11, 131, 131, 11, 115, 115, 11, 11, 115, 11, 4, 11, 11, 11, 11, 11, 4, 106, 115, 11, 11, 102, 41, 4, 11, 11, 11, 106, 23, 115, 11, 115, 11, 4, 11, 11, 4, 11, 11, 11, 11, 4, 4, 11, 11, 11, 11, 106, 130, 119, 11, 11, 11, 94, 11, 115, 11, 11, 11, 11, 60, 11, 11, 11, 11, 89, 11, 4, 102, 60, 11, 11, 151, 4, 4, 43, 4, 11, 11, 11, 41, 115, 11, 102, 115, 11, 11, 11, 11, 4, 11, 138, 11, 115, 115, 115, 11, 115, 11, 4, 11, 11, 11, 11, 113, 43, 115, 115, 11, 11, 11, 11, 11, 100, 99, 106, 4, 11, 11, 115, 11, 11, 43, 4, 11, 11, 138, 11, 115, 11, 100, 11, 11, 11, 11, 11, 11, 115, 11, 4, 4, 11, 4, 11, 122, 115, 11, 11, 11, 119, 11, 4, 11, 11, 4, 36, 95, 115, 11, 11, 11, 115, 115, 115, 11, 4, 115, 43, 11, 11, 11, 74, 115, 11, 11, 106, 11, 11, 4, 11, 4, 11, 11, 11, 11, 4, 115, 11, 115, 60, 102, 11, 115, 131, 11, 11, 11, 102, 99, 122, 20, 11, 36, 115, 11, 60, 11, 11, 66, 106, 102, 11, 11, 11, 68, 11, 4, 11, 115, 4, 11, 11, 11, 11, 115, 115, 11, 4, 4, 11, 115, 11, 11, 11, 4, 98, 115, 11, 115, 11, 106, 123, 36, 98, 11, 115, 11, 11, 115, 140, 115, 106, 11, 11, 11, 11, 106, 11, 115, 11, 115, 4, 11, 106, 144, 11, 11, 121, 11, 115, 115, 115, 74, 115, 115, 115, 11, 4, 11, 11, 142, 99, 11, 11, 11, 154, 38, 36, 115, 115, 11, 115, 11, 36, 11, 115, 11, 11, 11, 11, 11, 115, 11, 11, 130, 11, 115, 4, 130, 130, 11, 11, 11, 115, 115, 115, 11, 11, 115, 11, 115, 11, 115, 144, 11, 141, 115, 4, 11, 11, 11, 106, 115, 11, 11, 151, 11, 11, 15, 115, 11, 11, 11, 15, 115, 83, 115, 15, 36, 115, 11, 11, 11, 11, 102, 11, 83, 11, 11, 11, 11, 4, 11, 11, 11, 11, 106, 106, 11, 11, 11, 11, 60, 11, 11, 11, 11, 11, 130, 20, 106, 102, 2, 106, 4, 106, 106, 106, 106, 20, 102, 106, 4, 155, 106, 106, 130, 152, 106, 4, 102, 155, 106, 106, 83, 119, 102, 102, 102, 4, 4, 40, 4, 83, 70, 15, 40, 83, 102, 83, 15, 17, 15, 36, 74, 4, 139, 20, 145, 62, 4, 10, 4, 4, 36, 17, 4, 36, 155, 20, 4, 4, 4, 71, 4, 4, 139, 17, 152, 4, 98, 57, 4, 140, 155, 140, 4, 102, 10, 20, 138, 98, 147, 4, 152, 4, 4, 98, 152, 4, 4, 140, 4, 62, 139, 152, 4, 4, 20, 155, 74, 4, 99, 5, 14, 4, 98, 4, 139, 101, 130, 49, 4, 4, 57, 152, 4, 17, 138, 70, 41, 4, 62, 4, 4, 4, 6, 4, 102, 4, 4, 151, 23, 4, 138, 152, 134, 4, 139, 4, 74, 4, 31, 4, 17, 59, 4, 4, 4, 20, 4, 143, 17, 4, 24, 140, 1, 4, 21, 80, 4, 155, 4, 4, 21, 4, 106, 4, 4, 30, 77, 40, 4, 99, 4, 4, 4, 4, 4, 4, 4, 102, 4, 19, 36, 111, 4, 4, 4, 138, 106, 4, 4, 70, 102, 102, 4, 17, 62, 83, 4, 17, 83, 17, 17, 36, 15, 4, 4, 4, 36, 102, 102, 4, 20, 145, 96, 4, 4, 4, 62, 4, 77, 19, 4, 74, 140, 74, 140, 106, 74, 36, 106, 4, 106, 140, 62, 44, 102, 4, 36, 91, 20, 4, 140, 4, 140, 13, 4, 4, 91, 102, 140, 98, 98, 10, 4, 4, 4, 98, 10, 36, 74, 23, 152, 4, 20, 23, 31, 106, 4, 106, 4, 4, 4, 114, 4, 20, 4, 4, 31, 36, 4, 106, 80, 152, 20, 20, 4, 152, 113, 4, 43, 99, 98, 102, 4, 74, 49, 152, 152, 152, 4, 139, 4, 36, 99, 4, 152, 4, 4, 4, 139, 130, 4, 4, 139, 4, 4, 21, 4, 30, 4, 71, 91, 127, 4, 4, 4, 49, 4, 4, 4, 139, 14, 4, 21, 4, 4, 4, 4, 4, 139, 139, 57, 57, 6, 49, 4, 4, 49, 4, 49, 20, 49, 36, 106, 4, 106, 4, 74, 151, 4, 4, 130, 147, 21, 151, 86, 4, 4, 4, 155, 138, 101, 36, 28, 138, 151, 4, 4, 101, 138, 138, 106, 1, 4, 138, 4, 4, 20, 155, 138, 4, 2, 4, 4, 43, 4, 4, 4, 155, 101, 106, 4, 36, 4, 4, 4, 4, 4, 106, 20, 155, 155, 4, 130, 36, 4, 4, 59, 20, 21, 28, 4, 22, 4, 34, 155, 4, 41, 24, 4, 98, 21, 72, 4, 127, 4, 3, 102, 20, 49, 114, 138, 62, 102, 136, 102, 63, 102, 4, 43, 36, 4, 96, 101, 4, 151, 13, 49, 102, 23, 74, 4, 106, 20, 20, 4, 4, 4, 143, 4, 20, 4, 4, 4, 155, 41, 102, 45, 4, 40, 102, 4, 3, 4, 83, 4, 17, 70, 15, 15, 79, 40, 15, 17, 63, 35, 79, 83, 79, 15, 155, 79, 79, 113, 113, 98, 98, 83, 4, 79, 35, 79, 152, 4, 17, 63, 79, 140, 79, 23, 63, 79, 155, 4, 79, 106, 4, 140, 120, 139, 17, 83, 79, 79, 140, 104, 152, 79, 4, 62, 79, 102, 30, 79, 4, 79, 79, 79, 138, 140, 83, 43, 130, 79, 15, 155, 4, 79, 107, 62, 79, 15, 4, 79, 98, 79, 17, 79, 106, 79, 79, 79, 79, 79, 79, 79, 62, 79, 138, 79, 40, 139, 15, 17, 138, 79, 140, 79, 151, 106, 