{"Run": 2, "K": 536, "WCSSD": 2056.371999001661, "Purity": 0.5313484111079302, "Time": 31.58500599861145, "Kmeans_Labels": [285, 53, 67, 141, 11, 11, 53, 147, 53, 11, 11, 490, 247, 104, 11, 11, 11, 387, 114, 305, 114, 425, 374, 104, 328, 387, 114, 387, 189, 304, 262, 114, 189, 387, 305, 472, 182, 104, 490, 18, 114, 198, 49, 12, 10, 132, 328, 114, 11, 306, 123, 30, 30, 476, 313, 11, 300, 513, 141, 141, 0, 106, 11, 205, 11, 215, 104, 53, 104, 48, 387, 114, 93, 59, 209, 11, 426, 11, 300, 11, 11, 400, 293, 387, 147, 11, 59, 210, 11, 11, 11, 105, 11, 246, 11, 198, 105, 114, 147, 302, 147, 209, 11, 45, 45, 198, 198, 45, 497, 209, 39, 511, 153, 104, 313, 209, 505, 11, 476, 221, 11, 105, 221, 212, 141, 221, 317, 141, 288, 105, 221, 221, 32, 472, 400, 189, 11, 11, 458, 11, 477, 141, 141, 422, 221, 221, 11, 427, 11, 141, 221, 404, 59, 11, 11, 221, 11, 11, 141, 11, 11, 221, 221, 11, 11, 158, 59, 82, 386, 59, 289, 32, 486, 30, 180, 287, 169, 94, 221, 472, 400, 472, 158, 158, 221, 11, 221, 505, 472, 30, 472, 477, 505, 221, 476, 141, 326, 114, 11, 497, 147, 213, 32, 17, 221, 147, 221, 147, 59, 349, 213, 434, 147, 147, 147, 221, 221, 497, 490, 477, 147, 393, 11, 144, 300, 430, 11, 497, 30, 32, 350, 476, 147, 11, 147, 129, 497, 189, 472, 11, 221, 11, 477, 97, 30, 147, 97, 497, 114, 221, 198, 448, 11, 221, 472, 32, 221, 11, 221, 497, 11, 497, 38, 170, 45, 11, 114, 45, 505, 497, 32, 198, 245, 32, 198, 32, 405, 32, 221, 45, 221, 313, 313, 11, 198, 423, 17, 45, 198, 288, 221, 198, 11, 493, 11, 198, 11, 198, 11, 488, 11, 198, 255, 11, 497, 198, 198, 263, 497, 227, 477, 313, 497, 505, 497, 313, 32, 227, 227, 472, 227, 227, 30, 227, 462, 490, 497, 313, 477, 97, 189, 221, 221, 285, 30, 11, 221, 313, 32, 221, 11, 300, 477, 114, 221, 30, 11, 221, 11, 132, 477, 11, 30, 132, 490, 497, 170, 386, 74, 156, 41, 497, 311, 41, 227, 477, 156, 41, 101, 260, 41, 41, 303, 102, 303, 102, 221, 221, 32, 289, 11, 302, 221, 205, 11, 30, 30, 387, 141, 11, 300, 11, 32, 245, 107, 11, 17, 60, 11, 12, 477, 105, 296, 32, 300, 477, 221, 11, 141, 11, 30, 11, 433, 59, 53, 525, 198, 114, 59, 221, 59, 141, 59, 248, 81, 45, 412, 313, 74, 41, 480, 107, 11, 59, 11, 300, 300, 189, 189, 385, 141, 476, 404, 404, 497, 497, 227, 227, 11, 69, 490, 490, 227, 12, 11, 41, 41, 476, 156, 156, 193, 193, 413, 433, 433, 11, 92, 92, 141, 11, 11, 11, 141, 11, 11, 191, 11, 497, 11, 11, 147, 147, 246, 497, 497, 497, 497, 401, 401, 307, 404, 11, 497, 497, 400, 14, 11, 404, 404, 472, 147, 155, 477, 329, 329, 412, 246, 246, 45, 67, 67, 11, 11, 11, 11, 11, 11, 467, 11, 319, 45, 356, 319, 45, 45, 319, 356, 497, 476, 227, 227, 198, 511, 511, 497, 497, 355, 355, 63, 490, 227, 198, 198, 497, 497, 472, 472, 227, 227, 497, 497, 97, 97, 227, 227, 497, 404, 404, 404, 404, 93, 11, 477, 477, 490, 78, 78, 31, 31, 236, 236, 11, 11, 472, 11, 11, 11, 477, 132, 132, 132, 477, 477, 11, 400, 132, 279, 279, 30, 41, 41, 179, 114, 179, 114, 114, 42, 42, 156, 156, 174, 174, 156, 156, 156, 156, 11, 527, 527, 156, 156, 372, 372, 520, 310, 41, 41, 41, 400, 11, 11, 11, 390, 468, 115, 115, 115, 115, 115, 115, 115, 115, 490, 490, 510, 115, 115, 241, 494, 115, 115, 115, 30, 397, 115, 115, 115, 17, 12, 12, 11, 156, 92, 92, 289, 289, 11, 11, 105, 313, 477, 477, 105, 476, 47, 476, 11, 434, 141, 12, 17, 529, 11, 114, 11, 107, 286, 11, 529, 289, 353, 353, 11, 353, 353, 11, 11, 452, 289, 11, 420, 11, 11, 11, 420, 210, 246, 475, 475, 12, 246, 150, 72, 281, 246, 497, 246, 93, 150, 246, 246, 306, 11, 246, 246, 246, 497, 329, 246, 246, 210, 449, 329, 329, 246, 97, 20, 93, 11, 11, 45, 477, 110, 170, 181, 45, 400, 227, 110, 45, 11, 227, 227, 45, 227, 227, 227, 227, 227, 109, 511, 489, 227, 517, 511, 347, 11, 227, 347, 313, 495, 313, 227, 497, 341, 227, 227, 227, 11, 11, 227, 456, 456, 227, 39, 227, 382, 39, 227, 497, 227, 227, 227, 227, 227, 497, 525, 231, 19, 97, 227, 297, 227, 227, 227, 196, 404, 457, 457, 457, 196, 533, 533, 404, 227, 227, 19, 227, 387, 387, 227, 11, 512, 143, 512, 378, 362, 477, 378, 472, 11, 132, 132, 206, 206, 279, 97, 524, 477, 11, 30, 300, 11, 11, 497, 300, 300, 93, 62, 62, 497, 497, 41, 41, 41, 11, 156, 41, 156, 42, 17, 294, 156, 289, 156, 124, 294, 11, 124, 124, 11, 156, 525, 525, 105, 527, 41, 41, 75, 56, 227, 41, 156, 478, 7, 85, 85, 85, 41, 11, 65, 433, 165, 11, 433, 189, 433, 259, 300, 11, 11, 505, 11, 497, 472, 417, 243, 210, 11, 170, 472, 284, 227, 45, 227, 497, 227, 476, 302, 289, 289, 289, 333, 217, 141, 11, 472, 289, 472, 79, 387, 30, 143, 285, 227, 484, 285, 227, 11, 11, 325, 238, 336, 95, 143, 45, 406, 12, 95, 220, 492, 136, 51, 80, 325, 273, 300, 177, 325, 80, 80, 400, 80, 80, 185, 80, 95, 143, 80, 95, 443, 80, 80, 220, 220, 80, 325, 95, 80, 80, 80, 315, 95, 80, 220, 220, 80, 95, 95, 80, 80, 95, 80, 11, 80, 143, 80, 325, 325, 11, 288, 95, 80, 80, 11, 205, 11, 325, 325, 80, 476, 205, 278, 80, 95, 80, 205, 80, 80, 11, 363, 80, 80, 80, 11, 11, 80, 80, 80, 325, 30, 189, 508, 80, 80, 80, 80, 80, 95, 369, 454, 80, 80, 186, 195, 80, 80, 80, 444, 325, 53, 155, 186, 528, 80, 392, 505, 11, 140, 300, 373, 80, 325, 92, 95, 80, 143, 95, 80, 80, 80, 80, 230, 325, 60, 80, 95, 95, 95, 80, 95, 80, 505, 80, 80, 325, 80, 11, 107, 95, 95, 80, 80, 80, 173, 325, 325, 210, 30, 476, 80, 80, 95, 80, 80, 218, 11, 530, 80, 60, 325, 95, 80, 80, 80, 159, 466, 325, 325, 80, 95, 80, 292, 11, 80, 11, 410, 404, 95, 186, 80, 80, 328, 80, 11, 136, 325, 30, 416, 95, 95, 80, 80, 325, 108, 95, 95, 80, 11, 268, 394, 325, 80, 325, 12, 95, 80, 185, 30, 80, 325, 238, 80, 497, 80, 80, 336, 86, 340, 95, 80, 95, 186, 143, 447, 95, 220, 80, 80, 273, 505, 210, 95, 164, 325, 155, 95, 80, 95, 80, 325, 324, 170, 400, 80, 80, 80, 325, 80, 143, 80, 95, 11, 117, 325, 80, 80, 95, 95, 80, 155, 476, 80, 95, 325, 80, 325, 300, 45, 95, 80, 95, 80, 11, 80, 348, 416, 80, 95, 325, 80, 95, 313, 95, 289, 80, 325, 325, 80, 143, 80, 95, 80, 367, 11, 80, 292, 472, 80, 80, 46, 80, 95, 406, 95, 12, 95, 95, 95, 325, 269, 80, 325, 386, 210, 80, 80, 325, 95, 80, 400, 95, 5, 80, 126, 325, 498, 15, 95, 80, 80, 325, 80, 325, 95, 325, 80, 189, 325, 95, 11, 189, 316, 515, 175, 333, 95, 95, 95, 325, 325, 95, 325, 365, 408, 95, 472, 86, 220, 95, 11, 161, 375, 325, 143, 95, 80, 325, 205, 136, 80, 484, 95, 492, 80, 325, 156, 95, 51, 95, 41, 348, 95, 325, 80, 80, 80, 11, 357, 41, 366, 80, 80, 134, 11, 325, 80, 80, 325, 143, 186, 80, 325, 80, 325, 325, 325, 273, 80, 325, 80, 189, 143, 30, 143, 302, 30, 11, 30, 30, 30, 30, 472, 505, 30, 11, 141, 288, 30, 11, 490, 30, 114, 226, 141, 30, 30, 157, 59, 300, 300, 300, 143, 137, 11, 114, 391, 28, 130, 167, 41, 302, 156, 156, 372, 156, 490, 488, 53, 116, 11, 524, 342, 300, 472, 497, 354, 403, 11, 170, 505, 141, 11, 313, 11, 469, 11, 299, 11, 370, 303, 534, 472, 45, 293, 476, 227, 113, 355, 11, 214, 45, 11, 11, 467, 114, 114, 490, 476, 477, 45, 490, 11, 11, 227, 387, 227, 353, 388, 83, 452, 472, 16, 12, 395, 417, 97, 452, 11, 45, 61, 93, 11, 189, 14, 476, 132, 293, 490, 11, 372, 60, 331, 197, 476, 227, 413, 71, 11, 103, 472, 85, 11, 11, 392, 17, 413, 477, 490, 501, 11, 246, 89, 12, 320, 476, 476, 52, 308, 11, 11, 11, 433, 11, 505, 156, 11, 313, 227, 114, 11, 258, 105, 398, 339, 114, 407, 387, 477, 93, 477, 476, 404, 526, 418, 11, 210, 11, 53, 477, 11, 289, 114, 114, 100, 11, 472, 400, 392, 11, 11, 11, 60, 322, 476, 389, 28, 300, 85, 11, 372, 227, 41, 114, 303, 156, 11, 156, 403, 130, 472, 114, 11, 490, 11, 100, 354, 11, 524, 24, 476, 313, 476, 342, 299, 526, 472, 231, 12, 227, 12, 280, 300, 488, 400, 170, 11, 300, 227, 227, 11, 214, 299, 400, 300, 143, 497, 227, 11, 355, 34, 300, 395, 300, 300, 227, 45, 45, 45, 469, 190, 11, 467, 472, 300, 12, 17, 490, 305, 143, 17, 256, 300, 300, 476, 476, 476, 114, 400, 170, 143, 300, 11, 476, 383, 320, 30, 105, 490, 472, 11, 97, 490, 387, 11, 94, 210, 45, 250, 389, 337, 14, 490, 490, 534, 11, 116, 114, 138, 417, 11, 388, 11, 114, 476, 370, 189, 387, 476, 420, 11, 11, 258, 11, 404, 114, 11, 300, 201, 231, 387, 11, 14, 11, 11, 476, 246, 452, 477, 387, 452, 11, 11, 472, 11, 93, 353, 293, 293, 103, 14, 11, 11, 14, 11, 35, 312, 14, 