{"Run": 7, "K": 393, "WCSSD": 2231.2173566705933, "Purity": 0.48296593186372744, "Time": 19.8513400554657, "Kmeans_Labels": [392, 113, 245, 245, 5, 154, 113, 50, 113, 213, 5, 164, 391, 184, 217, 5, 125, 37, 5, 88, 5, 111, 201, 184, 293, 37, 184, 37, 88, 174, 184, 5, 88, 37, 184, 81, 184, 184, 164, 184, 157, 184, 56, 130, 184, 5, 293, 147, 381, 5, 5, 313, 313, 5, 228, 287, 162, 37, 245, 245, 5, 37, 5, 93, 287, 146, 184, 113, 184, 287, 37, 280, 174, 267, 21, 5, 5, 5, 5, 5, 5, 5, 213, 37, 50, 380, 267, 5, 222, 213, 5, 64, 95, 5, 5, 275, 5, 5, 50, 5, 50, 21, 252, 326, 326, 275, 275, 326, 174, 303, 224, 174, 224, 184, 213, 21, 157, 5, 49, 38, 5, 5, 38, 245, 245, 38, 313, 245, 5, 157, 38, 38, 307, 5, 5, 88, 5, 130, 5, 5, 189, 245, 245, 88, 38, 38, 5, 5, 5, 245, 38, 16, 267, 5, 5, 38, 5, 5, 245, 381, 5, 38, 38, 5, 5, 38, 267, 26, 331, 267, 182, 307, 5, 313, 38, 5, 71, 340, 38, 5, 5, 358, 5, 5, 38, 5, 38, 5, 5, 5, 157, 189, 157, 38, 245, 245, 5, 313, 5, 213, 163, 47, 307, 60, 38, 50, 38, 213, 267, 5, 47, 5, 50, 50, 50, 5, 38, 213, 164, 189, 50, 21, 5, 164, 5, 38, 5, 213, 313, 307, 5, 5, 50, 5, 50, 5, 213, 130, 5, 5, 38, 5, 189, 50, 313, 50, 5, 5, 313, 38, 213, 213, 5, 131, 220, 307, 38, 5, 38, 213, 5, 5, 164, 245, 63, 5, 313, 83, 5, 213, 307, 275, 157, 307, 275, 307, 5, 307, 38, 38, 38, 228, 228, 5, 275, 275, 60, 326, 275, 384, 38, 275, 380, 275, 5, 275, 5, 275, 5, 88, 5, 275, 5, 5, 5, 275, 275, 275, 359, 224, 189, 228, 5, 5, 213, 228, 5, 224, 275, 88, 224, 224, 313, 224, 60, 164, 5, 228, 301, 228, 88, 192, 38, 392, 313, 158, 38, 228, 307, 38, 5, 5, 207, 313, 38, 181, 46, 38, 5, 152, 189, 5, 313, 207, 164, 5, 5, 331, 44, 257, 198, 5, 5, 257, 5, 189, 128, 198, 38, 5, 87, 134, 128, 211, 128, 211, 121, 38, 307, 5, 5, 97, 38, 380, 5, 313, 313, 37, 245, 5, 5, 5, 307, 157, 56, 5, 60, 69, 5, 130, 27, 380, 245, 307, 5, 176, 5, 245, 245, 5, 5, 5, 287, 82, 113, 5, 383, 313, 267, 38, 267, 5, 267, 5, 130, 355, 5, 224, 44, 132, 198, 188, 5, 267, 88, 366, 366, 88, 88, 5, 245, 5, 16, 16, 213, 213, 224, 224, 5, 224, 164, 164, 207, 130, 88, 198, 198, 157, 257, 257, 5, 5, 5, 287, 287, 43, 56, 56, 245, 289, 289, 239, 245, 287, 69, 189, 370, 174, 207, 207, 50, 50, 5, 213, 213, 221, 221, 187, 187, 156, 74, 5, 213, 213, 5, 25, 5, 16, 16, 5, 50, 131, 189, 306, 306, 5, 51, 213, 326, 245, 245, 5, 5, 5, 5, 5, 374, 179, 374, 245, 326, 171, 245, 326, 326, 245, 171, 174, 245, 263, 263, 275, 174, 174, 65, 65, 385, 385, 284, 164, 224, 275, 275, 213, 213, 207, 207, 224, 224, 224, 224, 5, 5, 224, 371, 5, 199, 199, 199, 199, 69, 5, 248, 248, 164, 41, 41, 164, 164, 5, 5, 204, 204, 5, 5, 5, 5, 189, 207, 207, 207, 207, 207, 88, 207, 207, 362, 362, 384, 198, 198, 16, 5, 16, 5, 5, 128, 128, 98, 98, 372, 372, 257, 257, 142, 142, 5, 290, 290, 128, 128, 128, 128, 128, 128, 257, 257, 198, 207, 375, 69, 5, 267, 96, 96, 96, 96, 96, 96, 96, 96, 96, 164, 164, 96, 96, 96, 184, 96, 96, 96, 96, 157, 96, 96, 96, 96, 60, 130, 130, 5, 257, 271, 271, 287, 287, 287, 287, 313, 228, 287, 287, 313, 348, 5, 348, 287, 5, 245, 130, 60, 245, 5, 5, 5, 56, 130, 5, 279, 113, 51, 51, 5, 174, 174, 174, 5, 287, 56, 5, 287, 380, 5, 5, 51, 317, 302, 51, 51, 130, 79, 56, 344, 156, 51, 213, 51, 5, 56, 51, 51, 51, 5, 51, 51, 51, 5, 306, 51, 51, 317, 5, 306, 306, 51, 5, 130, 91, 5, 5, 326, 189, 148, 5, 148, 326, 5, 224, 148, 326, 5, 329, 377, 326, 329, 263, 224, 329, 174, 278, 174, 326, 224, 174, 174, 278, 5, 224, 278, 224, 224, 174, 224, 5, 16, 224, 224, 224, 325, 5, 325, 5, 5, 224, 224, 224, 224, 224, 224, 262, 224, 224, 39, 39, 224, 39, 224, 270, 39, 5, 332, 5, 332, 224, 224, 367, 16, 367, 367, 367, 367, 41, 41, 16, 224, 224, 39, 224, 37, 37, 224, 5, 5, 5, 5, 5, 5, 189, 5, 207, 207, 207, 207, 59, 59, 362, 5, 5, 189, 5, 384, 14, 5, 5, 157, 241, 241, 5, 5, 5, 157, 157, 244, 198, 198, 5, 98, 242, 257, 128, 60, 198, 257, 5, 257, 372, 198, 106, 372, 372, 5, 257, 5, 5, 5, 290, 198, 198, 5, 5, 224, 198, 128, 150, 21, 5, 5, 5, 198, 5, 5, 117, 5, 5, 287, 88, 140, 5, 5, 5, 5, 5, 5, 42, 5, 317, 5, 5, 5, 5, 5, 5, 5, 326, 224, 262, 166, 353, 181, 5, 5, 5, 347, 267, 245, 5, 5, 5, 5, 331, 37, 313, 5, 141, 224, 48, 141, 224, 5, 5, 2, 213, 318, 99, 157, 326, 99, 130, 99, 292, 197, 197, 22, 2, 2, 2, 207, 2, 2, 2, 2, 157, 2, 2, 170, 2, 66, 157, 2, 99, 238, 2, 2, 292, 292, 2, 197, 99, 2, 2, 2, 2, 99, 2, 292, 292, 2, 99, 99, 2, 2, 343, 170, 5, 2, 264, 2, 197, 197, 5, 313, 334, 2, 2, 5, 380, 5, 197, 2, 2, 181, 60, 323, 2, 99, 2, 226, 2, 2, 5, 2, 2, 2, 258, 5, 5, 2, 2, 126, 2, 181, 88, 2, 2, 2, 2, 168, 2, 99, 2, 2, 2, 92, 181, 2, 2, 2, 2, 2, 197, 113, 157, 2, 2, 2, 146, 157, 5, 340, 5, 254, 2, 2, 56, 99, 2, 157, 99, 2, 86, 2, 2, 37, 349, 69, 2, 99, 99, 99, 2, 99, 2, 5, 2, 2, 197, 2, 5, 56, 99, 99, 2, 2, 123, 2, 2, 2, 317, 262, 5, 2, 2, 99, 2, 126, 138, 5, 2, 2, 210, 197, 99, 2, 123, 2, 58, 2, 197, 2, 2, 99, 2, 189, 5, 2, 5, 2, 16, 99, 2, 2, 2, 184, 2, 5, 2, 197, 5, 300, 99, 99, 2, 2, 2, 99, 99, 99, 2, 208, 99, 62, 2, 2, 177, 130, 99, 2, 2, 181, 2, 197, 213, 2, 5, 2, 2, 318, 197, 5, 99, 2, 99, 181, 157, 197, 99, 292, 2, 2, 2, 5, 317, 99, 270, 2, 5, 99, 2, 2, 2, 197, 197, 5, 157, 2, 2, 2, 2, 2, 157, 2, 99, 5, 197, 197, 2, 2, 99, 99, 2, 5, 5, 2, 99, 2, 2, 2, 5, 326, 99, 2, 99, 2, 5, 2, 207, 326, 78, 99, 2, 2, 99, 228, 99, 157, 2, 197, 197, 2, 218, 2, 99, 2, 99, 5, 2, 313, 181, 2, 2, 99, 2, 99, 99, 99, 130, 99, 343, 99, 197, 5, 2, 2, 331, 317, 170, 2, 197, 99, 2, 272, 116, 99, 343, 99, 2, 157, 2, 99, 2, 2, 2, 2, 2, 99, 282, 2, 197, 197, 99, 5, 55, 88, 2, 190, 347, 99, 99, 99, 197, 2, 99, 2, 99, 2, 99, 181, 197, 292, 99, 5, 2, 2, 2, 218, 99, 2, 2, 146, 197, 2, 2, 99, 2, 2, 2, 257, 99, 22, 99, 198, 207, 99, 2, 2, 2, 2, 157, 2, 198, 2, 2, 2, 2, 5, 2, 336, 2, 197, 157, 181, 2, 2, 2, 2, 2, 2, 2, 2, 197, 2, 88, 157, 313, 157, 262, 313, 5, 313, 313, 313, 313, 313, 157, 313, 5, 245, 5, 313, 5, 164, 313, 5, 150, 245, 313, 313, 373, 267, 207, 207, 207, 5, 5, 5, 5, 198, 5, 198, 29, 198, 268, 257, 257, 128, 257, 164, 240, 113, 361, 80, 5, 367, 321, 5, 5, 207, 330, 128, 5, 157, 245, 5, 228, 11, 5, 237, 5, 5, 187, 200, 164, 5, 251, 213, 5, 224, 245, 385, 207, 150, 326, 207, 69, 179, 5, 5, 164, 5, 189, 326, 164, 5, 5, 224, 37, 166, 174, 196, 5, 287, 131, 245, 34, 8, 5, 332, 287, 144, 326, 269, 174, 5, 88, 25, 75, 207, 213, 164, 5, 128, 69, 287, 271, 73, 224, 5, 5, 5, 5, 15, 257, 45, 5, 146, 60, 5, 100, 164, 181, 5, 51, 5, 130, 5, 275, 5, 128, 5, 5, 5, 260, 112, 76, 357, 98, 5, 228, 329, 181, 5, 37, 5, 5, 245, 315, 5, 345, 189, 157, 328, 167, 273, 228, 44, 203, 317, 380, 113, 189, 5, 5, 5, 5, 5, 5, 220, 207, 146, 5, 5, 5, 127, 181, 5, 30, 5, 207, 257, 5, 128, 224, 198, 5, 200, 257, 128, 98, 330, 198, 15, 269, 207, 164, 5, 5, 207, 80, 5, 16, 73, 228, 5, 367, 5, 228, 220, 270, 130, 224, 143, 224, 88, 240, 305, 161, 5, 207, 224, 166, 5, 150, 5, 157, 207, 157, 5, 224, 11, 385, 157, 207, 8, 207, 35, 329, 326, 326, 326, 5, 5, 260, 179, 5, 207, 34, 60, 164, 207, 313, 60, 275, 5, 181, 181, 5, 75, 269, 207, 5, 110, 5, 5, 275, 207, 5, 313, 5, 164, 131, 5, 5, 164, 37, 5, 340, 317, 251, 5, 30, 0, 25, 164, 164, 164, 194, 361, 5, 207, 5, 5, 196, 203, 5, 5, 187, 88, 37, 181, 51, 5, 5, 37, 5, 273, 159, 237, 207, 213, 270, 37, 5, 25, 5, 5, 167, 51, 287, 189, 37, 287, 5, 5, 5, 5, 174, 174, 213, 213, 5, 25, 380, 5, 285, 5, 25, 380, 25, 207, 243, 5, 313, 37, 130, 146, 5, 5, 60, 5, 37, 146, 37, 189, 307, 5, 245, 5, 5, 247, 57, 69, 146, 5, 346, 313, 69, 119, 105, 181, 5, 100, 113, 5, 207, 245, 69, 5, 26, 5, 328, 56, 269, 37, 315, 245, 5, 157, 5, 157, 5, 5, 308, 232, 380, 181, 112, 245, 245, 5, 88, 207, 5, 94, 5, 207, 345, 57, 45, 37, 5, 5, 245, 5, 271, 228, 76, 189, 286, 60, 5, 213, 5, 270, 5, 207, 25, 207, 119, 224, 157, 17, 35, 60, 35, 94, 56, 181, 270, 16, 5, 5, 146, 157, 25, 320, 56, 130, 5, 313, 287, 380, 270, 269, 5, 357, 62, 270, 5, 5, 269, 245, 56, 380, 287, 5, 29, 320, 5, 270, 5, 198, 321, 128, 287, 198, 48, 103, 198, 198, 128, 103, 50, 33, 257, 103, 198, 245, 103, 228, 21, 21, 275, 5, 354, 5, 228, 207, 103, 304, 5, 128, 103, 174, 224, 250, 60, 103, 103, 245, 131, 208, 313, 5, 