{"Run": 4, "K": 552, "WCSSD": 2039.735478689832, "Purity": 0.5293444030918981, "Time": 32.242249965667725, "Kmeans_Labels": [103, 228, 313, 12, 136, 16, 228, 220, 48, 16, 136, 48, 57, 57, 16, 428, 16, 153, 273, 16, 16, 136, 66, 57, 258, 456, 16, 456, 255, 16, 57, 16, 255, 456, 16, 16, 57, 483, 242, 57, 419, 137, 69, 436, 57, 177, 258, 48, 48, 22, 462, 425, 425, 16, 250, 166, 16, 456, 12, 12, 16, 456, 136, 69, 117, 354, 57, 228, 296, 117, 456, 16, 16, 201, 260, 16, 16, 136, 63, 16, 16, 16, 204, 456, 220, 16, 201, 136, 16, 16, 268, 293, 117, 16, 16, 136, 145, 398, 220, 16, 220, 260, 16, 16, 136, 137, 137, 324, 16, 260, 95, 95, 95, 57, 204, 260, 66, 16, 510, 207, 16, 48, 207, 416, 12, 207, 48, 12, 259, 376, 207, 207, 66, 48, 16, 136, 48, 48, 437, 48, 196, 12, 508, 196, 90, 207, 136, 48, 16, 12, 207, 86, 201, 16, 48, 207, 487, 79, 12, 48, 48, 207, 207, 48, 137, 207, 201, 491, 35, 201, 207, 16, 16, 425, 207, 415, 513, 316, 207, 16, 227, 48, 447, 447, 207, 230, 207, 16, 16, 398, 16, 196, 491, 207, 12, 12, 16, 198, 398, 204, 220, 66, 16, 524, 207, 220, 207, 204, 201, 48, 66, 48, 1, 13, 47, 207, 207, 204, 242, 196, 220, 260, 16, 242, 79, 545, 48, 204, 425, 97, 16, 136, 220, 16, 407, 16, 204, 136, 66, 339, 207, 16, 196, 220, 425, 220, 16, 16, 198, 207, 204, 387, 16, 82, 425, 403, 207, 48, 207, 204, 48, 16, 242, 12, 207, 536, 198, 137, 66, 204, 66, 183, 365, 48, 137, 16, 48, 66, 207, 207, 207, 179, 202, 451, 137, 137, 333, 287, 137, 49, 207, 137, 16, 95, 78, 137, 16, 137, 300, 193, 48, 137, 16, 78, 78, 137, 137, 137, 137, 95, 196, 362, 16, 66, 204, 103, 282, 95, 95, 324, 95, 95, 425, 95, 173, 242, 16, 103, 196, 103, 16, 207, 207, 103, 425, 16, 207, 103, 456, 207, 48, 79, 218, 198, 207, 48, 66, 218, 180, 66, 196, 48, 425, 16, 242, 426, 16, 35, 62, 223, 52, 48, 48, 52, 503, 196, 467, 52, 294, 48, 104, 52, 467, 294, 467, 294, 207, 50, 48, 16, 48, 425, 207, 16, 16, 425, 425, 456, 12, 398, 63, 48, 16, 365, 16, 16, 513, 64, 16, 436, 196, 48, 12, 66, 16, 196, 207, 12, 12, 136, 34, 16, 117, 201, 228, 136, 78, 198, 289, 207, 201, 12, 201, 16, 136, 16, 16, 95, 62, 52, 52, 69, 16, 201, 16, 58, 58, 92, 92, 491, 12, 16, 86, 86, 204, 204, 95, 95, 491, 95, 242, 242, 95, 436, 16, 150, 150, 336, 223, 223, 16, 16, 16, 239, 239, 16, 69, 69, 12, 117, 117, 538, 122, 307, 270, 196, 16, 507, 343, 343, 220, 220, 22, 22, 22, 136, 136, 22, 22, 434, 86, 16, 321, 321, 227, 301, 16, 86, 86, 16, 220, 170, 196, 204, 204, 16, 370, 22, 397, 313, 313, 16, 16, 16, 16, 16, 16, 32, 16, 532, 469, 405, 532, 98, 98, 532, 405, 16, 16, 322, 322, 137, 204, 204, 78, 78, 493, 493, 204, 242, 95, 137, 137, 107, 107, 398, 398, 40, 40, 99, 99, 16, 16, 95, 95, 16, 86, 86, 86, 86, 64, 16, 196, 196, 242, 412, 412, 242, 242, 16, 16, 16, 16, 16, 16, 61, 61, 252, 66, 336, 336, 336, 336, 336, 66, 66, 16, 16, 391, 52, 52, 86, 324, 86, 16, 16, 467, 467, 467, 467, 55, 55, 223, 223, 223, 223, 16, 52, 52, 467, 467, 467, 467, 363, 384, 223, 223, 223, 109, 16, 64, 488, 80, 44, 44, 44, 44, 44, 44, 44, 44, 44, 242, 242, 44, 44, 234, 84, 44, 396, 44, 44, 58, 44, 44, 44, 44, 513, 48, 436, 136, 223, 326, 326, 117, 117, 424, 424, 145, 103, 117, 117, 395, 106, 247, 106, 307, 136, 358, 436, 513, 12, 16, 16, 16, 316, 409, 16, 204, 228, 481, 481, 16, 481, 481, 16, 16, 343, 5, 136, 117, 16, 16, 16, 22, 388, 22, 22, 22, 436, 345, 16, 16, 434, 22, 204, 22, 22, 16, 112, 22, 227, 227, 22, 22, 22, 16, 204, 22, 22, 93, 16, 204, 204, 22, 397, 22, 16, 16, 16, 16, 196, 77, 16, 78, 485, 66, 95, 77, 324, 324, 322, 346, 16, 95, 322, 204, 95, 95, 67, 95, 103, 95, 95, 95, 67, 16, 95, 67, 236, 95, 103, 95, 324, 189, 95, 95, 95, 398, 48, 95, 95, 95, 444, 444, 138, 95, 138, 95, 324, 229, 229, 95, 95, 95, 229, 448, 116, 95, 266, 95, 16, 266, 448, 448, 200, 86, 200, 200, 200, 200, 412, 412, 86, 95, 95, 95, 95, 534, 534, 95, 16, 58, 48, 58, 443, 16, 196, 443, 66, 66, 522, 522, 95, 95, 443, 16, 227, 196, 48, 310, 16, 16, 16, 425, 16, 16, 297, 471, 471, 16, 16, 473, 52, 52, 16, 467, 52, 223, 467, 513, 223, 223, 454, 223, 55, 223, 48, 55, 55, 66, 223, 16, 16, 209, 52, 52, 52, 79, 16, 18, 52, 467, 351, 260, 208, 208, 208, 52, 16, 16, 117, 484, 143, 117, 255, 159, 48, 16, 16, 16, 16, 324, 79, 382, 388, 350, 388, 281, 486, 16, 16, 95, 78, 194, 468, 95, 404, 16, 505, 275, 505, 184, 201, 12, 344, 16, 16, 16, 35, 253, 425, 16, 103, 95, 235, 103, 95, 136, 398, 541, 204, 390, 141, 491, 337, 203, 436, 141, 342, 174, 178, 52, 182, 174, 121, 135, 226, 182, 182, 121, 232, 226, 226, 314, 182, 141, 491, 182, 141, 182, 121, 182, 342, 342, 182, 417, 141, 182, 182, 182, 226, 141, 182, 342, 342, 226, 141, 141, 226, 182, 141, 121, 516, 182, 314, 182, 174, 174, 136, 259, 141, 314, 182, 16, 56, 16, 417, 121, 435, 143, 513, 141, 241, 141, 445, 136, 121, 226, 16, 157, 182, 182, 182, 16, 136, 182, 182, 121, 174, 50, 16, 258, 182, 121, 182, 182, 314, 225, 121, 121, 121, 500, 121, 121, 182, 314, 182, 39, 174, 228, 170, 121, 17, 182, 360, 16, 136, 316, 16, 174, 8, 174, 69, 141, 121, 491, 141, 121, 182, 182, 314, 456, 174, 64, 182, 141, 295, 141, 140, 141, 182, 491, 182, 319, 169, 182, 136, 16, 141, 141, 121, 182, 121, 182, 174, 514, 314, 405, 16, 182, 121, 141, 182, 172, 316, 398, 182, 182, 64, 515, 76, 121, 514, 314, 182, 455, 174, 174, 182, 161, 182, 196, 16, 226, 121, 4, 121, 161, 121, 121, 182, 258, 338, 79, 178, 91, 16, 8, 141, 141, 121, 182, 174, 141, 161, 141, 182, 16, 141, 75, 541, 182, 174, 16, 141, 182, 182, 230, 182, 174, 204, 182, 16, 182, 182, 390, 353, 16, 161, 121, 141, 121, 491, 174, 141, 342, 182, 379, 182, 491, 388, 161, 83, 174, 170, 141, 417, 121, 121, 174, 174, 175, 232, 182, 314, 226, 174, 226, 491, 121, 141, 136, 174, 174, 182, 182, 141, 141, 121, 170, 336, 182, 141, 174, 182, 174, 405, 16, 141, 474, 141, 226, 20, 182, 79, 121, 121, 459, 174, 271, 141, 103, 537, 324, 182, 523, 174, 182, 537, 182, 332, 182, 141, 16, 121, 324, 143, 182, 182, 141, 182, 367, 203, 45, 436, 141, 141, 141, 174, 16, 542, 110, 35, 388, 182, 377, 174, 141, 121, 324, 141, 141, 121, 141, 174, 66, 174, 141, 182, 182, 121, 182, 190, 141, 174, 226, 92, 174, 141, 16, 92, 255, 121, 60, 184, 15, 141, 141, 174, 174, 141, 174, 141, 182, 141, 143, 174, 342, 543, 48, 121, 108, 121, 542, 141, 182, 174, 354, 178, 121, 121, 141, 174, 182, 489, 223, 141, 52, 141, 499, 79, 141, 174, 182, 121, 182, 16, 174, 52, 174, 542, 533, 174, 16, 542, 121, 182, 174, 327, 324, 226, 174, 182, 121, 174, 224, 121, 121, 174, 182, 92, 58, 425, 491, 491, 425, 136, 425, 425, 425, 425, 425, 491, 425, 136, 6, 259, 425, 16, 242, 425, 16, 351, 280, 425, 425, 223, 201, 79, 79, 79, 16, 128, 16, 16, 52, 168, 357, 176, 52, 48, 467, 223, 467, 223, 336, 492, 171, 133, 65, 227, 200, 16, 324, 66, 26, 38, 467, 136, 66, 12, 136, 219, 16, 23, 16, 16, 373, 434, 467, 204, 411, 453, 204, 16, 95, 12, 46, 16, 341, 78, 425, 302, 32, 131, 48, 242, 16, 88, 16, 242, 16, 156, 138, 456, 95, 481, 96, 364, 323, 82, 144, 436, 16, 388, 95, 343, 16, 16, 419, 16, 19, 456, 460, 251, 66, 204, 422, 16, 467, 285, 28, 326, 118, 496, 16, 16, 16, 491, 318, 208, 405, 16, 354, 513, 16, 64, 242, 136, 320, 22, 16, 436, 16, 137, 16, 467, 16, 48, 48, 315, 117, 16, 167, 467, 16, 103, 322, 470, 204, 120, 48, 136, 284, 48, 16, 401, 196, 425, 196, 405, 86, 103, 335, 16, 388, 16, 347, 196, 361, 126, 16, 48, 336, 16, 405, 27, 354, 16, 16, 16, 64, 58, 113, 16, 168, 135, 208, 361, 467, 95, 52, 16, 467, 467, 467, 467, 38, 357, 318, 403, 16, 336, 336, 336, 26, 65, 227, 86, 118, 219, 16, 200, 16, 103, 405, 116, 436, 95, 436, 95, 193, 492, 369, 299, 16, 135, 138, 95, 456, 341, 16, 66, 42, 58, 66, 95, 16, 46, 336, 135, 16, 135, 79, 322, 16, 16, 78, 23, 497, 315, 32, 324, 135, 436, 513, 242, 66, 405, 513, 137, 63, 63, 16, 58, 251, 403, 16, 136, 58, 135, 58, 137, 66, 16, 425, 48, 422, 82, 66, 66, 529, 456, 16, 316, 388, 453, 298, 16, 436, 460, 242, 242, 204, 16, 133, 48, 336, 388, 16, 96, 16, 48, 16, 434, 456, 456, 405, 399, 156, 16, 120, 16, 86, 16, 16, 135, 204, 116, 456, 16, 301, 16, 192, 405, 22, 343, 196, 456, 323, 16, 16, 411, 16, 16, 481, 204, 204, 491, 301, 16, 16, 301, 