{"Run": 7, "K": 552, "WCSSD": 2069.4140413177984, "Purity": 0.5279129687947324, "Time": 29.242830991744995, "Kmeans_Labels": [405, 316, 393, 174, 13, 193, 224, 126, 13, 405, 13, 16, 13, 66, 13, 13, 13, 189, 13, 6, 300, 13, 381, 363, 66, 189, 13, 83, 6, 13, 210, 13, 6, 189, 13, 24, 66, 66, 16, 66, 127, 66, 7, 122, 66, 13, 66, 300, 294, 420, 13, 522, 522, 13, 34, 416, 13, 189, 448, 448, 13, 189, 13, 97, 248, 85, 66, 316, 134, 248, 189, 13, 13, 34, 31, 13, 13, 13, 123, 13, 13, 227, 13, 267, 126, 354, 303, 54, 518, 13, 13, 305, 55, 13, 328, 13, 267, 13, 228, 13, 126, 31, 13, 534, 534, 224, 224, 534, 513, 31, 132, 132, 132, 66, 13, 31, 430, 13, 277, 22, 13, 13, 22, 448, 13, 22, 369, 448, 293, 300, 22, 22, 300, 13, 290, 6, 261, 99, 13, 13, 83, 448, 448, 6, 22, 22, 13, 13, 13, 448, 22, 104, 34, 6, 13, 22, 13, 13, 448, 294, 13, 22, 22, 13, 224, 22, 34, 227, 517, 34, 123, 13, 13, 522, 22, 13, 155, 111, 22, 13, 13, 13, 13, 13, 89, 13, 22, 13, 13, 163, 394, 83, 531, 90, 13, 448, 13, 455, 13, 247, 126, 381, 123, 155, 175, 126, 22, 9, 34, 244, 381, 13, 126, 126, 126, 22, 22, 292, 16, 348, 126, 31, 13, 16, 471, 22, 13, 16, 522, 538, 13, 405, 126, 13, 126, 455, 13, 6, 56, 13, 22, 13, 83, 126, 522, 126, 405, 541, 455, 22, 224, 224, 405, 157, 261, 381, 22, 13, 22, 541, 420, 13, 16, 422, 269, 13, 455, 534, 13, 155, 469, 370, 259, 174, 174, 393, 13, 381, 22, 534, 22, 224, 417, 481, 224, 224, 195, 534, 299, 293, 22, 224, 13, 224, 207, 40, 13, 224, 13, 6, 405, 526, 13, 277, 13, 224, 224, 224, 13, 132, 83, 417, 13, 376, 489, 417, 13, 132, 132, 24, 132, 132, 522, 132, 155, 16, 405, 300, 321, 405, 6, 22, 22, 405, 522, 94, 22, 405, 381, 211, 13, 420, 253, 455, 22, 277, 13, 22, 13, 290, 253, 193, 522, 13, 16, 405, 393, 517, 530, 387, 117, 420, 277, 112, 68, 140, 33, 383, 411, 420, 112, 112, 33, 411, 33, 411, 22, 22, 277, 57, 277, 420, 22, 97, 13, 522, 522, 131, 448, 227, 420, 13, 91, 259, 7, 24, 155, 169, 13, 122, 83, 300, 448, 13, 455, 83, 22, 265, 183, 13, 393, 13, 248, 34, 316, 188, 367, 455, 34, 22, 34, 13, 34, 13, 122, 312, 13, 132, 530, 112, 112, 7, 13, 34, 13, 227, 227, 525, 525, 13, 448, 164, 104, 104, 221, 221, 132, 132, 157, 132, 16, 16, 132, 122, 6, 112, 112, 455, 387, 387, 510, 510, 13, 248, 248, 13, 7, 7, 448, 248, 248, 248, 41, 248, 362, 83, 24, 513, 405, 405, 126, 126, 13, 405, 405, 13, 13, 341, 341, 341, 104, 405, 178, 178, 192, 107, 13, 337, 337, 13, 126, 157, 83, 137, 137, 13, 480, 480, 534, 393, 393, 508, 393, 393, 218, 218, 174, 333, 174, 448, 534, 193, 448, 534, 534, 448, 193, 13, 448, 132, 132, 236, 513, 513, 65, 65, 208, 208, 132, 16, 280, 528, 528, 132, 132, 508, 508, 132, 132, 263, 263, 534, 534, 4, 132, 405, 226, 226, 148, 148, 468, 13, 83, 83, 16, 405, 405, 238, 238, 238, 238, 98, 98, 13, 405, 13, 13, 83, 13, 13, 13, 81, 81, 227, 13, 227, 405, 405, 420, 320, 320, 104, 405, 104, 77, 77, 240, 240, 33, 33, 13, 13, 387, 387, 33, 33, 13, 112, 112, 33, 33, 71, 71, 33, 33, 194, 194, 112, 455, 13, 171, 13, 34, 201, 201, 201, 201, 201, 201, 201, 201, 201, 297, 16, 201, 201, 201, 66, 201, 73, 201, 201, 455, 201, 201, 201, 201, 155, 13, 122, 13, 306, 53, 53, 123, 123, 248, 248, 251, 420, 248, 248, 193, 13, 13, 13, 248, 13, 448, 122, 155, 448, 13, 13, 13, 7, 122, 420, 448, 28, 480, 480, 13, 13, 13, 13, 354, 248, 187, 420, 248, 405, 13, 13, 480, 54, 480, 480, 480, 122, 13, 405, 309, 341, 435, 301, 480, 48, 405, 109, 435, 405, 405, 480, 109, 480, 405, 137, 480, 480, 54, 420, 137, 137, 405, 405, 480, 10, 420, 13, 534, 83, 534, 13, 534, 534, 13, 132, 534, 534, 14, 132, 132, 534, 132, 132, 132, 132, 132, 534, 513, 534, 132, 132, 132, 534, 13, 132, 534, 237, 132, 132, 280, 13, 104, 132, 132, 132, 170, 13, 170, 405, 405, 197, 197, 515, 132, 515, 132, 300, 132, 132, 132, 74, 132, 74, 132, 16, 74, 405, 132, 420, 132, 132, 132, 405, 104, 405, 405, 405, 405, 405, 405, 104, 132, 132, 132, 132, 189, 189, 132, 405, 393, 300, 393, 508, 508, 455, 508, 13, 508, 13, 13, 132, 132, 508, 405, 405, 405, 434, 420, 508, 157, 157, 420, 508, 508, 508, 62, 62, 420, 420, 112, 474, 474, 405, 33, 112, 387, 240, 160, 473, 500, 123, 395, 33, 473, 508, 33, 33, 455, 395, 123, 123, 508, 112, 112, 112, 300, 13, 132, 112, 33, 508, 31, 300, 300, 300, 112, 6, 13, 248, 13, 193, 248, 6, 248, 13, 13, 13, 420, 420, 405, 157, 13, 54, 13, 54, 393, 393, 243, 13, 132, 534, 132, 277, 132, 193, 277, 123, 123, 123, 488, 34, 448, 549, 499, 123, 13, 517, 189, 522, 13, 132, 132, 529, 132, 132, 13, 13, 235, 13, 532, 392, 13, 534, 392, 122, 392, 392, 146, 95, 112, 256, 235, 310, 5, 488, 452, 488, 235, 63, 273, 273, 273, 488, 392, 547, 488, 392, 488, 488, 509, 235, 193, 295, 95, 392, 488, 334, 551, 488, 392, 488, 193, 193, 488, 392, 392, 273, 488, 172, 488, 13, 488, 235, 488, 95, 95, 13, 293, 392, 36, 488, 13, 180, 13, 95, 235, 488, 193, 97, 392, 488, 392, 488, 97, 216, 199, 13, 488, 377, 488, 488, 13, 13, 488, 488, 235, 95, 227, 276, 488, 488, 488, 488, 488, 36, 32, 488, 414, 235, 488, 139, 488, 488, 36, 514, 488, 95, 13, 290, 139, 488, 488, 85, 176, 13, 487, 24, 235, 488, 235, 7, 392, 351, 547, 392, 235, 488, 488, 488, 189, 95, 169, 536, 392, 392, 64, 488, 392, 488, 531, 488, 488, 95, 273, 13, 7, 533, 392, 235, 488, 488, 488, 235, 235, 235, 463, 184, 488, 488, 392, 488, 488, 270, 13, 488, 488, 308, 95, 392, 488, 531, 488, 488, 488, 95, 95, 488, 392, 488, 110, 13, 488, 235, 440, 104, 392, 139, 230, 0, 66, 488, 13, 95, 173, 13, 10, 392, 392, 488, 488, 235, 392, 392, 392, 488, 13, 392, 113, 235, 488, 442, 13, 392, 488, 273, 163, 488, 95, 13, 488, 13, 488, 96, 532, 95, 405, 392, 235, 392, 139, 193, 95, 392, 139, 488, 488, 488, 531, 54, 392, 290, 95, 290, 392, 235, 235, 488, 95, 95, 13, 63, 488, 488, 488, 95, 452, 13, 488, 392, 202, 95, 338, 488, 488, 392, 392, 540, 521, 13, 488, 392, 235, 488, 95, 13, 534, 392, 488, 392, 334, 498, 488, 423, 534, 488, 392, 95, 488, 392, 132, 392, 123, 488, 95, 443, 488, 241, 488, 392, 488, 392, 13, 235, 110, 193, 488, 488, 392, 488, 392, 392, 392, 122, 392, 151, 392, 95, 50, 235, 235, 517, 54, 273, 488, 95, 392, 235, 427, 392, 392, 172, 392, 95, 290, 198, 392, 488, 488, 235, 488, 235, 135, 235, 488, 256, 95, 392, 290, 6, 413, 419, 488, 488, 392, 135, 392, 95, 95, 392, 235, 392, 488, 392, 193, 95, 392, 92, 13, 235, 95, 235, 241, 392, 488, 512, 97, 95, 235, 529, 392, 286, 360, 365, 387, 392, 112, 392, 235, 423, 392, 235, 452, 229, 256, 420, 275, 112, 235, 488, 452, 95, 13, 86, 235, 488, 95, 522, 139, 488, 95, 488, 235, 235, 235, 310, 307, 95, 488, 6, 424, 522, 227, 227, 522, 13, 522, 522, 522, 522, 193, 531, 522, 496, 448, 293, 522, 6, 16, 522, 13, 212, 448, 522, 522, 387, 34, 471, 471, 471, 13, 13, 174, 13, 76, 26, 112, 8, 112, 277, 387, 387, 71, 387, 405, 401, 316, 279, 329, 405, 132, 300, 157, 13, 13, 61, 33, 13, 225, 516, 193, 385, 13, 405, 13, 204, 386, 341, 33, 16, 102, 534, 13, 405, 132, 393, 208, 508, 34, 534, 193, 169, 333, 300, 13, 16, 13, 231, 1, 542, 13, 13, 263, 479, 132, 480, 262, 13, 248, 157, 548, 122, 44, 54, 493, 248, 13, 534, 127, 13, 87, 6, 107, 13, 13, 13, 16, 206, 403, 169, 108, 53, 13, 132, 13, 157, 446, 300, 508, 387, 420, 13, 85, 520, 13, 39, 106, 89, 13, 245, 13, 122, 100, 224, 13, 232, 13, 393, 13, 13, 248, 455, 193, 33, 304, 417, 132, 11, 13, 550, 193, 466, 264, 13, 13, 189, 83, 522, 503, 13, 104, 13, 530, 13, 54, 155, 316, 83, 508, 123, 13, 13, 300, 290, 261, 290, 85, 13, 13, 455, 344, 227, 300, 13, 26, 158, 387, 508, 71, 132, 112, 13, 33, 387, 33, 33, 61, 112, 508, 490, 508, 405, 227, 300, 13, 329, 405, 104, 13, 385, 405, 132, 204, 13, 261, 290, 357, 132, 122, 132, 227, 401, 300, 393, 304, 158, 263, 132, 13, 34, 204, 290, 352, 424, 13, 132, 13, 208, 193, 158, 44, 158, 227, 132, 534, 1, 534, 405, 393, 13, 333, 157, 158, 122, 345, 542, 455, 193, 520, 224, 478, 158, 522, 455, 13, 490, 290, 13, 424, 154, 193, 224, 157, 100, 522, 193, 16, 157, 13, 405, 343, 176, 13, 111, 54, 534, 389, 13, 122, 107, 106, 16, 16, 508, 279, 13, 508, 54, 405, 262, 13, 13, 13, 341, 6, 479, 13, 109, 13, 13, 550, 420, 104, 325, 13, 158, 361, 258, 189, 13, 233, 511, 364, 13, 245, 248, 