{"Run": 4, "K": 59, "WCSSD": 2739.7609544769525, "Purity": 0.24579583457799628, "Time": 1.4441280364990234, "Kmeans_Labels": [44, 2, 2, 2, 2, 2, 2, 36, 2, 51, 2, 27, 2, 10, 2, 2, 2, 2, 2, 2, 56, 2, 2, 2, 10, 2, 2, 46, 2, 2, 2, 2, 2, 2, 2, 2, 2, 2, 2, 10, 2, 34, 6, 2, 43, 2, 2, 2, 2, 2, 2, 10, 10, 2, 2, 2, 2, 2, 2, 2, 2, 2, 41, 6, 2, 11, 2, 11, 10, 2, 11, 2, 2, 2, 10, 2, 2, 2, 2, 2, 2, 2, 51, 2, 36, 2, 10, 32, 2, 51, 2, 2, 51, 51, 2, 2, 2, 2, 36, 2, 36, 2, 2, 8, 8, 34, 34, 8, 2, 10, 43, 43, 43, 2, 51, 10, 10, 2, 2, 2, 2, 2, 2, 2, 2, 2, 2, 2, 10, 10, 45, 2, 2, 2, 2, 2, 2, 2, 2, 2, 46, 2, 2, 46, 2, 2, 2, 2, 2, 2, 2, 45, 2, 2, 2, 2, 2, 2, 2, 2, 2, 2, 17, 2, 2, 2, 2, 10, 2, 2, 2, 2, 2, 10, 2, 2, 2, 6, 2, 2, 2, 2, 2, 2, 2, 2, 2, 2, 2, 10, 2, 46, 10, 32, 2, 2, 2, 10, 2, 51, 36, 2, 2, 2, 2, 36, 2, 51, 51, 2, 2, 2, 36, 36, 36, 2, 51, 51, 2, 46, 36, 2, 2, 10, 2, 2, 2, 51, 10, 2, 2, 2, 36, 2, 36, 2, 51, 2, 2, 2, 2, 2, 46, 36, 10, 51, 44, 2, 10, 2, 34, 34, 2, 2, 10, 2, 2, 33, 51, 2, 33, 2, 8, 2, 8, 2, 10, 8, 2, 2, 2, 34, 10, 2, 34, 2, 10, 2, 2, 8, 2, 8, 2, 2, 34, 34, 2, 8, 34, 10, 8, 34, 2, 43, 34, 34, 2, 34, 43, 10, 6, 34, 34, 34, 34, 34, 34, 34, 34, 21, 46, 2, 34, 34, 21, 44, 2, 21, 43, 2, 43, 43, 10, 43, 6, 2, 44, 17, 46, 44, 2, 2, 2, 44, 10, 44, 8, 2, 2, 44, 2, 10, 36, 10, 36, 10, 2, 36, 2, 10, 46, 10, 10, 36, 36, 2, 2, 2, 20, 23, 23, 2, 10, 23, 43, 46, 54, 23, 2, 2, 23, 23, 54, 10, 54, 2, 10, 2, 33, 2, 33, 10, 2, 2, 2, 10, 10, 2, 2, 10, 2, 2, 2, 10, 6, 2, 31, 17, 2, 2, 46, 2, 2, 2, 2, 46, 2, 2, 2, 2, 2, 2, 2, 2, 11, 2, 34, 10, 2, 2, 10, 2, 2, 2, 2, 8, 2, 43, 20, 23, 23, 6, 2, 10, 2, 10, 10, 2, 2, 2, 2, 2, 45, 45, 51, 51, 43, 43, 2, 43, 2, 2, 43, 10, 2, 2, 2, 10, 23, 23, 2, 2, 2, 2, 2, 2, 6, 6, 2, 2, 2, 2, 2, 2, 17, 46, 2, 51, 51, 51, 36, 36, 51, 51, 51, 51, 51, 51, 51, 51, 45, 51, 51, 51, 2, 10, 22, 45, 45, 22, 36, 2, 46, 51, 51, 2, 51, 51, 8, 2, 2, 2, 2, 2, 2, 2, 2, 8, 2, 2, 8, 10, 8, 8, 8, 8, 10, 51, 2, 21, 21, 34, 43, 43, 34, 34, 43, 43, 21, 2, 43, 34, 34, 21, 21, 14, 14, 21, 21, 21, 21, 8, 8, 21, 21, 2, 29, 29, 29, 29, 17, 2, 46, 46, 2, 2, 2, 44, 44, 44, 44, 2, 2, 2, 2, 2, 2, 46, 2, 2, 2, 2, 2, 2, 2, 2, 2, 2, 10, 23, 23, 45, 2, 45, 2, 2, 54, 54, 7, 7, 6, 6, 23, 23, 54, 54, 2, 23, 23, 54, 54, 54, 54, 54, 54, 23, 23, 23, 10, 2, 17, 2, 10, 10, 10, 10, 10, 10, 10, 10, 10, 10, 10, 2, 10, 10, 10, 10, 10, 10, 10, 10, 10, 10, 10, 10, 10, 2, 2, 2, 2, 23, 6, 6, 2, 2, 2, 2, 2, 2, 46, 46, 2, 2, 2, 2, 2, 2, 2, 2, 2, 2, 2, 2, 2, 6, 2, 2, 51, 2, 51, 51, 2, 51, 51, 51, 51, 51, 6, 2, 51, 2, 51, 51, 51, 32, 51, 51, 51, 32, 51, 6, 2, 51, 51, 51, 51, 51, 6, 51, 51, 51, 2, 51, 51, 51, 51, 51, 51, 51, 32, 2, 51, 51, 51, 51, 51, 2, 2, 2, 8, 46, 8, 2, 8, 8, 10, 43, 8, 8, 43, 21, 43, 8, 43, 21, 21, 43, 21, 51, 43, 8, 43, 43, 43, 43, 2, 43, 43, 43, 43, 43, 43, 2, 45, 43, 43, 43, 2, 2, 43, 43, 43, 21, 21, 21, 21, 21, 43, 21, 21, 21, 43, 43, 43, 21, 43, 2, 43, 44, 43, 2, 44, 43, 43, 44, 45, 44, 44, 44, 44, 2, 2, 45, 44, 44, 43, 44, 2, 2, 44, 44, 2, 10, 2, 2, 2, 46, 2, 2, 2, 2, 2, 44, 44, 2, 44, 44, 44, 2, 2, 2, 2, 2, 2, 2, 2, 10, 2, 2, 2, 2, 23, 23, 23, 2, 7, 23, 23, 54, 2, 23, 23, 2, 23, 23, 23, 2, 23, 23, 10, 23, 6, 6, 2, 23, 23, 23, 21, 2, 21, 23, 54, 10, 10, 2, 2, 10, 23, 2, 2, 2, 2, 2, 2, 2, 2, 2, 2, 2, 2, 2, 2, 2, 2, 32, 2, 32, 2, 2, 2, 2, 43, 34, 43, 21, 43, 10, 2, 2, 2, 2, 25, 2, 2, 2, 15, 2, 2, 10, 2, 10, 2, 44, 43, 23, 44, 43, 2, 2, 25, 2, 25, 53, 2, 8, 53, 2, 53, 53, 25, 25, 23, 25, 25, 25, 10, 25, 25, 25, 25, 10, 25, 25, 25, 25, 53, 10, 25, 53, 25, 25, 25, 0, 0, 25, 25, 53, 25, 25, 25, 25, 53, 25, 0, 0, 25, 53, 53, 25, 25, 53, 25, 2, 25, 25, 25, 25, 25, 2, 10, 53, 40, 25, 2, 2, 2, 25, 25, 25, 10, 2, 53, 25, 53, 25, 2, 25, 25, 2, 25, 25, 25, 13, 2, 2, 25, 25, 25, 25, 10, 2, 25, 25, 25, 25, 25, 25, 53, 25, 25, 25, 25, 0, 25, 25, 25, 25, 25, 25, 2, 10, 25, 25, 25, 11, 2, 2, 6, 2, 25, 25, 25, 6, 53, 25, 2, 53, 25, 25, 25, 25, 2, 25, 17, 25, 53, 53, 53, 25, 53, 25, 2, 25, 25, 25, 25, 2, 6, 53, 53, 25, 25, 25, 25, 25, 25, 25, 10, 2, 25, 25, 53, 25, 25, 6, 2, 25, 25, 17, 25, 53, 25, 25, 25, 25, 25, 25, 25, 25, 53, 25, 46, 2, 25, 53, 25, 45, 53, 25, 25, 25, 25, 25, 24, 25, 25, 2, 2, 53, 53, 25, 25, 25, 53, 53, 53, 25, 2, 53, 6, 25, 25, 25, 2, 53, 25, 25, 10, 25, 25, 2, 25, 2, 25, 25, 25, 25, 2, 53, 25, 53, 0, 10, 25, 53, 0, 25, 25, 25, 2, 32, 53, 10, 25, 2, 53, 25, 53, 25, 25, 25, 2, 10, 25, 25, 25, 25, 25, 2, 25, 53, 2, 25, 25, 25, 25, 53, 53, 25, 2, 2, 25, 53, 25, 25, 25, 2, 8, 53, 25, 53, 25, 2, 25, 10, 8, 25, 53, 25, 25, 53, 21, 53, 10, 25, 25, 25, 25, 10, 25, 53, 25, 53, 2, 25, 10, 2, 25, 25, 53, 25, 53, 53, 53, 2, 53, 53, 53, 25, 2, 25, 25, 25, 12, 25, 25, 25, 53, 25, 10, 53, 53, 25, 53, 25, 10, 25, 53, 25, 25, 25, 25, 25, 53, 25, 25, 25, 25, 53, 2, 2, 2, 25, 5, 25, 53, 53, 53, 25, 25, 53, 25, 53, 25, 53, 10, 25, 53, 53, 2, 25, 25, 25, 10, 53, 25, 25, 11, 25, 25, 25, 53, 25, 25, 25, 23, 53, 23, 53, 23, 10, 53, 25, 25, 25, 25, 10, 25, 23, 25, 25, 25, 25, 2, 25, 25, 25, 25, 10, 0, 25, 25, 25, 25, 25, 25, 25, 25, 25, 25, 2, 10, 10, 10, 10, 10, 2, 10, 10, 10, 10, 10, 10, 10, 2, 2, 10, 10, 2, 10, 10, 2, 10, 8, 10, 10, 23, 2, 10, 10, 10, 2, 2, 20, 2, 23, 2, 23, 20, 23, 10, 23, 23, 54, 23, 10, 2, 2, 51, 2, 2, 44, 2, 2, 2, 2, 2, 54, 2, 11, 2, 2, 44, 2, 2, 51, 2, 23, 51, 54, 2, 2, 8, 51, 2, 43, 2, 43, 2, 2, 8, 2, 17, 2, 2, 2, 10, 2, 46, 8, 34, 2, 2, 43, 2, 43, 51, 2, 2, 51, 2, 2, 10, 2, 32, 44, 51, 2, 8, 2, 51, 2, 2, 10, 2, 2, 51, 2, 2, 54, 17, 2, 6, 2, 43, 2, 2, 2, 10, 2, 23, 2, 51, 11, 2, 2, 17, 2, 10, 2, 51, 2, 2, 2, 34, 2, 54, 2, 17, 2, 2, 2, 2, 10, 7, 2, 2, 21, 2, 2, 2, 2, 2, 2, 2, 2, 2, 46, 10, 46, 2, 45, 2, 20, 2, 32, 2, 2, 46, 2, 2, 2, 2, 2, 2, 10, 10, 11, 2, 2, 2, 17, 10, 2, 2, 2, 10, 23, 2, 54, 43, 23, 2, 54, 23, 54, 7, 2, 23, 2, 2, 2, 10, 10, 2, 2, 2, 2, 45, 2, 44, 2, 44, 2, 2, 10, 10, 10, 43, 10, 21, 2, 2, 10, 10, 2, 10, 43, 43, 2, 2, 2, 10, 10, 10, 2, 43, 2, 43, 10, 10, 2, 10, 10, 21, 8, 8, 8, 2, 2, 2, 2, 2, 10, 10, 2, 34, 10, 10, 2, 34, 10, 10, 10, 10, 2, 2, 2, 2, 10, 2, 2, 34, 10, 2, 10, 2, 2, 2, 26, 2, 2, 10, 2, 6, 32, 8, 2, 2, 2, 10, 2, 10, 2, 51, 51, 2, 10, 32, 2, 2, 2, 2, 2, 51, 2, 2, 2, 51, 2, 2, 2, 2, 45, 2, 51, 10, 51, 2, 51, 2, 10, 2, 2, 2, 51, 51, 46, 2, 51, 2, 51, 2, 2, 51, 51, 51, 51, 10, 10, 2, 2, 10, 2, 10, 2, 10, 10, 2, 2, 10, 2, 2, 11, 2, 2, 2, 2, 2, 11, 2, 46, 2, 2, 2, 17, 17, 10, 2, 17, 11, 2, 2, 10, 17, 17, 10, 2, 17, 17, 2, 2, 2, 2, 17, 2, 10, 2, 46, 6, 2, 2, 2, 2, 2, 10, 2, 11, 2, 2, 46, 2, 10, 10, 2, 2, 2, 2, 2, 10, 2, 2, 2, 10, 2, 46, 2, 2, 2, 2, 2, 2, 6, 2, 2, 46, 2, 2, 2, 51, 2, 21, 2, 2, 10, 2, 17, 43, 10, 9, 10, 2, 10, 2, 6, 10, 10, 45, 17, 2, 11, 10, 10, 2, 6, 2, 2, 10, 2, 2, 2, 2, 10, 10, 2, 10, 2, 10, 2, 2, 6, 10, 2, 2, 20, 2, 2, 10, 23, 23, 2, 54, 2, 23, 23, 39, 20, 23, 54, 39, 36, 39, 23, 39, 47, 2, 39, 39, 10, 39, 8, 2, 23, 44, 39, 36, 39, 2, 2, 54, 39, 51, 43, 2, 2, 39, 39, 2, 2, 55, 10, 2, 43, 23, 51, 54, 23, 39, 39, 43, 51, 51, 39, 2, 44, 39, 10, 45, 39, 2, 39, 39, 39, 17, 21, 23, 6, 39, 39, 23, 2, 2, 39, 39, 44, 39, 47, 2, 39, 8, 39, 54, 39, 10, 39, 39, 39, 39, 39, 2, 39, 34, 39, 17, 39, 20, 51, 23, 23, 17, 39, 21, 39, 11, 10, 11, 39, 23, 2, 39, 23, 46, 39, 39, 39, 7, 39, 39, 39, 39, 39, 39, 39, 51, 39, 2, 39, 39, 39, 39, 39, 39, 39, 36, 2, 39, 39, 20, 39, 39, 39, 39, 39, 39, 39, 39, 2, 8, 39, 39, 39, 39, 39, 10, 39, 58, 39, 39, 39, 39, 2, 10, 2, 10, 39, 39, 20, 39, 39, 39, 39, 39, 39, 39, 39, 39, 39, 39, 39, 51, 10, 39, 39, 2, 6, 39, 10, 39, 39, 10, 39, 39, 6, 39, 39, 3, 39, 39, 39, 39, 39, 39, 39, 11, 39, 39, 39, 39, 39, 39, 39, 39, 2, 39, 36, 10, 11, 46, 39, 2, 39, 39, 2, 39, 2, 2, 2, 2, 18, 2, 23, 2, 2, 11, 2, 46, 2, 23, 2, 10, 2, 2, 10, 2, 2, 10, 10, 11, 18, 6, 2, 11, 2, 34, 11, 2, 10, 11, 2, 10, 2, 11, 11, 10, 2, 2, 2, 2, 10, 11, 2, 2, 11, 2, 10, 46, 2, 10, 6, 2, 2, 10, 2, 2, 10, 18, 2, 10, 10, 6, 2, 18, 18, 2, 18, 6, 18, 18, 18, 16, 51, 51, 46, 18, 18, 18, 18, 6, 6, 6, 18, 18, 18, 18, 10, 18, 2, 6, 6, 18, 10, 18, 6, 18, 2, 10, 10, 10, 10, 10, 10, 51, 10, 10, 2, 10, 10, 46, 10, 51, 10, 43, 46, 10, 10, 10, 17, 2, 2, 11, 