{"Run": 12, "K": 315, "WCSSD": 2295.235085696695, "Purity": 0.47666762095619813, "Time": 16.29379415512085, "Kmeans_Labels": [38, 232, 281, 306, 38, 38, 232, 111, 232, 179, 38, 180, 235, 235, 233, 38, 38, 118, 38, 21, 112, 38, 23, 235, 235, 118, 42, 118, 21, 38, 235, 38, 201, 118, 38, 38, 235, 235, 180, 235, 42, 219, 29, 48, 235, 14, 235, 307, 281, 281, 38, 80, 80, 157, 204, 38, 38, 118, 306, 306, 147, 118, 118, 145, 38, 149, 235, 232, 235, 118, 118, 281, 38, 42, 162, 38, 38, 38, 59, 38, 216, 38, 179, 133, 111, 42, 42, 93, 38, 179, 216, 38, 38, 179, 281, 38, 281, 38, 111, 38, 111, 244, 38, 168, 159, 219, 219, 40, 81, 244, 6, 6, 6, 235, 9, 113, 80, 38, 38, 55, 38, 38, 55, 306, 306, 55, 38, 306, 216, 38, 55, 55, 8, 38, 157, 21, 38, 38, 212, 38, 68, 306, 306, 21, 55, 55, 38, 38, 281, 306, 55, 87, 42, 21, 38, 5, 38, 38, 306, 281, 38, 55, 55, 38, 38, 55, 82, 3, 154, 42, 55, 38, 38, 80, 55, 71, 145, 146, 55, 38, 38, 38, 38, 38, 55, 130, 55, 38, 38, 130, 3, 68, 148, 171, 306, 306, 38, 226, 38, 179, 111, 23, 23, 145, 55, 111, 55, 179, 179, 80, 23, 38, 111, 111, 187, 55, 55, 179, 180, 161, 111, 244, 38, 180, 222, 55, 38, 179, 80, 55, 38, 307, 111, 38, 111, 114, 179, 21, 82, 38, 55, 216, 68, 166, 80, 179, 166, 38, 226, 297, 179, 179, 38, 178, 38, 251, 55, 38, 84, 179, 38, 38, 180, 281, 159, 281, 226, 159, 38, 179, 38, 219, 3, 38, 219, 247, 157, 247, 55, 159, 55, 253, 204, 281, 219, 219, 145, 31, 219, 216, 55, 219, 42, 166, 40, 219, 40, 219, 38, 21, 38, 219, 38, 40, 40, 219, 219, 219, 38, 6, 68, 204, 40, 40, 179, 204, 299, 268, 166, 3, 166, 6, 80, 166, 145, 28, 166, 255, 68, 166, 21, 55, 67, 38, 80, 38, 55, 38, 23, 166, 85, 80, 14, 226, 14, 3, 82, 14, 281, 14, 14, 3, 80, 229, 49, 38, 281, 188, 124, 143, 143, 38, 220, 143, 143, 68, 294, 143, 55, 38, 143, 143, 294, 55, 294, 55, 258, 55, 38, 38, 38, 80, 55, 42, 38, 80, 80, 118, 306, 3, 38, 281, 281, 3, 29, 216, 145, 196, 38, 48, 68, 38, 236, 82, 80, 68, 55, 306, 306, 38, 281, 88, 38, 42, 232, 38, 40, 226, 42, 55, 42, 306, 38, 38, 48, 159, 38, 6, 124, 143, 143, 29, 216, 42, 21, 3, 3, 21, 21, 3, 306, 38, 125, 125, 179, 179, 277, 277, 38, 166, 180, 180, 166, 48, 21, 143, 143, 157, 143, 143, 38, 38, 38, 38, 38, 42, 29, 29, 306, 281, 281, 38, 306, 38, 255, 68, 42, 179, 38, 38, 111, 111, 38, 179, 179, 38, 38, 179, 179, 38, 87, 38, 178, 178, 38, 138, 38, 87, 87, 38, 111, 178, 68, 179, 179, 38, 179, 179, 137, 281, 281, 38, 178, 178, 38, 38, 281, 38, 281, 306, 159, 38, 159, 159, 159, 159, 38, 179, 306, 6, 6, 219, 179, 179, 40, 40, 179, 179, 6, 180, 83, 40, 40, 179, 179, 38, 38, 58, 58, 58, 58, 166, 166, 6, 6, 38, 87, 87, 87, 87, 255, 38, 68, 68, 180, 116, 116, 180, 180, 38, 38, 38, 38, 38, 38, 38, 38, 68, 14, 170, 170, 14, 14, 21, 38, 14, 303, 303, 216, 143, 143, 87, 38, 87, 38, 38, 294, 294, 294, 294, 60, 60, 143, 143, 294, 294, 38, 195, 195, 294, 294, 294, 294, 136, 294, 143, 143, 143, 178, 216, 255, 157, 42, 74, 74, 74, 74, 74, 74, 74, 74, 74, 239, 180, 74, 74, 74, 235, 249, 156, 74, 74, 157, 74, 74, 74, 74, 145, 48, 48, 38, 143, 267, 267, 38, 38, 38, 38, 38, 38, 68, 68, 38, 38, 38, 38, 38, 38, 306, 48, 145, 306, 38, 228, 38, 29, 48, 38, 179, 232, 72, 72, 38, 72, 72, 122, 216, 38, 38, 38, 38, 307, 38, 38, 38, 94, 179, 38, 38, 48, 179, 29, 307, 179, 179, 179, 179, 38, 29, 179, 179, 38, 38, 38, 179, 38, 179, 179, 179, 179, 94, 38, 179, 179, 241, 137, 48, 157, 38, 38, 159, 68, 160, 262, 40, 159, 178, 166, 159, 159, 38, 58, 6, 159, 58, 58, 6, 58, 179, 96, 6, 159, 166, 6, 6, 96, 42, 6, 96, 6, 6, 166, 193, 38, 12, 6, 6, 6, 38, 38, 293, 166, 166, 58, 58, 58, 6, 58, 6, 58, 58, 1, 58, 166, 166, 58, 308, 73, 166, 166, 166, 38, 166, 308, 308, 166, 37, 166, 166, 166, 166, 116, 116, 37, 166, 166, 166, 166, 118, 118, 166, 38, 281, 38, 281, 38, 38, 68, 216, 14, 82, 190, 190, 166, 166, 303, 166, 166, 68, 38, 216, 216, 178, 178, 80, 38, 38, 80, 38, 38, 38, 38, 143, 143, 143, 38, 294, 143, 143, 294, 145, 143, 294, 38, 143, 163, 143, 38, 163, 163, 178, 143, 38, 38, 80, 195, 143, 195, 6, 42, 6, 143, 294, 216, 244, 42, 42, 42, 143, 21, 307, 38, 38, 3, 38, 21, 38, 38, 132, 38, 38, 57, 228, 216, 38, 94, 38, 94, 281, 269, 38, 38, 166, 40, 166, 58, 307, 38, 157, 38, 281, 38, 123, 78, 306, 21, 38, 255, 255, 154, 52, 80, 38, 166, 166, 143, 166, 166, 150, 216, 16, 179, 16, 110, 38, 159, 110, 61, 110, 309, 16, 16, 143, 155, 16, 134, 82, 231, 231, 134, 134, 119, 231, 231, 134, 134, 110, 80, 134, 110, 203, 97, 134, 44, 44, 231, 16, 110, 134, 231, 134, 231, 110, 134, 44, 44, 115, 110, 248, 231, 134, 110, 134, 38, 134, 134, 134, 16, 16, 150, 216, 110, 134, 134, 38, 42, 38, 16, 211, 231, 3, 145, 110, 134, 110, 134, 42, 134, 231, 38, 134, 108, 134, 231, 150, 38, 134, 134, 134, 16, 80, 21, 134, 134, 134, 231, 134, 134, 110, 134, 144, 10, 47, 27, 206, 134, 62, 134, 134, 16, 232, 98, 27, 231, 140, 149, 56, 38, 274, 38, 16, 134, 16, 89, 110, 134, 80, 110, 134, 134, 134, 134, 118, 16, 255, 134, 110, 110, 110, 134, 110, 134, 148, 134, 181, 16, 295, 38, 29, 110, 110, 134, 134, 134, 134, 16, 16, 94, 280, 38, 54, 134, 110, 134, 134, 146, 216, 134, 134, 255, 16, 110, 134, 97, 134, 134, 134, 16, 16, 134, 183, 134, 68, 38, 231, 101, 134, 87, 110, 27, 134, 134, 235, 134, 216, 16, 16, 38, 38, 110, 110, 134, 97, 16, 110, 110, 110, 134, 216, 110, 100, 16, 134, 64, 48, 110, 134, 231, 130, 134, 16, 179, 134, 38, 134, 231, 16, 16, 281, 110, 134, 110, 27, 157, 16, 110, 44, 134, 134, 134, 148, 94, 183, 73, 16, 98, 110, 134, 110, 134, 16, 16, 269, 119, 175, 134, 231, 16, 231, 38, 134, 110, 281, 16, 16, 231, 231, 110, 110, 134, 216, 216, 134, 110, 16, 134, 16, 281, 159, 110, 134, 110, 231, 281, 134, 281, 159, 134, 110, 16, 134, 110, 6, 110, 80, 134, 16, 153, 134, 80, 134, 110, 231, 110, 38, 134, 80, 3, 35, 134, 110, 134, 0, 110, 110, 61, 110, 110, 110, 16, 38, 134, 16, 154, 94, 134, 134, 16, 110, 134, 157, 110, 127, 134, 110, 16, 82, 16, 110, 134, 134, 16, 134, 16, 110, 16, 231, 155, 16, 110, 38, 21, 21, 134, 134, 123, 110, 110, 110, 16, 16, 110, 16, 110, 231, 110, 3, 16, 309, 298, 38, 134, 16, 16, 80, 110, 231, 16, 149, 16, 134, 143, 110, 16, 134, 16, 143, 110, 143, 110, 143, 281, 110, 16, 134, 134, 155, 157, 16, 195, 16, 134, 231, 109, 38, 16, 134, 134, 16, 80, 27, 231, 16, 134, 16, 16, 16, 134, 134, 16, 134, 21, 157, 80, 3, 3, 80, 216, 80, 80, 80, 80, 3, 148, 80, 38, 306, 216, 80, 21, 180, 80, 38, 307, 306, 80, 80, 143, 42, 222, 222, 222, 38, 38, 307, 307, 143, 281, 143, 45, 143, 38, 143, 143, 294, 143, 180, 48, 232, 179, 227, 38, 166, 38, 40, 167, 14, 157, 294, 269, 82, 306, 38, 166, 38, 38, 38, 281, 38, 179, 294, 180, 38, 159, 179, 38, 6, 306, 179, 38, 118, 40, 38, 255, 38, 216, 38, 180, 157, 68, 159, 180, 38, 38, 58, 118, 307, 72, 180, 38, 38, 178, 306, 252, 38, 94, 166, 38, 38, 159, 42, 271, 3, 21, 199, 216, 14, 179, 180, 273, 294, 255, 38, 29, 38, 63, 38, 95, 38, 38, 234, 42, 286, 38, 77, 145, 38, 255, 180, 307, 38, 19, 38, 2, 38, 219, 38, 90, 38, 38, 38, 38, 307, 38, 82, 294, 135, 204, 6, 38, 38, 118, 38, 38, 306, 38, 216, 118, 68, 80, 186, 307, 87, 38, 124, 38, 94, 38, 121, 76, 38, 38, 38, 38, 42, 38, 38, 281, 149, 152, 38, 246, 255, 157, 38, 221, 281, 80, 42, 38, 294, 166, 143, 38, 294, 143, 294, 294, 157, 143, 234, 251, 38, 180, 38, 42, 14, 227, 38, 87, 38, 166, 38, 166, 281, 38, 38, 73, 48, 6, 252, 58, 157, 48, 157, 269, 135, 157, 58, 307, 118, 118, 38, 157, 158, 80, 167, 6, 38, 179, 80, 36, 38, 157, 80, 6, 159, 159, 40, 38, 210, 38, 38, 40, 158, 252, 145, 180, 38, 39, 145, 263, 157, 59, 157, 169, 216, 251, 22, 269, 307, 281, 80, 219, 82, 38, 80, 38, 180, 178, 38, 82, 180, 56, 38, 146, 94, 159, 38, 221, 48, 199, 180, 180, 180, 38, 179, 38, 80, 94, 284, 180, 38, 38, 157, 179, 21, 118, 38, 38, 38, 311, 118, 38, 87, 41, 38, 158, 179, 73, 118, 152, 199, 38, 38, 307, 19, 38, 68, 118, 38, 38, 38, 38, 38, 271, 72, 179, 179, 38, 199, 38, 38, 199, 38, 199, 33, 199, 281, 154, 38, 80, 118, 65, 149, 38, 38, 21, 216, 118, 149, 118, 68, 157, 216, 306, 255, 255, 3, 232, 255, 77, 38, 118, 3, 255, 255, 80, 38, 38, 255, 121, 216, 42, 306, 255, 292, 3, 20, 186, 29, 42, 118, 38, 