{"Run": 5, "K": 315, "WCSSD": 2287.1372014458466, "Purity": 0.48955052963068996, "Time": 17.084967136383057, "Kmeans_Labels": [199, 242, 39, 165, 3, 3, 242, 49, 242, 98, 3, 292, 35, 35, 84, 3, 86, 3, 77, 89, 3, 3, 91, 35, 20, 120, 267, 52, 89, 104, 35, 81, 289, 120, 3, 186, 35, 35, 292, 35, 81, 297, 60, 55, 35, 3, 20, 186, 302, 3, 193, 81, 81, 210, 130, 203, 3, 82, 165, 3, 3, 120, 3, 15, 203, 192, 35, 242, 35, 203, 242, 165, 3, 165, 160, 3, 130, 3, 129, 3, 3, 3, 98, 165, 49, 3, 186, 225, 3, 3, 3, 3, 164, 98, 3, 3, 165, 3, 137, 3, 190, 160, 189, 254, 254, 297, 6, 254, 186, 160, 17, 60, 17, 35, 130, 160, 81, 3, 165, 301, 221, 165, 301, 165, 3, 301, 165, 165, 83, 81, 301, 301, 91, 3, 186, 89, 3, 165, 165, 165, 52, 165, 165, 280, 301, 301, 42, 165, 3, 165, 301, 115, 3, 89, 165, 301, 3, 186, 3, 302, 3, 301, 301, 3, 297, 301, 81, 81, 96, 303, 86, 91, 3, 81, 301, 3, 15, 70, 301, 237, 3, 165, 3, 3, 301, 3, 301, 3, 3, 186, 3, 52, 186, 301, 274, 165, 165, 212, 94, 98, 49, 91, 91, 15, 301, 49, 230, 49, 3, 186, 91, 3, 49, 49, 49, 301, 301, 224, 292, 130, 49, 3, 3, 292, 186, 301, 3, 292, 81, 91, 45, 3, 49, 3, 49, 98, 3, 89, 3, 3, 301, 3, 52, 49, 81, 49, 60, 3, 212, 301, 297, 62, 3, 301, 81, 91, 301, 165, 301, 3, 165, 130, 292, 39, 254, 3, 212, 254, 81, 15, 91, 297, 81, 165, 297, 91, 81, 91, 301, 254, 301, 130, 130, 3, 297, 297, 15, 254, 297, 69, 301, 297, 3, 60, 62, 297, 62, 297, 3, 81, 70, 297, 3, 62, 62, 297, 297, 297, 297, 17, 52, 171, 62, 62, 7, 130, 3, 17, 60, 186, 60, 7, 81, 60, 15, 292, 3, 130, 52, 60, 89, 301, 301, 199, 81, 186, 301, 130, 155, 301, 3, 165, 49, 212, 301, 165, 3, 301, 3, 3, 52, 65, 81, 3, 292, 130, 39, 96, 30, 147, 80, 165, 3, 80, 80, 80, 99, 80, 301, 3, 80, 80, 99, 301, 99, 301, 301, 301, 91, 86, 165, 165, 301, 86, 3, 81, 81, 3, 165, 186, 3, 165, 237, 81, 3, 3, 15, 100, 3, 55, 52, 3, 3, 91, 165, 182, 301, 3, 165, 3, 39, 3, 203, 303, 238, 3, 62, 212, 303, 301, 200, 3, 3, 3, 55, 254, 3, 130, 30, 80, 80, 70, 3, 303, 3, 186, 186, 89, 89, 3, 3, 3, 115, 115, 3, 3, 60, 60, 3, 60, 57, 57, 60, 55, 3, 80, 80, 3, 80, 80, 3, 3, 187, 203, 203, 89, 203, 203, 203, 203, 203, 203, 3, 203, 100, 52, 165, 123, 98, 98, 49, 49, 98, 98, 98, 262, 262, 169, 169, 169, 115, 3, 3, 3, 272, 37, 242, 115, 115, 3, 49, 3, 52, 98, 98, 3, 98, 98, 254, 39, 39, 3, 3, 3, 3, 3, 3, 3, 3, 3, 109, 146, 254, 109, 109, 254, 146, 98, 3, 297, 297, 297, 123, 123, 62, 62, 206, 206, 17, 292, 60, 62, 62, 17, 17, 3, 3, 17, 17, 281, 281, 60, 60, 17, 17, 117, 115, 115, 115, 115, 100, 3, 52, 52, 292, 3, 3, 291, 291, 291, 291, 3, 3, 3, 3, 207, 207, 52, 3, 3, 3, 3, 3, 89, 186, 3, 205, 205, 29, 80, 80, 115, 3, 115, 3, 3, 67, 67, 121, 121, 3, 3, 147, 147, 147, 147, 3, 158, 158, 147, 147, 56, 56, 197, 99, 80, 80, 80, 3, 3, 100, 3, 275, 9, 9, 9, 9, 9, 9, 9, 9, 9, 292, 292, 9, 9, 9, 35, 9, 97, 9, 9, 81, 9, 9, 9, 9, 15, 3, 55, 3, 147, 86, 86, 86, 86, 203, 203, 165, 132, 203, 203, 165, 3, 3, 3, 203, 98, 165, 55, 15, 308, 3, 3, 165, 70, 260, 165, 308, 86, 34, 34, 3, 34, 34, 3, 3, 164, 86, 3, 203, 208, 3, 3, 98, 225, 98, 98, 98, 55, 98, 70, 3, 169, 98, 98, 98, 98, 70, 98, 98, 272, 272, 98, 98, 98, 3, 98, 98, 98, 225, 3, 98, 98, 138, 98, 55, 123, 3, 3, 254, 52, 254, 39, 62, 254, 3, 60, 254, 254, 3, 17, 60, 254, 60, 297, 17, 60, 17, 258, 123, 228, 60, 60, 60, 258, 3, 17, 258, 130, 17, 130, 60, 3, 115, 279, 17, 17, 3, 165, 60, 33, 33, 17, 17, 270, 17, 270, 60, 81, 17, 17, 60, 60, 60, 60, 60, 54, 60, 60, 60, 3, 60, 60, 60, 159, 115, 60, 60, 60, 159, 3, 3, 115, 60, 60, 60, 60, 89, 89, 60, 3, 186, 186, 186, 194, 272, 3, 18, 3, 186, 3, 3, 130, 130, 205, 60, 272, 130, 106, 53, 81, 181, 181, 186, 3, 3, 76, 3, 3, 186, 186, 80, 40, 40, 3, 121, 80, 140, 67, 218, 80, 147, 220, 147, 80, 80, 165, 80, 80, 3, 147, 186, 186, 186, 158, 80, 158, 186, 3, 17, 80, 56, 81, 160, 183, 183, 183, 80, 89, 3, 203, 86, 3, 203, 89, 78, 3, 3, 3, 24, 3, 272, 186, 217, 225, 102, 225, 39, 66, 86, 3, 60, 62, 60, 81, 60, 81, 3, 86, 86, 86, 127, 3, 3, 89, 3, 86, 3, 96, 120, 81, 3, 199, 60, 80, 199, 60, 3, 3, 10, 3, 213, 31, 162, 254, 264, 55, 249, 249, 213, 188, 80, 161, 213, 127, 81, 127, 213, 127, 127, 4, 127, 127, 127, 127, 31, 81, 127, 31, 127, 127, 127, 249, 249, 127, 213, 31, 127, 127, 127, 127, 31, 127, 249, 249, 127, 249, 31, 127, 127, 31, 127, 16, 235, 213, 127, 213, 213, 3, 83, 31, 127, 127, 3, 3, 165, 213, 213, 127, 81, 15, 31, 127, 31, 127, 3, 252, 127, 3, 127, 127, 127, 127, 3, 3, 127, 127, 173, 213, 81, 89, 20, 127, 127, 154, 127, 127, 31, 127, 127, 127, 284, 81, 127, 127, 127, 127, 127, 71, 242, 214, 213, 127, 127, 192, 3, 3, 112, 3, 213, 127, 213, 143, 31, 127, 162, 249, 127, 127, 127, 127, 3, 213, 100, 127, 31, 31, 31, 127, 209, 135, 3, 127, 127, 213, 127, 3, 70, 31, 31, 90, 127, 127, 127, 213, 213, 213, 165, 165, 127, 127, 31, 127, 127, 70, 3, 127, 127, 100, 213, 31, 153, 127, 127, 127, 127, 213, 213, 127, 31, 127, 52, 3, 127, 3, 127, 115, 31, 283, 127, 127, 20, 127, 114, 188, 213, 3, 74, 31, 31, 127, 127, 213, 31, 31, 31, 127, 3, 31, 73, 10, 127, 213, 111, 31, 127, 127, 186, 127, 213, 3, 127, 3, 127, 233, 213, 213, 3, 31, 127, 31, 81, 81, 213, 31, 249, 127, 127, 127, 3, 225, 31, 28, 213, 214, 31, 127, 31, 127, 213, 213, 39, 131, 127, 127, 127, 213, 127, 162, 127, 31, 1, 213, 213, 127, 127, 31, 31, 127, 3, 167, 127, 31, 213, 127, 213, 3, 254, 31, 127, 31, 127, 81, 127, 186, 254, 127, 236, 213, 127, 31, 130, 300, 86, 127, 213, 213, 127, 81, 127, 31, 127, 300, 3, 213, 81, 81, 127, 127, 31, 127, 31, 264, 31, 55, 31, 31, 31, 213, 3, 127, 213, 11, 225, 127, 127, 213, 249, 213, 186, 31, 31, 127, 31, 213, 81, 213, 31, 127, 127, 213, 127, 213, 31, 241, 127, 89, 213, 31, 3, 108, 89, 127, 127, 127, 31, 31, 31, 213, 213, 31, 213, 31, 127, 31, 81, 213, 249, 31, 186, 213, 213, 213, 81, 31, 127, 213, 192, 188, 13, 213, 31, 213, 46, 213, 147, 31, 80, 31, 80, 186, 31, 213, 127, 127, 161, 186, 213, 240, 213, 127, 127, 213, 3, 213, 127, 191, 213, 81, 81, 127, 213, 213, 283, 213, 213, 127, 127, 213, 127, 296, 81, 81, 81, 81, 81, 3, 81, 81, 81, 81, 81, 81, 81, 3, 165, 83, 81, 89, 292, 81, 3, 75, 165, 81, 81, 147, 3, 186, 186, 186, 3, 3, 47, 201, 149, 38, 80, 47, 59, 3, 80, 147, 271, 147, 81, 55, 242, 3, 3, 272, 159, 3, 62, 3, 3, 186, 99, 39, 81, 165, 3, 130, 3, 3, 3, 3, 3, 169, 99, 292, 3, 254, 98, 3, 195, 39, 206, 3, 81, 62, 81, 100, 3, 3, 3, 292, 3, 52, 254, 166, 3, 3, 172, 120, 60, 34, 72, 3, 3, 3, 305, 55, 3, 225, 60, 164, 3, 254, 186, 3, 242, 89, 37, 3, 3, 98, 292, 3, 99, 100, 43, 70, 3, 60, 187, 3, 3, 165, 3, 183, 3, 3, 192, 251, 187, 309, 272, 75, 3, 98, 3, 55, 272, 93, 3, 147, 3, 165, 3, 3, 203, 3, 81, 128, 3, 130, 17, 186, 165, 120, 3, 3, 3, 165, 3, 120, 222, 186, 52, 3, 278, 130, 30, 3, 225, 165, 242, 52, 204, 178, 3, 3, 3, 3, 81, 186, 293, 3, 3, 3, 100, 186, 3, 3, 38, 32, 183, 204, 271, 60, 59, 3, 99, 80, 99, 128, 186, 80, 3, 101, 3, 81, 276, 3, 3, 3, 272, 79, 3, 130, 3, 159, 3, 130, 81, 28, 55, 17, 55, 17, 186, 55, 186, 39, 3, 32, 172, 60, 3, 81, 3, 186, 32, 81, 3, 195, 3, 206, 3, 32, 3, 32, 165, 17, 254, 254, 62, 3, 39, 3, 3, 62, 32, 55, 15, 166, 3, 81, 251, 297, 3, 32, 81, 81, 3, 101, 186, 39, 81, 141, 3, 93, 81, 272, 81, 3, 292, 3, 113, 3, 292, 239, 3, 70, 225, 254, 136, 3, 55, 37, 272, 292, 292, 3, 3, 3, 81, 225, 3, 72, 3, 3, 3, 169, 89, 120, 3, 247, 3, 3, 120, 3, 278, 3, 3, 32, 3, 28, 3, 3, 110, 3, 3, 3, 98, 164, 222, 120, 3, 3, 3, 3, 3, 3, 34, 98, 98, 165, 25, 165, 3, 37, 165, 37, 3, 37, 186, 96, 3, 81, 3, 3, 192, 3, 3, 89, 3, 120, 192, 15, 52, 91, 3, 39, 3, 100, 273, 242, 100, 192, 3, 3, 81, 100, 100, 81, 186, 165, 309, 242, 3, 152, 165, 100, 3, 81, 3, 52, 70, 186, 3, 165, 3, 242, 81, 3, 81, 3, 3, 52, 3, 145, 186, 203, 165, 39, 3, 89, 186, 3, 3, 3, 81, 120, 81, 3, 3, 3, 3, 305, 3, 70, 130, 3, 52, 120, 15, 3, 3, 39, 28, 136, 152, 25, 186, 100, 60, 4, 27, 165, 86, 165, 3, 70, 219, 28, 79, 100, 3, 192, 3, 37, 150, 15, 3, 3, 81, 203, 3, 39, 101, 81, 81, 176, 28, 39, 81, 101, 165, 89, 3, 203, 3, 47, 150, 201, 28, 3, 149, 3, 147, 43, 80, 80, 304, 47, 80, 99, 86, 49, 285, 61, 304, 80, 165, 304, 130, 160, 19, 297, 39, 80, 3, 130, 