{"Run": 14, "K": 313, "WCSSD": 2353.8174967085797, "Purity": 0.35782849213030604, "Time": 17.595494985580444, "Kmeans_Labels": [304, 168, 163, 5, 5, 5, 168, 173, 168, 5, 5, 202, 5, 201, 5, 133, 5, 239, 134, 246, 5, 5, 265, 5, 265, 239, 5, 239, 246, 5, 5, 134, 246, 239, 134, 62, 5, 201, 87, 21, 134, 287, 121, 265, 287, 67, 265, 134, 5, 81, 5, 265, 265, 265, 301, 5, 5, 168, 181, 103, 5, 239, 5, 118, 5, 168, 168, 168, 201, 168, 239, 5, 5, 5, 5, 5, 5, 5, 114, 5, 5, 5, 59, 239, 173, 5, 242, 5, 5, 5, 5, 5, 5, 81, 5, 5, 204, 5, 173, 5, 173, 257, 5, 245, 245, 125, 123, 245, 5, 257, 294, 294, 294, 71, 59, 257, 264, 5, 265, 126, 5, 5, 126, 5, 5, 126, 134, 5, 244, 5, 126, 126, 5, 51, 5, 246, 5, 265, 5, 265, 18, 9, 9, 246, 196, 126, 172, 5, 57, 5, 126, 212, 242, 246, 5, 126, 5, 5, 5, 5, 172, 126, 126, 172, 5, 172, 14, 265, 43, 242, 114, 228, 5, 265, 126, 278, 91, 16, 126, 5, 265, 265, 172, 172, 126, 5, 135, 5, 172, 5, 265, 169, 265, 126, 311, 5, 5, 265, 5, 59, 173, 5, 114, 91, 126, 173, 126, 183, 5, 265, 5, 265, 173, 173, 173, 126, 126, 59, 87, 18, 173, 5, 172, 87, 265, 126, 5, 59, 265, 126, 172, 5, 173, 5, 173, 81, 59, 246, 5, 265, 126, 5, 18, 173, 265, 59, 5, 5, 265, 126, 59, 59, 5, 166, 51, 134, 126, 265, 126, 59, 265, 59, 87, 5, 245, 5, 265, 245, 5, 59, 5, 18, 265, 123, 5, 5, 265, 5, 126, 245, 126, 194, 155, 5, 5, 5, 91, 245, 5, 244, 126, 245, 5, 294, 123, 245, 123, 210, 294, 265, 5, 123, 5, 123, 123, 123, 245, 123, 5, 294, 18, 155, 123, 123, 59, 301, 5, 294, 294, 5, 294, 294, 265, 294, 91, 87, 5, 5, 18, 294, 246, 126, 126, 304, 265, 5, 126, 5, 239, 126, 5, 5, 18, 265, 126, 265, 6, 126, 272, 265, 18, 265, 265, 5, 87, 5, 5, 43, 69, 38, 38, 265, 265, 38, 294, 18, 225, 109, 126, 5, 38, 225, 225, 126, 225, 126, 126, 126, 265, 114, 265, 265, 126, 46, 5, 265, 265, 239, 5, 5, 5, 5, 279, 265, 5, 5, 91, 265, 5, 126, 18, 265, 5, 265, 265, 269, 5, 167, 5, 5, 296, 5, 72, 242, 168, 218, 123, 265, 242, 126, 265, 5, 5, 5, 276, 10, 5, 294, 69, 38, 38, 13, 5, 242, 5, 265, 265, 246, 246, 5, 134, 5, 237, 237, 59, 59, 294, 294, 5, 294, 87, 87, 294, 265, 5, 5, 5, 5, 38, 38, 5, 5, 5, 5, 5, 246, 46, 46, 281, 281, 281, 5, 5, 34, 5, 18, 5, 59, 5, 5, 173, 173, 5, 59, 59, 105, 105, 81, 81, 275, 237, 5, 59, 59, 5, 68, 280, 237, 237, 280, 173, 230, 18, 59, 59, 5, 81, 81, 245, 163, 163, 5, 5, 5, 5, 5, 5, 245, 5, 185, 245, 265, 185, 245, 245, 185, 265, 245, 5, 294, 294, 59, 59, 59, 63, 63, 76, 76, 59, 87, 294, 123, 123, 59, 59, 5, 5, 294, 294, 294, 294, 245, 245, 294, 294, 5, 237, 237, 237, 237, 5, 5, 18, 18, 87, 5, 5, 87, 87, 5, 5, 5, 5, 5, 5, 66, 66, 18, 5, 5, 5, 5, 5, 246, 5, 5, 5, 5, 5, 38, 38, 237, 134, 237, 139, 139, 225, 225, 119, 119, 116, 116, 116, 116, 310, 310, 5, 233, 233, 310, 310, 225, 225, 225, 225, 38, 38, 116, 5, 5, 5, 5, 242, 197, 197, 197, 197, 197, 197, 162, 197, 197, 87, 59, 186, 197, 197, 201, 197, 197, 197, 197, 7, 197, 197, 197, 197, 91, 5, 265, 277, 38, 46, 46, 114, 114, 5, 5, 265, 155, 18, 18, 265, 5, 5, 5, 34, 265, 5, 265, 91, 5, 223, 134, 5, 13, 265, 5, 59, 114, 149, 149, 5, 149, 149, 5, 5, 5, 114, 172, 81, 5, 5, 5, 81, 274, 81, 81, 81, 265, 59, 5, 5, 275, 81, 59, 81, 81, 5, 81, 81, 81, 5, 154, 81, 154, 143, 59, 141, 141, 129, 5, 59, 59, 81, 5, 81, 65, 5, 5, 245, 18, 23, 5, 123, 245, 5, 294, 23, 245, 106, 294, 294, 245, 294, 294, 294, 294, 294, 134, 65, 245, 294, 294, 294, 245, 5, 294, 245, 294, 294, 263, 294, 59, 237, 294, 294, 294, 5, 5, 294, 294, 294, 294, 294, 297, 294, 297, 294, 134, 294, 294, 294, 294, 294, 294, 294, 81, 294, 120, 294, 5, 294, 294, 294, 290, 237, 294, 294, 294, 290, 5, 5, 237, 294, 294, 294, 294, 239, 239, 294, 5, 5, 265, 5, 66, 5, 18, 5, 5, 5, 5, 5, 294, 294, 5, 83, 5, 18, 5, 5, 192, 5, 5, 265, 5, 5, 265, 5, 5, 5, 5, 233, 38, 38, 5, 116, 38, 233, 225, 91, 38, 116, 114, 38, 225, 38, 5, 225, 225, 5, 38, 312, 312, 225, 233, 260, 233, 5, 5, 294, 233, 225, 192, 257, 289, 289, 289, 108, 246, 5, 5, 114, 55, 5, 30, 5, 5, 5, 5, 267, 5, 5, 271, 5, 132, 5, 5, 5, 4, 114, 5, 294, 123, 294, 134, 294, 5, 265, 140, 114, 140, 165, 5, 5, 246, 5, 114, 5, 43, 31, 265, 5, 304, 236, 38, 304, 236, 172, 5, 19, 59, 19, 309, 5, 245, 309, 265, 309, 309, 198, 198, 233, 165, 19, 203, 190, 165, 291, 165, 165, 265, 165, 165, 165, 165, 309, 265, 165, 309, 165, 80, 165, 165, 134, 165, 198, 309, 165, 165, 165, 165, 309, 165, 134, 134, 165, 309, 100, 165, 165, 309, 165, 231, 165, 19, 165, 198, 19, 172, 252, 309, 165, 165, 5, 176, 5, 198, 19, 165, 265, 91, 309, 29, 309, 165, 5, 165, 165, 5, 1, 165, 165, 165, 172, 5, 165, 165, 165, 113, 265, 2, 203, 165, 165, 165, 165, 165, 309, 165, 165, 165, 165, 148, 165, 165, 165, 165, 165, 19, 168, 265, 148, 165, 165, 117, 27, 172, 13, 5, 19, 165, 19, 46, 309, 165, 5, 309, 19, 165, 165, 165, 239, 19, 265, 165, 309, 309, 309, 165, 309, 165, 5, 165, 165, 198, 165, 5, 5, 309, 309, 165, 243, 165, 165, 19, 19, 19, 265, 5, 165, 165, 309, 165, 165, 13, 5, 165, 37, 265, 19, 309, 165, 165, 165, 165, 165, 198, 19, 165, 309, 165, 18, 302, 165, 5, 151, 237, 309, 136, 165, 165, 203, 165, 5, 19, 198, 5, 65, 309, 309, 165, 165, 19, 309, 309, 309, 165, 5, 309, 32, 19, 165, 19, 265, 309, 165, 165, 265, 165, 19, 59, 165, 5, 165, 165, 19, 19, 5, 309, 165, 309, 148, 265, 198, 309, 148, 165, 165, 165, 5, 274, 309, 265, 19, 5, 309, 165, 19, 165, 19, 19, 5, 265, 165, 165, 165, 19, 291, 5, 165, 309, 5, 198, 19, 165, 165, 309, 309, 165, 5, 5, 165, 309, 19, 165, 19, 5, 245, 309, 243, 307, 165, 5, 165, 265, 245, 270, 309, 19, 165, 309, 59, 309, 114, 165, 19, 19, 165, 134, 159, 309, 165, 309, 5, 19, 265, 55, 165, 112, 309, 165, 309, 309, 309, 265, 309, 309, 309, 198, 134, 165, 19, 110, 274, 165, 165, 198, 309, 165, 134, 309, 309, 165, 309, 19, 134, 19, 309, 165, 165, 19, 165, 19, 309, 19, 165, 246, 19, 309, 5, 246, 246, 165, 165, 165, 309, 309, 309, 142, 19, 309, 19, 309, 165, 309, 55, 19, 309, 309, 5, 211, 268, 19, 134, 309, 165, 19, 117, 198, 19, 19, 309, 205, 165, 19, 38, 307, 233, 307, 199, 265, 307, 19, 291, 165, 165, 265, 19, 233, 19, 165, 261, 19, 5, 19, 165, 165, 198, 265, 148, 165, 19, 165, 19, 19, 19, 203, 165, 198, 203, 246, 265, 265, 265, 265, 265, 5, 265, 265, 265, 265, 265, 265, 265, 5, 5, 244, 265, 246, 87, 265, 238, 303, 245, 265, 265, 38, 5, 265, 265, 265, 5, 5, 5, 5, 225, 24, 38, 52, 233, 265, 225, 208, 225, 38, 5, 265, 168, 59, 5, 5, 290, 229, 123, 5, 5, 134, 225, 4, 265, 5, 5, 5, 5, 5, 5, 5, 5, 275, 225, 59, 5, 245, 59, 5, 294, 5, 76, 192, 192, 123, 265, 5, 245, 144, 134, 87, 5, 18, 245, 87, 50, 5, 294, 239, 294, 149, 59, 5, 5, 166, 5, 265, 5, 132, 83, 5, 172, 245, 134, 5, 206, 246, 68, 11, 5, 59, 87, 5, 225, 265, 24, 46, 5, 294, 5, 172, 5, 265, 5, 289, 134, 5, 117, 266, 5, 18, 87, 303, 36, 81, 5, 265, 5, 245, 5, 310, 94, 5, 5, 5, 5, 5, 5, 116, 5, 301, 294, 5, 59, 239, 5, 172, 5, 5, 5, 239, 18, 265, 18, 5, 237, 5, 200, 299, 274, 5, 168, 18, 225, 114, 134, 217, 5, 5, 51, 97, 117, 5, 5, 5, 265, 265, 5, 5, 24, 190, 289, 225, 225, 294, 233, 134, 225, 225, 225, 116, 134, 38, 5, 134, 192, 5, 5, 5, 5, 5, 5, 237, 5, 5, 5, 290, 5, 5, 51, 5, 265, 294, 265, 294, 265, 265, 265, 265, 5, 190, 294, 294, 5, 192, 5, 265, 190, 265, 5, 294, 5, 76, 265, 220, 5, 190, 234, 294, 245, 245, 123, 5, 156, 5, 245, 123, 190, 265, 254, 87, 5, 134, 266, 59, 5, 5, 265, 265, 11, 134, 265, 4, 265, 5, 265, 245, 265, 5, 265, 5, 87, 166, 5, 5, 87, 239, 5, 13, 274, 245, 5, 5, 195, 68, 87, 87, 59, 5, 59, 134, 265, 132, 5, 59, 299, 217, 5, 275, 246, 239, 5, 81, 5, 5, 239, 5, 237, 134, 5, 190, 59, 5, 239, 5, 68, 5, 5, 5, 81, 5, 18, 239, 5, 5, 5, 5, 5, 5, 149, 59, 59, 265, 68, 5, 5, 68, 59, 68, 101, 68, 97, 43, 5, 265, 239, 265, 20, 5, 5, 246, 144, 161, 240, 91, 18, 114, 5, 5, 226, 5, 265, 168, 5, 117, 36, 239, 206, 265, 239, 134, 5, 5, 18, 168, 5, 5, 104, 265, 5, 265, 5, 18, 13, 134, 239, 5, 5, 206, 265, 50, 265, 172, 5, 18, 5, 265, 265, 5, 5, 5, 5, 246, 134, 5, 5, 94, 265, 239, 189, 134, 239, 5, 5, 5, 172, 46, 301, 5, 18, 239, 91, 5, 59, 156, 300, 5, 5, 68, 265, 239, 294, 265, 22, 234, 114, 234, 5, 13, 265, 5, 237, 5, 157, 20, 265, 68, 5, 91, 265, 5, 265, 5, 101, 5, 134, 5, 265, 