{"Run": 3, "K": 650, "WCSSD": 1976.9943598650352, "Purity": 0.534783853421128, "Time": 36.475322008132935, "Kmeans_Labels": [394, 228, 5, 48, 5, 5, 209, 93, 209, 5, 5, 218, 129, 129, 524, 5, 5, 140, 449, 649, 449, 5, 524, 26, 175, 140, 449, 198, 649, 306, 129, 449, 649, 140, 449, 289, 49, 129, 44, 129, 152, 129, 37, 54, 129, 410, 175, 449, 297, 387, 496, 528, 528, 51, 386, 5, 151, 209, 601, 5, 5, 140, 5, 37, 5, 71, 129, 209, 129, 5, 32, 252, 5, 601, 94, 40, 5, 5, 151, 205, 5, 67, 640, 140, 93, 5, 531, 406, 5, 5, 524, 487, 469, 418, 524, 5, 5, 449, 643, 5, 93, 94, 524, 189, 189, 34, 284, 506, 632, 94, 416, 118, 416, 129, 640, 94, 115, 5, 494, 56, 5, 5, 56, 524, 5, 203, 5, 5, 402, 494, 56, 56, 55, 5, 647, 649, 5, 5, 5, 494, 75, 5, 5, 649, 56, 56, 524, 5, 5, 5, 56, 405, 601, 5, 5, 119, 5, 332, 5, 5, 642, 56, 56, 5, 575, 56, 601, 542, 10, 601, 56, 5, 5, 528, 56, 5, 38, 62, 56, 5, 496, 217, 470, 470, 56, 229, 56, 151, 5, 229, 359, 75, 622, 357, 163, 364, 5, 500, 5, 640, 93, 5, 5, 38, 195, 93, 56, 370, 601, 51, 5, 429, 93, 537, 93, 56, 56, 640, 44, 434, 93, 94, 5, 44, 481, 56, 5, 640, 528, 56, 5, 51, 93, 5, 93, 418, 640, 5, 5, 5, 56, 5, 75, 447, 528, 640, 222, 160, 500, 56, 640, 640, 5, 219, 226, 449, 56, 364, 56, 160, 360, 5, 44, 5, 353, 5, 500, 187, 5, 640, 5, 34, 539, 48, 34, 5, 222, 5, 56, 189, 56, 386, 386, 5, 34, 34, 224, 189, 381, 402, 56, 477, 5, 88, 412, 34, 522, 34, 493, 649, 5, 34, 5, 151, 478, 34, 34, 34, 5, 416, 75, 386, 506, 506, 640, 92, 5, 416, 78, 649, 493, 416, 528, 493, 38, 44, 5, 45, 75, 493, 649, 56, 56, 394, 528, 619, 56, 386, 140, 56, 5, 125, 138, 453, 56, 494, 410, 56, 509, 410, 138, 181, 528, 410, 51, 410, 564, 10, 80, 582, 98, 151, 410, 168, 176, 303, 73, 47, 56, 151, 98, 98, 446, 56, 560, 56, 56, 56, 360, 5, 360, 51, 56, 37, 5, 528, 528, 140, 5, 81, 151, 615, 558, 222, 5, 519, 649, 105, 5, 54, 398, 5, 5, 5, 217, 75, 5, 222, 115, 5, 5, 5, 314, 601, 209, 524, 454, 500, 601, 56, 295, 5, 285, 418, 54, 189, 553, 5, 80, 98, 241, 37, 5, 601, 649, 528, 528, 649, 649, 472, 449, 5, 405, 405, 640, 640, 493, 493, 5, 493, 44, 44, 97, 54, 649, 410, 410, 51, 102, 102, 5, 5, 5, 201, 201, 15, 37, 37, 301, 301, 301, 351, 5, 649, 105, 75, 5, 640, 418, 418, 93, 93, 223, 559, 559, 5, 5, 418, 418, 418, 405, 5, 275, 275, 181, 22, 95, 405, 405, 95, 93, 173, 75, 180, 180, 553, 143, 418, 189, 5, 5, 181, 120, 120, 524, 524, 524, 5, 48, 5, 189, 5, 189, 189, 189, 189, 5, 506, 5, 365, 365, 34, 640, 640, 506, 506, 159, 159, 416, 592, 493, 34, 34, 640, 640, 137, 137, 416, 416, 416, 416, 189, 189, 416, 416, 5, 646, 646, 348, 348, 105, 5, 75, 75, 361, 458, 458, 18, 18, 428, 428, 141, 141, 5, 5, 5, 5, 75, 410, 410, 410, 138, 138, 5, 410, 410, 271, 271, 266, 98, 98, 405, 449, 405, 449, 449, 73, 73, 25, 25, 5, 5, 551, 551, 262, 262, 649, 98, 98, 25, 25, 154, 154, 73, 73, 98, 98, 268, 5, 630, 105, 349, 601, 279, 279, 279, 279, 279, 279, 279, 279, 279, 495, 44, 279, 86, 279, 129, 279, 279, 279, 2, 51, 279, 279, 279, 279, 38, 5, 54, 5, 352, 37, 37, 5, 5, 201, 201, 43, 9, 75, 75, 81, 5, 5, 5, 649, 429, 5, 54, 38, 5, 5, 648, 184, 5, 510, 524, 640, 450, 634, 634, 5, 634, 634, 5, 5, 533, 76, 5, 532, 5, 223, 223, 337, 406, 232, 128, 128, 54, 418, 5, 81, 418, 418, 640, 418, 524, 5, 418, 640, 524, 496, 636, 418, 636, 5, 180, 418, 418, 406, 524, 180, 180, 524, 5, 418, 182, 5, 5, 189, 75, 189, 5, 506, 189, 181, 493, 189, 506, 506, 365, 493, 506, 493, 365, 416, 493, 493, 506, 493, 515, 493, 493, 118, 159, 467, 493, 159, 386, 493, 386, 493, 5, 497, 416, 416, 416, 29, 29, 493, 581, 581, 416, 416, 416, 416, 416, 493, 528, 416, 416, 493, 607, 493, 607, 493, 315, 493, 493, 493, 172, 493, 493, 493, 75, 405, 493, 493, 493, 493, 345, 345, 405, 141, 141, 493, 493, 140, 140, 493, 141, 181, 5, 181, 178, 51, 75, 178, 410, 410, 65, 65, 493, 493, 282, 410, 51, 75, 151, 266, 151, 5, 5, 151, 116, 116, 5, 253, 253, 151, 151, 98, 116, 116, 524, 165, 98, 168, 73, 38, 98, 551, 5, 168, 5, 98, 151, 5, 5, 181, 168, 5, 5, 5, 98, 98, 445, 217, 5, 416, 98, 154, 508, 94, 227, 227, 227, 98, 649, 5, 5, 30, 222, 351, 649, 5, 5, 5, 5, 270, 524, 524, 449, 5, 406, 5, 406, 524, 516, 524, 627, 493, 506, 123, 528, 247, 222, 410, 151, 76, 151, 207, 601, 5, 5, 5, 151, 414, 206, 140, 528, 5, 394, 493, 89, 394, 493, 5, 5, 134, 640, 613, 202, 571, 529, 202, 54, 202, 192, 389, 281, 98, 13, 134, 13, 608, 225, 24, 324, 638, 355, 225, 225, 13, 13, 202, 571, 13, 202, 13, 13, 13, 192, 635, 225, 613, 202, 53, 225, 13, 225, 202, 135, 635, 635, 225, 202, 202, 502, 13, 489, 13, 5, 13, 422, 13, 613, 613, 5, 402, 202, 13, 13, 5, 624, 524, 613, 134, 225, 51, 38, 202, 13, 492, 13, 5, 90, 225, 5, 13, 13, 13, 13, 5, 5, 13, 427, 134, 613, 528, 649, 316, 13, 276, 225, 13, 13, 202, 42, 597, 13, 13, 100, 13, 13, 13, 13, 13, 613, 209, 173, 100, 13, 13, 71, 5, 372, 62, 336, 59, 13, 134, 117, 202, 13, 620, 234, 134, 13, 13, 13, 140, 626, 105, 13, 202, 202, 202, 13, 202, 13, 622, 13, 225, 613, 225, 5, 5, 202, 202, 134, 13, 13, 13, 134, 379, 134, 151, 354, 13, 378, 202, 13, 13, 62, 5, 13, 423, 105, 613, 202, 309, 585, 13, 502, 13, 613, 613, 309, 309, 13, 75, 133, 225, 134, 246, 309, 309, 100, 13, 13, 316, 13, 563, 281, 613, 435, 182, 202, 309, 13, 13, 134, 248, 309, 202, 13, 5, 202, 57, 134, 482, 584, 5, 202, 13, 13, 229, 13, 613, 640, 460, 5, 614, 225, 613, 246, 524, 131, 13, 202, 100, 81, 613, 202, 192, 13, 13, 13, 622, 406, 66, 315, 613, 173, 202, 13, 134, 407, 613, 613, 5, 112, 225, 13, 225, 613, 225, 571, 13, 202, 486, 304, 613, 225, 225, 202, 451, 13, 173, 151, 13, 202, 134, 13, 613, 151, 189, 202, 13, 421, 225, 5, 13, 272, 189, 13, 4, 613, 13, 202, 386, 274, 51, 13, 613, 613, 13, 274, 311, 202, 225, 107, 51, 134, 51, 51, 13, 52, 202, 13, 202, 202, 202, 54, 202, 489, 202, 613, 449, 274, 134, 10, 220, 13, 433, 613, 202, 567, 552, 202, 202, 13, 202, 613, 5, 134, 202, 236, 13, 134, 244, 347, 202, 134, 211, 507, 507, 202, 5, 649, 649, 13, 13, 207, 202, 202, 202, 613, 130, 489, 134, 202, 225, 202, 51, 304, 192, 202, 51, 134, 613, 179, 274, 202, 344, 134, 71, 281, 436, 134, 202, 389, 13, 613, 168, 421, 98, 573, 283, 272, 202, 134, 13, 611, 13, 222, 613, 98, 134, 473, 350, 613, 51, 473, 578, 13, 369, 81, 100, 225, 613, 13, 134, 134, 134, 13, 13, 613, 13, 417, 589, 528, 81, 254, 528, 631, 528, 528, 528, 528, 305, 622, 528, 5, 5, 402, 528, 5, 44, 528, 139, 508, 506, 528, 528, 535, 601, 481, 481, 481, 5, 5, 48, 449, 98, 35, 98, 151, 98, 410, 98, 168, 404, 168, 157, 54, 209, 640, 5, 51, 493, 572, 190, 5, 231, 491, 136, 516, 1, 543, 363, 386, 539, 5, 213, 517, 410, 418, 73, 44, 5, 61, 640, 51, 153, 5, 159, 526, 508, 189, 81, 105, 5, 449, 449, 44, 484, 75, 189, 194, 390, 5, 416, 140, 247, 634, 333, 5, 533, 219, 5, 54, 399, 406, 493, 533, 5, 189, 152, 5, 395, 444, 22, 5, 410, 640, 44, 5, 73, 204, 35, 37, 5, 493, 5, 449, 5, 524, 410, 425, 524, 258, 71, 554, 5, 105, 44, 81, 5, 544, 5, 54, 356, 46, 69, 73, 438, 5, 5, 5, 5, 338, 230, 165, 5, 386, 365, 181, 5, 474, 5, 5, 5, 449, 5, 604, 75, 528, 569, 5, 405, 386, 80, 5, 576, 5, 209, 75, 5, 51, 449, 449, 5, 524, 226, 410, 71, 5, 524, 514, 105, 181, 5, 151, 35, 217, 425, 5, 404, 493, 98, 449, 73, 98, 136, 165, 491, 98, 410, 449, 526, 157, 5, 5, 231, 5, 51, 405, 5, 386, 51, 493, 517, 386, 226, 315, 54, 416, 54, 416, 181, 54, 549, 516, 5, 608, 416, 247, 5, 508, 517, 5, 475, 589, 5, 153, 539, 159, 181, 475, 399, 23, 217, 365, 189, 189, 189, 5, 483, 5, 5, 190, 475, 54, 38, 194, 524, 181, 554, 251, 151, 151, 222, 217, 5, 449, 5, 516, 177, 5, 5, 46, 217, 356, 528, 5, 44, 219, 457, 151, 239, 140, 524, 62, 576, 61, 383, 151, 54, 22, 44, 44, 44, 410, 640, 449, 528, 406, 5, 333, 5, 449, 484, 418, 444, 140, 415, 532, 5, 5, 474, 524, 405, 449, 213, 475, 158, 315, 140, 5, 22, 169, 371, 5, 544, 533, 75, 140, 533, 81, 258, 5, 5, 5, 634, 640, 640, 524, 22, 5, 5, 22, 5, 22, 5, 22, 410, 10, 5, 528, 140, 449, 71, 524, 69, 38, 449, 140, 222, 38, 75, 173, 368, 5, 105, 105, 308, 87, 105, 71, 5, 140, 395, 105, 566, 51, 181, 5, 105, 209, 5, 449, 5, 204, 5, 542, 539, 569, 280, 152, 5, 449, 5, 395, 222, 390, 1, 449, 5, 75, 5, 217, 