{"Run": 0, "K": 241, "WCSSD": 2415.2484798762093, "Purity": 0.4480389350128829, "Time": 10.053926944732666, "Kmeans_Labels": [135, 4, 149, 149, 4, 4, 212, 87, 4, 4, 4, 30, 13, 13, 4, 4, 185, 178, 139, 157, 4, 4, 184, 13, 85, 178, 168, 178, 157, 4, 13, 139, 157, 178, 139, 4, 13, 13, 30, 13, 139, 212, 15, 31, 13, 232, 13, 4, 4, 4, 4, 130, 130, 233, 135, 169, 4, 178, 149, 149, 4, 178, 4, 38, 4, 67, 13, 141, 13, 4, 178, 139, 4, 4, 184, 4, 135, 104, 185, 4, 4, 198, 115, 178, 87, 4, 106, 4, 4, 4, 4, 144, 115, 115, 4, 212, 4, 4, 87, 4, 87, 184, 4, 212, 4, 159, 212, 43, 15, 184, 59, 15, 59, 13, 135, 184, 130, 4, 4, 27, 4, 4, 27, 149, 149, 27, 130, 149, 10, 198, 27, 27, 198, 4, 4, 157, 4, 4, 4, 4, 84, 149, 149, 157, 27, 27, 4, 4, 4, 149, 27, 73, 106, 157, 4, 27, 4, 4, 149, 4, 4, 27, 27, 4, 221, 27, 106, 85, 198, 106, 185, 4, 4, 130, 27, 4, 164, 114, 27, 4, 4, 4, 4, 4, 27, 184, 27, 4, 4, 184, 4, 84, 4, 27, 149, 149, 4, 130, 4, 2, 87, 4, 185, 38, 27, 87, 27, 87, 4, 4, 4, 4, 87, 87, 87, 27, 27, 115, 30, 84, 87, 184, 4, 30, 4, 27, 139, 30, 130, 27, 4, 4, 87, 4, 87, 4, 4, 157, 4, 4, 27, 4, 84, 87, 130, 87, 4, 189, 130, 27, 212, 43, 4, 27, 85, 139, 27, 4, 27, 189, 237, 223, 30, 149, 27, 4, 130, 212, 4, 38, 184, 212, 147, 43, 212, 4, 199, 4, 27, 27, 27, 135, 135, 4, 212, 212, 38, 43, 212, 10, 27, 212, 4, 212, 43, 212, 43, 176, 15, 130, 139, 212, 4, 43, 43, 212, 212, 212, 212, 59, 84, 135, 43, 77, 2, 135, 184, 59, 15, 4, 15, 59, 130, 15, 38, 30, 4, 135, 84, 15, 157, 180, 27, 135, 130, 4, 27, 135, 178, 235, 4, 226, 200, 130, 27, 222, 4, 232, 4, 232, 200, 198, 130, 232, 30, 4, 4, 24, 19, 78, 16, 4, 184, 0, 158, 84, 25, 16, 27, 86, 78, 25, 25, 27, 25, 27, 27, 27, 237, 185, 237, 184, 27, 185, 4, 130, 130, 178, 149, 184, 4, 4, 185, 147, 4, 4, 38, 228, 4, 31, 84, 4, 149, 4, 36, 84, 4, 149, 149, 4, 4, 198, 57, 106, 4, 4, 43, 130, 4, 27, 4, 149, 4, 4, 31, 43, 4, 15, 19, 78, 225, 4, 184, 106, 184, 198, 198, 157, 157, 85, 149, 4, 35, 35, 4, 4, 55, 55, 15, 15, 30, 30, 15, 31, 4, 226, 226, 4, 78, 78, 226, 226, 4, 57, 57, 157, 174, 174, 149, 4, 4, 37, 149, 57, 198, 84, 139, 163, 170, 170, 87, 87, 4, 115, 115, 4, 4, 115, 115, 115, 35, 139, 11, 11, 4, 85, 4, 35, 35, 4, 87, 4, 84, 138, 138, 4, 115, 115, 4, 149, 149, 226, 4, 4, 4, 4, 4, 212, 4, 149, 212, 4, 149, 212, 212, 149, 4, 115, 149, 59, 59, 212, 15, 15, 43, 43, 15, 15, 59, 30, 15, 43, 43, 59, 59, 4, 4, 59, 59, 59, 59, 173, 173, 59, 59, 112, 35, 35, 35, 35, 139, 4, 84, 84, 30, 98, 98, 146, 146, 8, 8, 139, 139, 188, 4, 4, 4, 201, 232, 232, 232, 200, 200, 4, 231, 232, 4, 4, 4, 63, 63, 35, 139, 35, 226, 226, 25, 25, 25, 25, 139, 139, 78, 78, 78, 78, 198, 16, 16, 25, 25, 25, 25, 17, 25, 78, 78, 16, 4, 4, 228, 204, 4, 12, 12, 12, 12, 12, 12, 12, 99, 12, 30, 30, 99, 12, 12, 13, 12, 12, 12, 12, 130, 12, 12, 58, 39, 38, 31, 31, 4, 78, 236, 236, 185, 185, 57, 57, 184, 135, 84, 84, 130, 4, 4, 4, 57, 4, 149, 31, 38, 149, 4, 139, 4, 139, 31, 4, 149, 185, 115, 115, 4, 115, 115, 4, 4, 170, 185, 4, 115, 4, 4, 4, 115, 71, 115, 115, 115, 31, 115, 139, 4, 115, 115, 115, 115, 4, 139, 115, 115, 115, 4, 115, 115, 115, 4, 138, 115, 115, 71, 100, 138, 138, 115, 4, 31, 90, 192, 69, 43, 84, 4, 15, 43, 43, 85, 15, 4, 212, 15, 59, 15, 43, 15, 59, 59, 15, 15, 43, 15, 135, 15, 15, 15, 15, 4, 15, 15, 135, 15, 15, 15, 4, 132, 59, 59, 59, 109, 4, 15, 156, 156, 59, 59, 59, 59, 59, 15, 226, 59, 59, 15, 15, 15, 59, 15, 30, 15, 15, 15, 4, 15, 15, 15, 181, 35, 181, 181, 181, 181, 98, 98, 35, 15, 15, 15, 15, 178, 178, 15, 4, 226, 184, 226, 226, 226, 84, 226, 232, 226, 232, 232, 238, 238, 226, 4, 226, 84, 4, 226, 226, 4, 4, 139, 226, 226, 226, 226, 226, 4, 4, 16, 16, 16, 226, 25, 125, 78, 25, 38, 16, 78, 185, 78, 25, 16, 4, 16, 16, 171, 78, 4, 4, 4, 16, 16, 16, 220, 198, 59, 16, 25, 226, 184, 61, 61, 61, 16, 157, 4, 57, 4, 4, 57, 157, 57, 198, 213, 4, 4, 4, 139, 130, 4, 71, 4, 4, 103, 4, 185, 4, 15, 43, 15, 130, 120, 4, 4, 185, 185, 185, 32, 184, 149, 157, 4, 185, 4, 24, 178, 130, 4, 135, 15, 16, 135, 15, 4, 4, 45, 4, 45, 137, 4, 4, 216, 31, 137, 205, 45, 45, 16, 32, 45, 32, 198, 32, 45, 32, 32, 85, 32, 32, 32, 32, 9, 198, 32, 137, 32, 32, 32, 205, 205, 32, 45, 9, 32, 32, 211, 32, 9, 32, 205, 205, 32, 137, 9, 32, 32, 9, 32, 4, 32, 9, 32, 45, 45, 4, 10, 137, 32, 32, 184, 130, 4, 45, 45, 32, 4, 38, 137, 32, 137, 26, 81, 126, 32, 4, 32, 32, 32, 32, 4, 4, 32, 32, 40, 45, 198, 157, 32, 32, 32, 32, 32, 26, 137, 32, 32, 32, 32, 184, 32, 32, 26, 32, 32, 45, 4, 108, 45, 32, 32, 67, 4, 4, 114, 4, 45, 32, 45, 4, 9, 32, 198, 137, 145, 32, 32, 26, 178, 45, 228, 32, 137, 137, 137, 32, 127, 32, 4, 32, 32, 45, 32, 184, 4, 137, 137, 45, 32, 32, 32, 45, 45, 26, 130, 4, 32, 32, 137, 32, 32, 114, 4, 32, 32, 228, 45, 137, 32, 32, 32, 32, 32, 45, 45, 32, 137, 32, 84, 4, 32, 4, 32, 35, 137, 32, 32, 32, 13, 32, 4, 45, 45, 4, 4, 137, 9, 32, 32, 45, 137, 137, 137, 32, 4, 9, 114, 45, 32, 45, 31, 137, 32, 32, 184, 50, 45, 4, 32, 44, 32, 32, 45, 202, 4, 137, 32, 137, 184, 130, 45, 137, 205, 32, 26, 32, 4, 71, 195, 4, 45, 108, 195, 32, 153, 32, 45, 45, 4, 160, 32, 32, 32, 45, 32, 4, 32, 137, 4, 45, 45, 32, 32, 215, 137, 32, 4, 4, 32, 137, 80, 32, 45, 4, 43, 137, 26, 42, 32, 4, 32, 85, 32, 32, 137, 45, 32, 9, 135, 137, 185, 32, 45, 45, 45, 130, 32, 9, 32, 96, 191, 45, 130, 4, 32, 32, 137, 229, 137, 216, 137, 31, 9, 9, 137, 45, 139, 32, 136, 24, 71, 32, 32, 45, 137, 32, 85, 137, 137, 32, 9, 45, 89, 48, 137, 32, 32, 45, 32, 45, 137, 45, 32, 157, 45, 137, 4, 157, 157, 116, 32, 32, 137, 137, 9, 45, 45, 162, 45, 137, 32, 9, 130, 45, 205, 137, 4, 45, 45, 45, 4, 42, 32, 45, 67, 45, 45, 45, 42, 45, 32, 45, 78, 42, 16, 42, 16, 85, 137, 45, 32, 32, 32, 4, 45, 16, 45, 32, 32, 45, 4, 45, 32, 32, 45, 198, 184, 32, 45, 45, 45, 45, 45, 32, 32, 45, 32, 157, 182, 130, 198, 85, 130, 4, 130, 130, 130, 130, 4, 130, 130, 4, 149, 10, 130, 157, 30, 130, 4, 226, 149, 130, 130, 78, 4, 226, 226, 226, 4, 4, 4, 184, 25, 139, 16, 19, 16, 184, 25, 78, 25, 78, 30, 31, 141, 4, 4, 226, 181, 4, 43, 59, 232, 139, 25, 4, 85, 23, 4, 135, 4, 140, 115, 139, 226, 115, 25, 30, 4, 212, 4, 4, 5, 149, 15, 226, 226, 43, 4, 139, 4, 4, 95, 64, 4, 84, 212, 30, 4, 4, 15, 178, 120, 115, 30, 4, 4, 4, 149, 31, 4, 4, 15, 170, 4, 118, 139, 4, 198, 143, 85, 184, 232, 4, 30, 4, 25, 228, 139, 174, 4, 15, 4, 4, 1, 198, 226, 61, 4, 29, 67, 38, 4, 84, 30, 226, 4, 115, 4, 31, 4, 212, 4, 25, 4, 4, 4, 198, 57, 4, 113, 25, 4, 135, 59, 139, 4, 111, 4, 4, 49, 4, 4, 178, 84, 130, 33, 4, 35, 129, 19, 206, 71, 38, 4, 84, 4, 185, 139, 139, 4, 4, 85, 85, 67, 4, 4, 4, 228, 4, 4, 234, 139, 198, 61, 4, 25, 74, 16, 139, 25, 25, 25, 25, 139, 16, 226, 139, 226, 30, 85, 4, 232, 4, 226, 35, 4, 135, 4, 181, 139, 129, 85, 51, 31, 59, 31, 59, 4, 31, 198, 198, 4, 198, 15, 120, 178, 226, 4, 85, 83, 130, 59, 5, 4, 15, 184, 83, 4, 198, 142, 59, 118, 212, 43, 140, 4, 198, 4, 43, 83, 31, 38, 30, 4, 130, 38, 212, 4, 198, 4, 198, 184, 139, 92, 4, 130, 198, 4, 212, 85, 4, 130, 4, 30, 4, 4, 4, 30, 178, 4, 114, 71, 212, 184, 234, 31, 85, 30, 64, 30, 226, 4, 95, 226, 4, 4, 30, 206, 139, 4, 115, 143, 178, 4, 115, 4, 4, 111, 4, 35, 139, 115, 83, 4, 4, 178, 4, 85, 4, 177, 4, 115, 170, 84, 178, 4, 4, 29, 4, 4, 4, 115, 4, 4, 198, 85, 38, 4, 85, 4, 85, 4, 85, 85, 4, 4, 130, 178, 31, 67, 4, 4, 157, 4, 178, 67, 38, 84, 185, 4, 240, 4, 4, 85, 184, 139, 67, 4, 178, 198, 228, 178, 184, 139, 4, 84, 4, 4, 139, 149, 228, 4, 85, 85, 33, 166, 139, 178, 4, 49, 198, 130, 4, 85, 4, 4, 84, 4, 4, 4, 57, 23, 149, 4, 157, 85, 4, 183, 4, 4, 178, 184, 4, 178, 4, 4, 149, 4, 174, 135, 4, 84, 178, 38, 4, 4, 4, 76, 184, 139, 85, 92, 178, 74, 85, 18, 142, 185, 142, 183, 166, 85, 51, 35, 4, 4, 67, 184, 85, 4, 38, 31, 4, 130, 57, 4, 4, 139, 4, 113, 114, 139, 198, 198, 139, 149, 133, 198, 4, 196, 19, 4, 184, 76, 226, 25, 4, 25, 139, 60, 16, 182, 19, 16, 25, 185, 148, 93, 78, 97, 16, 149, 93, 135, 184, 184, 212, 149, 25, 79, 135, 53, 93, 30, 4, 25, 185, 208, 59, 4, 52, 185, 93, 94, 4, 93, 130, 4, 15, 16, 115, 17, 16, 93, 93, 15, 115, 4, 93, 4, 15, 93, 184, 35, 232, 232, 93, 93, 93, 228, 59, 78, 114, 157, 93, 16, 126, 4,