{"Run": 5, "K": 241, "WCSSD": 2363.468313176976, "Purity": 0.46206699112510735, "Time": 10.213635921478271, "Kmeans_Labels": [8, 156, 110, 55, 11, 11, 156, 39, 156, 194, 11, 193, 11, 69, 11, 11, 99, 15, 92, 11, 11, 11, 95, 69, 69, 15, 11, 15, 108, 11, 69, 11, 108, 15, 11, 232, 69, 69, 193, 69, 11, 69, 52, 42, 69, 11, 69, 11, 11, 153, 185, 173, 173, 11, 143, 131, 11, 15, 55, 55, 11, 15, 11, 52, 131, 12, 69, 156, 69, 131, 15, 185, 11, 59, 214, 11, 11, 11, 99, 11, 11, 11, 218, 15, 39, 11, 59, 104, 11, 11, 11, 11, 131, 171, 11, 162, 11, 11, 39, 11, 39, 214, 11, 165, 165, 162, 162, 151, 11, 214, 107, 107, 107, 69, 218, 214, 95, 11, 100, 80, 3, 11, 50, 55, 55, 80, 20, 55, 95, 11, 80, 80, 100, 11, 11, 108, 11, 11, 11, 11, 212, 55, 55, 108, 80, 50, 11, 11, 11, 55, 80, 225, 59, 108, 11, 80, 11, 11, 55, 11, 11, 80, 80, 11, 162, 80, 59, 95, 33, 59, 115, 122, 11, 173, 80, 11, 30, 7, 80, 11, 185, 11, 11, 153, 80, 11, 80, 11, 11, 173, 11, 212, 11, 80, 55, 55, 11, 95, 11, 218, 39, 11, 99, 30, 80, 39, 70, 218, 59, 11, 11, 11, 39, 39, 39, 80, 80, 218, 193, 212, 39, 214, 11, 193, 161, 80, 11, 193, 173, 176, 11, 11, 39, 11, 39, 11, 218, 108, 11, 11, 80, 11, 212, 194, 173, 39, 194, 11, 95, 80, 218, 218, 11, 80, 95, 11, 80, 11, 80, 218, 11, 11, 124, 110, 165, 11, 95, 165, 11, 218, 95, 162, 11, 32, 162, 162, 100, 11, 80, 165, 80, 162, 41, 11, 162, 162, 30, 74, 162, 95, 80, 162, 11, 107, 211, 31, 32, 162, 107, 173, 11, 162, 11, 32, 32, 162, 162, 162, 162, 107, 212, 41, 32, 32, 218, 41, 100, 107, 107, 11, 107, 107, 173, 107, 30, 193, 11, 142, 212, 194, 108, 80, 80, 8, 173, 8, 80, 11, 15, 80, 11, 95, 39, 95, 80, 11, 11, 80, 11, 11, 212, 11, 173, 11, 193, 11, 110, 33, 23, 174, 47, 11, 116, 47, 107, 212, 128, 47, 80, 11, 47, 47, 16, 80, 128, 80, 80, 80, 11, 99, 11, 173, 80, 99, 11, 173, 173, 15, 55, 11, 11, 11, 99, 11, 52, 11, 30, 142, 11, 42, 212, 11, 55, 11, 11, 212, 80, 55, 55, 11, 95, 11, 131, 59, 156, 11, 32, 95, 59, 80, 59, 11, 59, 11, 42, 165, 11, 11, 23, 47, 47, 52, 100, 59, 11, 123, 123, 108, 108, 11, 55, 11, 2, 2, 218, 218, 107, 107, 11, 107, 193, 193, 107, 42, 11, 65, 65, 11, 47, 47, 65, 65, 11, 131, 131, 108, 52, 52, 55, 131, 131, 131, 55, 131, 142, 180, 224, 218, 171, 171, 39, 39, 171, 171, 171, 11, 11, 171, 171, 171, 225, 11, 218, 218, 185, 40, 156, 225, 225, 156, 39, 11, 212, 218, 218, 11, 171, 171, 165, 165, 165, 65, 11, 11, 11, 11, 11, 165, 11, 55, 165, 11, 165, 165, 165, 165, 11, 171, 55, 201, 201, 162, 218, 218, 32, 32, 107, 107, 218, 193, 107, 32, 32, 218, 218, 11, 11, 201, 201, 150, 150, 125, 125, 107, 201, 123, 225, 225, 225, 225, 142, 11, 212, 212, 193, 11, 11, 193, 193, 11, 11, 101, 101, 11, 11, 11, 11, 212, 11, 11, 11, 11, 11, 108, 11, 11, 65, 65, 95, 219, 219, 225, 11, 225, 65, 65, 128, 128, 6, 6, 118, 118, 174, 174, 174, 174, 11, 47, 47, 174, 174, 62, 62, 128, 128, 47, 47, 47, 123, 11, 142, 15, 59, 38, 38, 38, 38, 38, 38, 38, 38, 38, 193, 193, 38, 38, 38, 130, 38, 38, 38, 38, 173, 38, 38, 38, 38, 181, 11, 42, 11, 174, 52, 52, 99, 99, 131, 131, 95, 11, 131, 131, 95, 11, 11, 11, 131, 11, 55, 42, 30, 55, 11, 132, 11, 52, 42, 11, 218, 99, 171, 171, 11, 171, 171, 11, 11, 131, 99, 11, 131, 11, 65, 65, 171, 104, 175, 171, 171, 42, 171, 52, 185, 171, 171, 218, 171, 171, 52, 163, 171, 185, 185, 171, 163, 171, 171, 218, 171, 171, 104, 11, 218, 218, 171, 194, 42, 11, 11, 11, 165, 212, 66, 110, 32, 165, 11, 107, 165, 165, 49, 53, 107, 60, 201, 201, 201, 201, 201, 49, 107, 165, 107, 107, 107, 49, 11, 107, 49, 201, 107, 107, 107, 11, 225, 107, 107, 107, 173, 11, 107, 107, 107, 201, 201, 83, 107, 201, 107, 201, 201, 201, 107, 201, 107, 201, 37, 193, 107, 194, 107, 11, 194, 37, 37, 194, 225, 194, 194, 194, 194, 11, 11, 225, 107, 107, 107, 107, 15, 15, 107, 65, 65, 100, 65, 65, 65, 212, 65, 95, 65, 169, 169, 107, 107, 65, 194, 65, 212, 85, 65, 65, 210, 210, 95, 65, 65, 65, 65, 65, 11, 11, 47, 47, 47, 65, 6, 47, 47, 128, 30, 89, 174, 99, 174, 118, 89, 11, 118, 118, 11, 174, 11, 11, 146, 47, 47, 47, 11, 11, 11, 183, 94, 65, 214, 137, 137, 137, 47, 108, 11, 131, 153, 95, 131, 108, 131, 11, 11, 73, 11, 11, 11, 95, 11, 104, 11, 104, 11, 110, 99, 11, 107, 32, 107, 201, 107, 138, 11, 99, 99, 99, 206, 59, 55, 108, 11, 99, 11, 33, 15, 173, 11, 8, 226, 47, 8, 226, 11, 185, 167, 11, 167, 75, 11, 165, 46, 42, 46, 93, 167, 167, 47, 45, 167, 102, 123, 45, 45, 45, 205, 78, 189, 189, 14, 45, 46, 123, 45, 10, 45, 45, 45, 93, 93, 45, 167, 46, 45, 189, 45, 189, 46, 45, 93, 93, 189, 46, 46, 189, 45, 235, 14, 100, 45, 14, 45, 167, 167, 11, 95, 46, 14, 45, 185, 173, 11, 167, 45, 45, 95, 30, 46, 45, 46, 14, 11, 45, 189, 11, 45, 45, 45, 45, 11, 11, 45, 45, 45, 167, 100, 108, 69, 45, 45, 45, 45, 14, 46, 43, 45, 14, 45, 173, 109, 45, 186, 45, 45, 167, 156, 117, 167, 45, 45, 12, 11, 11, 7, 11, 167, 45, 45, 52, 46, 45, 213, 46, 45, 45, 45, 14, 215, 167, 142, 45, 46, 46, 46, 45, 46, 45, 11, 45, 189, 167, 189, 11, 52, 46, 46, 45, 45, 45, 45, 45, 167, 14, 95, 11, 45, 45, 46, 45, 45, 7, 185, 45, 26, 142, 167, 46, 45, 45, 45, 45, 45, 167, 167, 45, 46, 45, 212, 11, 189, 14, 45, 225, 46, 45, 45, 45, 69, 45, 11, 167, 167, 11, 11, 46, 46, 45, 45, 167, 46, 46, 46, 45, 11, 46, 134, 167, 45, 167, 42, 46, 45, 230, 173, 45, 166, 11, 45, 11, 45, 45, 167, 167, 11, 46, 45, 46, 45, 121, 167, 75, 93, 45, 136, 45, 11, 104, 193, 123, 167, 117, 46, 45, 14, 45, 167, 167, 110, 44, 189, 14, 189, 167, 189, 11, 45, 46, 11, 167, 167, 45, 45, 46, 46, 45, 11, 11, 45, 46, 167, 45, 167, 11, 165, 46, 14, 46, 189, 11, 190, 95, 45, 45, 46, 167, 45, 46, 218, 46, 99, 45, 167, 167, 45, 173, 45, 46, 45, 46, 11, 45, 173, 95, 189, 45, 46, 45, 46, 46, 46, 42, 46, 235, 46, 167, 11, 45, 167, 33, 104, 189, 45, 167, 46, 45, 173, 46, 158, 213, 46, 167, 123, 45, 46, 45, 45, 45, 45, 167, 46, 45, 189, 14, 167, 46, 123, 108, 108, 14, 45, 206, 46, 46, 46, 29, 167, 114, 140, 46, 45, 46, 95, 167, 93, 46, 11, 45, 207, 45, 173, 46, 45, 167, 12, 167, 103, 140, 46, 167, 45, 167, 174, 46, 47, 46, 47, 95, 46, 14, 45, 45, 45, 11, 167, 47, 167, 45, 189, 167, 11, 45, 14, 45, 167, 173, 173, 189, 167, 45, 45, 167, 167, 102, 45, 167, 102, 108, 123, 173, 11, 95, 173, 11, 173, 173, 173, 173, 95, 100, 173, 149, 55, 95, 173, 147, 193, 173, 11, 99, 55, 173, 173, 174, 59, 161, 161, 161, 11, 11, 11, 90, 155, 11, 199, 23, 47, 100, 174, 174, 62, 174, 193, 42, 156, 171, 11, 65, 194, 65, 32, 11, 11, 11, 128, 110, 100, 55, 11, 11, 11, 162, 11, 11, 65, 171, 128, 193, 19, 165, 171, 11, 107, 55, 49, 198, 59, 32, 95, 202, 165, 11, 11, 193, 11, 212, 165, 193, 11, 11, 83, 15, 107, 171, 77, 100, 131, 105, 55, 42, 201, 104, 194, 131, 11, 165, 11, 11, 156, 108, 40, 100, 65, 218, 193, 11, 128, 142, 131, 52, 11, 107, 11, 170, 11, 11, 65, 137, 88, 171, 12, 30, 11, 142, 135, 11, 11, 171, 11, 42, 11, 162, 11, 128, 11, 142, 11, 123, 131, 11, 11, 6, 71, 11, 53, 11, 218, 15, 123, 11, 55, 11, 11, 15, 212, 173, 212, 11, 225, 11, 23, 11, 228, 11, 145, 212, 11, 99, 11, 11, 152, 11, 95, 95, 12, 11, 11, 68, 142, 11, 11, 11, 11, 123, 137, 11, 62, 107, 47, 11, 128, 174, 128, 6, 11, 199, 65, 11, 198, 193, 11, 152, 11, 11, 65, 225, 11, 11, 11, 194, 11, 11, 95, 123, 42, 107, 42, 201, 11, 42, 123, 110, 71, 123, 83, 107, 15, 59, 11, 123, 123, 65, 11, 107, 11, 49, 100, 123, 201, 123, 95, 53, 165, 165, 32, 162, 11, 123, 165, 32, 123, 42, 30, 193, 95, 95, 30, 162, 123, 123, 11, 123, 100, 11, 123, 110, 65, 123, 173, 162, 95, 11, 173, 123, 193, 105, 11, 194, 193, 15, 11, 7, 228, 165, 100, 11, 42, 40, 135, 193, 193, 95, 171, 11, 95, 104, 11, 77, 11, 11, 11, 171, 108, 15, 11, 171, 11, 11, 15, 11, 225, 11, 11, 123, 218, 123, 15, 11, 63, 11, 11, 11, 171, 131, 212, 15, 131, 11, 171, 19, 11, 11, 171, 218, 171, 11, 0, 11, 11, 63, 218, 40, 95, 40, 95, 33, 100, 173, 15, 11, 12, 11, 11, 108, 11, 15, 18, 15, 212, 64, 11, 55, 142, 142, 123, 156, 202, 12, 11, 15, 173, 142, 142, 173, 11, 142, 142, 145, 11, 11, 55, 142, 11, 95, 185, 212, 52, 11, 15, 11, 55, 156, 95, 11, 100, 170, 11, 212, 11, 123, 11, 131, 55, 55, 11, 108, 95, 68, 11, 11, 95, 15, 212, 88, 15, 11, 11, 55, 11, 52, 11, 11, 212, 15, 30, 11, 218, 11, 123, 