{"Run": 2, "K": 29, "WCSSD": 2867.4615374023424, "Purity": 0.22214894573650204, "Time": 1.3035149574279785, "Kmeans_Labels": [6, 26, 14, 14, 6, 6, 26, 6, 26, 6, 6, 6, 26, 6, 6, 26, 6, 6, 6, 6, 6, 6, 6, 26, 6, 6, 6, 21, 6, 6, 6, 6, 6, 6, 6, 6, 6, 6, 6, 6, 6, 6, 6, 2, 6, 6, 6, 6, 22, 6, 6, 6, 6, 6, 6, 6, 6, 26, 14, 14, 9, 6, 6, 6, 26, 26, 26, 26, 6, 26, 26, 6, 6, 6, 6, 6, 6, 6, 6, 6, 6, 6, 6, 6, 6, 6, 6, 6, 6, 6, 6, 6, 6, 6, 6, 6, 6, 6, 6, 6, 6, 6, 6, 6, 6, 6, 6, 6, 6, 6, 6, 6, 6, 6, 6, 6, 6, 6, 6, 12, 6, 6, 12, 14, 14, 12, 6, 14, 6, 6, 12, 12, 6, 6, 6, 6, 6, 6, 6, 6, 21, 14, 14, 21, 12, 12, 6, 6, 6, 14, 12, 20, 6, 6, 6, 12, 6, 6, 14, 6, 6, 12, 12, 6, 6, 12, 6, 6, 6, 6, 12, 6, 6, 6, 12, 6, 6, 6, 12, 6, 6, 6, 14, 6, 12, 6, 12, 6, 6, 6, 6, 21, 6, 12, 14, 14, 6, 6, 6, 6, 6, 6, 6, 6, 12, 6, 12, 6, 6, 6, 6, 6, 12, 6, 6, 12, 12, 6, 6, 21, 12, 6, 6, 6, 6, 12, 6, 6, 6, 12, 6, 6, 6, 6, 6, 6, 6, 6, 23, 6, 12, 6, 21, 6, 6, 6, 6, 6, 6, 12, 6, 6, 6, 12, 6, 6, 12, 6, 12, 6, 6, 6, 6, 14, 12, 14, 6, 6, 6, 6, 6, 21, 6, 6, 6, 6, 6, 6, 12, 15, 12, 6, 6, 6, 6, 6, 6, 14, 6, 6, 12, 6, 6, 6, 14, 6, 6, 21, 6, 5, 6, 6, 6, 6, 6, 21, 6, 6, 6, 6, 21, 6, 6, 6, 6, 6, 6, 6, 6, 6, 6, 6, 6, 6, 6, 6, 6, 3, 21, 6, 6, 12, 12, 6, 6, 6, 12, 6, 6, 12, 6, 6, 21, 6, 12, 6, 6, 12, 6, 6, 21, 6, 6, 21, 6, 6, 6, 6, 28, 16, 16, 6, 6, 16, 16, 21, 8, 16, 12, 6, 16, 16, 8, 12, 8, 12, 12, 12, 6, 6, 6, 6, 12, 14, 6, 6, 6, 6, 14, 6, 6, 22, 6, 6, 6, 6, 6, 3, 6, 12, 21, 6, 14, 6, 6, 21, 12, 14, 14, 6, 6, 6, 6, 6, 26, 6, 6, 6, 6, 12, 6, 14, 6, 6, 6, 6, 6, 6, 28, 16, 16, 6, 6, 6, 6, 6, 6, 6, 6, 6, 14, 6, 20, 20, 6, 6, 6, 6, 6, 6, 6, 6, 6, 2, 6, 6, 6, 6, 16, 16, 6, 6, 6, 6, 6, 6, 6, 6, 14, 6, 6, 6, 14, 6, 3, 21, 6, 6, 6, 6, 6, 6, 6, 6, 6, 6, 6, 6, 6, 6, 20, 6, 6, 6, 6, 6, 26, 20, 20, 26, 6, 6, 21, 6, 6, 6, 6, 6, 6, 14, 14, 6, 6, 6, 6, 6, 6, 6, 6, 14, 6, 6, 14, 6, 6, 14, 6, 6, 14, 27, 27, 27, 6, 6, 6, 6, 6, 6, 6, 6, 6, 6, 6, 6, 6, 6, 6, 6, 6, 6, 6, 6, 6, 6, 6, 6, 20, 20, 20, 20, 3, 6, 21, 21, 6, 6, 6, 6, 6, 6, 6, 6, 6, 6, 6, 6, 6, 21, 21, 21, 21, 21, 21, 6, 6, 6, 6, 6, 6, 16, 16, 20, 6, 20, 6, 6, 8, 8, 8, 8, 24, 24, 16, 16, 8, 8, 6, 16, 16, 8, 8, 8, 8, 8, 8, 16, 16, 16, 6, 6, 3, 6, 6, 6, 6, 6, 6, 6, 6, 6, 6, 6, 6, 6, 6, 6, 6, 6, 6, 6, 6, 6, 6, 6, 6, 6, 6, 6, 6, 2, 6, 16, 6, 6, 6, 6, 6, 6, 6, 6, 21, 21, 6, 6, 26, 6, 6, 6, 14, 2, 6, 14, 6, 6, 6, 6, 6, 6, 14, 26, 6, 6, 6, 6, 6, 6, 6, 6, 6, 6, 6, 6, 6, 6, 6, 6, 6, 6, 6, 2, 6, 6, 6, 6, 6, 6, 6, 6, 6, 6, 6, 6, 6, 6, 6, 6, 6, 6, 6, 6, 6, 6, 6, 6, 6, 6, 6, 6, 6, 6, 6, 21, 6, 6, 6, 6, 6, 6, 6, 6, 6, 27, 6, 6, 6, 27, 27, 27, 27, 6, 6, 6, 6, 6, 6, 6, 6, 6, 6, 6, 6, 6, 6, 6, 20, 6, 6, 6, 6, 6, 6, 6, 6, 6, 6, 6, 6, 6, 6, 6, 6, 6, 6, 6, 6, 6, 6, 6, 6, 6, 6, 6, 6, 6, 6, 21, 20, 6, 6, 6, 6, 6, 6, 20, 6, 6, 6, 6, 6, 6, 6, 6, 6, 6, 6, 6, 6, 21, 6, 6, 6, 6, 6, 6, 6, 6, 6, 6, 21, 6, 6, 6, 6, 6, 6, 6, 6, 6, 6, 6, 6, 6, 16, 16, 16, 6, 8, 16, 16, 8, 6, 16, 8, 6, 16, 24, 16, 6, 24, 24, 6, 16, 6, 6, 6, 16, 16, 16, 6, 6, 6, 16, 8, 6, 6, 16, 6, 16, 16, 6, 6, 6, 6, 6, 6, 6, 6, 6, 6, 6, 6, 6, 6, 6, 6, 6, 6, 6, 6, 6, 6, 6, 6, 6, 6, 6, 6, 6, 6, 6, 6, 6, 7, 6, 14, 14, 6, 6, 6, 6, 6, 6, 6, 6, 6, 16, 6, 6, 6, 6, 7, 6, 7, 13, 6, 6, 13, 2, 13, 13, 7, 7, 16, 7, 7, 7, 23, 7, 7, 7, 7, 6, 7, 7, 7, 7, 13, 6, 7, 13, 7, 7, 7, 7, 6, 7, 7, 13, 7, 7, 7, 7, 13, 7, 13, 6, 7, 13, 13, 7, 7, 13, 7, 6, 7, 7, 7, 7, 7, 6, 6, 13, 7, 7, 6, 6, 6, 7, 7, 7, 6, 6, 13, 7, 13, 7, 6, 7, 7, 6, 7, 7, 7, 7, 6, 6, 7, 7, 7, 7, 6, 6, 7, 7, 7, 7, 7, 7, 13, 7, 7, 7, 7, 6, 7, 7, 7, 7, 7, 7, 26, 6, 7, 7, 7, 6, 6, 6, 6, 6, 7, 7, 7, 6, 13, 7, 6, 13, 7, 7, 7, 7, 6, 7, 3, 7, 13, 13, 13, 7, 13, 7, 6, 7, 7, 7, 7, 6, 19, 13, 13, 7, 7, 7, 7, 7, 7, 7, 6, 6, 7, 7, 13, 7, 7, 6, 6, 7, 7, 3, 7, 13, 7, 7, 7, 7, 7, 7, 7, 7, 13, 7, 21, 6, 7, 6, 7, 20, 13, 7, 7, 7, 7, 7, 6, 7, 7, 6, 6, 13, 13, 7, 7, 7, 13, 13, 13, 7, 6, 13, 6, 7, 7, 7, 6, 13, 7, 7, 6, 7, 7, 6, 7, 6, 7, 7, 7, 7, 6, 13, 7, 13, 7, 6, 4, 13, 7, 7, 7, 7, 6, 6, 13, 6, 7, 6, 13, 7, 13, 7, 7, 7, 6, 6, 7, 7, 7, 7, 7, 6, 7, 13, 6, 7, 7, 7, 7, 13, 13, 7, 6, 6, 7, 13, 7, 7, 7, 6, 6, 13, 7, 13, 7, 6, 7, 6, 7, 7, 13, 7, 7, 13, 6, 13, 6, 7, 7, 7, 7, 6, 7, 13, 7, 13, 6, 7, 6, 6, 7, 7, 13, 7, 13, 13, 13, 2, 13, 13, 13, 7, 6, 7, 7, 7, 6, 7, 7, 7, 13, 7, 6, 13, 13, 7, 13, 7, 6, 7, 13, 7, 7, 7, 7, 7, 13, 7, 7, 7, 7, 13, 6, 6, 6, 7, 7, 7, 13, 13, 13, 7, 7, 13, 7, 13, 7, 13, 6, 7, 13, 13, 6, 7, 7, 7, 6, 13, 7, 7, 6, 7, 7, 7, 13, 7, 7, 7, 16, 13, 16, 13, 16, 6, 13, 7, 7, 7, 7, 6, 7, 16, 7, 7, 7, 7, 6, 7, 7, 7, 7, 6, 6, 7, 7, 7, 7, 7, 7, 7, 7, 7, 7, 6, 6, 6, 6, 6, 6, 6, 6, 6, 6, 6, 26, 6, 6, 6, 14, 6, 6, 6, 6, 6, 6, 6, 14, 6, 6, 16, 6, 6, 6, 6, 6, 6, 28, 6, 16, 6, 16, 28, 16, 6, 16, 16, 8, 16, 6, 6, 26, 6, 6, 6, 6, 6, 6, 6, 6, 6, 8, 6, 6, 14, 6, 6, 6, 6, 6, 6, 16, 6, 8, 6, 6, 6, 6, 6, 6, 14, 6, 6, 6, 6, 6, 3, 6, 6, 6, 6, 6, 21, 6, 6, 6, 6, 6, 6, 6, 6, 6, 6, 6, 6, 14, 2, 6, 6, 6, 6, 6, 14, 6, 6, 26, 6, 6, 6, 6, 6, 6, 6, 8, 3, 6, 6, 6, 6, 6, 6, 6, 6, 6, 16, 6, 6, 6, 6, 6, 3, 6, 6, 6, 6, 6, 2, 6, 6, 6, 8, 6, 3, 6, 6, 6, 6, 6, 8, 6, 6, 27, 6, 6, 6, 6, 6, 14, 6, 6, 6, 21, 6, 21, 6, 20, 6, 28, 6, 6, 14, 26, 21, 6, 6, 6, 6, 6, 6, 6, 6, 6, 6, 6, 6, 3, 6, 6, 6, 6, 6, 16, 6, 8, 6, 16, 6, 8, 16, 8, 8, 6, 16, 6, 6, 6, 6, 6, 6, 6, 6, 6, 20, 6, 6, 6, 6, 6, 6, 6, 6, 2, 6, 2, 6, 5, 6, 6, 6, 6, 6, 6, 6, 6, 6, 6, 6, 6, 6, 6, 6, 6, 6, 6, 6, 6, 6, 6, 27, 14, 6, 6, 6, 6, 6, 6, 6, 6, 2, 6, 6, 6, 6, 6, 6, 6, 6, 6, 6, 6, 6, 6, 6, 6, 6, 6, 6, 6, 6, 6, 6, 6, 6, 6, 6, 6, 6, 6, 6, 6, 6, 6, 6, 6, 6, 6, 6, 6, 6, 6, 6, 6, 6, 6, 6, 6, 6, 6, 6, 6, 6, 6, 6, 6, 6, 6, 6, 20, 6, 6, 6, 6, 6, 6, 6, 6, 6, 6, 6, 6, 6, 21, 6, 6, 6, 6, 6, 6, 6, 6, 6, 6, 6, 6, 14, 6, 6, 6, 6, 6, 6, 6, 6, 6, 6, 6, 6, 6, 6, 6, 14, 6, 6, 6, 14, 21, 6, 6, 14, 3, 3, 6, 26, 3, 6, 6, 14, 6, 3, 3, 6, 6, 3, 3, 26, 6, 6, 14, 3, 6, 6, 6, 21, 6, 6, 6, 6, 14, 26, 6, 6, 6, 6, 6, 21, 6, 23, 6, 6, 14, 14, 6, 6, 6, 6, 6, 6, 6, 6, 21, 6, 6, 18, 6, 14, 6, 6, 6, 6, 21, 6, 6, 6, 6, 6, 6, 6, 6, 6, 6, 3, 6, 6, 6, 6, 6, 6, 6, 6, 6, 6, 20, 3, 6, 6, 6, 6, 6, 6, 6, 6, 6, 6, 6, 6, 6, 6, 6, 6, 6, 6, 6, 6, 14, 6, 6, 6, 6, 28, 6, 6, 6, 16, 16, 6, 8, 6, 16, 16, 11, 28, 16, 8, 11, 11, 11, 16, 11, 16, 14, 11, 11, 6, 11, 6, 14, 16, 6, 11, 21, 11, 6, 11, 8, 11, 11, 11, 1, 6, 11, 11, 14, 6, 11, 6, 6, 6, 16, 6, 8, 16, 11, 11, 11, 6, 6, 11, 6, 6, 11, 6, 20, 11, 6, 11, 11, 11, 3, 6, 16, 11, 11, 11, 16, 14, 6, 11, 11, 6, 11, 16, 6, 11, 11, 11, 8, 11, 6, 11, 11, 11, 11, 11, 11, 11, 6, 11, 3, 11, 28, 6, 16, 24, 3, 11, 11, 11, 11, 6, 11, 11, 16, 6, 11, 16, 21, 11, 11, 11, 8, 11, 11, 11, 11, 11, 11, 11, 11, 11, 11, 11, 11, 11, 11, 11, 11, 11, 6, 26, 11, 11, 28, 11, 11, 11, 11, 11, 11, 11, 11, 11, 6, 14, 11, 11, 11, 11, 6, 11, 11, 11, 11, 11, 11, 6, 6, 14, 6, 11, 11, 28, 11, 11, 11, 11, 11, 11, 11, 11, 11, 11, 11, 11, 11, 11, 11, 11, 6, 6, 11, 11, 11, 11, 6, 11, 11, 6, 11, 11, 11, 11, 11, 11, 11, 11, 11, 11, 11, 11, 11, 11, 11, 11, 11, 11, 11, 21, 11, 11, 6, 11, 11, 11, 26, 11, 11, 11, 11, 6, 6, 6, 6, 17, 6, 16, 6, 6, 6, 6, 21, 6, 16, 6, 6, 6, 14, 6, 6, 6, 6, 6, 6, 17, 6, 6, 6, 6, 6, 6, 6, 6, 6, 6, 6, 6, 6, 6, 6, 6, 2, 6, 6, 2, 6, 6, 6, 26, 6, 6, 21, 6, 6, 6, 6, 26, 6, 6, 6, 6, 17, 6, 6, 6, 6, 6, 17, 17, 6, 17, 6, 17, 17, 17, 25, 6, 6, 21, 17, 17, 17, 17, 6, 6, 6, 17, 17, 17, 17, 6, 17, 6, 6, 6, 17, 6, 17, 26, 17, 6, 6, 6, 6, 6, 6, 6, 6, 6, 6, 6, 6, 6, 21, 6, 6, 6, 6, 21, 6, 6, 6, 3, 6, 6, 6, 21, 6, 6, 6, 6, 6, 6, 6, 6, 6, 6, 21, 6, 20, 6, 6, 28, 21, 21, 17, 17, 6, 6, 6, 17, 17, 17, 6, 17, 17, 17, 6, 6, 6, 14, 6, 17, 17, 6, 6, 6, 6, 6, 21, 14, 6, 14, 6, 3, 6, 17, 21, 6, 6, 16, 17, 17, 6, 3, 14, 6, 6, 14, 8, 17, 6, 6, 8, 17, 17, 17, 6, 20, 17, 6, 17, 6, 6, 6, 6, 14, 6, 6, 6, 23, 6, 6, 6, 6, 6, 6, 16, 16, 16, 6, 6, 6, 6, 6, 6, 6, 6, 26, 6, 6, 16, 6, 14, 14, 6, 6, 6, 6, 14, 16, 6, 6, 2, 14, 6, 6, 6, 6, 6, 6, 6, 6, 6, 6, 6, 21, 6, 6, 6, 6, 6, 6, 6, 6, 26, 6, 6, 6, 6, 6, 6, 28, 28, 28, 28, 6, 14, 6, 6, 6, 6, 6, 6, 6, 24, 6, 6, 6, 6, 6, 26, 14, 6, 6, 6, 16, 8, 6, 6, 6, 14, 6, 6, 6, 21, 6, 6, 6, 6, 6, 6, 6, 6, 3, 6, 14, 21, 6, 6, 6, 6, 14, 6, 6, 14, 21, 6, 27, 8, 6, 6, 6, 6, 6, 28, 14, 14, 21, 6, 6, 8, 6, 21, 6, 