{"Run": 1, "K": 220, "WCSSD": 2404.5550496051546, "Purity": 0.33007108490457, "Time": 10.249016046524048, "Kmeans_Labels": [21, 165, 128, 13, 13, 13, 165, 171, 165, 13, 13, 127, 162, 162, 13, 13, 157, 152, 125, 0, 13, 13, 125, 162, 162, 152, 76, 152, 61, 13, 162, 13, 61, 152, 125, 13, 162, 162, 162, 162, 125, 162, 93, 85, 162, 49, 162, 13, 13, 13, 13, 125, 125, 125, 21, 58, 13, 152, 13, 13, 13, 152, 13, 32, 58, 54, 162, 165, 162, 58, 152, 13, 13, 13, 196, 13, 21, 13, 157, 13, 13, 13, 171, 152, 13, 50, 132, 147, 13, 13, 13, 13, 129, 177, 13, 13, 13, 13, 13, 13, 142, 196, 13, 180, 180, 119, 119, 180, 13, 196, 163, 163, 163, 162, 171, 196, 125, 2, 125, 39, 13, 13, 167, 13, 13, 39, 13, 13, 125, 132, 39, 39, 13, 13, 13, 61, 219, 13, 13, 13, 74, 13, 13, 115, 39, 167, 13, 13, 13, 13, 39, 55, 13, 170, 13, 39, 13, 13, 13, 13, 13, 39, 39, 13, 13, 39, 13, 103, 13, 13, 157, 13, 13, 125, 39, 89, 32, 142, 39, 13, 13, 13, 13, 13, 39, 13, 39, 125, 13, 13, 13, 74, 125, 39, 13, 178, 13, 142, 13, 171, 32, 13, 157, 32, 39, 33, 39, 171, 13, 13, 13, 13, 39, 13, 33, 39, 39, 171, 132, 74, 39, 13, 13, 132, 132, 39, 132, 171, 125, 39, 13, 13, 13, 120, 21, 132, 171, 61, 142, 13, 39, 13, 48, 171, 125, 171, 13, 13, 142, 39, 171, 47, 13, 51, 132, 125, 39, 178, 39, 171, 13, 13, 132, 128, 180, 13, 142, 208, 132, 171, 13, 74, 11, 178, 13, 128, 13, 13, 39, 180, 39, 21, 21, 13, 13, 13, 32, 180, 13, 125, 39, 128, 13, 163, 119, 119, 119, 119, 163, 13, 13, 119, 13, 119, 119, 119, 119, 119, 13, 163, 74, 21, 119, 119, 171, 21, 157, 163, 163, 13, 163, 163, 125, 163, 32, 132, 13, 21, 74, 163, 61, 39, 39, 21, 125, 13, 39, 95, 152, 67, 13, 13, 49, 142, 39, 125, 13, 49, 13, 49, 36, 200, 125, 49, 132, 13, 128, 13, 111, 19, 19, 13, 13, 19, 163, 74, 57, 19, 39, 13, 19, 19, 57, 39, 57, 39, 39, 39, 125, 157, 178, 132, 39, 157, 13, 125, 125, 152, 13, 13, 106, 13, 157, 125, 93, 13, 32, 108, 13, 85, 74, 13, 13, 13, 16, 74, 13, 13, 13, 13, 128, 13, 58, 13, 165, 13, 119, 142, 125, 39, 13, 13, 13, 13, 85, 180, 13, 41, 111, 19, 19, 176, 13, 125, 13, 142, 142, 61, 61, 142, 13, 131, 55, 55, 171, 171, 163, 163, 13, 163, 132, 132, 163, 85, 13, 189, 189, 13, 19, 19, 13, 13, 13, 58, 58, 61, 58, 58, 58, 58, 58, 58, 13, 58, 108, 74, 13, 171, 13, 13, 33, 33, 13, 171, 171, 13, 13, 177, 177, 182, 55, 13, 171, 171, 13, 124, 165, 55, 55, 13, 13, 51, 74, 173, 173, 13, 177, 177, 180, 128, 128, 13, 128, 128, 13, 13, 13, 180, 13, 13, 180, 13, 180, 180, 180, 180, 13, 180, 13, 30, 30, 171, 171, 171, 1, 1, 130, 130, 171, 132, 163, 77, 77, 205, 205, 99, 99, 30, 30, 138, 138, 180, 180, 163, 30, 142, 55, 55, 55, 55, 108, 13, 74, 74, 132, 142, 142, 132, 132, 13, 13, 13, 13, 13, 13, 13, 13, 74, 49, 49, 49, 36, 36, 13, 13, 49, 13, 13, 125, 19, 19, 55, 125, 55, 13, 13, 57, 57, 57, 57, 44, 44, 19, 19, 19, 19, 13, 19, 19, 57, 57, 141, 141, 153, 57, 19, 19, 19, 142, 13, 108, 13, 125, 158, 53, 53, 53, 53, 53, 53, 53, 53, 132, 171, 53, 53, 53, 162, 53, 53, 53, 53, 132, 53, 53, 53, 53, 32, 85, 85, 183, 19, 93, 93, 157, 157, 58, 58, 125, 21, 58, 58, 125, 13, 13, 13, 58, 13, 13, 85, 32, 13, 13, 125, 13, 93, 85, 13, 171, 31, 26, 26, 13, 26, 26, 136, 13, 58, 157, 13, 58, 13, 13, 13, 177, 102, 177, 177, 177, 85, 28, 93, 13, 182, 177, 171, 177, 13, 93, 177, 177, 177, 13, 177, 177, 177, 13, 173, 177, 177, 102, 13, 173, 173, 177, 180, 177, 13, 13, 13, 180, 74, 100, 163, 161, 180, 16, 163, 161, 180, 180, 30, 163, 180, 30, 191, 191, 30, 30, 180, 30, 180, 163, 30, 30, 180, 13, 163, 180, 30, 163, 194, 163, 171, 55, 163, 163, 163, 132, 132, 163, 163, 163, 30, 30, 30, 163, 30, 163, 30, 30, 30, 30, 30, 163, 30, 163, 132, 30, 163, 163, 13, 163, 163, 163, 10, 55, 10, 10, 10, 10, 142, 142, 55, 163, 163, 30, 163, 152, 152, 163, 13, 128, 132, 128, 104, 78, 74, 104, 13, 49, 49, 49, 118, 118, 13, 13, 13, 74, 13, 125, 132, 13, 13, 132, 13, 13, 195, 13, 13, 13, 13, 19, 19, 19, 13, 57, 19, 19, 57, 32, 19, 19, 157, 19, 44, 19, 13, 44, 44, 13, 19, 132, 132, 132, 19, 19, 19, 13, 13, 163, 19, 141, 132, 196, 13, 13, 13, 19, 61, 114, 82, 157, 13, 58, 61, 58, 13, 13, 13, 13, 13, 13, 13, 13, 102, 13, 198, 128, 128, 157, 13, 163, 119, 163, 30, 163, 13, 13, 157, 157, 157, 79, 13, 13, 61, 13, 157, 13, 132, 152, 125, 13, 21, 163, 19, 21, 163, 13, 13, 68, 62, 23, 63, 132, 180, 63, 85, 63, 63, 23, 23, 209, 79, 23, 133, 142, 79, 79, 79, 38, 75, 160, 160, 160, 79, 63, 132, 79, 63, 79, 79, 79, 38, 132, 79, 23, 63, 216, 79, 79, 79, 63, 79, 132, 132, 79, 63, 63, 160, 79, 63, 38, 13, 38, 38, 79, 23, 23, 13, 125, 63, 38, 79, 13, 13, 13, 23, 38, 79, 125, 32, 63, 79, 63, 79, 13, 38, 79, 13, 38, 79, 79, 79, 13, 13, 79, 79, 38, 23, 125, 61, 133, 79, 38, 79, 79, 79, 63, 38, 38, 38, 79, 38, 38, 79, 79, 79, 38, 23, 165, 13, 38, 79, 79, 54, 13, 13, 103, 13, 23, 38, 23, 93, 63, 38, 132, 63, 38, 79, 79, 79, 152, 23, 108, 79, 63, 63, 63, 79, 63, 79, 125, 38, 79, 23, 79, 13, 93, 63, 63, 38, 79, 38, 79, 23, 23, 23, 16, 13, 79, 38, 63, 79, 79, 93, 13, 79, 79, 72, 23, 63, 38, 38, 79, 79, 79, 23, 159, 79, 63, 79, 74, 13, 79, 38, 79, 38, 63, 38, 38, 79, 133, 151, 13, 23, 23, 13, 38, 63, 63, 38, 79, 68, 63, 63, 63, 79, 13, 63, 142, 68, 79, 23, 85, 63, 79, 160, 125, 79, 23, 62, 79, 13, 79, 79, 23, 23, 13, 63, 38, 63, 38, 132, 23, 63, 38, 79, 79, 79, 16, 102, 63, 142, 23, 13, 63, 38, 38, 38, 23, 23, 125, 75, 79, 79, 79, 23, 79, 132, 38, 63, 128, 23, 23, 79, 79, 63, 63, 38, 13, 13, 79, 63, 68, 79, 23, 13, 180, 63, 79, 63, 79, 13, 79, 142, 38, 38, 63, 23, 79, 63, 21, 63, 157, 79, 23, 23, 79, 132, 79, 63, 79, 63, 13, 38, 125, 125, 154, 206, 63, 79, 63, 63, 63, 85, 63, 63, 63, 23, 125, 38, 23, 38, 102, 160, 79, 23, 63, 38, 142, 63, 63, 38, 63, 23, 125, 23, 63, 79, 38, 38, 79, 23, 63, 23, 79, 61, 23, 63, 13, 61, 61, 38, 38, 79, 63, 63, 63, 23, 217, 63, 23, 63, 79, 63, 125, 23, 63, 63, 13, 38, 23, 38, 38, 63, 79, 23, 54, 23, 38, 38, 68, 23, 79, 23, 19, 63, 209, 63, 38, 142, 63, 23, 79, 79, 79, 132, 199, 19, 23, 38, 79, 23, 13, 38, 38, 79, 23, 132, 125, 79, 23, 79, 156, 23, 23, 133, 38, 23, 133, 61, 132, 125, 132, 132, 125, 13, 125, 125, 125, 125, 125, 125, 125, 13, 13, 125, 125, 61, 132, 125, 13, 157, 180, 125, 125, 19, 13, 132, 132, 132, 13, 13, 16, 13, 19, 24, 19, 16, 19, 13, 19, 19, 141, 19, 166, 85, 165, 171, 13, 78, 10, 13, 119, 13, 49, 13, 57, 125, 22, 13, 13, 21, 13, 13, 13, 13, 19, 182, 57, 171, 13, 180, 171, 13, 163, 128, 130, 132, 132, 119, 13, 108, 13, 13, 13, 132, 13, 74, 180, 171, 13, 13, 30, 152, 163, 26, 171, 14, 58, 51, 13, 85, 13, 102, 163, 58, 13, 180, 125, 13, 165, 61, 46, 13, 49, 171, 132, 13, 57, 108, 184, 93, 13, 163, 13, 13, 13, 13, 13, 19, 13, 13, 40, 32, 13, 108, 132, 125, 13, 177, 13, 85, 13, 180, 13, 60, 181, 128, 13, 13, 58, 13, 97, 57, 192, 21, 30, 13, 171, 152, 117, 13, 13, 202, 13, 152, 74, 125, 74, 13, 55, 21, 111, 13, 102, 94, 107, 74, 13, 157, 13, 13, 13, 13, 132, 142, 54, 13, 13, 13, 108, 142, 13, 13, 24, 142, 19, 13, 141, 163, 19, 13, 57, 19, 57, 57, 13, 19, 13, 125, 132, 166, 13, 13, 49, 13, 78, 55, 13, 21, 13, 10, 13, 21, 132, 142, 85, 163, 85, 30, 142, 85, 142, 128, 192, 142, 30, 163, 152, 132, 13, 142, 142, 132, 13, 163, 13, 130, 13, 142, 13, 142, 207, 30, 180, 180, 119, 13, 128, 13, 13, 119, 142, 85, 32, 171, 0, 125, 32, 171, 142, 142, 13, 3, 13, 125, 142, 125, 132, 128, 13, 180, 142, 13, 125, 117, 132, 51, 13, 142, 132, 152, 13, 142, 102, 180, 13, 13, 85, 46, 132, 132, 171, 13, 171, 13, 132, 102, 13, 171, 13, 13, 13, 182, 61, 152, 13, 177, 13, 13, 152, 13, 55, 13, 13, 207, 171, 13, 152, 13, 46, 13, 13, 13, 177, 58, 74, 152, 58, 13, 13, 13, 13, 13, 26, 171, 171, 13, 46, 94, 13, 46, 171, 46, 89, 46, 142, 125, 14, 125, 152, 85, 54, 13, 13, 61, 13, 152, 54, 32, 74, 143, 109, 128, 108, 108, 125, 165, 108, 40, 13, 17, 142, 108, 108, 125, 13, 128, 108, 107, 13, 13, 13, 108, 13, 103, 13, 74, 25, 125, 152, 202, 13, 165, 70, 13, 22, 13, 13, 74, 13, 142, 142, 58, 13, 128, 13, 61, 13, 13, 13, 181, 13, 152, 74, 13, 152, 128, 157, 13, 13, 93, 21, 13, 74, 152, 32, 13, 171, 128, 142, 13, 13, 46, 142, 108, 163, 75, 71, 207, 157, 207, 13, 25, 59, 142, 55, 108, 13, 54, 13, 46, 125, 