{"Run": 3, "K": 113, "WCSSD": 2603.8241721323952, "Purity": 0.25677291284170095, "Time": 3.203896999359131, "Kmeans_Labels": [6, 6, 6, 53, 6, 6, 6, 79, 6, 6, 6, 13, 81, 101, 91, 6, 6, 2, 91, 91, 54, 6, 54, 101, 101, 33, 101, 33, 6, 57, 101, 91, 6, 33, 91, 28, 101, 101, 101, 101, 91, 101, 73, 0, 101, 32, 101, 91, 6, 88, 108, 56, 56, 28, 47, 66, 6, 33, 47, 6, 6, 33, 33, 73, 66, 6, 101, 6, 101, 66, 33, 108, 57, 47, 6, 23, 6, 6, 6, 6, 6, 13, 57, 33, 79, 6, 47, 6, 6, 6, 6, 6, 66, 6, 6, 6, 54, 6, 79, 6, 79, 6, 6, 59, 59, 59, 59, 59, 57, 56, 17, 57, 63, 101, 6, 28, 91, 6, 6, 11, 6, 6, 11, 6, 6, 11, 6, 6, 89, 54, 11, 11, 54, 6, 54, 6, 28, 0, 6, 6, 34, 6, 47, 34, 11, 11, 6, 6, 6, 6, 11, 50, 47, 6, 6, 11, 6, 28, 6, 6, 6, 11, 11, 6, 6, 11, 47, 13, 36, 47, 11, 54, 6, 56, 11, 6, 20, 56, 11, 6, 108, 6, 6, 6, 11, 6, 11, 13, 6, 28, 28, 34, 13, 11, 6, 53, 6, 54, 6, 6, 79, 33, 54, 20, 11, 79, 11, 79, 47, 6, 54, 6, 79, 79, 79, 11, 11, 57, 13, 34, 79, 6, 6, 13, 54, 11, 6, 6, 56, 11, 6, 6, 79, 6, 79, 91, 6, 0, 6, 6, 11, 6, 34, 79, 56, 79, 91, 6, 54, 11, 59, 17, 6, 11, 28, 91, 11, 72, 11, 6, 72, 6, 59, 6, 59, 6, 54, 59, 56, 20, 6, 59, 28, 53, 53, 53, 28, 53, 11, 59, 11, 59, 6, 6, 6, 59, 20, 59, 6, 89, 11, 53, 6, 17, 6, 59, 6, 59, 17, 56, 6, 59, 6, 6, 6, 17, 59, 6, 17, 17, 34, 6, 6, 6, 17, 17, 6, 17, 17, 28, 17, 17, 56, 17, 20, 75, 6, 8, 34, 17, 6, 11, 11, 6, 56, 6, 11, 6, 33, 11, 6, 28, 32, 54, 32, 28, 6, 32, 6, 32, 32, 28, 56, 32, 6, 6, 6, 36, 105, 84, 45, 6, 6, 45, 17, 34, 30, 45, 11, 56, 45, 45, 30, 11, 30, 11, 11, 11, 72, 6, 72, 56, 11, 6, 6, 56, 56, 33, 53, 28, 6, 6, 6, 91, 73, 6, 20, 8, 6, 0, 34, 54, 6, 54, 56, 34, 11, 6, 6, 6, 28, 6, 66, 47, 6, 6, 54, 54, 47, 11, 47, 3, 47, 6, 0, 59, 6, 17, 105, 45, 84, 73, 6, 47, 6, 13, 13, 28, 28, 13, 91, 6, 50, 50, 6, 6, 17, 17, 6, 17, 13, 13, 17, 0, 6, 45, 45, 28, 84, 84, 6, 6, 6, 66, 66, 6, 73, 73, 107, 66, 66, 24, 6, 66, 8, 34, 6, 57, 92, 92, 79, 79, 6, 6, 6, 6, 6, 57, 57, 6, 50, 6, 6, 6, 108, 38, 6, 50, 50, 6, 79, 6, 34, 6, 6, 6, 91, 91, 57, 6, 6, 6, 6, 6, 53, 53, 53, 59, 53, 53, 59, 6, 59, 59, 59, 59, 6, 57, 6, 17, 17, 59, 57, 57, 57, 57, 57, 57, 17, 6, 17, 6, 6, 17, 17, 64, 64, 104, 104, 104, 104, 59, 59, 17, 104, 13, 50, 50, 50, 50, 8, 6, 34, 34, 13, 6, 6, 6, 6, 6, 6, 6, 6, 6, 6, 6, 6, 34, 32, 32, 32, 32, 32, 6, 6, 32, 6, 6, 91, 45, 45, 50, 91, 50, 91, 91, 96, 96, 30, 30, 84, 84, 84, 84, 65, 65, 6, 26, 26, 30, 30, 30, 30, 30, 30, 84, 84, 84, 13, 6, 8, 33, 47, 43, 43, 43, 43, 43, 43, 43, 43, 43, 43, 13, 43, 43, 43, 101, 43, 43, 43, 43, 28, 43, 43, 43, 43, 20, 0, 0, 6, 84, 29, 29, 66, 66, 66, 66, 6, 6, 66, 66, 28, 6, 6, 6, 66, 88, 6, 0, 20, 6, 6, 91, 6, 73, 0, 6, 6, 6, 57, 57, 6, 57, 57, 57, 6, 92, 6, 6, 66, 6, 6, 6, 6, 54, 6, 6, 6, 0, 57, 73, 108, 6, 57, 57, 88, 57, 73, 6, 57, 88, 108, 6, 6, 6, 6, 6, 88, 88, 6, 6, 6, 6, 88, 57, 0, 14, 6, 6, 59, 34, 59, 17, 59, 59, 6, 17, 59, 59, 59, 104, 17, 59, 17, 17, 17, 17, 57, 57, 57, 59, 17, 17, 57, 57, 6, 17, 57, 17, 17, 57, 17, 6, 50, 17, 17, 17, 6, 6, 17, 17, 17, 104, 104, 104, 17, 104, 17, 104, 104, 104, 104, 104, 17, 104, 17, 88, 104, 6, 17, 6, 17, 17, 17, 34, 50, 17, 17, 17, 6, 56, 56, 50, 17, 17, 104, 17, 25, 25, 17, 6, 6, 13, 6, 6, 6, 34, 6, 28, 32, 32, 32, 62, 62, 6, 6, 6, 34, 6, 91, 6, 6, 6, 6, 6, 6, 28, 6, 6, 6, 6, 45, 45, 45, 6, 30, 84, 84, 96, 20, 45, 84, 54, 84, 84, 45, 6, 84, 84, 6, 84, 56, 56, 54, 26, 45, 26, 28, 6, 6, 45, 30, 52, 6, 54, 54, 54, 45, 6, 6, 66, 6, 28, 66, 66, 66, 6, 6, 6, 6, 13, 6, 54, 6, 108, 6, 6, 6, 6, 6, 95, 17, 59, 17, 58, 76, 54, 6, 6, 6, 6, 5, 47, 6, 6, 6, 6, 60, 36, 33, 56, 6, 17, 17, 45, 17, 17, 6, 108, 67, 6, 67, 100, 44, 59, 100, 0, 100, 100, 67, 67, 84, 5, 67, 5, 13, 5, 67, 5, 5, 111, 5, 5, 5, 5, 100, 13, 5, 100, 5, 5, 5, 5, 56, 5, 67, 100, 5, 5, 5, 5, 100, 5, 56, 56, 5, 100, 100, 5, 5, 100, 5, 6, 5, 5, 5, 67, 67, 6, 89, 100, 5, 5, 108, 6, 6, 67, 5, 5, 28, 20, 100, 5, 100, 5, 6, 5, 5, 6, 5, 5, 5, 5, 6, 6, 35, 5, 5, 67, 56, 27, 101, 5, 5, 5, 5, 5, 100, 5, 5, 5, 5, 13, 5, 10, 5, 5, 5, 67, 28, 54, 67, 5, 5, 6, 6, 6, 82, 6, 67, 5, 67, 73, 100, 5, 44, 100, 5, 5, 5, 5, 33, 67, 8, 5, 100, 100, 100, 5, 100, 5, 13, 5, 5, 67, 5, 6, 73, 100, 100, 5, 5, 5, 5, 67, 67, 67, 6, 6, 5, 5, 100, 5, 5, 82, 108, 5, 5, 8, 67, 100, 5, 5, 51, 5, 5, 67, 67, 5, 100, 5, 34, 6, 5, 6, 5, 50, 100, 5, 5, 5, 101, 5, 54, 67, 67, 108, 14, 90, 100, 5, 5, 67, 100, 100, 100, 5, 6, 100, 56, 67, 5, 67, 0, 100, 5, 5, 28, 5, 67, 6, 5, 6, 5, 5, 67, 67, 54, 100, 5, 100, 5, 13, 67, 100, 5, 5, 5, 5, 13, 51, 100, 13, 67, 54, 100, 5, 100, 5, 67, 67, 6, 91, 5, 5, 5, 67, 5, 44, 5, 100, 6, 67, 67, 5, 5, 100, 100, 5, 6, 6, 5, 100, 67, 5, 67, 6, 59, 100, 5, 100, 5, 6, 5, 54, 59, 5, 100, 67, 5, 100, 17, 100, 56, 5, 67, 67, 5, 13, 5, 100, 5, 99, 6, 5, 56, 28, 5, 5, 100, 5, 100, 100, 100, 0, 100, 100, 100, 67, 91, 5, 67, 36, 54, 5, 5, 67, 100, 5, 54, 100, 100, 5, 100, 67, 54, 67, 100, 5, 5, 5, 5, 67, 100, 67, 5, 5, 67, 100, 6, 6, 36, 98, 5, 5, 100, 100, 100, 67, 67, 100, 67, 100, 5, 100, 28, 67, 100, 100, 13, 5, 67, 67, 13, 100, 5, 67, 6, 67, 5, 45, 100, 67, 5, 67, 84, 100, 84, 100, 45, 54, 100, 67, 5, 5, 5, 56, 67, 26, 67, 5, 5, 67, 6, 5, 5, 5, 67, 13, 13, 5, 67, 5, 67, 67, 67, 5, 5, 67, 5, 6, 13, 56, 13, 13, 56, 6, 56, 56, 56, 56, 28, 13, 56, 6, 6, 89, 56, 6, 13, 56, 91, 54, 59, 56, 56, 84, 47, 54, 54, 54, 6, 6, 53, 91, 45, 91, 45, 112, 84, 6, 84, 84, 30, 84, 13, 0, 6, 6, 1, 6, 17, 6, 6, 6, 32, 54, 30, 6, 91, 53, 6, 6, 6, 6, 6, 6, 6, 6, 30, 91, 6, 59, 6, 6, 17, 6, 57, 6, 47, 59, 28, 8, 6, 6, 91, 13, 6, 68, 59, 59, 6, 6, 104, 33, 76, 57, 6, 6, 66, 6, 6, 0, 6, 108, 17, 92, 6, 59, 91, 40, 13, 33, 38, 4, 32, 6, 13, 6, 30, 8, 66, 29, 6, 17, 6, 91, 6, 54, 6, 84, 6, 6, 33, 108, 6, 8, 13, 28, 80, 6, 6, 0, 6, 59, 6, 30, 6, 6, 6, 6, 66, 6, 28, 30, 6, 6, 104, 54, 6, 33, 6, 6, 6, 6, 6, 33, 34, 28, 34, 6, 50, 93, 105, 6, 54, 20, 6, 34, 6, 6, 91, 91, 54, 54, 28, 54, 33, 6, 6, 6, 8, 6, 54, 6, 91, 91, 84, 6, 30, 17, 84, 91, 30, 84, 30, 30, 54, 45, 6, 91, 6, 13, 91, 54, 32, 1, 6, 50, 6, 6, 6, 17, 6, 93, 28, 13, 0, 17, 0, 104, 56, 0, 13, 56, 6, 13, 104, 76, 33, 47, 108, 54, 69, 13, 6, 17, 6, 57, 13, 69, 6, 13, 28, 104, 59, 59, 59, 6, 6, 6, 6, 6, 69, 0, 20, 59, 56, 28, 108, 6, 13, 13, 94, 13, 4, 91, 54, 6, 13, 13, 56, 59, 54, 6, 56, 6, 13, 6, 6, 6, 13, 33, 6, 56, 54, 59, 6, 6, 0, 38, 13, 13, 91, 6, 6, 91, 56, 108, 6, 6, 6, 91, 6, 6, 33, 33, 6, 91, 6, 6, 33, 6, 50, 91, 6, 69, 6, 13, 33, 6, 38, 6, 6, 6, 6, 92, 34, 33, 66, 6, 6, 6, 6, 40, 57, 6, 6, 54, 38, 20, 6, 38, 6, 38, 6, 38, 54, 36, 6, 56, 33, 0, 33, 54, 6, 20, 6, 33, 33, 33, 68, 54, 6, 20, 8, 8, 54, 6, 8, 33, 80, 33, 28, 8, 8, 28, 54, 6, 8, 6, 6, 91, 6, 8, 6, 13, 108, 34, 73, 91, 33, 6, 6, 13, 28, 6, 91, 91, 6, 34, 6, 13, 6, 66, 53, 6, 6, 6, 54, 6, 6, 6, 28, 33, 34, 6, 33, 6, 6, 6, 6, 29, 6, 6, 34, 33, 20, 6, 6, 6, 13, 6, 91, 38, 54, 8, 17, 91, 12, 13, 20, 28, 6, 73, 37, 13, 50, 8, 6, 33, 13, 38, 13, 73, 0, 108, 56, 66, 6, 13, 91, 6, 28, 56, 13, 13, 13, 91, 6, 49, 54, 66, 6, 112, 13, 91, 13, 6, 45, 6, 30, 66, 74, 45, 6, 112, 45, 96, 6, 79, 6, 84, 6, 45, 6, 6, 6, 6, 6, 59, 6, 84, 6, 6, 32, 6, 102, 6, 30, 6, 57, 17, 53, 20, 6, 6, 6, 6, 6, 56, 6, 57, 45, 88, 30, 45, 6, 6, 17, 66, 6, 6, 6, 17, 6, 56, 50, 32, 32, 6, 6, 6, 8, 54, 84, 56, 6, 86, 45, 6, 6, 86, 6, 17, 6, 45, 6, 6, 59, 6, 30, 6, 56, 6, 6, 86, 87, 6, 6, 87, 17, 86, 8, 6, 112, 6, 84, 84, 8, 6, 17, 6, 6, 28, 6, 45, 45, 28, 6, 45, 34, 6, 20, 86, 30, 86, 6, 6, 6, 6, 0, 6, 6, 20, 66, 6, 6, 6, 20, 6, 6, 6, 79, 6, 87, 6, 112, 87, 6, 6, 6, 8, 6, 6, 6, 6, 59, 6, 86, 6, 36, 6, 56, 6, 6, 86, 36, 20, 6, 91, 28, 66, 13, 6, 6, 105, 6, 6, 34, 6, 6, 6, 6, 6, 6, 87, 6, 32, 48, 13, 6, 6, 14, 73, 6, 38, 6, 6, 56, 6, 86, 73, 6, 20, 6, 6, 6, 6, 6, 86, 6, 6, 6, 6, 6, 6, 6, 0, 18, 86, 86, 6, 6, 79, 38, 91, 34, 6, 6, 6, 6, 6, 6, 57, 6, 6, 101, 9, 6, 84, 6, 91, 6, 6, 34, 6, 45, 6, 91, 6, 6, 54, 14, 6, 28, 54, 6, 9, 73, 6, 6, 6, 56, 6, 6, 54, 28, 6, 54, 20, 6, 56, 54, 6, 0, 6, 6, 0, 33, 6, 0, 6, 6, 56, 34, 6, 91, 56, 91, 6, 28, 6, 6, 13, 9, 6, 54, 54, 56, 56, 9, 9, 6, 9, 56, 9, 9, 9, 42, 91, 91, 34, 9, 16, 9, 9, 20, 56, 56, 9,