{"Run": 1, "K": 486, "WCSSD": 2067.4692150494434, "Purity": 0.4238132712856051, "Time": 28.175805807113647, "Kmeans_Labels": [379, 26, 62, 478, 60, 60, 26, 248, 26, 35, 324, 101, 60, 60, 433, 68, 420, 60, 60, 200, 324, 60, 2, 60, 205, 289, 60, 304, 200, 60, 205, 60, 308, 60, 60, 121, 99, 60, 99, 212, 371, 205, 323, 39, 58, 420, 205, 175, 233, 113, 60, 425, 425, 147, 379, 173, 132, 26, 85, 85, 60, 205, 60, 323, 173, 83, 205, 26, 205, 173, 205, 60, 108, 213, 410, 353, 17, 420, 417, 60, 113, 371, 365, 289, 248, 60, 213, 60, 60, 35, 121, 121, 209, 60, 113, 33, 2, 324, 248, 60, 248, 168, 374, 172, 172, 33, 33, 172, 60, 410, 203, 329, 203, 205, 379, 410, 378, 60, 443, 160, 60, 117, 160, 85, 85, 160, 117, 110, 98, 223, 160, 160, 2, 60, 121, 200, 60, 60, 60, 60, 304, 85, 85, 200, 160, 160, 420, 60, 60, 85, 160, 442, 213, 121, 324, 160, 60, 2, 85, 233, 420, 160, 160, 420, 4, 160, 213, 223, 217, 213, 417, 250, 60, 425, 160, 132, 92, 309, 160, 60, 60, 60, 155, 420, 160, 60, 160, 60, 420, 223, 60, 304, 95, 160, 85, 279, 60, 472, 60, 35, 248, 2, 417, 92, 160, 89, 160, 248, 213, 449, 60, 466, 328, 248, 107, 32, 160, 35, 101, 304, 248, 410, 420, 101, 382, 160, 443, 101, 425, 160, 420, 60, 248, 60, 248, 60, 35, 200, 60, 60, 160, 117, 304, 55, 425, 248, 55, 60, 472, 160, 161, 345, 420, 332, 249, 60, 160, 60, 160, 35, 60, 60, 101, 85, 172, 60, 472, 172, 121, 92, 187, 33, 424, 279, 33, 423, 60, 423, 160, 172, 160, 379, 379, 484, 33, 33, 92, 172, 33, 98, 160, 33, 60, 58, 373, 33, 60, 33, 58, 200, 60, 33, 60, 443, 249, 116, 33, 33, 33, 203, 304, 379, 225, 60, 35, 379, 60, 203, 58, 60, 58, 203, 425, 58, 92, 101, 60, 251, 304, 55, 200, 160, 160, 379, 425, 60, 160, 379, 60, 247, 121, 221, 304, 472, 150, 425, 60, 160, 60, 60, 427, 425, 425, 315, 101, 443, 303, 217, 79, 21, 307, 60, 147, 21, 147, 12, 311, 307, 160, 249, 307, 307, 311, 160, 311, 160, 160, 160, 60, 417, 60, 249, 160, 85, 194, 425, 425, 60, 85, 60, 432, 233, 417, 424, 323, 205, 92, 386, 60, 39, 304, 2, 85, 2, 449, 226, 60, 85, 274, 420, 303, 371, 173, 213, 26, 420, 229, 472, 213, 160, 213, 85, 213, 60, 39, 172, 258, 203, 79, 307, 307, 323, 117, 213, 333, 264, 264, 448, 448, 223, 85, 105, 442, 442, 260, 260, 58, 58, 117, 58, 101, 101, 393, 439, 60, 147, 147, 60, 21, 21, 462, 462, 60, 173, 173, 60, 323, 323, 339, 334, 334, 173, 294, 173, 386, 304, 412, 60, 1, 1, 248, 248, 60, 35, 35, 60, 60, 22, 22, 22, 442, 443, 35, 35, 372, 40, 147, 442, 442, 147, 248, 332, 304, 35, 35, 258, 35, 35, 172, 62, 62, 60, 303, 303, 189, 189, 133, 60, 133, 85, 172, 411, 172, 172, 172, 172, 411, 60, 85, 285, 285, 33, 329, 329, 325, 325, 203, 203, 203, 101, 58, 33, 33, 203, 203, 298, 298, 203, 203, 360, 360, 172, 172, 203, 203, 443, 142, 142, 142, 142, 386, 60, 304, 304, 101, 443, 443, 106, 106, 24, 24, 443, 443, 121, 443, 60, 60, 304, 249, 60, 60, 427, 427, 60, 249, 60, 23, 23, 443, 307, 307, 442, 171, 442, 443, 443, 278, 278, 293, 293, 69, 69, 21, 21, 311, 311, 371, 219, 219, 311, 311, 311, 311, 111, 311, 307, 307, 307, 60, 121, 386, 60, 213, 337, 337, 337, 337, 337, 337, 337, 337, 337, 352, 101, 337, 337, 337, 212, 299, 337, 337, 337, 117, 337, 337, 426, 337, 92, 39, 39, 60, 21, 323, 323, 417, 417, 173, 173, 117, 379, 143, 143, 117, 60, 121, 60, 173, 466, 85, 210, 92, 85, 60, 60, 117, 323, 210, 113, 35, 417, 202, 202, 420, 202, 202, 60, 60, 209, 417, 420, 173, 60, 60, 60, 113, 41, 35, 113, 113, 39, 35, 77, 60, 22, 35, 381, 35, 113, 77, 35, 182, 113, 60, 113, 35, 113, 35, 35, 35, 113, 245, 113, 35, 35, 113, 55, 61, 263, 463, 463, 172, 304, 380, 58, 240, 270, 121, 58, 240, 172, 58, 285, 58, 172, 45, 285, 285, 45, 203, 172, 329, 172, 58, 166, 329, 172, 60, 58, 58, 203, 58, 203, 58, 60, 207, 316, 203, 203, 60, 60, 58, 58, 58, 203, 203, 192, 203, 192, 58, 449, 203, 203, 58, 58, 58, 203, 58, 88, 58, 55, 471, 60, 59, 58, 58, 409, 442, 409, 409, 409, 409, 443, 443, 442, 58, 58, 58, 322, 414, 414, 322, 443, 141, 60, 141, 344, 401, 304, 344, 60, 60, 60, 60, 203, 203, 23, 253, 401, 359, 443, 443, 443, 438, 438, 60, 269, 269, 259, 443, 443, 443, 443, 307, 307, 307, 443, 293, 307, 21, 278, 92, 307, 311, 417, 387, 69, 307, 60, 69, 69, 117, 387, 223, 223, 2, 219, 76, 307, 203, 60, 203, 307, 311, 443, 410, 320, 320, 320, 307, 200, 60, 173, 113, 65, 235, 286, 434, 420, 60, 60, 60, 113, 171, 60, 121, 358, 324, 211, 303, 146, 113, 60, 58, 172, 58, 84, 58, 63, 147, 224, 417, 224, 73, 213, 85, 60, 60, 417, 60, 217, 417, 425, 60, 379, 58, 307, 379, 58, 420, 82, 415, 35, 402, 66, 105, 172, 66, 39, 66, 66, 402, 343, 307, 73, 402, 73, 230, 441, 73, 73, 73, 57, 73, 73, 73, 73, 66, 105, 73, 66, 73, 73, 73, 73, 249, 73, 453, 199, 73, 73, 73, 73, 66, 181, 249, 249, 73, 66, 66, 73, 73, 66, 73, 60, 73, 105, 73, 402, 402, 420, 98, 66, 73, 73, 60, 391, 113, 402, 402, 73, 447, 92, 66, 73, 66, 236, 420, 73, 73, 357, 73, 73, 73, 73, 420, 60, 73, 73, 73, 402, 117, 200, 205, 338, 73, 73, 73, 236, 66, 73, 73, 73, 73, 105, 73, 73, 236, 73, 73, 402, 26, 60, 402, 73, 73, 51, 60, 420, 361, 105, 402, 479, 138, 323, 66, 73, 105, 66, 73, 73, 73, 354, 60, 196, 386, 73, 66, 66, 66, 73, 66, 73, 95, 73, 73, 402, 73, 60, 323, 66, 66, 73, 73, 73, 73, 402, 453, 236, 449, 60, 73, 73, 66, 73, 73, 361, 82, 73, 73, 386, 402, 66, 73, 73, 73, 73, 73, 402, 402, 73, 66, 73, 304, 420, 73, 60, 73, 442, 66, 73, 73, 73, 205, 73, 60, 343, 402, 60, 263, 66, 66, 73, 73, 415, 66, 66, 66, 73, 60, 195, 129, 415, 73, 402, 39, 66, 73, 73, 223, 73, 402, 35, 73, 60, 44, 254, 402, 402, 249, 66, 73, 66, 105, 105, 402, 66, 73, 73, 236, 73, 95, 41, 66, 60, 402, 60, 66, 73, 105, 281, 402, 402, 239, 57, 73, 73, 73, 402, 73, 105, 73, 66, 303, 402, 402, 64, 73, 66, 66, 73, 112, 218, 431, 66, 415, 73, 402, 457, 262, 66, 236, 127, 73, 433, 73, 19, 172, 3, 66, 402, 73, 66, 379, 66, 417, 73, 402, 402, 73, 105, 73, 66, 73, 66, 147, 73, 465, 65, 73, 241, 66, 73, 66, 66, 43, 39, 66, 66, 66, 402, 60, 73, 402, 217, 404, 73, 174, 402, 66, 73, 121, 66, 66, 73, 66, 402, 121, 402, 66, 73, 73, 402, 73, 402, 66, 402, 73, 200, 402, 362, 60, 200, 200, 73, 73, 73, 66, 66, 66, 402, 402, 66, 402, 66, 73, 66, 65, 402, 66, 271, 60, 402, 402, 402, 147, 127, 73, 402, 83, 343, 402, 402, 415, 402, 73, 402, 231, 43, 307, 127, 307, 19, 66, 402, 73, 73, 73, 60, 402, 307, 402, 73, 73, 402, 443, 402, 73, 73, 402, 105, 105, 73, 402, 73, 402, 402, 402, 73, 52, 402, 73, 200, 153, 425, 180, 223, 425, 60, 425, 425, 425, 425, 425, 95, 425, 60, 85, 98, 425, 60, 101, 425, 60, 417, 85, 425, 425, 21, 213, 382, 382, 382, 60, 60, 279, 60, 413, 201, 307, 79, 307, 147, 349, 21, 311, 90, 101, 39, 26, 35, 242, 401, 409, 147, 60, 75, 220, 147, 28, 60, 474, 295, 60, 379, 60, 33, 124, 249, 443, 22, 311, 101, 60, 172, 365, 60, 203, 303, 203, 147, 213, 172, 147, 399, 60, 2, 60, 101, 105, 81, 162, 101, 121, 60, 192, 60, 58, 202, 101, 60, 209, 176, 85, 39, 60, 358, 55, 209, 420, 164, 60, 390, 26, 222, 40, 6, 443, 365, 101, 420, 311, 386, 50, 323, 420, 58, 60, 420, 60, 2, 443, 320, 113, 113, 83, 92, 60, 53, 101, 117, 60, 86, 121, 39, 60, 33, 60, 311, 60, 214, 60, 60, 173, 435, 9, 293, 301, 34, 45, 60, 324, 289, 60, 148, 429, 420, 121, 289, 304, 371, 304, 157, 442, 287, 79, 121, 41, 92, 26, 304, 443, 417, 468, 121, 60, 121, 371, 2, 83, 60, 198, 60, 386, 2, 49, 60, 201, 230, 320, 443, 311, 377, 307, 468, 311, 349, 28, 293, 147, 307, 443, 60, 147, 101, 8, 60, 220, 242, 401, 442, 420, 379, 60, 409, 249, 287, 371, 230, 283, 203, 39, 18, 2, 39, 249, 152, 301, 230, 192, 58, 70, 213, 249, 121, 230, 153, 75, 203, 60, 203, 60, 230, 60, 284, 117, 45, 164, 162, 172, 33, 303, 60, 60, 60, 230, 39, 92, 101, 60, 371, 92, 33, 105, 230, 60, 230, 6, 60, 60, 60, 153, 230, 480, 33, 2, 60, 425, 60, 101, 176, 60, 55, 101, 280, 198, 361, 41, 172, 147, 60, 428, 40, 101, 101, 101, 147, 35, 60, 398, 358, 60, 101, 121, 121, 105, 22, 222, 60, 60, 443, 60, 60, 289, 113, 442, 74, 124, 230, 35, 60, 35, 60, 40, 60, 355, 157, 86, 209, 304, 289, 209, 117, 113, 60, 60, 390, 202, 365, 365, 2, 40, 92, 324, 40, 324, 276, 132, 40, 2, 217, 60, 425, 60, 60, 83, 121, 60, 356, 2, 289, 60, 388, 81, 417, 117, 85,