{"Run": 13, "K": 215, "WCSSD": 2413.7338407050306, "Purity": 0.4640709991411394, "Time": 9.16330099105835, "Kmeans_Labels": [187, 180, 199, 130, 2, 188, 150, 122, 2, 2, 2, 171, 28, 28, 180, 2, 2, 62, 2, 2, 143, 2, 157, 28, 28, 62, 28, 62, 2, 117, 28, 53, 2, 62, 188, 180, 95, 28, 171, 28, 188, 28, 175, 30, 28, 2, 28, 2, 188, 2, 94, 180, 180, 2, 187, 103, 157, 62, 130, 130, 2, 62, 2, 6, 103, 24, 28, 180, 28, 103, 28, 188, 191, 39, 53, 2, 164, 2, 133, 2, 133, 133, 176, 62, 72, 2, 39, 197, 2, 2, 2, 2, 103, 148, 188, 150, 188, 188, 72, 2, 72, 179, 2, 150, 2, 150, 150, 2, 117, 179, 8, 117, 8, 28, 187, 179, 137, 133, 188, 46, 188, 188, 46, 130, 130, 46, 188, 130, 133, 180, 46, 46, 90, 188, 2, 2, 188, 188, 188, 188, 209, 130, 130, 2, 46, 46, 2, 188, 2, 130, 46, 121, 39, 2, 188, 46, 2, 2, 130, 188, 188, 46, 46, 188, 150, 46, 39, 157, 133, 39, 46, 2, 2, 180, 46, 2, 6, 97, 46, 188, 188, 188, 2, 2, 46, 2, 46, 2, 188, 157, 157, 206, 157, 46, 130, 130, 155, 157, 188, 140, 72, 2, 2, 6, 46, 72, 46, 72, 39, 188, 2, 61, 72, 72, 72, 46, 46, 148, 171, 187, 72, 53, 2, 171, 53, 119, 188, 171, 180, 46, 2, 2, 72, 118, 72, 2, 2, 30, 53, 188, 46, 133, 206, 72, 180, 72, 180, 106, 157, 46, 150, 150, 2, 46, 188, 188, 46, 188, 46, 106, 188, 187, 171, 199, 46, 2, 157, 150, 157, 6, 133, 150, 188, 188, 150, 2, 188, 188, 46, 46, 46, 187, 187, 188, 150, 150, 6, 130, 150, 133, 46, 150, 2, 150, 2, 150, 2, 150, 2, 180, 2, 150, 2, 211, 171, 150, 204, 150, 150, 8, 64, 187, 171, 2, 140, 187, 2, 8, 175, 180, 175, 8, 180, 175, 162, 171, 2, 187, 206, 175, 2, 46, 46, 187, 180, 2, 46, 187, 62, 46, 188, 133, 45, 157, 46, 188, 188, 46, 188, 188, 45, 188, 180, 2, 171, 187, 199, 133, 12, 48, 194, 2, 188, 194, 175, 206, 84, 194, 46, 188, 194, 32, 84, 46, 84, 46, 46, 46, 188, 2, 188, 180, 46, 130, 2, 180, 180, 62, 130, 2, 133, 188, 188, 157, 2, 2, 6, 76, 133, 30, 206, 188, 130, 188, 2, 206, 157, 2, 130, 2, 133, 133, 103, 39, 180, 180, 150, 157, 39, 213, 39, 81, 39, 2, 66, 2, 2, 187, 12, 194, 194, 97, 2, 39, 2, 133, 133, 53, 53, 2, 130, 1, 121, 121, 148, 148, 175, 175, 2, 175, 171, 171, 175, 30, 2, 69, 69, 2, 48, 48, 2, 2, 2, 17, 17, 2, 103, 103, 130, 103, 103, 103, 130, 103, 76, 64, 2, 2, 148, 148, 72, 72, 16, 148, 148, 2, 2, 148, 148, 115, 121, 2, 2, 2, 2, 15, 2, 116, 116, 2, 72, 139, 206, 148, 148, 2, 196, 148, 2, 199, 199, 2, 2, 2, 2, 2, 108, 20, 108, 130, 150, 2, 130, 150, 150, 130, 2, 117, 130, 105, 105, 150, 117, 117, 117, 117, 117, 117, 8, 171, 98, 150, 150, 8, 8, 153, 153, 8, 8, 8, 8, 2, 2, 8, 8, 2, 52, 52, 52, 52, 76, 2, 206, 206, 171, 2, 2, 171, 171, 2, 2, 175, 175, 188, 2, 2, 2, 64, 2, 188, 188, 45, 45, 2, 2, 2, 120, 120, 133, 194, 194, 121, 188, 121, 69, 69, 84, 84, 84, 84, 109, 109, 48, 48, 48, 48, 2, 32, 32, 84, 84, 96, 96, 69, 84, 48, 48, 194, 53, 2, 76, 2, 39, 186, 186, 186, 186, 186, 186, 186, 186, 186, 171, 171, 186, 186, 186, 28, 186, 186, 186, 186, 157, 186, 186, 186, 186, 6, 30, 30, 2, 48, 2, 2, 103, 103, 17, 17, 2, 187, 103, 103, 2, 2, 2, 2, 103, 61, 130, 30, 6, 130, 2, 2, 2, 97, 30, 188, 130, 180, 148, 148, 2, 148, 148, 2, 2, 103, 2, 2, 103, 185, 16, 16, 128, 197, 148, 148, 148, 30, 127, 2, 2, 115, 148, 148, 148, 148, 2, 148, 148, 94, 94, 148, 60, 148, 2, 148, 148, 148, 197, 2, 148, 148, 148, 2, 30, 2, 133, 133, 2, 64, 2, 199, 2, 2, 2, 175, 2, 117, 117, 129, 175, 2, 175, 129, 8, 175, 34, 117, 117, 187, 175, 117, 117, 117, 2, 175, 117, 187, 175, 117, 98, 2, 121, 8, 8, 8, 2, 2, 175, 175, 175, 8, 8, 8, 8, 8, 175, 180, 8, 134, 175, 175, 175, 134, 175, 126, 175, 175, 175, 2, 175, 175, 175, 175, 121, 175, 175, 175, 175, 2, 2, 121, 175, 175, 175, 175, 62, 62, 175, 175, 2, 2, 2, 69, 166, 2, 69, 144, 2, 2, 2, 175, 175, 120, 175, 166, 187, 2, 133, 69, 2, 2, 188, 2, 2, 159, 2, 2, 2, 2, 194, 194, 194, 69, 84, 194, 48, 84, 6, 194, 48, 50, 48, 109, 194, 2, 109, 109, 2, 48, 2, 2, 2, 32, 32, 32, 8, 2, 8, 194, 96, 69, 179, 87, 87, 87, 194, 2, 2, 103, 2, 180, 103, 103, 103, 2, 2, 2, 2, 2, 2, 2, 2, 197, 2, 197, 203, 199, 2, 2, 175, 150, 175, 133, 175, 157, 56, 2, 2, 2, 43, 39, 130, 2, 2, 188, 188, 157, 62, 180, 2, 187, 201, 194, 187, 201, 2, 2, 11, 2, 189, 170, 133, 2, 170, 30, 152, 152, 11, 190, 194, 43, 11, 43, 53, 43, 43, 43, 43, 157, 43, 43, 212, 43, 170, 133, 43, 170, 43, 43, 43, 152, 157, 43, 11, 170, 43, 40, 43, 43, 170, 43, 152, 152, 43, 152, 170, 43, 43, 170, 212, 2, 43, 11, 43, 11, 11, 2, 133, 83, 43, 80, 2, 157, 2, 11, 11, 43, 180, 6, 170, 43, 170, 43, 2, 43, 43, 2, 43, 37, 43, 43, 2, 2, 43, 43, 43, 11, 180, 2, 78, 43, 43, 43, 43, 161, 170, 43, 43, 43, 43, 168, 43, 43, 43, 43, 160, 11, 180, 139, 168, 43, 43, 24, 2, 2, 163, 2, 11, 43, 11, 2, 170, 43, 2, 152, 93, 43, 43, 43, 62, 11, 76, 43, 170, 170, 170, 43, 170, 43, 2, 43, 43, 11, 43, 53, 2, 170, 170, 43, 43, 43, 43, 11, 11, 11, 10, 188, 43, 43, 170, 43, 43, 97, 2, 43, 43, 76, 11, 170, 92, 43, 43, 43, 43, 11, 11, 43, 170, 43, 167, 2, 43, 2, 43, 121, 170, 68, 43, 43, 78, 43, 53, 190, 11, 2, 2, 170, 170, 43, 43, 11, 170, 170, 170, 18, 2, 170, 26, 11, 43, 11, 30, 131, 43, 43, 157, 43, 11, 2, 43, 2, 43, 43, 189, 11, 53, 170, 43, 170, 168, 157, 11, 170, 168, 43, 43, 43, 133, 197, 170, 126, 11, 139, 170, 43, 170, 43, 11, 11, 199, 133, 43, 43, 43, 11, 43, 133, 43, 170, 2, 11, 11, 43, 43, 170, 170, 43, 139, 133, 43, 170, 11, 43, 11, 188, 2, 170, 43, 170, 43, 188, 43, 53, 43, 43, 170, 11, 141, 170, 79, 170, 180, 43, 11, 11, 43, 180, 43, 170, 43, 170, 2, 43, 133, 180, 43, 43, 170, 43, 170, 170, 170, 30, 170, 170, 170, 11, 188, 43, 172, 43, 197, 212, 43, 11, 152, 11, 157, 170, 170, 43, 170, 11, 157, 11, 170, 43, 43, 11, 43, 11, 170, 11, 43, 43, 11, 170, 2, 2, 2, 110, 43, 43, 170, 170, 170, 11, 11, 170, 11, 170, 43, 170, 180, 11, 152, 170, 2, 11, 11, 11, 2, 170, 43, 11, 24, 190, 11, 194, 170, 11, 43, 11, 48, 170, 194, 170, 194, 53, 170, 11, 43, 43, 43, 2, 11, 32, 11, 43, 43, 11, 2, 11, 43, 43, 11, 157, 168, 43, 11, 43, 11, 11, 11, 43, 43, 11, 43, 2, 157, 180, 133, 157, 180, 133, 180, 180, 180, 180, 180, 133, 180, 2, 130, 133, 180, 2, 171, 180, 2, 180, 192, 180, 180, 48, 39, 53, 53, 53, 2, 2, 2, 2, 7, 86, 194, 12, 32, 2, 32, 48, 96, 48, 171, 30, 180, 55, 2, 166, 175, 2, 2, 8, 2, 157, 84, 199, 188, 130, 2, 187, 8, 2, 148, 2, 69, 115, 84, 171, 2, 2, 176, 2, 91, 130, 117, 2, 39, 150, 188, 76, 41, 2, 2, 171, 88, 64, 150, 171, 2, 2, 8, 62, 175, 148, 171, 2, 103, 2, 130, 30, 2, 197, 175, 103, 2, 2, 188, 2, 214, 142, 182, 2, 2, 176, 171, 2, 84, 76, 149, 2, 2, 175, 2, 2, 2, 180, 69, 87, 2, 2, 24, 6, 2, 76, 171, 180, 2, 148, 2, 30, 2, 136, 2, 84, 2, 2, 2, 2, 103, 2, 180, 84, 2, 187, 129, 2, 2, 62, 2, 2, 130, 2, 2, 62, 207, 180, 206, 2, 121, 187, 12, 2, 197, 6, 205, 64, 2, 2, 188, 2, 188, 2, 188, 157, 24, 198, 2, 2, 210, 157, 200, 2, 86, 157, 87, 2, 96, 175, 32, 188, 84, 32, 84, 84, 157, 194, 69, 188, 2, 171, 157, 188, 2, 2, 166, 121, 2, 187, 2, 175, 2, 187, 188, 126, 30, 8, 30, 8, 2, 30, 157, 199, 2, 157, 8, 175, 2, 39, 2, 157, 133, 157, 8, 91, 8, 117, 2, 133, 2, 157, 133, 129, 2, 150, 150, 2, 63, 2, 41, 2, 133, 30, 6, 171, 2, 188, 6, 150, 133, 133, 157, 180, 2, 188, 157, 199, 157, 199, 2, 136, 53, 2, 180, 2, 171, 2, 2, 53, 171, 62, 2, 97, 197, 2, 2, 2, 30, 182, 171, 171, 171, 2, 55, 2, 180, 197, 2, 171, 2, 2, 88, 115, 142, 62, 2, 148, 2, 2, 62, 2, 121, 2, 148, 157, 2, 126, 62, 198, 15, 2, 2, 2, 148, 103, 207, 62, 103, 2, 2, 2, 2, 2, 148, 176, 176, 180, 15, 6, 2, 15, 2, 15, 157, 15, 157, 133, 2, 180, 62, 30, 24, 2, 2, 6, 2, 62, 24, 6, 64, 139, 2, 130, 76, 76, 157, 133, 76, 24, 2, 62, 214, 76, 76, 173, 2, 2, 76, 205, 2, 2, 130, 76, 2, 157, 157, 206, 97, 188, 73, 2, 130, 214, 180, 2, 188, 2, 2, 206, 31, 53, 157, 103, 130, 130, 2, 2, 157, 2, 2, 2, 188, 62, 135, 2, 62, 2, 2, 130, 2, 2, 187, 2, 21, 62, 6, 2, 2, 63, 126, 2, 2, 15, 157, 76, 175, 157, 25, 133, 6, 133, 2, 97, 157, 126, 121, 76, 2, 24, 2, 15, 2, 6, 30, 2, 180, 103, 157, 199, 188, 2, 180, 26, 126, 199, 180, 188, 130, 180, 195, 103, 2, 12, 2, 2, 126, 69, 7, 2, 84, 149, 194, 194, 4, 12, 194, 84, 82, 72, 4, 32, 4, 194, 130, 4, 187, 179, 179, 150, 199, 32, 175, 99, 2, 4, 171, 2, 84, 4, 117, 8, 174, 6, 