{"Run": 8, "K": 283, "WCSSD": 2349.6285302313236, "Purity": 0.35396713381749095, "Time": 14.27625298500061, "Kmeans_Labels": [263, 134, 52, 227, 4, 4, 146, 209, 146, 232, 4, 96, 210, 210, 179, 4, 36, 276, 115, 118, 4, 4, 9, 210, 282, 276, 4, 276, 73, 4, 210, 4, 73, 276, 4, 4, 210, 210, 96, 210, 4, 274, 42, 67, 210, 152, 210, 4, 184, 4, 4, 9, 9, 4, 57, 97, 115, 276, 227, 227, 115, 276, 4, 193, 157, 242, 210, 146, 210, 157, 276, 4, 4, 4, 251, 4, 268, 4, 36, 4, 4, 4, 232, 276, 209, 4, 9, 156, 4, 232, 4, 4, 249, 82, 4, 4, 4, 4, 209, 220, 209, 251, 4, 52, 52, 274, 274, 52, 4, 251, 83, 83, 83, 210, 268, 251, 9, 4, 12, 41, 4, 4, 41, 227, 227, 41, 4, 65, 9, 9, 41, 41, 9, 115, 4, 237, 4, 4, 4, 4, 207, 227, 227, 73, 41, 41, 4, 4, 4, 227, 41, 95, 4, 135, 4, 41, 4, 4, 227, 266, 4, 41, 41, 4, 28, 204, 9, 9, 9, 4, 36, 4, 4, 9, 41, 115, 193, 240, 41, 4, 4, 168, 204, 204, 41, 4, 41, 4, 4, 9, 4, 207, 9, 41, 227, 227, 4, 9, 4, 232, 209, 4, 36, 193, 41, 209, 41, 172, 4, 4, 4, 4, 209, 209, 209, 41, 41, 232, 96, 268, 209, 251, 4, 96, 4, 41, 54, 96, 9, 41, 4, 4, 209, 4, 209, 4, 232, 73, 115, 115, 41, 4, 207, 209, 9, 209, 76, 4, 9, 41, 232, 232, 46, 170, 115, 4, 41, 55, 41, 4, 137, 268, 96, 227, 52, 4, 9, 52, 115, 193, 4, 274, 9, 4, 274, 4, 115, 4, 41, 52, 44, 268, 16, 188, 274, 274, 193, 52, 274, 9, 41, 274, 59, 274, 52, 274, 4, 274, 52, 202, 4, 274, 4, 4, 96, 274, 274, 274, 274, 83, 207, 268, 96, 9, 213, 268, 4, 83, 274, 237, 63, 83, 9, 83, 193, 96, 4, 268, 207, 63, 73, 41, 41, 263, 9, 263, 192, 268, 276, 63, 4, 34, 23, 9, 41, 112, 115, 23, 115, 23, 23, 9, 9, 23, 96, 268, 4, 9, 13, 194, 20, 4, 190, 194, 20, 207, 194, 20, 14, 4, 20, 20, 11, 14, 11, 14, 41, 41, 55, 36, 55, 9, 41, 36, 4, 9, 9, 276, 182, 9, 4, 4, 36, 9, 4, 4, 237, 75, 4, 102, 207, 150, 227, 115, 9, 207, 115, 237, 227, 4, 4, 4, 157, 9, 146, 4, 274, 9, 9, 41, 115, 227, 4, 4, 67, 52, 4, 83, 13, 20, 20, 240, 4, 9, 4, 9, 9, 73, 73, 4, 227, 4, 95, 95, 232, 232, 83, 83, 4, 83, 96, 96, 83, 67, 237, 20, 20, 4, 194, 194, 4, 4, 4, 157, 157, 73, 157, 157, 216, 157, 157, 157, 227, 157, 75, 260, 4, 232, 4, 4, 209, 209, 82, 232, 232, 4, 4, 82, 82, 82, 95, 4, 4, 4, 4, 115, 4, 95, 95, 115, 209, 4, 207, 232, 232, 4, 195, 82, 52, 52, 52, 4, 4, 4, 4, 4, 4, 52, 4, 227, 52, 4, 52, 52, 52, 52, 4, 4, 227, 83, 83, 164, 83, 83, 52, 52, 83, 83, 83, 96, 22, 274, 274, 232, 232, 173, 173, 83, 83, 83, 83, 256, 256, 83, 83, 115, 79, 79, 258, 258, 75, 128, 207, 207, 96, 4, 4, 96, 96, 4, 4, 4, 4, 4, 4, 4, 4, 207, 23, 23, 23, 23, 23, 73, 116, 23, 4, 4, 4, 20, 20, 95, 255, 95, 4, 4, 174, 174, 278, 278, 199, 199, 194, 194, 194, 194, 237, 20, 20, 174, 174, 61, 61, 20, 20, 20, 20, 20, 103, 4, 75, 4, 9, 130, 130, 130, 130, 130, 229, 130, 130, 130, 273, 96, 130, 243, 130, 210, 15, 130, 130, 130, 9, 130, 130, 130, 130, 193, 214, 67, 4, 194, 36, 36, 36, 36, 157, 157, 9, 268, 157, 157, 9, 4, 4, 4, 157, 4, 227, 67, 193, 66, 4, 4, 4, 240, 67, 4, 232, 36, 30, 30, 1, 30, 30, 4, 4, 157, 36, 4, 157, 4, 4, 4, 82, 156, 82, 82, 82, 67, 82, 4, 4, 82, 82, 232, 82, 4, 4, 82, 82, 82, 4, 82, 82, 82, 4, 232, 82, 82, 156, 4, 232, 232, 82, 4, 82, 4, 145, 145, 52, 52, 52, 4, 52, 52, 267, 63, 52, 52, 52, 83, 83, 52, 259, 83, 83, 259, 83, 52, 83, 268, 83, 83, 83, 52, 4, 83, 83, 268, 83, 268, 22, 4, 95, 83, 83, 83, 4, 4, 63, 191, 191, 83, 83, 83, 83, 83, 83, 149, 83, 83, 63, 200, 63, 200, 63, 96, 200, 63, 63, 4, 63, 63, 63, 63, 95, 63, 63, 63, 63, 4, 4, 95, 63, 63, 63, 63, 237, 237, 63, 181, 4, 4, 4, 4, 4, 4, 4, 115, 4, 23, 23, 63, 63, 4, 63, 63, 221, 4, 4, 4, 4, 4, 4, 6, 6, 4, 4, 4, 4, 4, 20, 20, 20, 4, 278, 20, 194, 174, 47, 20, 194, 36, 194, 199, 20, 4, 199, 199, 4, 194, 4, 4, 4, 20, 26, 20, 4, 4, 83, 20, 174, 4, 251, 159, 159, 159, 20, 237, 115, 157, 45, 4, 157, 237, 157, 115, 4, 4, 4, 4, 255, 4, 4, 156, 4, 156, 4, 4, 36, 4, 83, 223, 83, 265, 4, 4, 4, 36, 36, 36, 3, 4, 227, 73, 4, 252, 4, 9, 276, 9, 69, 268, 83, 20, 268, 83, 4, 4, 131, 232, 269, 18, 99, 52, 80, 67, 18, 250, 131, 131, 20, 3, 131, 131, 115, 3, 3, 3, 228, 0, 3, 3, 3, 3, 18, 9, 228, 18, 3, 3, 3, 250, 250, 3, 131, 18, 3, 3, 3, 3, 18, 3, 250, 250, 3, 18, 18, 3, 3, 18, 176, 4, 3, 228, 3, 131, 131, 4, 9, 18, 228, 3, 244, 4, 4, 131, 131, 3, 98, 193, 18, 228, 18, 228, 4, 228, 3, 4, 113, 17, 3, 3, 4, 4, 3, 3, 113, 131, 9, 237, 282, 3, 3, 3, 3, 228, 18, 3, 3, 3, 3, 250, 3, 3, 228, 3, 3, 131, 146, 177, 250, 3, 3, 242, 4, 4, 240, 4, 131, 3, 131, 4, 18, 3, 99, 18, 131, 3, 3, 228, 276, 131, 75, 3, 18, 18, 18, 228, 18, 3, 4, 3, 3, 131, 3, 4, 4, 18, 18, 131, 228, 3, 3, 131, 131, 228, 9, 4, 3, 228, 18, 3, 89, 240, 4, 3, 3, 75, 131, 18, 3, 3, 228, 3, 3, 131, 131, 3, 18, 3, 158, 4, 3, 4, 3, 95, 18, 250, 3, 3, 282, 3, 4, 131, 132, 4, 4, 18, 18, 31, 3, 131, 18, 18, 18, 3, 4, 18, 68, 131, 3, 131, 67, 18, 3, 3, 9, 3, 131, 232, 3, 4, 3, 3, 269, 131, 4, 18, 3, 18, 250, 9, 131, 18, 250, 3, 228, 3, 9, 156, 18, 115, 131, 177, 18, 3, 131, 3, 139, 131, 4, 0, 3, 228, 3, 131, 3, 99, 3, 18, 4, 131, 131, 3, 208, 18, 18, 3, 4, 4, 3, 18, 131, 228, 131, 4, 52, 236, 228, 88, 3, 179, 3, 9, 101, 101, 18, 131, 3, 18, 119, 18, 36, 3, 131, 131, 3, 9, 3, 18, 3, 18, 4, 131, 187, 98, 3, 3, 18, 3, 18, 80, 18, 67, 18, 18, 18, 131, 4, 3, 131, 3, 156, 3, 3, 131, 18, 131, 4, 18, 18, 228, 18, 131, 9, 131, 18, 3, 3, 131, 3, 78, 18, 131, 3, 73, 131, 18, 9, 73, 73, 228, 91, 3, 18, 18, 18, 131, 131, 18, 131, 18, 3, 18, 98, 131, 250, 18, 4, 131, 131, 131, 4, 18, 3, 131, 242, 131, 131, 131, 18, 131, 3, 131, 194, 88, 20, 88, 20, 9, 88, 131, 3, 3, 3, 160, 131, 20, 131, 3, 3, 131, 254, 131, 228, 3, 131, 9, 250, 3, 131, 228, 131, 131, 131, 131, 3, 131, 131, 73, 9, 9, 9, 9, 9, 4, 9, 9, 9, 9, 4, 9, 9, 4, 227, 9, 9, 4, 96, 9, 4, 36, 227, 9, 9, 194, 4, 115, 115, 115, 69, 4, 4, 4, 20, 32, 20, 13, 20, 4, 154, 194, 174, 120, 96, 67, 146, 232, 115, 4, 63, 4, 4, 115, 23, 4, 4, 4, 9, 227, 4, 268, 4, 4, 4, 171, 4, 82, 94, 96, 106, 52, 232, 4, 83, 227, 83, 4, 9, 52, 115, 75, 52, 4, 4, 49, 4, 111, 52, 85, 4, 4, 83, 276, 4, 30, 206, 248, 157, 170, 227, 67, 4, 156, 63, 157, 4, 2, 4, 4, 115, 73, 9, 4, 23, 232, 96, 4, 174, 75, 77, 4, 4, 63, 4, 4, 58, 9, 4, 159, 246, 4, 242, 193, 4, 75, 96, 4, 4, 124, 122, 67, 4, 274, 5, 174, 4, 75, 4, 4, 157, 4, 9, 278, 4, 268, 259, 237, 4, 276, 115, 4, 227, 4, 4, 276, 183, 9, 207, 189, 95, 268, 13, 4, 156, 4, 146, 260, 72, 36, 19, 275, 4, 4, 115, 62, 242, 4, 4, 4, 75, 9, 4, 4, 32, 233, 159, 72, 174, 63, 20, 19, 94, 154, 4, 278, 4, 20, 4, 4, 4, 96, 4, 4, 23, 115, 4, 95, 4, 268, 4, 63, 171, 268, 115, 9, 180, 83, 67, 83, 202, 67, 9, 9, 4, 233, 83, 4, 4, 9, 171, 4, 233, 9, 115, 83, 4, 83, 9, 9, 4, 115, 9, 259, 2, 52, 52, 4, 4, 4, 52, 4, 233, 67, 193, 85, 118, 115, 193, 274, 4, 9, 4, 9, 4, 4, 9, 4, 9, 9, 9, 274, 115, 4, 9, 115, 96, 170, 115, 115, 96, 276, 4, 240, 156, 52, 218, 4, 67, 9, 96, 49, 96, 4, 232, 4, 9, 156, 4, 206, 4, 275, 4, 82, 73, 276, 4, 82, 4, 4, 276, 4, 95, 4, 4, 233, 232, 4, 276, 4, 9, 4, 4, 189, 124, 157, 183, 276, 157, 4, 4, 106, 4, 4, 30, 232, 232, 9, 9, 4, 4, 9, 4, 9, 115, 9, 62, 9, 248, 9, 276, 67, 242, 4, 5, 73, 4, 276, 242, 276, 111, 36, 4, 227, 75, 196, 9, 125, 75, 242, 4, 276, 196, 75, 75, 9, 237, 75, 75, 146, 4, 70, 227, 75, 4, 9, 9, 207, 240, 4, 276, 4, 227, 115, 9, 4, 9, 4, 4, 207, 4, 115, 9, 157, 227, 227, 4, 272, 9, 4, 4, 4, 115, 276, 92, 246, 276, 4, 45, 227, 4, 4, 268, 4, 260, 276, 193, 4, 232, 4, 9, 218, 70, 9, 9, 75, 63, 0, 100, 9, 36, 9, 4, 240, 9, 9, 95, 196, 4, 242, 9, 9, 4, 4, 67, 171, 9, 157, 115, 4, 4, 4, 115, 4, 9, 9, 9, 4, 227, 237, 4, 157, 4, 13, 4, 4, 9, 4, 20, 4, 174, 77, 20, 20, 219, 13, 20, 174, 40, 209, 219, 235, 90, 20, 227, 10, 268, 251, 251, 52, 52, 20, 4, 268, 23, 219, 96, 219, 20, 36, 232, 83, 238, 193, 40, 90, 110, 170, 90, 9, 4, 83, 20, 82, 20, 20, 219, 219, 83, 157, 96, 90, 4, 63, 90, 35, 123, 219, 23, 219, 90, 219, 75, 4, 20, 240, 237, 90, 20, 227, 219, 90, 219, 63, 90, 20, 4, 90, 52, 133, 20, 90, 9, 219, 81, 219, 90, 90, 219, 126, 274, 215, 75, 90, 170, 264, 194, 199, 75, 219, 83, 219, 242, 84, 242, 90, 20, 4, 90, 20, 207, 219, 219, 90, 278, 90, 90, 90, 90, 90, 211, 219, 96, 90, 157, 90, 