{"Run": 3, "K": 239, "WCSSD": 2389.5704817664337, "Purity": 0.46922416261093614, "Time": 10.860566139221191, "Kmeans_Labels": [2, 64, 46, 2, 2, 2, 64, 79, 64, 2, 127, 2, 2, 80, 2, 2, 175, 135, 2, 50, 2, 2, 107, 80, 80, 135, 2, 135, 50, 130, 80, 2, 50, 135, 2, 45, 80, 80, 80, 80, 190, 80, 168, 76, 80, 2, 80, 126, 25, 21, 2, 190, 190, 133, 133, 77, 110, 135, 2, 2, 2, 135, 135, 231, 205, 64, 80, 64, 80, 77, 135, 141, 2, 2, 174, 185, 2, 2, 175, 128, 2, 2, 115, 135, 79, 2, 66, 2, 2, 2, 2, 2, 77, 21, 2, 2, 2, 2, 96, 2, 79, 174, 2, 156, 156, 105, 230, 156, 2, 174, 82, 207, 82, 80, 115, 174, 225, 2, 2, 42, 2, 2, 23, 2, 2, 42, 2, 133, 150, 190, 42, 42, 2, 2, 2, 50, 2, 2, 2, 2, 137, 2, 2, 50, 42, 55, 181, 2, 2, 2, 42, 35, 66, 50, 2, 42, 2, 190, 2, 25, 181, 42, 42, 181, 2, 181, 66, 190, 110, 66, 175, 2, 2, 190, 42, 2, 231, 24, 42, 141, 2, 141, 181, 181, 42, 2, 42, 2, 181, 2, 190, 137, 6, 42, 133, 139, 141, 150, 2, 115, 79, 2, 175, 231, 42, 79, 42, 79, 2, 100, 2, 2, 79, 79, 79, 42, 42, 115, 2, 137, 79, 110, 181, 59, 190, 42, 2, 115, 190, 42, 2, 48, 79, 2, 79, 2, 115, 50, 107, 2, 42, 2, 137, 79, 190, 79, 150, 2, 150, 42, 115, 115, 2, 75, 107, 116, 42, 139, 42, 115, 180, 2, 59, 2, 156, 2, 150, 156, 110, 115, 2, 105, 190, 139, 105, 2, 126, 2, 42, 156, 42, 105, 133, 2, 105, 105, 231, 156, 105, 150, 42, 105, 110, 105, 2, 105, 2, 105, 192, 190, 2, 105, 189, 2, 141, 105, 105, 219, 2, 82, 137, 133, 115, 107, 115, 133, 110, 82, 133, 190, 129, 115, 190, 2, 231, 2, 2, 126, 137, 141, 50, 42, 42, 2, 190, 201, 42, 36, 135, 42, 133, 2, 137, 150, 42, 190, 2, 42, 2, 107, 137, 2, 190, 2, 2, 2, 2, 110, 72, 101, 101, 2, 110, 101, 2, 137, 152, 101, 42, 2, 166, 37, 152, 42, 152, 42, 42, 42, 2, 175, 180, 150, 42, 175, 2, 190, 190, 135, 2, 2, 110, 25, 175, 190, 168, 2, 231, 173, 2, 76, 137, 2, 2, 2, 190, 137, 2, 2, 225, 2, 2, 2, 77, 66, 64, 181, 105, 150, 66, 42, 107, 2, 2, 133, 76, 156, 2, 133, 72, 101, 101, 168, 110, 66, 2, 107, 107, 50, 50, 2, 2, 133, 186, 186, 115, 115, 141, 141, 2, 82, 2, 2, 2, 76, 58, 126, 126, 133, 101, 101, 141, 141, 2, 77, 77, 50, 77, 77, 77, 77, 77, 77, 2, 77, 173, 137, 216, 141, 21, 21, 79, 79, 2, 21, 21, 2, 2, 21, 21, 21, 35, 2, 115, 115, 126, 142, 64, 35, 35, 64, 79, 107, 137, 115, 115, 2, 21, 21, 156, 46, 46, 126, 89, 89, 2, 2, 2, 87, 2, 2, 156, 133, 156, 156, 156, 156, 133, 21, 158, 38, 38, 38, 115, 115, 93, 93, 115, 115, 115, 141, 133, 105, 105, 115, 115, 2, 2, 82, 82, 188, 188, 156, 156, 38, 82, 107, 35, 35, 35, 35, 173, 2, 137, 137, 59, 90, 90, 121, 121, 121, 121, 2, 2, 2, 2, 2, 2, 137, 2, 2, 2, 137, 137, 50, 2, 133, 2, 2, 150, 101, 101, 35, 126, 35, 126, 126, 152, 152, 27, 27, 140, 140, 101, 101, 101, 101, 2, 5, 5, 152, 152, 152, 152, 109, 109, 101, 101, 27, 107, 2, 173, 135, 66, 60, 60, 60, 60, 60, 60, 60, 60, 60, 60, 115, 60, 60, 60, 80, 60, 60, 60, 60, 2, 60, 134, 60, 60, 231, 133, 76, 2, 101, 168, 168, 175, 175, 77, 77, 2, 133, 210, 210, 2, 133, 2, 133, 77, 2, 56, 76, 92, 2, 141, 2, 2, 168, 76, 141, 115, 175, 21, 21, 2, 21, 21, 2, 2, 77, 175, 181, 77, 2, 2, 2, 21, 83, 157, 54, 54, 76, 21, 168, 2, 21, 21, 115, 21, 21, 168, 21, 21, 21, 2, 21, 21, 21, 2, 115, 21, 21, 83, 2, 115, 115, 21, 2, 21, 2, 143, 143, 156, 137, 156, 2, 156, 156, 2, 82, 156, 156, 156, 38, 38, 156, 38, 38, 38, 38, 38, 156, 207, 156, 38, 38, 207, 156, 2, 82, 156, 82, 82, 115, 82, 115, 35, 84, 82, 82, 2, 111, 133, 133, 133, 82, 82, 82, 82, 82, 159, 82, 82, 82, 82, 82, 159, 82, 144, 141, 86, 86, 86, 2, 86, 144, 144, 137, 35, 86, 86, 86, 126, 113, 113, 35, 82, 82, 82, 2, 135, 135, 2, 2, 126, 110, 126, 2, 126, 218, 126, 2, 126, 2, 2, 82, 82, 2, 2, 2, 137, 2, 150, 126, 2, 2, 2, 9, 9, 126, 126, 126, 2, 2, 5, 236, 236, 126, 227, 101, 101, 152, 231, 101, 101, 175, 101, 140, 101, 2, 140, 140, 2, 101, 126, 126, 126, 5, 5, 5, 126, 2, 82, 5, 152, 126, 174, 126, 126, 126, 5, 50, 2, 77, 2, 190, 77, 50, 77, 2, 110, 193, 2, 2, 2, 2, 2, 2, 2, 2, 198, 162, 175, 2, 133, 156, 91, 38, 2, 190, 2, 175, 175, 175, 213, 110, 2, 50, 2, 175, 2, 110, 135, 190, 2, 133, 133, 5, 133, 133, 181, 2, 184, 115, 184, 17, 110, 156, 17, 76, 17, 31, 184, 184, 101, 213, 52, 26, 107, 213, 213, 213, 26, 107, 213, 213, 26, 213, 17, 110, 213, 17, 213, 213, 213, 31, 31, 213, 184, 17, 213, 213, 213, 213, 17, 213, 31, 31, 213, 17, 17, 213, 213, 228, 26, 110, 213, 26, 213, 184, 184, 181, 150, 17, 213, 213, 110, 2, 2, 184, 26, 213, 190, 231, 17, 213, 17, 213, 181, 26, 213, 2, 213, 213, 213, 34, 181, 176, 213, 213, 26, 184, 190, 50, 26, 213, 123, 213, 213, 213, 17, 213, 26, 26, 213, 31, 213, 213, 213, 213, 26, 184, 64, 110, 52, 213, 213, 0, 2, 181, 51, 110, 184, 26, 184, 168, 17, 26, 110, 17, 26, 213, 213, 213, 135, 184, 173, 213, 17, 17, 8, 213, 17, 213, 6, 213, 213, 184, 213, 2, 168, 154, 17, 26, 213, 213, 213, 184, 184, 26, 190, 141, 213, 26, 235, 213, 213, 51, 2, 213, 213, 173, 184, 17, 26, 6, 213, 213, 213, 184, 184, 213, 17, 213, 13, 181, 213, 26, 213, 26, 17, 26, 213, 213, 80, 213, 2, 184, 184, 2, 26, 17, 17, 213, 213, 184, 17, 17, 17, 213, 2, 17, 126, 184, 213, 184, 190, 17, 213, 213, 190, 213, 184, 115, 213, 2, 213, 213, 184, 184, 2, 17, 26, 17, 31, 190, 63, 17, 31, 213, 213, 213, 6, 83, 17, 107, 184, 107, 17, 213, 26, 26, 184, 184, 131, 126, 74, 213, 213, 184, 213, 110, 26, 17, 2, 184, 184, 213, 213, 17, 17, 26, 2, 133, 213, 17, 184, 213, 184, 110, 156, 17, 213, 17, 213, 133, 213, 150, 26, 26, 17, 184, 213, 17, 115, 26, 175, 213, 184, 184, 213, 26, 213, 17, 213, 17, 2, 26, 13, 190, 213, 213, 17, 213, 17, 17, 17, 76, 17, 228, 17, 184, 126, 26, 184, 26, 83, 213, 213, 184, 17, 26, 150, 17, 17, 26, 17, 184, 107, 184, 17, 213, 213, 26, 213, 184, 17, 26, 213, 50, 184, 30, 107, 50, 50, 26, 26, 213, 17, 17, 17, 184, 184, 17, 184, 17, 213, 16, 190, 184, 31, 17, 110, 26, 184, 26, 26, 17, 213, 184, 141, 184, 26, 26, 17, 184, 213, 184, 101, 17, 101, 17, 26, 150, 17, 184, 213, 213, 213, 110, 184, 5, 184, 26, 213, 184, 2, 26, 26, 213, 184, 190, 31, 213, 184, 213, 184, 52, 184, 26, 26, 184, 213, 50, 103, 190, 190, 190, 190, 29, 190, 190, 190, 190, 190, 6, 190, 2, 2, 150, 190, 50, 2, 190, 2, 65, 156, 190, 190, 151, 2, 190, 190, 190, 2, 2, 2, 2, 101, 18, 101, 178, 214, 110, 152, 101, 152, 101, 133, 76, 64, 115, 2, 2, 82, 126, 107, 2, 102, 2, 152, 150, 146, 2, 2, 2, 2, 2, 136, 2, 69, 21, 43, 115, 2, 156, 115, 133, 2, 2, 115, 126, 126, 156, 2, 173, 87, 2, 2, 59, 133, 137, 156, 115, 2, 2, 112, 135, 2, 21, 115, 133, 77, 75, 2, 76, 2, 2, 86, 77, 181, 156, 2, 2, 164, 50, 142, 133, 2, 115, 1, 181, 152, 173, 203, 168, 133, 2, 2, 181, 2, 107, 2, 101, 2, 2, 135, 231, 2, 173, 104, 65, 2, 81, 2, 76, 2, 133, 133, 152, 2, 2, 2, 2, 77, 2, 209, 227, 2, 133, 38, 2, 2, 135, 2, 181, 181, 181, 2, 135, 137, 190, 137, 133, 215, 2, 72, 2, 83, 2, 64, 137, 126, 175, 2, 2, 2, 2, 107, 150, 2, 2, 2, 88, 173, 107, 133, 110, 18, 107, 101, 126, 152, 133, 214, 2, 43, 152, 152, 227, 2, 101, 2, 116, 126, 133, 2, 2, 102, 2, 2, 35, 133, 2, 133, 82, 2, 2, 107, 107, 76, 82, 76, 82, 107, 76, 107, 162, 2, 107, 112, 2, 135, 126, 2, 107, 107, 107, 2, 2, 2, 115, 110, 107, 2, 107, 107, 38, 156, 156, 156, 2, 2, 2, 87, 107, 107, 76, 231, 115, 2, 2, 231, 105, 110, 110, 190, 133, 133, 116, 107, 150, 190, 110, 2, 133, 150, 2, 190, 2, 1, 75, 2, 147, 177, 135, 2, 51, 83, 156, 110, 110, 76, 142, 104, 59, 115, 126, 115, 2, 106, 2, 2, 115, 2, 2, 133, 21, 50, 135, 133, 21, 2, 2, 135, 2, 215, 126, 136, 107, 115, 2, 135, 2, 142, 2, 2, 133, 81, 77, 137, 135, 77, 2, 2, 2, 2, 2, 21, 115, 115, 107, 142, 2, 2, 142, 2, 142, 110, 142, 150, 110, 133, 190, 135, 2, 141, 2, 133, 50, 2, 135, 2, 135, 137, 175, 2, 2, 173, 155, 107, 64, 173, 135, 2, 135, 164, 173, 4, 107, 2, 2, 173, 64, 2, 2, 2, 173, 181, 190, 2, 137, 168, 2, 114, 181, 181, 164, 190, 2, 146, 181, 181, 137, 2, 107, 107, 77, 2, 2, 2, 50, 107, 88, 2, 2, 39, 135, 137, 2, 135, 2, 133, 2, 181, 168, 133, 2, 137, 135, 231, 2, 115, 2, 141, 110, 2, 142, 107, 4, 133, 107, 94, 107, 175, 107, 2, 168, 107, 107, 35, 155, 2, 141, 110, 142, 2, 234, 2, 2, 190, 77, 110, 107, 116, 190, 209, 126, 107, 107, 133, 116, 181, 168, 2, 77, 2, 178, 2, 2, 107, 69, 101,