{"Run": 7, "K": 239, "WCSSD": 2424.808702669029, "Purity": 0.44918408245061553, "Time": 10.044256925582886, "Kmeans_Labels": [4, 206, 172, 172, 4, 4, 235, 123, 4, 4, 4, 190, 87, 87, 4, 4, 213, 82, 4, 152, 4, 4, 115, 87, 115, 82, 204, 82, 152, 4, 87, 4, 152, 82, 4, 4, 87, 87, 190, 87, 4, 235, 227, 238, 87, 4, 87, 4, 4, 4, 4, 158, 158, 4, 4, 146, 4, 82, 172, 172, 4, 82, 4, 57, 146, 42, 87, 206, 87, 146, 82, 4, 4, 4, 132, 4, 4, 4, 213, 4, 4, 115, 156, 82, 123, 4, 60, 46, 4, 4, 4, 4, 146, 156, 4, 4, 4, 4, 123, 4, 123, 132, 4, 188, 188, 235, 235, 188, 95, 132, 196, 21, 196, 87, 196, 132, 158, 4, 4, 66, 4, 90, 66, 172, 172, 66, 4, 172, 115, 4, 222, 66, 3, 65, 4, 152, 4, 4, 4, 4, 197, 172, 172, 152, 66, 66, 4, 4, 4, 172, 66, 13, 60, 152, 96, 66, 4, 4, 172, 4, 4, 66, 66, 4, 235, 66, 4, 137, 25, 60, 213, 4, 4, 158, 66, 4, 57, 198, 66, 4, 4, 4, 4, 4, 66, 150, 66, 4, 4, 150, 4, 197, 30, 66, 172, 172, 32, 158, 4, 220, 123, 115, 213, 57, 66, 123, 66, 123, 4, 4, 4, 4, 164, 123, 123, 66, 66, 156, 190, 197, 66, 4, 4, 144, 4, 61, 4, 190, 158, 66, 4, 4, 123, 4, 123, 4, 4, 152, 4, 4, 66, 4, 197, 123, 158, 4, 4, 4, 158, 66, 235, 220, 4, 66, 65, 115, 66, 4, 66, 4, 4, 4, 190, 172, 66, 4, 158, 53, 4, 57, 115, 235, 115, 4, 235, 4, 4, 4, 66, 66, 66, 235, 4, 4, 235, 235, 57, 188, 235, 115, 66, 235, 9, 21, 188, 235, 4, 235, 188, 4, 198, 235, 4, 29, 70, 235, 235, 235, 4, 196, 208, 4, 188, 4, 196, 21, 213, 196, 21, 158, 21, 196, 158, 21, 57, 190, 76, 160, 197, 21, 152, 66, 66, 4, 158, 45, 66, 4, 82, 66, 4, 4, 197, 158, 66, 153, 170, 66, 4, 115, 197, 4, 158, 4, 190, 4, 4, 25, 83, 75, 203, 4, 4, 75, 21, 197, 67, 203, 66, 4, 75, 203, 67, 66, 67, 66, 66, 66, 4, 213, 4, 158, 66, 213, 4, 158, 158, 82, 172, 72, 4, 4, 213, 115, 105, 4, 57, 33, 4, 238, 88, 4, 172, 4, 115, 197, 4, 162, 172, 4, 115, 4, 146, 60, 206, 4, 188, 158, 60, 66, 4, 4, 4, 4, 238, 188, 18, 4, 83, 203, 203, 198, 4, 60, 4, 115, 115, 152, 152, 4, 172, 4, 13, 13, 4, 4, 142, 142, 4, 21, 190, 190, 21, 238, 4, 203, 203, 4, 75, 75, 4, 4, 4, 146, 146, 152, 227, 227, 172, 146, 146, 146, 172, 146, 160, 197, 4, 4, 140, 140, 123, 123, 4, 156, 156, 4, 4, 156, 156, 156, 13, 4, 4, 4, 4, 158, 4, 13, 13, 4, 123, 4, 197, 55, 55, 18, 156, 156, 188, 172, 172, 4, 4, 4, 4, 4, 4, 188, 4, 172, 188, 4, 188, 188, 188, 188, 4, 156, 172, 41, 41, 235, 98, 98, 188, 188, 21, 21, 196, 70, 21, 118, 118, 126, 126, 4, 4, 56, 56, 56, 56, 4, 4, 207, 56, 4, 161, 161, 161, 161, 160, 4, 197, 197, 190, 4, 4, 190, 190, 4, 4, 4, 4, 4, 4, 232, 232, 197, 4, 4, 4, 4, 4, 152, 4, 4, 4, 4, 115, 151, 151, 13, 4, 13, 4, 4, 67, 67, 171, 171, 4, 4, 49, 49, 166, 166, 4, 106, 106, 67, 67, 67, 67, 67, 67, 75, 75, 203, 115, 4, 160, 4, 4, 68, 68, 68, 68, 68, 68, 68, 68, 68, 190, 190, 68, 68, 68, 87, 68, 68, 68, 68, 4, 68, 68, 163, 68, 57, 238, 238, 4, 75, 227, 227, 184, 184, 146, 146, 4, 4, 146, 146, 4, 4, 4, 4, 146, 4, 172, 238, 57, 172, 4, 4, 4, 198, 62, 4, 172, 213, 156, 156, 4, 156, 156, 4, 4, 140, 213, 4, 146, 4, 4, 4, 156, 147, 156, 156, 156, 238, 156, 4, 4, 156, 156, 156, 156, 4, 4, 156, 156, 4, 4, 156, 156, 156, 4, 55, 102, 102, 147, 4, 55, 55, 233, 4, 214, 4, 4, 4, 188, 188, 188, 21, 188, 173, 81, 21, 188, 188, 21, 207, 21, 188, 207, 207, 207, 207, 207, 188, 98, 188, 21, 21, 98, 188, 4, 21, 21, 196, 21, 21, 21, 4, 13, 196, 196, 124, 4, 4, 21, 21, 21, 56, 56, 56, 196, 56, 21, 210, 56, 56, 21, 21, 21, 56, 93, 190, 21, 21, 21, 4, 21, 179, 179, 197, 13, 21, 21, 21, 4, 4, 4, 13, 21, 21, 21, 21, 82, 82, 21, 4, 4, 4, 4, 232, 4, 197, 232, 4, 4, 4, 4, 21, 21, 232, 21, 21, 197, 37, 115, 4, 4, 4, 51, 4, 4, 4, 4, 4, 4, 4, 203, 203, 203, 4, 171, 203, 75, 67, 57, 203, 49, 213, 75, 4, 203, 4, 4, 4, 4, 75, 213, 213, 4, 106, 203, 203, 196, 4, 15, 203, 67, 20, 132, 135, 135, 135, 203, 152, 4, 146, 213, 4, 146, 152, 146, 4, 4, 4, 4, 4, 4, 4, 4, 4, 4, 4, 77, 4, 213, 4, 21, 188, 21, 207, 129, 115, 4, 74, 213, 74, 218, 4, 172, 152, 4, 213, 4, 25, 82, 158, 4, 21, 165, 203, 21, 165, 28, 34, 236, 4, 236, 71, 134, 188, 71, 238, 71, 71, 236, 236, 203, 218, 236, 218, 115, 218, 218, 218, 218, 26, 218, 218, 149, 218, 71, 115, 218, 71, 218, 218, 218, 218, 115, 47, 236, 71, 218, 218, 218, 218, 71, 218, 115, 115, 218, 71, 125, 218, 2, 71, 149, 4, 218, 149, 218, 194, 236, 28, 115, 121, 149, 218, 4, 4, 4, 236, 236, 218, 4, 57, 71, 149, 71, 149, 4, 218, 218, 4, 218, 218, 218, 218, 28, 4, 218, 218, 218, 236, 158, 152, 218, 218, 218, 218, 218, 149, 71, 218, 218, 149, 218, 136, 23, 218, 149, 218, 218, 54, 4, 115, 136, 218, 218, 42, 4, 4, 84, 4, 236, 218, 236, 227, 71, 218, 134, 71, 218, 218, 218, 149, 82, 236, 160, 218, 71, 71, 71, 218, 71, 218, 30, 218, 218, 236, 218, 4, 4, 71, 71, 236, 218, 218, 218, 174, 236, 149, 115, 4, 218, 218, 71, 218, 218, 198, 34, 218, 218, 160, 236, 71, 218, 218, 218, 218, 218, 236, 236, 218, 71, 218, 197, 4, 218, 209, 218, 13, 71, 136, 218, 218, 87, 218, 52, 236, 236, 4, 4, 71, 71, 149, 218, 157, 71, 71, 193, 218, 4, 71, 73, 236, 218, 236, 238, 71, 218, 218, 150, 218, 236, 4, 218, 4, 218, 218, 236, 236, 4, 71, 149, 71, 136, 158, 236, 71, 136, 218, 149, 218, 30, 147, 71, 115, 236, 4, 71, 218, 236, 218, 236, 236, 4, 26, 218, 149, 218, 236, 218, 134, 218, 71, 4, 236, 236, 218, 218, 71, 71, 218, 4, 4, 218, 71, 236, 218, 236, 4, 188, 71, 149, 71, 218, 4, 218, 115, 188, 218, 71, 236, 218, 71, 196, 71, 213, 218, 236, 225, 218, 158, 218, 71, 63, 71, 4, 236, 158, 4, 218, 218, 71, 218, 71, 71, 71, 238, 71, 71, 71, 236, 4, 218, 236, 25, 147, 131, 218, 236, 71, 218, 115, 71, 71, 218, 71, 236, 115, 236, 71, 218, 218, 236, 58, 236, 71, 236, 218, 152, 236, 71, 4, 152, 152, 218, 218, 218, 71, 71, 71, 236, 236, 71, 236, 71, 218, 71, 158, 236, 71, 71, 4, 236, 236, 236, 4, 71, 218, 236, 42, 236, 236, 203, 157, 236, 218, 236, 75, 71, 203, 71, 203, 115, 71, 236, 218, 218, 218, 4, 236, 203, 236, 218, 218, 236, 4, 236, 236, 218, 236, 158, 136, 218, 236, 218, 236, 236, 236, 218, 218, 236, 218, 152, 202, 158, 115, 158, 158, 4, 158, 158, 158, 158, 4, 30, 158, 4, 172, 115, 158, 12, 190, 158, 4, 213, 172, 158, 158, 75, 4, 115, 115, 115, 4, 148, 4, 4, 203, 4, 203, 168, 75, 4, 234, 75, 67, 75, 59, 238, 206, 4, 4, 4, 21, 4, 188, 196, 4, 4, 67, 4, 115, 172, 4, 4, 117, 4, 4, 109, 4, 156, 185, 190, 4, 155, 4, 4, 196, 172, 21, 4, 4, 188, 4, 160, 4, 4, 4, 190, 4, 27, 188, 190, 4, 4, 56, 82, 129, 156, 190, 4, 4, 4, 172, 238, 4, 4, 21, 140, 4, 188, 115, 4, 115, 152, 158, 4, 4, 4, 190, 4, 67, 160, 146, 226, 4, 1, 4, 4, 4, 31, 4, 135, 4, 4, 42, 57, 4, 160, 190, 128, 4, 156, 4, 238, 4, 235, 4, 139, 4, 4, 4, 4, 146, 4, 119, 171, 4, 4, 207, 4, 4, 82, 4, 4, 172, 219, 4, 82, 127, 115, 197, 120, 13, 4, 83, 4, 147, 57, 4, 197, 4, 213, 4, 4, 4, 4, 65, 115, 42, 4, 4, 199, 160, 4, 4, 4, 4, 115, 135, 4, 67, 21, 75, 4, 185, 234, 67, 171, 4, 203, 4, 115, 4, 59, 4, 4, 4, 4, 4, 13, 4, 4, 4, 21, 109, 4, 65, 115, 238, 178, 238, 56, 4, 238, 115, 115, 4, 115, 56, 129, 82, 4, 109, 115, 115, 202, 196, 196, 117, 21, 4, 115, 4, 115, 115, 207, 188, 188, 188, 4, 5, 4, 4, 188, 115, 238, 57, 190, 4, 115, 57, 235, 4, 145, 4, 115, 4, 115, 115, 4, 202, 115, 4, 235, 115, 4, 158, 4, 190, 4, 4, 4, 190, 82, 4, 198, 147, 155, 4, 4, 238, 158, 190, 190, 190, 4, 4, 4, 158, 4, 4, 190, 4, 4, 4, 156, 152, 82, 4, 156, 4, 4, 82, 4, 13, 4, 4, 115, 4, 4, 82, 4, 158, 4, 4, 120, 156, 140, 127, 82, 4, 4, 4, 4, 4, 4, 156, 4, 4, 31, 158, 57, 4, 158, 4, 158, 4, 158, 115, 25, 4, 158, 82, 238, 42, 4, 4, 152, 4, 82, 42, 57, 27, 213, 4, 172, 160, 160, 115, 115, 160, 42, 4, 82, 115, 160, 160, 115, 4, 4, 160, 4, 4, 205, 172, 160, 4, 137, 4, 197, 198, 115, 82, 219, 172, 115, 158, 4, 115, 4, 4, 197, 4, 158, 4, 146, 172, 172, 4, 152, 115, 199, 0, 4, 115, 82, 115, 4, 82, 4, 4, 172, 4, 226, 4, 4, 197, 82, 57, 4, 4, 5, 115, 4, 205, 158, 115, 160, 21, 26, 7, 115, 213, 115, 0, 198, 115, 115, 13, 160, 189, 42, 4, 158, 4, 57, 238, 109, 158, 146, 4, 4, 115, 115, 119, 4, 115, 192, 115, 115, 172, 227, 4, 146, 4, 168, 4, 4, 115, 4, 203, 4, 139, 146, 203, 203, 181, 83, 203, 67, 213, 123, 181, 75, 181, 203, 221, 181, 4, 132, 132, 235, 172, 79, 4, 85, 4, 181, 190, 4, 97, 213, 181, 21, 