{"Run": 14, "K": 527, "WCSSD": 2079.919451881203, "Purity": 0.5219009447466362, "Time": 30.26804804801941, "Kmeans_Labels": [7, 286, 71, 103, 7, 7, 286, 62, 286, 7, 7, 429, 7, 214, 487, 7, 7, 67, 307, 73, 7, 7, 253, 214, 215, 154, 7, 154, 256, 45, 215, 7, 441, 154, 73, 7, 214, 214, 214, 214, 518, 215, 222, 54, 214, 7, 215, 55, 7, 7, 331, 329, 329, 7, 274, 7, 307, 154, 383, 383, 7, 85, 7, 337, 7, 286, 215, 286, 214, 286, 215, 7, 98, 206, 27, 7, 7, 7, 7, 7, 160, 7, 186, 154, 62, 337, 206, 370, 7, 394, 499, 466, 7, 200, 7, 7, 293, 7, 62, 7, 62, 221, 7, 99, 400, 350, 350, 398, 45, 221, 34, 11, 315, 215, 513, 221, 324, 7, 461, 57, 7, 293, 57, 383, 7, 57, 218, 383, 160, 324, 57, 57, 7, 322, 499, 256, 261, 461, 461, 461, 121, 383, 383, 256, 57, 57, 7, 50, 7, 383, 57, 232, 206, 218, 460, 57, 7, 461, 383, 7, 461, 57, 57, 7, 350, 57, 206, 74, 442, 206, 57, 7, 7, 329, 358, 7, 337, 412, 57, 7, 331, 322, 7, 322, 57, 7, 57, 7, 7, 434, 7, 121, 160, 57, 499, 383, 7, 316, 7, 513, 62, 253, 7, 337, 57, 118, 57, 62, 206, 295, 253, 461, 62, 62, 118, 57, 57, 513, 25, 121, 62, 221, 499, 25, 324, 57, 397, 513, 329, 379, 7, 7, 291, 7, 62, 324, 513, 256, 322, 461, 57, 7, 121, 62, 329, 62, 180, 7, 316, 57, 513, 513, 7, 472, 322, 253, 57, 461, 57, 513, 461, 513, 25, 7, 99, 7, 316, 99, 324, 513, 7, 140, 292, 461, 350, 253, 461, 253, 57, 99, 233, 7, 274, 169, 197, 350, 337, 265, 350, 160, 343, 350, 7, 222, 235, 350, 101, 350, 222, 324, 7, 350, 7, 235, 355, 350, 350, 350, 7, 315, 212, 274, 7, 324, 513, 274, 7, 315, 222, 7, 222, 315, 329, 222, 337, 298, 222, 275, 121, 222, 256, 57, 57, 7, 329, 7, 57, 7, 154, 222, 461, 322, 64, 422, 404, 461, 461, 57, 461, 461, 64, 516, 329, 222, 7, 55, 55, 442, 426, 88, 363, 7, 461, 363, 222, 121, 278, 363, 367, 461, 363, 363, 278, 354, 278, 354, 57, 520, 461, 7, 461, 322, 57, 461, 324, 329, 329, 154, 383, 7, 7, 461, 7, 292, 7, 215, 337, 311, 178, 54, 438, 461, 383, 461, 322, 121, 7, 383, 324, 7, 160, 7, 461, 206, 286, 7, 235, 316, 206, 57, 206, 415, 206, 7, 54, 99, 7, 222, 426, 363, 357, 191, 499, 206, 7, 307, 307, 256, 256, 7, 383, 179, 232, 232, 513, 513, 222, 222, 202, 222, 25, 25, 222, 54, 7, 55, 55, 307, 213, 213, 526, 526, 257, 7, 7, 256, 199, 199, 383, 7, 7, 7, 383, 157, 275, 121, 7, 45, 7, 7, 62, 62, 7, 513, 513, 7, 7, 200, 200, 451, 60, 7, 513, 513, 7, 241, 362, 63, 63, 362, 62, 266, 121, 513, 513, 7, 200, 200, 161, 71, 71, 473, 7, 7, 447, 447, 87, 189, 87, 383, 99, 185, 99, 99, 99, 99, 185, 45, 383, 277, 277, 32, 45, 45, 7, 7, 365, 365, 315, 355, 222, 423, 423, 315, 315, 322, 322, 315, 315, 315, 315, 469, 469, 315, 315, 55, 232, 232, 232, 232, 275, 7, 121, 121, 25, 55, 55, 25, 25, 7, 7, 55, 55, 322, 55, 7, 7, 121, 64, 64, 64, 64, 64, 7, 7, 258, 174, 174, 160, 363, 363, 232, 0, 232, 55, 55, 278, 278, 444, 444, 190, 190, 88, 88, 88, 88, 7, 138, 138, 278, 278, 385, 385, 278, 278, 88, 88, 363, 307, 499, 275, 7, 206, 170, 170, 42, 170, 170, 170, 205, 170, 170, 25, 25, 280, 170, 69, 214, 170, 170, 170, 170, 493, 170, 170, 170, 170, 337, 7, 54, 7, 353, 199, 199, 7, 7, 7, 7, 293, 274, 121, 121, 293, 7, 428, 7, 157, 461, 383, 244, 337, 383, 7, 490, 7, 227, 244, 7, 513, 286, 210, 210, 7, 210, 210, 7, 499, 7, 148, 7, 200, 7, 7, 7, 200, 370, 200, 200, 200, 54, 200, 55, 29, 451, 200, 513, 200, 7, 55, 200, 116, 163, 331, 335, 200, 335, 513, 513, 163, 163, 370, 147, 513, 513, 200, 161, 54, 45, 7, 7, 99, 121, 446, 222, 99, 99, 7, 222, 99, 99, 204, 30, 222, 99, 32, 32, 32, 32, 32, 46, 45, 7, 164, 45, 45, 46, 7, 222, 46, 315, 34, 45, 222, 513, 287, 315, 315, 315, 7, 7, 222, 8, 8, 315, 315, 315, 34, 32, 222, 32, 315, 279, 222, 222, 65, 223, 2, 167, 222, 222, 222, 7, 509, 2, 2, 259, 232, 259, 259, 259, 259, 55, 55, 232, 222, 222, 222, 237, 502, 502, 237, 222, 55, 160, 55, 55, 55, 392, 55, 322, 55, 480, 480, 222, 222, 159, 222, 222, 121, 500, 55, 55, 7, 7, 329, 55, 55, 55, 55, 55, 7, 7, 481, 363, 363, 55, 84, 363, 88, 278, 234, 363, 88, 7, 88, 381, 363, 7, 381, 381, 7, 88, 55, 55, 55, 138, 138, 138, 315, 461, 315, 363, 457, 55, 221, 7, 7, 88, 363, 7, 7, 7, 7, 339, 61, 256, 61, 7, 7, 7, 7, 7, 7, 7, 7, 370, 7, 370, 386, 7, 7, 7, 222, 522, 222, 32, 222, 329, 55, 148, 491, 148, 384, 206, 383, 256, 322, 322, 322, 442, 154, 329, 7, 222, 222, 96, 222, 222, 333, 7, 396, 513, 396, 78, 402, 267, 78, 54, 80, 478, 501, 396, 363, 384, 396, 176, 193, 384, 384, 384, 176, 486, 384, 384, 176, 384, 78, 229, 384, 196, 384, 176, 176, 478, 478, 384, 396, 78, 384, 384, 384, 384, 78, 384, 478, 478, 384, 80, 78, 384, 176, 124, 176, 336, 176, 240, 384, 396, 396, 333, 160, 468, 176, 384, 7, 461, 7, 396, 176, 384, 7, 337, 78, 340, 78, 176, 461, 176, 384, 7, 176, 384, 176, 384, 102, 7, 384, 384, 176, 396, 520, 305, 215, 368, 176, 384, 176, 176, 78, 176, 176, 176, 384, 240, 176, 384, 176, 384, 176, 396, 286, 160, 176, 384, 384, 41, 7, 7, 524, 7, 396, 176, 396, 461, 78, 176, 229, 80, 176, 384, 455, 176, 154, 396, 275, 384, 78, 78, 78, 384, 78, 384, 160, 176, 384, 396, 384, 7, 7, 78, 78, 176, 384, 176, 384, 495, 396, 176, 307, 419, 384, 176, 78, 289, 384, 191, 7, 384, 384, 275, 396, 78, 272, 176, 384, 384, 384, 396, 396, 176, 78, 384, 114, 7, 384, 176, 176, 176, 78, 176, 176, 384, 215, 384, 499, 396, 396, 7, 176, 78, 78, 176, 384, 396, 78, 78, 78, 384, 499, 78, 15, 396, 384, 396, 54, 78, 384, 384, 434, 384, 396, 513, 384, 7, 384, 510, 396, 396, 7, 78, 269, 78, 176, 329, 314, 78, 478, 176, 384, 384, 160, 370, 78, 167, 396, 160, 78, 384, 176, 380, 396, 396, 7, 486, 384, 176, 384, 396, 384, 402, 384, 78, 260, 396, 396, 384, 384, 78, 78, 176, 499, 499, 384, 267, 396, 384, 396, 326, 410, 78, 349, 247, 384, 7, 384, 33, 176, 176, 78, 396, 297, 78, 315, 78, 290, 384, 396, 208, 384, 329, 384, 78, 384, 78, 7, 176, 330, 339, 384, 384, 78, 384, 78, 78, 78, 54, 78, 240, 78, 501, 160, 176, 396, 288, 370, 176, 384, 501, 80, 176, 329, 78, 464, 240, 449, 396, 115, 396, 78, 384, 384, 5, 384, 396, 467, 176, 384, 256, 396, 78, 7, 256, 256, 176, 176, 384, 78, 467, 78, 43, 396, 78, 396, 78, 384, 78, 339, 396, 478, 78, 7, 86, 396, 396, 467, 78, 384, 396, 461, 396, 176, 176, 78, 396, 384, 396, 88, 78, 363, 247, 363, 33, 78, 391, 384, 384, 384, 322, 396, 138, 396, 176, 384, 396, 7, 176, 176, 384, 396, 329, 329, 384, 321, 384, 176, 396, 183, 176, 303, 501, 384, 256, 201, 329, 307, 329, 329, 7, 329, 329, 329, 329, 329, 160, 329, 7, 383, 160, 329, 7, 25, 329, 7, 55, 383, 329, 329, 88, 206, 4, 4, 4, 7, 93, 7, 7, 363, 281, 363, 177, 138, 7, 88, 88, 385, 88, 7, 54, 39, 513, 254, 55, 259, 304, 7, 7, 7, 1, 278, 7, 513, 383, 7, 21, 377, 94, 7, 7, 55, 451, 278, 513, 7, 99, 310, 7, 513, 383, 365, 89, 206, 318, 7, 275, 189, 448, 165, 25, 513, 121, 99, 25, 7, 7, 315, 154, 222, 210, 308, 7, 7, 472, 383, 54, 7, 370, 222, 7, 7, 371, 518, 323, 286, 420, 143, 508, 7, 186, 25, 225, 278, 275, 281, 199, 7, 222, 257, 7, 7, 307, 55, 88, 7, 23, 282, 411, 257, 275, 25, 133, 7, 248, 499, 514, 523, 350, 7, 278, 7, 7, 7, 7, 7, 417, 262, 84, 7, 274, 30, 160, 513, 154, 7, 207, 383, 517, 209, 76, 121, 307, 121, 226, 366, 7, 194, 439, 370, 337, 286, 121, 55, 7, 132, 7, 7, 7, 322, 160, 513, 7, 7, 307, 275, 7, 7, 513, 281, 408, 88, 55, 385, 470, 138, 132, 278, 88, 278, 84, 1, 363, 55, 160, 89, 7, 7, 7, 7, 254, 55, 232, 7, 21, 7, 259, 7, 7, 322, 167, 106, 315, 54, 315, 324, 54, 160, 322, 7, 193, 315, 222, 7, 206, 7, 160, 193, 201, 7, 513, 377, 365, 307, 307, 7, 322, 160, 30, 371, 99, 318, 94, 348, 7, 189, 7, 193, 54, 337, 25, 73, 307, 411, 350, 7, 322, 7, 307, 508, 160, 160, 7, 201, 7, 307, 350, 307, 523, 329, 7, 25, 472, 7, 7, 25, 154, 7, 191, 370, 99, 224, 513, 54, 143, 25, 25, 513, 55, 513, 165, 55, 370, 7, 308, 439, 7, 513, 451, 420, 154, 322, 200, 7, 499, 154, 7, 366, 307, 7, 193, 393, 167, 359, 7, 134, 7, 171, 226, 248, 7, 121, 154, 7, 322, 23, 7, 7, 323, 210, 186, 310, 307, 236, 337, 7, 361, 513, 249, 307, 217, 160, 442, 7, 329, 154, 7, 14, 7, 7, 271, 448, 154, 513, 337, 121, 160, 499, 456, 275, 275, 160, 286, 275, 282, 7, 154, 307, 275, 153, 160, 160, 7, 275, 286, 209, 55, 499, 275, 7, 74, 7, 121, 199, 518, 154, 517, 383, 286, 329, 7, 