{"Run": 4, "K": 542, "WCSSD": 2047.8137803396628, "Purity": 0.43308995246237747, "Time": 32.34605598449707, "Kmeans_Labels": [374, 34, 50, 317, 5, 5, 34, 135, 34, 5, 5, 272, 224, 224, 5, 5, 477, 410, 507, 191, 5, 5, 507, 224, 141, 410, 5, 410, 191, 420, 141, 440, 267, 410, 205, 5, 224, 224, 273, 224, 439, 141, 13, 259, 224, 423, 141, 42, 5, 28, 533, 495, 495, 439, 528, 90, 195, 34, 488, 488, 5, 410, 5, 243, 90, 62, 224, 34, 224, 90, 141, 5, 5, 76, 118, 5, 5, 5, 385, 5, 5, 530, 518, 410, 135, 142, 76, 84, 5, 5, 5, 5, 394, 75, 5, 113, 303, 5, 135, 5, 135, 351, 5, 255, 5, 113, 113, 5, 5, 351, 474, 501, 501, 224, 528, 351, 329, 5, 5, 151, 5, 5, 192, 488, 5, 192, 5, 282, 145, 5, 192, 192, 207, 5, 129, 191, 5, 5, 5, 5, 208, 488, 488, 191, 192, 192, 136, 172, 5, 400, 192, 306, 164, 191, 5, 192, 268, 5, 488, 5, 5, 192, 192, 5, 113, 192, 76, 285, 150, 164, 192, 5, 5, 495, 192, 70, 202, 29, 192, 5, 385, 5, 5, 5, 192, 490, 192, 5, 5, 490, 530, 208, 379, 192, 440, 5, 5, 27, 5, 355, 135, 222, 222, 202, 192, 135, 192, 135, 76, 225, 222, 249, 135, 135, 135, 192, 192, 518, 273, 208, 135, 351, 5, 273, 120, 192, 5, 273, 495, 192, 5, 5, 498, 5, 4, 5, 518, 191, 5, 5, 192, 507, 208, 359, 495, 135, 407, 5, 27, 192, 518, 518, 356, 319, 205, 260, 192, 5, 192, 518, 5, 528, 52, 50, 192, 5, 27, 113, 329, 518, 507, 113, 530, 5, 113, 341, 495, 440, 192, 192, 192, 528, 528, 5, 113, 113, 202, 488, 113, 145, 192, 113, 5, 304, 5, 113, 5, 113, 501, 419, 5, 113, 387, 495, 201, 113, 454, 113, 349, 501, 208, 2, 273, 329, 518, 528, 33, 501, 189, 440, 501, 275, 495, 501, 202, 273, 5, 217, 208, 528, 191, 192, 192, 374, 495, 73, 192, 528, 410, 192, 5, 368, 423, 27, 192, 495, 5, 423, 5, 423, 423, 486, 495, 423, 273, 528, 50, 150, 175, 19, 183, 42, 33, 19, 501, 208, 119, 183, 192, 5, 529, 183, 119, 192, 332, 192, 192, 192, 385, 5, 5, 495, 192, 243, 5, 495, 495, 410, 488, 5, 385, 5, 341, 530, 13, 141, 202, 144, 5, 259, 208, 5, 488, 439, 329, 208, 5, 488, 488, 5, 341, 530, 90, 76, 34, 510, 481, 27, 461, 192, 76, 5, 76, 440, 259, 5, 476, 528, 175, 183, 327, 51, 33, 76, 5, 336, 336, 426, 426, 428, 281, 440, 496, 496, 518, 518, 501, 501, 507, 501, 447, 447, 501, 259, 530, 367, 367, 440, 386, 386, 5, 5, 60, 302, 302, 58, 221, 221, 488, 90, 90, 90, 488, 90, 144, 370, 5, 518, 178, 178, 248, 248, 5, 178, 178, 5, 5, 178, 178, 178, 306, 5, 518, 518, 368, 380, 5, 306, 306, 439, 135, 329, 208, 518, 518, 476, 178, 178, 5, 50, 50, 5, 341, 341, 458, 458, 5, 68, 5, 350, 113, 368, 350, 113, 113, 350, 368, 325, 440, 44, 44, 113, 518, 518, 5, 5, 345, 345, 42, 273, 501, 16, 16, 518, 518, 5, 5, 42, 42, 42, 42, 392, 392, 74, 42, 5, 462, 462, 462, 462, 144, 5, 208, 208, 273, 363, 363, 273, 273, 5, 5, 5, 5, 5, 5, 42, 42, 208, 423, 423, 423, 423, 423, 440, 232, 169, 11, 11, 389, 183, 183, 306, 5, 306, 368, 368, 119, 119, 119, 119, 432, 432, 162, 162, 19, 19, 322, 183, 183, 119, 119, 119, 119, 183, 119, 183, 183, 183, 507, 5, 144, 99, 76, 116, 116, 296, 116, 116, 116, 116, 116, 116, 273, 333, 116, 116, 116, 224, 116, 116, 116, 116, 205, 214, 116, 418, 116, 202, 440, 259, 5, 19, 13, 13, 5, 5, 302, 302, 385, 528, 179, 179, 385, 385, 245, 440, 90, 249, 488, 330, 202, 488, 5, 42, 5, 506, 259, 234, 518, 357, 26, 26, 294, 26, 26, 5, 5, 90, 403, 5, 90, 5, 5, 5, 178, 314, 178, 178, 178, 259, 178, 231, 5, 178, 286, 518, 180, 181, 231, 178, 32, 533, 533, 178, 177, 178, 5, 518, 180, 180, 46, 5, 518, 518, 178, 5, 178, 138, 5, 5, 5, 208, 100, 50, 5, 369, 485, 501, 100, 5, 5, 44, 186, 42, 44, 44, 44, 44, 44, 5, 42, 528, 501, 501, 501, 345, 98, 501, 345, 528, 501, 528, 501, 5, 306, 501, 501, 501, 125, 125, 501, 501, 501, 42, 42, 42, 474, 42, 501, 42, 44, 42, 501, 42, 514, 42, 510, 273, 501, 5, 298, 42, 501, 501, 501, 487, 531, 110, 110, 110, 110, 269, 269, 531, 501, 501, 501, 308, 160, 160, 308, 5, 94, 33, 94, 11, 5, 208, 368, 5, 311, 423, 423, 455, 455, 11, 5, 5, 208, 5, 389, 215, 5, 5, 495, 318, 318, 368, 430, 430, 5, 5, 183, 318, 318, 5, 119, 183, 246, 119, 202, 87, 162, 5, 162, 432, 87, 5, 432, 432, 5, 162, 372, 372, 5, 183, 183, 183, 42, 385, 42, 157, 119, 215, 351, 264, 264, 264, 183, 191, 305, 347, 5, 463, 90, 191, 90, 383, 5, 5, 5, 5, 130, 5, 5, 46, 5, 46, 341, 50, 5, 5, 501, 15, 501, 44, 42, 385, 439, 342, 403, 342, 233, 76, 488, 191, 412, 5, 5, 150, 410, 495, 5, 315, 80, 183, 315, 80, 384, 5, 152, 134, 152, 95, 5, 5, 95, 259, 143, 509, 152, 515, 183, 233, 152, 233, 326, 233, 152, 233, 233, 21, 233, 233, 233, 233, 95, 329, 233, 95, 233, 233, 233, 320, 18, 233, 152, 95, 163, 233, 233, 233, 95, 233, 18, 18, 433, 143, 541, 233, 516, 95, 233, 33, 233, 152, 233, 152, 152, 384, 145, 95, 233, 92, 33, 243, 5, 152, 152, 233, 385, 243, 95, 233, 95, 233, 243, 233, 233, 5, 233, 233, 233, 233, 384, 5, 233, 233, 233, 176, 495, 191, 69, 233, 233, 233, 233, 233, 95, 233, 233, 233, 233, 209, 475, 233, 233, 233, 78, 152, 34, 33, 209, 373, 233, 62, 33, 5, 29, 508, 152, 233, 152, 13, 95, 293, 5, 143, 409, 346, 233, 233, 410, 152, 144, 233, 95, 95, 95, 233, 95, 233, 391, 233, 233, 152, 233, 440, 13, 271, 209, 233, 233, 233, 233, 152, 152, 152, 495, 440, 139, 451, 95, 233, 233, 29, 5, 233, 35, 144, 152, 95, 233, 391, 233, 233, 233, 152, 152, 233, 95, 233, 208, 141, 233, 5, 233, 233, 95, 209, 233, 233, 69, 233, 128, 515, 152, 5, 138, 95, 360, 233, 233, 152, 95, 95, 95, 233, 505, 95, 223, 152, 233, 152, 33, 95, 233, 233, 490, 233, 152, 134, 233, 468, 233, 233, 152, 152, 5, 95, 438, 95, 209, 329, 152, 95, 320, 233, 233, 233, 391, 46, 273, 25, 152, 5, 95, 233, 209, 233, 152, 152, 301, 21, 233, 250, 233, 152, 233, 5, 435, 209, 341, 152, 152, 233, 233, 95, 95, 233, 124, 440, 233, 95, 152, 233, 152, 385, 5, 95, 233, 95, 233, 440, 404, 49, 233, 233, 390, 152, 233, 95, 528, 170, 368, 233, 152, 152, 233, 170, 233, 95, 371, 95, 5, 89, 368, 463, 233, 233, 95, 233, 95, 95, 95, 259, 95, 95, 408, 152, 368, 170, 299, 150, 46, 233, 233, 152, 143, 233, 235, 519, 95, 233, 95, 152, 439, 152, 95, 233, 233, 152, 233, 152, 95, 152, 233, 191, 152, 95, 5, 191, 191, 233, 310, 233, 95, 95, 95, 152, 152, 95, 152, 95, 233, 95, 463, 152, 509, 95, 184, 152, 152, 121, 170, 95, 233, 152, 243, 515, 295, 152, 95, 152, 168, 152, 19, 95, 183, 95, 183, 49, 95, 152, 233, 233, 233, 329, 152, 183, 152, 233, 233, 152, 5, 152, 233, 233, 152, 329, 209, 233, 152, 233, 190, 152, 152, 233, 233, 152, 233, 191, 205, 495, 530, 285, 495, 5, 495, 495, 495, 495, 393, 391, 495, 38, 488, 145, 495, 191, 273, 495, 5, 368, 488, 495, 495, 102, 76, 120, 120, 120, 5, 5, 146, 33, 183, 57, 183, 146, 183, 33, 194, 19, 119, 415, 123, 388, 499, 518, 5, 5, 110, 439, 495, 5, 289, 481, 119, 50, 478, 265, 5, 528, 5, 440, 5, 5, 5, 178, 119, 273, 440, 5, 518, 440, 501, 341, 345, 368, 76, 273, 5, 144, 68, 5, 5, 273, 440, 208, 5, 273, 5, 5, 501, 410, 42, 26, 273, 33, 5, 319, 488, 259, 42, 46, 501, 90, 5, 171, 439, 464, 5, 191, 380, 439, 423, 518, 452, 5, 119, 144, 57, 13, 338, 501, 60, 5, 5, 117, 278, 264, 5, 434, 460, 202, 60, 144, 273, 442, 5, 178, 5, 259, 5, 113, 440, 119, 5, 61, 5, 5, 90, 5, 291, 119, 341, 484, 44, 385, 126, 410, 5, 5, 488, 323, 5, 523, 208, 329, 525, 440, 306, 309, 175, 5, 46, 5, 34, 208, 5, 5, 5, 450, 5, 5, 205, 507, 153, 5, 5, 5, 144, 507, 440, 385, 57, 148, 264, 5, 119, 501, 183, 5, 119, 194, 119, 119, 481, 183, 278, 59, 368, 123, 5, 5, 289, 5, 5, 512, 338, 528, 440, 110, 5, 309, 205, 530, 259, 501, 259, 83, 419, 388, 507, 50, 341, 326, 501, 42, 5, 76, 5, 481, 326, 205, 5, 501, 5, 345, 33, 240, 42, 326, 33, 44, 171, 5, 273, 440, 341, 5, 68, 495, 240, 259, 202, 273, 205, 205, 202, 113, 385, 328, 385, 440, 439, 59, 329, 50, 205, 341, 329, 113, 439, 5, 495, 5, 452, 319, 5, 439, 273, 410, 5, 29, 46, 5, 33, 385, 259, 380, 273, 273, 273, 439, 518, 5, 368, 46, 5, 273, 5, 450, 440, 178, 191, 410, 440, 178, 5, 5, 410, 5, 306, 5, 5, 326, 518, 5, 410, 5, 380, 5, 5, 440, 178, 90, 208, 410, 5, 5, 434, 440, 5, 464, 26, 518, 518, 117, 380, 5, 126, 380, 126, 313, 70, 380, 507, 150, 33, 495, 72, 259, 517, 5, 440, 191, 5, 79, 385, 202, 208, 329, 5, 341, 65, 378, 205, 507, 144, 460, 5, 5, 378, 200, 196, 205, 