{"Run": 9, "K": 585, "WCSSD": 2007.3906836326007, "Purity": 0.5402233037503579, "Time": 34.18450903892517, "Kmeans_Labels": [61, 111, 16, 261, 489, 211, 111, 80, 450, 105, 537, 40, 229, 229, 184, 16, 16, 16, 16, 156, 331, 537, 464, 229, 369, 16, 341, 51, 306, 304, 16, 46, 306, 407, 156, 341, 252, 252, 38, 252, 576, 93, 33, 141, 252, 16, 369, 16, 184, 455, 196, 580, 580, 211, 269, 537, 293, 111, 261, 261, 293, 16, 16, 525, 16, 303, 252, 111, 252, 111, 111, 184, 16, 16, 233, 184, 16, 463, 477, 236, 341, 281, 105, 184, 80, 246, 327, 537, 16, 105, 16, 184, 105, 95, 184, 537, 222, 16, 358, 16, 80, 362, 477, 332, 332, 93, 93, 332, 511, 233, 328, 105, 542, 252, 269, 233, 267, 16, 16, 350, 16, 222, 350, 261, 16, 320, 286, 261, 290, 46, 350, 350, 450, 124, 16, 306, 16, 16, 106, 494, 51, 166, 515, 306, 350, 350, 184, 16, 293, 261, 474, 85, 327, 306, 16, 350, 341, 16, 465, 184, 184, 350, 350, 184, 16, 206, 327, 323, 18, 327, 140, 16, 16, 580, 350, 32, 525, 121, 350, 16, 196, 341, 394, 206, 350, 16, 350, 170, 16, 72, 46, 51, 175, 283, 16, 481, 341, 112, 16, 556, 80, 213, 140, 525, 350, 84, 350, 80, 258, 105, 464, 7, 80, 80, 84, 350, 350, 105, 40, 51, 80, 233, 184, 40, 46, 76, 407, 40, 580, 579, 16, 537, 80, 16, 80, 81, 105, 306, 267, 267, 350, 477, 135, 80, 580, 80, 105, 434, 112, 333, 93, 93, 16, 550, 124, 464, 293, 481, 350, 434, 184, 105, 40, 16, 332, 262, 112, 332, 267, 556, 576, 93, 576, 481, 30, 374, 450, 374, 350, 387, 350, 269, 162, 184, 242, 93, 436, 332, 93, 88, 350, 93, 16, 93, 192, 93, 16, 93, 16, 46, 16, 93, 16, 543, 439, 93, 93, 93, 62, 446, 51, 269, 16, 526, 556, 269, 211, 204, 351, 46, 446, 446, 580, 446, 525, 568, 110, 269, 51, 269, 306, 350, 350, 61, 580, 576, 350, 269, 213, 350, 16, 300, 51, 112, 198, 184, 16, 350, 184, 582, 435, 78, 580, 16, 411, 105, 16, 18, 354, 48, 117, 16, 211, 299, 16, 51, 299, 117, 350, 16, 496, 117, 186, 350, 186, 350, 350, 350, 477, 140, 184, 573, 350, 341, 58, 580, 580, 417, 261, 236, 131, 184, 140, 576, 33, 184, 537, 149, 16, 518, 51, 60, 261, 267, 16, 51, 16, 297, 261, 16, 576, 357, 16, 327, 63, 184, 93, 112, 327, 350, 341, 16, 450, 95, 537, 332, 16, 347, 354, 117, 117, 33, 211, 327, 46, 236, 236, 306, 306, 16, 219, 419, 182, 182, 144, 144, 446, 446, 576, 446, 361, 361, 300, 141, 46, 300, 300, 236, 299, 299, 300, 300, 382, 251, 251, 16, 161, 161, 467, 467, 467, 16, 261, 305, 149, 51, 341, 105, 105, 105, 80, 80, 105, 105, 105, 537, 537, 95, 95, 95, 85, 105, 309, 309, 16, 349, 211, 548, 548, 211, 80, 59, 51, 342, 342, 16, 95, 95, 105, 16, 16, 300, 16, 16, 450, 450, 184, 16, 184, 261, 332, 46, 332, 332, 332, 332, 46, 105, 16, 442, 442, 93, 511, 511, 105, 105, 557, 557, 446, 40, 324, 93, 93, 446, 446, 16, 16, 8, 8, 8, 8, 16, 16, 159, 446, 82, 85, 85, 85, 85, 149, 236, 51, 51, 40, 216, 216, 40, 40, 16, 16, 65, 65, 16, 300, 300, 300, 51, 16, 16, 16, 435, 435, 46, 236, 16, 300, 300, 576, 280, 280, 85, 576, 85, 300, 300, 460, 460, 460, 460, 314, 314, 319, 319, 471, 471, 46, 117, 117, 460, 460, 249, 249, 21, 117, 117, 117, 117, 236, 16, 271, 184, 327, 73, 73, 73, 73, 109, 73, 73, 73, 167, 40, 288, 73, 172, 73, 252, 73, 73, 73, 428, 573, 73, 73, 73, 73, 525, 141, 141, 537, 299, 318, 318, 140, 140, 215, 215, 222, 148, 51, 51, 222, 500, 16, 500, 305, 7, 261, 141, 525, 261, 341, 450, 222, 33, 577, 341, 261, 140, 95, 95, 184, 95, 95, 147, 355, 28, 140, 184, 95, 16, 105, 105, 95, 114, 95, 95, 95, 141, 95, 519, 407, 95, 95, 105, 95, 105, 519, 95, 95, 455, 196, 95, 95, 95, 105, 342, 95, 95, 114, 200, 342, 342, 105, 105, 141, 99, 16, 16, 332, 51, 332, 16, 332, 83, 16, 446, 332, 332, 16, 8, 470, 332, 535, 8, 8, 8, 570, 143, 511, 269, 446, 8, 511, 143, 458, 446, 431, 269, 410, 269, 324, 16, 85, 446, 446, 446, 66, 16, 446, 300, 300, 8, 446, 8, 446, 8, 497, 8, 8, 446, 446, 8, 446, 8, 407, 236, 8, 105, 446, 16, 122, 407, 407, 51, 85, 105, 105, 105, 105, 216, 216, 85, 448, 448, 8, 300, 306, 306, 300, 285, 300, 211, 300, 300, 300, 136, 171, 16, 300, 16, 16, 269, 269, 300, 105, 300, 51, 300, 300, 300, 16, 16, 561, 300, 300, 300, 300, 300, 16, 16, 10, 117, 117, 300, 460, 299, 299, 460, 525, 555, 319, 140, 319, 314, 555, 16, 314, 314, 401, 319, 402, 402, 300, 117, 117, 117, 16, 417, 446, 117, 460, 300, 233, 300, 300, 300, 117, 16, 90, 16, 341, 202, 16, 306, 16, 293, 16, 16, 16, 120, 450, 105, 508, 329, 16, 114, 372, 539, 140, 16, 16, 332, 326, 8, 407, 477, 300, 140, 140, 140, 1, 537, 261, 537, 385, 70, 16, 18, 512, 580, 16, 414, 446, 117, 414, 446, 241, 341, 193, 105, 449, 50, 96, 332, 50, 141, 231, 231, 179, 193, 117, 1, 193, 396, 245, 1, 193, 1, 1, 74, 404, 404, 1, 1, 422, 96, 1, 422, 1, 1, 1, 231, 231, 1, 193, 422, 1, 551, 1, 1, 422, 1, 231, 231, 404, 2, 422, 404, 1, 422, 1, 537, 1, 96, 1, 193, 193, 241, 290, 50, 549, 1, 211, 238, 341, 193, 1, 1, 202, 525, 490, 1, 422, 68, 341, 1, 1, 16, 1, 1, 1, 217, 241, 537, 1, 1, 256, 193, 561, 306, 369, 1, 298, 243, 56, 282, 422, 1, 1, 1, 370, 96, 562, 1, 1, 348, 348, 193, 111, 59, 96, 1, 1, 303, 341, 537, 121, 477, 193, 1, 193, 33, 422, 1, 96, 2, 1, 1, 337, 1, 16, 406, 149, 1, 422, 422, 422, 1, 422, 1, 16, 1, 1, 193, 87, 537, 33, 422, 422, 1, 1, 194, 1, 1, 193, 11, 134, 341, 1, 1, 422, 1, 1, 121, 341, 1, 1, 149, 193, 422, 1, 175, 1, 404, 1, 193, 193, 1, 25, 1, 51, 184, 188, 96, 1, 312, 25, 96, 1, 279, 369, 1, 16, 193, 193, 105, 99, 422, 50, 214, 1, 193, 422, 178, 50, 1, 211, 422, 108, 193, 1, 193, 141, 50, 1, 404, 72, 1, 193, 105, 1, 16, 19, 1, 449, 193, 484, 50, 1, 422, 96, 96, 193, 50, 485, 560, 1, 482, 477, 114, 25, 236, 393, 59, 50, 1, 96, 1, 493, 169, 539, 74, 1, 1, 404, 193, 404, 96, 583, 422, 537, 193, 193, 1, 1, 422, 50, 1, 59, 477, 1, 422, 193, 1, 193, 184, 332, 422, 11, 174, 1, 184, 189, 274, 332, 1, 422, 193, 1, 422, 269, 96, 46, 1, 193, 129, 578, 96, 1, 422, 1, 384, 16, 1, 573, 202, 1, 1, 422, 1, 94, 50, 422, 141, 422, 422, 529, 193, 16, 1, 193, 18, 559, 1, 1, 193, 231, 1, 580, 422, 50, 1, 50, 193, 267, 193, 422, 1, 423, 193, 1, 193, 422, 193, 1, 306, 193, 422, 236, 306, 45, 1, 1, 1, 422, 422, 422, 193, 193, 422, 193, 422, 35, 422, 202, 193, 231, 422, 16, 1, 193, 193, 96, 174, 1, 193, 303, 193, 1, 117, 174, 263, 1, 193, 299, 265, 117, 174, 117, 274, 422, 193, 1, 1, 1, 346, 224, 117, 567, 1, 404, 193, 16, 193, 1, 1, 118, 96, 96, 404, 193, 1, 438, 193, 193, 396, 1, 193, 396, 306, 248, 580, 96, 345, 580, 16, 580, 580, 580, 580, 267, 191, 580, 537, 261, 290, 580, 96, 40, 580, 16, 140, 261, 580, 580, 299, 341, 407, 407, 407, 16, 16, 16, 211, 117, 459, 343, 12, 514, 211, 299, 299, 249, 299, 40, 141, 111, 537, 16, 300, 446, 300, 199, 16, 16, 16, 16, 17, 267, 261, 537, 269, 450, 16, 105, 184, 223, 95, 403, 40, 105, 502, 105, 16, 446, 356, 557, 300, 278, 332, 341, 149, 477, 16, 16, 40, 566, 51, 332, 40, 392, 487, 446, 105, 407, 95, 40, 211, 28, 550, 386, 4, 8, 462, 335, 28, 16, 332, 576, 433, 501, 306, 349, 211, 16, 105, 40, 363, 249, 149, 52, 318, 395, 407, 382, 417, 16, 450, 300, 300, 341, 537, 303, 525, 382, 378, 40, 407, 16, 95, 16, 141, 16, 93, 16, 77, 432, 16, 284, 255, 16, 16, 522, 460, 381, 269, 8, 145, 380, 512, 257, 42, 261, 16, 16, 275, 51, 267, 160, 211, 564, 36, 354, 407, 523, 538, 111, 51, 300, 140, 315, 16, 16, 184, 124, 407, 427, 105, 341, 184, 149, 429, 450, 477, 459, 245, 300, 300, 249, 446, 514, 315, 403, 299, 16, 460, 16, 343, 300, 464, 300, 40, 16, 16, 16, 16, 300, 55, 395, 269, 16, 446, 184, 36, 124, 359, 141, 446, 4, 446, 46, 141, 236, 569, 381, 245, 446, 407, 16, 278, 417, 267, 245, 264, 16, 446, 450, 557, 531, 245, 8, 245, 209, 8, 332, 332, 332, 16, 16, 255, 477, 199, 245, 4, 525, 40, 156, 573, 525, 93, 477, 245, 477, 565, 211, 464, 184, 17, 248, 245, 16, 93, 267, 16, 580, 257, 40, 550, 16, 267, 40, 341, 341, 121, 523, 502, 211, 477, 141, 349, 40, 40, 40, 105, 537, 16, 300, 462, 527, 40, 407, 16, 566, 95, 306, 105, 267, 95, 487, 105, 512, 341, 564, 16, 105, 245, 336, 184, 105, 105, 349, 105, 101, 211, 95, 28, 51, 512, 28, 510, 537, 105, 16, 433, 95, 105, 105, 450, 349, 538, 380, 349, 380, 349, 293, 349, 407, 18, 211, 580, 105, 16, 303, 184, 16, 212, 16, 275, 399, 525, 