{"Run": 14, "K": 309, "WCSSD": 2321.9961786614804, "Purity": 0.47695390781563124, "Time": 16.23377799987793, "Kmeans_Labels": [259, 80, 234, 105, 169, 183, 80, 151, 80, 4, 4, 194, 4, 119, 116, 4, 107, 4, 4, 109, 235, 4, 251, 119, 163, 4, 4, 7, 109, 4, 119, 4, 109, 4, 4, 251, 119, 119, 220, 119, 183, 230, 129, 162, 119, 4, 163, 84, 116, 4, 184, 251, 251, 235, 144, 235, 235, 80, 178, 178, 235, 4, 4, 113, 192, 205, 69, 80, 119, 235, 16, 116, 4, 4, 37, 116, 4, 4, 107, 4, 4, 4, 240, 116, 151, 4, 84, 87, 4, 35, 4, 4, 235, 4, 116, 230, 116, 4, 151, 4, 151, 37, 4, 172, 172, 230, 230, 258, 4, 37, 58, 141, 58, 119, 58, 37, 155, 4, 284, 152, 284, 284, 152, 277, 235, 152, 144, 178, 193, 183, 152, 152, 155, 284, 284, 109, 284, 284, 284, 284, 67, 178, 178, 109, 152, 152, 4, 284, 116, 228, 152, 41, 4, 109, 284, 152, 4, 84, 178, 116, 165, 152, 152, 284, 230, 152, 284, 24, 91, 4, 107, 4, 4, 251, 152, 235, 113, 129, 152, 4, 184, 284, 4, 4, 266, 4, 152, 4, 4, 251, 4, 67, 93, 152, 178, 178, 284, 84, 308, 4, 151, 4, 107, 191, 152, 151, 152, 151, 4, 284, 4, 284, 151, 78, 151, 152, 152, 4, 194, 67, 151, 37, 284, 194, 155, 152, 284, 194, 251, 152, 235, 284, 151, 4, 151, 4, 4, 109, 284, 284, 152, 64, 67, 151, 251, 151, 84, 284, 84, 152, 230, 58, 4, 152, 4, 147, 152, 284, 152, 284, 284, 4, 194, 234, 172, 144, 84, 172, 155, 113, 116, 230, 284, 116, 230, 116, 284, 116, 152, 172, 152, 230, 144, 116, 230, 230, 113, 172, 230, 13, 152, 230, 4, 42, 77, 230, 144, 230, 144, 109, 4, 230, 144, 144, 144, 230, 230, 230, 230, 58, 97, 144, 144, 144, 58, 144, 4, 58, 230, 101, 284, 58, 251, 58, 113, 194, 4, 14, 67, 4, 109, 152, 152, 259, 251, 23, 152, 4, 4, 152, 284, 251, 67, 84, 152, 284, 284, 152, 116, 116, 67, 190, 251, 4, 194, 130, 234, 91, 9, 29, 29, 4, 284, 29, 29, 67, 29, 29, 152, 284, 29, 29, 29, 152, 251, 152, 152, 152, 284, 107, 284, 251, 152, 209, 4, 251, 251, 4, 178, 251, 4, 116, 107, 4, 129, 4, 113, 14, 4, 162, 67, 284, 178, 284, 284, 67, 152, 178, 178, 4, 84, 4, 235, 4, 80, 4, 298, 84, 4, 152, 155, 178, 4, 4, 162, 172, 4, 58, 9, 29, 2, 129, 4, 4, 4, 3, 3, 109, 109, 4, 178, 4, 112, 112, 4, 4, 58, 58, 4, 183, 194, 194, 4, 162, 109, 4, 4, 118, 29, 29, 4, 4, 306, 265, 265, 4, 235, 235, 178, 235, 235, 235, 178, 235, 198, 53, 4, 4, 4, 4, 151, 151, 4, 4, 4, 4, 4, 176, 176, 176, 41, 4, 47, 47, 4, 270, 80, 41, 41, 235, 151, 4, 67, 231, 231, 4, 4, 4, 172, 234, 234, 4, 4, 4, 116, 116, 116, 172, 116, 178, 172, 284, 172, 172, 172, 172, 284, 144, 140, 1, 1, 230, 58, 58, 144, 144, 58, 58, 58, 194, 218, 58, 58, 58, 58, 4, 4, 58, 58, 58, 58, 172, 172, 149, 58, 155, 41, 41, 41, 41, 39, 161, 67, 67, 194, 153, 153, 194, 194, 4, 4, 4, 4, 4, 4, 4, 4, 67, 4, 4, 4, 4, 4, 195, 4, 4, 0, 0, 13, 29, 29, 41, 4, 41, 4, 4, 290, 290, 29, 29, 213, 213, 29, 29, 29, 29, 109, 29, 29, 29, 29, 29, 29, 29, 29, 29, 29, 29, 68, 84, 14, 116, 4, 40, 40, 40, 40, 40, 40, 40, 40, 294, 194, 194, 40, 40, 40, 119, 40, 40, 243, 40, 251, 40, 40, 40, 40, 113, 162, 162, 263, 29, 129, 129, 235, 235, 280, 280, 251, 144, 235, 235, 251, 4, 4, 4, 235, 4, 178, 162, 113, 178, 4, 4, 4, 129, 162, 4, 178, 107, 4, 4, 4, 4, 4, 4, 4, 5, 122, 4, 288, 4, 4, 4, 115, 87, 268, 4, 4, 87, 176, 129, 4, 176, 176, 4, 279, 4, 129, 279, 4, 4, 4, 4, 279, 4, 275, 231, 176, 4, 87, 110, 231, 231, 4, 4, 73, 90, 4, 4, 172, 67, 134, 234, 172, 197, 4, 58, 172, 172, 144, 1, 230, 172, 58, 1, 1, 149, 1, 141, 90, 144, 58, 149, 58, 141, 4, 58, 141, 58, 58, 58, 218, 4, 187, 58, 58, 177, 4, 4, 4, 281, 281, 58, 58, 58, 58, 58, 58, 158, 58, 58, 252, 252, 90, 58, 4, 194, 252, 4, 26, 4, 58, 4, 4, 26, 25, 26, 26, 26, 26, 153, 153, 25, 303, 303, 252, 58, 92, 92, 58, 303, 4, 10, 4, 4, 84, 67, 4, 235, 84, 247, 247, 58, 58, 0, 4, 4, 67, 4, 116, 282, 11, 11, 284, 4, 4, 84, 144, 144, 4, 4, 29, 29, 29, 4, 29, 29, 29, 29, 113, 29, 274, 107, 233, 213, 29, 4, 213, 213, 4, 233, 84, 84, 84, 29, 29, 29, 84, 4, 58, 29, 29, 282, 37, 301, 301, 301, 29, 109, 4, 235, 4, 4, 235, 109, 235, 235, 273, 4, 4, 4, 8, 251, 4, 87, 4, 87, 4, 234, 107, 235, 4, 144, 58, 133, 4, 251, 4, 107, 107, 107, 221, 4, 178, 4, 4, 225, 4, 91, 107, 251, 4, 23, 58, 29, 23, 58, 4, 132, 246, 4, 246, 255, 4, 172, 255, 57, 255, 255, 246, 246, 29, 200, 246, 51, 155, 200, 49, 200, 51, 212, 49, 49, 51, 200, 255, 155, 200, 255, 200, 51, 200, 51, 155, 200, 246, 255, 200, 49, 200, 49, 255, 200, 155, 155, 49, 255, 255, 49, 200, 255, 51, 4, 200, 51, 200, 246, 246, 4, 120, 255, 51, 200, 300, 4, 4, 246, 51, 200, 251, 113, 255, 200, 255, 200, 183, 157, 49, 4, 200, 19, 200, 200, 4, 4, 229, 200, 51, 131, 251, 239, 121, 200, 200, 200, 200, 200, 255, 188, 51, 51, 200, 51, 51, 200, 51, 200, 51, 246, 80, 146, 51, 200, 200, 205, 183, 4, 129, 4, 246, 51, 246, 129, 255, 51, 4, 255, 51, 200, 200, 291, 4, 246, 148, 200, 255, 83, 255, 200, 255, 200, 93, 200, 49, 246, 49, 4, 129, 255, 255, 51, 208, 51, 200, 246, 246, 237, 84, 4, 200, 51, 255, 246, 200, 129, 132, 200, 200, 14, 246, 255, 51, 51, 200, 200, 200, 246, 246, 98, 98, 200, 67, 4, 49, 51, 18, 98, 255, 51, 200, 51, 121, 200, 155, 246, 246, 4, 90, 255, 255, 200, 200, 246, 255, 255, 255, 200, 4, 255, 43, 246, 200, 246, 236, 255, 200, 49, 251, 200, 237, 4, 200, 4, 200, 49, 246, 246, 4, 255, 51, 255, 51, 117, 246, 255, 51, 51, 200, 200, 93, 87, 98, 155, 246, 146, 255, 200, 51, 51, 246, 246, 164, 212, 200, 51, 49, 246, 49, 4, 200, 255, 4, 246, 246, 210, 49, 255, 255, 51, 4, 4, 200, 255, 246, 200, 246, 116, 172, 255, 208, 255, 49, 116, 200, 155, 51, 51, 255, 246, 200, 255, 58, 123, 107, 200, 246, 246, 246, 123, 200, 255, 200, 255, 144, 246, 155, 155, 200, 200, 255, 200, 255, 255, 255, 57, 255, 255, 255, 246, 4, 123, 246, 91, 87, 200, 200, 246, 255, 246, 144, 145, 255, 51, 307, 246, 116, 246, 255, 200, 200, 246, 200, 246, 255, 246, 49, 51, 246, 255, 155, 219, 109, 51, 51, 221, 255, 255, 255, 246, 246, 255, 246, 255, 200, 255, 155, 246, 255, 255, 155, 246, 246, 246, 123, 255, 200, 246, 205, 246, 246, 246, 255, 246, 200, 246, 29, 255, 29, 255, 29, 155, 255, 246, 71, 200, 200, 4, 246, 29, 246, 227, 49, 135, 305, 227, 51, 200, 246, 96, 251, 49, 246, 200, 106, 246, 246, 51, 51, 246, 200, 109, 125, 251, 4, 24, 251, 235, 251, 251, 251, 251, 155, 232, 251, 4, 178, 193, 251, 109, 194, 251, 4, 107, 178, 251, 251, 29, 4, 155, 155, 155, 4, 84, 116, 144, 17, 6, 29, 30, 29, 4, 29, 29, 29, 29, 194, 162, 80, 4, 235, 84, 26, 4, 144, 58, 4, 144, 116, 111, 116, 253, 235, 58, 58, 4, 4, 116, 4, 176, 251, 194, 238, 172, 240, 4, 58, 178, 141, 251, 4, 172, 4, 14, 4, 4, 4, 194, 4, 36, 172, 194, 4, 173, 58, 4, 4, 4, 194, 4, 5, 143, 178, 162, 4, 87, 58, 5, 4, 172, 147, 4, 80, 44, 27, 4, 4, 240, 194, 4, 29, 20, 6, 129, 4, 4, 306, 4, 235, 155, 4, 301, 235, 271, 205, 113, 306, 14, 194, 266, 4, 4, 4, 162, 4, 230, 183, 29, 4, 81, 4, 144, 235, 284, 235, 29, 250, 144, 1, 251, 4, 107, 4, 4, 178, 4, 4, 4, 67, 284, 67, 4, 41, 206, 9, 4, 87, 113, 80, 67, 4, 4, 4, 4, 4, 116, 235, 155, 205, 4, 4, 116, 14, 84, 4, 4, 6, 155, 301, 4, 29, 28, 29, 4, 251, 29, 116, 29, 144, 29, 4, 147, 251, 194, 4, 4, 4, 235, 84, 41, 4, 58, 4, 26, 116, 206, 235, 155, 88, 58, 162, 58, 251, 162, 155, 234, 250, 3, 58, 4, 4, 4, 4, 144, 3, 125, 58, 58, 58, 141, 10, 3, 4, 155, 63, 1, 172, 172, 172, 4, 4, 144, 4, 144, 3, 162, 113, 194, 183, 235, 113, 230, 4, 155, 251, 155, 4, 147, 116, 111, 125, 155, 4, 230, 155, 4, 251, 4, 194, 143, 235, 4, 194, 183, 4, 129, 87, 172, 10, 4, 162, 27, 194, 194, 194, 4, 4, 4, 251, 87, 10, 194, 4, 4, 4, 176, 44, 4, 4, 115, 173, 4, 107, 4, 41, 76, 4, 3, 4, 155, 4, 4, 270, 79, 4, 4, 4, 5, 67, 114, 5, 251, 271, 238, 4, 4, 4, 240, 240, 155, 270, 113, 4, 270, 4, 270, 235, 270, 155, 91, 4, 251, 4, 289, 196, 116, 183, 113, 4, 4, 205, 113, 36, 107, 4, 178, 14, 14, 155, 80, 14, 205, 4, 4, 251, 14, 293, 116, 251, 81, 14, 80, 4, 31, 178, 20, 235, 24, 4, 67, 129, 147, 4, 4, 178, 80, 175, 4, 116, 4, 4, 67, 235, 155, 84, 235, 253, 178, 4, 109, 89, 116, 55, 4, 72, 4, 116, 235, 4, 4, 4, 178, 4, 129, 144, 284, 67, 4, 113, 4, 4, 4, 155, 10, 31, 270, 116, 293, 28, 212, 10, 63, 107, 63, 55, 129, 251, 155, 41, 14, 183, 196, 10, 270, 102, 113, 289, 4, 