{"Run": 3, "K": 587, "WCSSD": 2037.3055907404312, "Purity": 0.4466660697073547, "Time": 33.8671190738678, "Kmeans_Labels": [0, 471, 31, 390, 0, 0, 471, 120, 471, 524, 0, 359, 325, 20, 61, 471, 0, 240, 355, 489, 0, 0, 204, 20, 494, 240, 540, 240, 489, 388, 20, 540, 489, 240, 574, 75, 20, 102, 463, 20, 540, 556, 155, 101, 20, 471, 20, 540, 0, 544, 280, 484, 484, 216, 138, 156, 0, 144, 390, 390, 0, 240, 0, 464, 485, 125, 20, 471, 20, 156, 554, 540, 142, 471, 442, 0, 0, 0, 558, 0, 0, 0, 87, 240, 66, 0, 55, 133, 0, 0, 0, 0, 156, 388, 0, 415, 493, 0, 66, 0, 66, 2, 0, 332, 332, 211, 211, 332, 334, 2, 518, 153, 155, 20, 334, 2, 484, 0, 521, 49, 0, 0, 49, 390, 390, 49, 276, 81, 258, 0, 49, 49, 204, 244, 0, 489, 521, 521, 63, 521, 458, 390, 309, 489, 49, 49, 0, 521, 0, 390, 49, 110, 55, 489, 521, 49, 0, 0, 390, 0, 521, 49, 49, 521, 0, 151, 55, 471, 56, 55, 0, 204, 0, 484, 100, 0, 464, 17, 49, 0, 280, 331, 151, 151, 49, 57, 49, 216, 0, 297, 0, 458, 216, 49, 390, 131, 0, 298, 0, 145, 586, 204, 204, 464, 49, 66, 49, 334, 388, 521, 204, 521, 388, 308, 66, 221, 49, 488, 359, 458, 66, 2, 39, 359, 249, 49, 521, 334, 484, 204, 0, 512, 66, 0, 66, 381, 334, 489, 0, 521, 49, 60, 458, 66, 484, 388, 471, 0, 298, 49, 334, 334, 0, 321, 244, 204, 49, 131, 49, 334, 521, 0, 359, 390, 82, 0, 298, 332, 0, 334, 204, 211, 552, 131, 211, 365, 521, 365, 49, 332, 49, 211, 74, 0, 483, 211, 464, 332, 111, 258, 49, 211, 0, 159, 0, 211, 0, 211, 0, 520, 17, 211, 455, 216, 0, 211, 211, 532, 0, 155, 458, 74, 0, 0, 435, 74, 0, 155, 155, 226, 155, 155, 484, 155, 464, 513, 0, 79, 458, 430, 489, 49, 49, 0, 484, 0, 49, 0, 204, 49, 521, 276, 391, 298, 49, 521, 26, 49, 426, 297, 391, 521, 484, 0, 359, 0, 457, 337, 28, 23, 534, 0, 521, 220, 155, 458, 23, 220, 130, 0, 220, 220, 51, 130, 521, 130, 49, 49, 204, 297, 521, 484, 49, 0, 0, 484, 484, 285, 390, 0, 0, 521, 204, 521, 0, 0, 464, 282, 0, 101, 458, 521, 390, 521, 481, 458, 0, 540, 390, 0, 457, 0, 156, 77, 471, 0, 211, 298, 343, 49, 0, 0, 0, 388, 101, 332, 0, 155, 28, 220, 219, 17, 471, 55, 248, 352, 352, 489, 489, 471, 390, 0, 110, 110, 334, 334, 155, 155, 60, 155, 305, 305, 155, 101, 489, 273, 273, 106, 23, 23, 84, 84, 0, 38, 38, 0, 293, 293, 390, 407, 407, 156, 390, 156, 479, 458, 137, 334, 280, 280, 341, 341, 0, 334, 334, 37, 37, 334, 334, 388, 110, 388, 334, 334, 280, 514, 124, 110, 110, 124, 66, 171, 458, 360, 360, 0, 334, 334, 332, 31, 31, 276, 457, 457, 0, 0, 0, 0, 0, 390, 332, 0, 332, 332, 332, 332, 0, 388, 0, 155, 155, 211, 334, 334, 332, 332, 95, 95, 334, 359, 155, 211, 211, 334, 334, 339, 339, 155, 155, 551, 551, 471, 471, 155, 155, 80, 110, 110, 110, 110, 282, 0, 458, 458, 359, 497, 497, 422, 422, 422, 422, 0, 0, 244, 0, 0, 0, 458, 0, 0, 0, 391, 391, 388, 0, 0, 0, 0, 60, 220, 220, 132, 388, 132, 566, 566, 51, 51, 51, 51, 323, 323, 6, 6, 23, 23, 0, 353, 353, 51, 51, 51, 51, 276, 14, 23, 23, 220, 280, 412, 282, 0, 55, 16, 16, 16, 16, 16, 16, 16, 16, 16, 359, 359, 16, 16, 16, 103, 16, 16, 431, 239, 244, 16, 564, 16, 16, 464, 0, 101, 0, 23, 293, 293, 156, 156, 38, 38, 540, 0, 156, 156, 215, 184, 402, 184, 156, 388, 390, 101, 464, 390, 0, 540, 0, 17, 101, 30, 334, 231, 334, 334, 0, 334, 334, 0, 0, 156, 182, 0, 139, 0, 0, 0, 388, 133, 334, 388, 388, 101, 334, 98, 471, 388, 228, 334, 334, 388, 98, 334, 228, 280, 280, 388, 334, 388, 0, 360, 334, 388, 374, 0, 360, 360, 388, 388, 101, 197, 0, 0, 332, 294, 332, 0, 332, 332, 0, 155, 332, 332, 0, 469, 211, 332, 469, 469, 334, 469, 289, 334, 197, 332, 155, 155, 153, 332, 0, 478, 388, 155, 155, 155, 155, 0, 110, 155, 155, 155, 256, 541, 155, 155, 155, 241, 551, 551, 518, 551, 128, 388, 155, 155, 155, 469, 155, 241, 163, 359, 469, 0, 155, 0, 155, 163, 163, 0, 110, 155, 155, 155, 0, 497, 497, 110, 155, 155, 155, 277, 234, 234, 277, 0, 457, 0, 457, 276, 549, 0, 276, 244, 0, 389, 389, 155, 155, 0, 236, 549, 0, 123, 60, 276, 567, 567, 249, 276, 276, 276, 276, 276, 0, 0, 220, 194, 194, 276, 51, 220, 23, 51, 464, 220, 6, 0, 23, 322, 220, 0, 323, 323, 260, 23, 0, 0, 244, 353, 29, 220, 276, 0, 155, 220, 51, 276, 2, 244, 244, 244, 220, 489, 452, 156, 0, 318, 156, 489, 12, 0, 0, 575, 0, 216, 280, 0, 388, 133, 0, 133, 457, 444, 0, 0, 155, 332, 188, 319, 155, 540, 216, 231, 231, 231, 342, 0, 390, 0, 0, 307, 0, 56, 240, 484, 0, 155, 155, 220, 155, 155, 198, 0, 4, 334, 4, 528, 279, 332, 62, 101, 528, 528, 4, 451, 220, 456, 573, 68, 129, 68, 96, 449, 68, 351, 68, 68, 423, 68, 528, 521, 68, 528, 68, 109, 68, 68, 521, 223, 4, 528, 68, 68, 385, 68, 528, 68, 521, 521, 68, 528, 545, 68, 47, 528, 411, 0, 68, 68, 288, 4, 4, 198, 258, 528, 68, 68, 0, 0, 0, 4, 313, 68, 318, 464, 528, 68, 528, 68, 0, 68, 68, 0, 68, 394, 68, 68, 198, 0, 408, 68, 68, 4, 410, 489, 494, 68, 68, 68, 68, 68, 528, 368, 68, 68, 377, 557, 68, 68, 68, 68, 68, 4, 471, 171, 557, 68, 68, 125, 235, 0, 17, 0, 4, 68, 299, 0, 528, 68, 279, 528, 68, 68, 68, 68, 27, 4, 282, 509, 528, 528, 528, 546, 528, 68, 216, 68, 68, 4, 68, 0, 529, 528, 557, 68, 68, 68, 68, 4, 4, 133, 216, 0, 68, 68, 528, 68, 68, 17, 0, 68, 68, 282, 4, 528, 68, 68, 68, 68, 68, 4, 4, 577, 577, 68, 15, 0, 68, 0, 68, 577, 528, 557, 301, 68, 494, 68, 249, 451, 4, 0, 197, 395, 528, 68, 233, 4, 528, 230, 230, 68, 0, 528, 24, 4, 117, 4, 344, 528, 68, 68, 57, 210, 4, 334, 68, 0, 68, 68, 4, 4, 280, 528, 68, 528, 557, 521, 4, 528, 557, 68, 68, 68, 216, 133, 577, 0, 4, 171, 528, 68, 557, 68, 187, 477, 498, 351, 68, 68, 68, 4, 68, 279, 68, 557, 457, 4, 4, 68, 68, 528, 528, 68, 171, 0, 68, 528, 4, 196, 4, 0, 332, 528, 68, 302, 68, 61, 68, 280, 303, 68, 528, 4, 68, 528, 155, 528, 249, 68, 4, 4, 68, 348, 68, 528, 68, 528, 147, 68, 15, 318, 68, 474, 528, 68, 476, 62, 528, 101, 528, 528, 528, 4, 540, 68, 4, 56, 475, 423, 68, 4, 528, 68, 280, 528, 528, 68, 528, 4, 161, 4, 528, 68, 68, 4, 68, 4, 528, 4, 68, 456, 4, 528, 0, 489, 489, 68, 68, 342, 528, 528, 528, 4, 4, 528, 4, 169, 68, 528, 318, 4, 528, 528, 406, 4, 467, 4, 348, 528, 68, 4, 125, 451, 209, 429, 528, 4, 68, 4, 23, 302, 220, 302, 220, 280, 528, 4, 68, 68, 456, 521, 199, 220, 4, 68, 68, 4, 521, 348, 68, 68, 4, 521, 557, 68, 4, 68, 4, 573, 4, 68, 68, 4, 68, 489, 312, 484, 521, 471, 484, 170, 484, 484, 484, 484, 471, 216, 484, 0, 390, 258, 484, 489, 192, 484, 540, 276, 562, 484, 484, 23, 0, 249, 249, 249, 0, 0, 216, 0, 220, 167, 174, 310, 220, 216, 220, 23, 51, 23, 446, 504, 471, 334, 0, 549, 155, 216, 216, 369, 398, 388, 521, 454, 484, 390, 0, 155, 399, 559, 388, 200, 278, 334, 521, 359, 0, 332, 576, 280, 155, 390, 95, 276, 276, 332, 116, 282, 0, 540, 245, 367, 0, 458, 332, 359, 0, 0, 551, 490, 155, 334, 359, 0, 156, 321, 168, 101, 538, 133, 155, 156, 0, 332, 357, 388, 471, 489, 333, 0, 0, 87, 59, 0, 51, 414, 34, 293, 0, 155, 0, 540, 0, 363, 276, 23, 0, 275, 125, 464, 0, 550, 359, 441, 212, 388, 0, 269, 280, 366, 0, 521, 0, 457, 224, 0, 156, 471, 425, 51, 457, 0, 469, 306, 0, 42, 0, 0, 390, 540, 378, 240, 458, 521, 458, 326, 110, 45, 52, 0, 93, 578, 315, 458, 0, 99, 540, 540, 218, 0, 244, 280, 125, 570, 0, 379, 282, 0, 0, 540, 167, 129, 23, 0, 51, 155, 220, 540, 521, 220, 521, 51, 388, 174, 276, 540, 276, 446, 0, 218, 398, 0, 549, 110, 0, 155, 280, 155, 200, 45, 244, 0, 101, 155, 101, 155, 520, 504, 280, 498, 457, 129, 551, 155, 300, 276, 200, 280, 129, 472, 369, 155, 399, 95, 521, 129, 538, 129, 356, 469, 332, 332, 332, 559, 457, 0, 0, 216, 129, 101, 464, 359, 574, 244, 464, 211, 0, 558, 253, 244, 0, 540, 280, 454, 571, 457, 89, 366, 280, 280, 484, 0, 59, 321, 0, 0, 359, 235, 0, 17, 93, 332, 416, 540, 101, 333, 359, 367, 359, 276, 334, 245, 276, 133, 0, 359, 0, 540, 0, 334, 489, 490, 388, 388, 0, 0, 42, 0, 110, 540, 388, 129, 94, 0, 240, 570, 514, 563, 0, 326, 388, 156, 458, 240, 156, 484, 275, 0, 216, 388, 334, 87, 576, 363, 514, 578, 0, 514, 0, 514, 0, 514, 280, 56, 0, 484, 240, 165, 146, 0, 0, 464, 540, 240, 540, 553, 458, 204, 0, 390, 471, 471, 244, 60, 282, 125, 212, 240, 471, 282, 282, 297, 306, 457, 550, 315, 378, 530, 561, 414, 569, 471, 314, 458, 364, 357, 76, 540, 390, 471, 244, 0, 484, 540, 0, 122, 0, 521, 0, 156, 390, 390, 0, 542, 297,