{"Run": 7, "K": 128, "WCSSD": 2543.7407932151787, "Purity": 0.42914400229029487, "Time": 3.774661064147949, "Kmeans_Labels": [18, 2, 70, 70, 2, 2, 20, 64, 2, 2, 2, 65, 120, 120, 61, 2, 66, 122, 2, 105, 2, 2, 2, 120, 120, 122, 2, 122, 105, 74, 120, 2, 105, 122, 2, 2, 120, 120, 65, 120, 2, 120, 33, 90, 120, 9, 120, 2, 2, 19, 51, 78, 78, 2, 2, 37, 2, 122, 70, 70, 2, 122, 122, 33, 37, 45, 120, 45, 120, 37, 122, 2, 74, 2, 78, 2, 2, 2, 66, 2, 2, 2, 74, 122, 64, 2, 2, 2, 2, 2, 2, 2, 37, 58, 2, 2, 2, 2, 64, 2, 64, 78, 2, 20, 20, 20, 36, 20, 74, 78, 98, 74, 98, 120, 2, 78, 78, 2, 2, 21, 2, 2, 21, 70, 70, 21, 2, 119, 78, 7, 21, 21, 2, 2, 2, 105, 2, 2, 2, 2, 55, 70, 70, 108, 21, 21, 2, 2, 2, 70, 21, 47, 2, 105, 2, 21, 2, 2, 70, 2, 2, 21, 21, 2, 20, 21, 2, 104, 2, 2, 66, 2, 2, 78, 21, 2, 46, 29, 21, 2, 2, 2, 2, 2, 21, 2, 21, 2, 2, 2, 2, 24, 2, 21, 70, 70, 2, 78, 2, 2, 64, 122, 66, 46, 21, 64, 21, 64, 2, 2, 2, 2, 64, 64, 64, 21, 21, 2, 65, 55, 64, 2, 2, 65, 78, 21, 68, 65, 78, 21, 2, 2, 64, 2, 64, 2, 2, 105, 2, 2, 21, 2, 55, 64, 78, 64, 73, 2, 78, 21, 20, 20, 2, 21, 78, 2, 21, 2, 21, 2, 96, 2, 65, 99, 21, 2, 78, 20, 2, 46, 78, 20, 13, 2, 20, 2, 78, 2, 84, 21, 21, 20, 2, 2, 20, 39, 46, 20, 20, 78, 21, 20, 2, 98, 20, 20, 2, 20, 98, 93, 2, 20, 20, 2, 65, 118, 20, 20, 20, 98, 55, 2, 2, 2, 2, 18, 66, 98, 98, 2, 98, 98, 78, 98, 46, 65, 2, 32, 55, 18, 105, 21, 21, 18, 78, 2, 21, 2, 122, 21, 2, 2, 9, 78, 21, 2, 2, 9, 2, 9, 9, 2, 78, 9, 65, 2, 2, 2, 22, 43, 38, 2, 2, 38, 98, 55, 110, 38, 21, 2, 69, 38, 110, 21, 110, 21, 21, 21, 2, 66, 96, 78, 21, 66, 2, 78, 78, 122, 70, 2, 2, 2, 66, 13, 33, 2, 46, 32, 2, 90, 55, 2, 70, 2, 2, 55, 21, 2, 70, 2, 2, 106, 37, 2, 2, 2, 20, 78, 2, 21, 2, 70, 2, 58, 90, 20, 2, 98, 22, 38, 38, 33, 2, 2, 2, 78, 78, 105, 105, 2, 70, 2, 47, 47, 2, 2, 98, 98, 98, 98, 65, 65, 98, 90, 2, 38, 38, 2, 38, 38, 2, 2, 2, 37, 37, 105, 33, 33, 70, 37, 37, 37, 70, 37, 32, 55, 2, 74, 97, 97, 64, 64, 2, 58, 58, 2, 2, 58, 58, 58, 47, 2, 2, 2, 2, 78, 2, 47, 47, 2, 64, 2, 55, 82, 82, 2, 58, 58, 74, 70, 70, 2, 2, 2, 2, 2, 2, 20, 2, 70, 20, 2, 20, 20, 20, 20, 2, 74, 70, 98, 98, 20, 74, 74, 20, 20, 74, 74, 98, 65, 98, 20, 20, 98, 98, 2, 2, 98, 98, 98, 98, 2, 2, 98, 98, 2, 47, 47, 47, 47, 32, 2, 55, 55, 65, 2, 2, 65, 65, 2, 2, 18, 18, 2, 2, 2, 2, 55, 9, 9, 9, 9, 9, 2, 2, 9, 2, 2, 78, 38, 38, 47, 2, 47, 2, 2, 110, 110, 43, 43, 43, 43, 43, 43, 43, 43, 2, 38, 38, 43, 43, 126, 126, 110, 110, 43, 43, 38, 78, 2, 32, 122, 2, 116, 116, 116, 116, 116, 116, 116, 116, 116, 65, 65, 116, 116, 116, 120, 116, 116, 116, 116, 2, 116, 116, 116, 116, 46, 54, 90, 2, 43, 33, 33, 66, 66, 37, 37, 2, 2, 37, 37, 2, 2, 2, 2, 37, 2, 70, 90, 46, 70, 2, 2, 2, 33, 90, 2, 70, 66, 58, 58, 2, 74, 74, 74, 2, 97, 66, 2, 37, 2, 2, 2, 58, 2, 58, 58, 58, 90, 58, 102, 2, 58, 58, 58, 58, 58, 102, 58, 58, 58, 2, 58, 58, 58, 2, 82, 58, 58, 2, 2, 82, 82, 58, 74, 58, 74, 2, 2, 20, 55, 20, 98, 20, 20, 2, 98, 20, 20, 20, 98, 98, 20, 98, 98, 98, 98, 74, 74, 74, 2, 98, 98, 74, 74, 2, 98, 74, 98, 98, 74, 98, 2, 47, 98, 98, 98, 2, 2, 98, 98, 98, 98, 98, 98, 98, 98, 98, 94, 98, 98, 98, 18, 98, 18, 98, 65, 18, 18, 18, 2, 18, 18, 18, 18, 47, 80, 80, 80, 18, 2, 2, 47, 18, 18, 18, 18, 122, 122, 18, 18, 2, 2, 2, 2, 2, 55, 2, 2, 9, 9, 9, 18, 18, 2, 18, 18, 18, 2, 78, 2, 2, 2, 2, 2, 2, 2, 2, 2, 2, 2, 38, 38, 38, 2, 43, 38, 43, 110, 46, 38, 14, 66, 43, 43, 38, 2, 43, 43, 2, 43, 66, 66, 2, 38, 38, 38, 2, 2, 2, 38, 43, 2, 78, 43, 43, 43, 38, 105, 2, 37, 66, 2, 37, 105, 37, 2, 2, 2, 2, 2, 2, 2, 2, 2, 2, 2, 2, 72, 66, 2, 98, 20, 98, 2, 98, 2, 2, 66, 10, 66, 3, 2, 70, 105, 2, 66, 2, 42, 122, 78, 2, 18, 98, 38, 18, 98, 2, 2, 3, 2, 81, 8, 2, 20, 28, 90, 28, 28, 3, 3, 38, 3, 3, 3, 78, 3, 3, 3, 3, 78, 3, 3, 3, 3, 28, 78, 3, 28, 3, 3, 3, 3, 78, 3, 3, 28, 3, 3, 3, 3, 28, 3, 78, 78, 3, 28, 28, 3, 3, 28, 3, 2, 3, 127, 3, 3, 3, 2, 78, 28, 3, 3, 2, 2, 125, 3, 3, 34, 2, 46, 28, 3, 28, 3, 2, 3, 3, 16, 3, 3, 3, 3, 2, 2, 11, 3, 3, 3, 78, 105, 3, 3, 3, 3, 3, 3, 28, 3, 3, 3, 3, 78, 3, 3, 115, 3, 3, 3, 2, 2, 3, 3, 3, 45, 2, 2, 29, 2, 3, 3, 3, 33, 41, 50, 127, 28, 3, 3, 3, 3, 122, 3, 32, 3, 28, 28, 28, 3, 28, 3, 2, 3, 3, 3, 3, 2, 33, 28, 28, 3, 3, 3, 3, 114, 3, 3, 78, 2, 3, 3, 28, 3, 3, 29, 2, 3, 92, 32, 3, 28, 3, 3, 3, 3, 3, 3, 3, 3, 28, 3, 55, 2, 3, 28, 3, 47, 28, 3, 3, 3, 120, 3, 78, 3, 3, 2, 2, 28, 28, 3, 3, 3, 28, 28, 28, 3, 2, 28, 52, 3, 3, 3, 90, 28, 3, 3, 78, 3, 3, 2, 3, 2, 3, 3, 81, 3, 2, 28, 95, 28, 78, 78, 3, 8, 3, 3, 3, 3, 2, 2, 28, 78, 3, 2, 28, 3, 28, 3, 3, 3, 2, 78, 3, 115, 3, 3, 3, 2, 3, 28, 2, 3, 3, 3, 3, 28, 28, 3, 2, 2, 3, 28, 3, 3, 3, 2, 20, 28, 3, 28, 3, 2, 3, 78, 3, 3, 28, 3, 3, 28, 98, 28, 66, 3, 3, 3, 3, 78, 3, 28, 3, 28, 2, 3, 78, 2, 3, 3, 28, 3, 28, 28, 28, 90, 28, 28, 28, 3, 2, 3, 3, 3, 2, 3, 3, 3, 28, 3, 78, 28, 28, 127, 28, 3, 78, 3, 28, 3, 3, 3, 3, 3, 28, 3, 3, 105, 3, 28, 2, 105, 105, 3, 3, 3, 28, 28, 28, 3, 3, 28, 3, 28, 3, 28, 78, 3, 28, 28, 2, 3, 3, 3, 78, 28, 3, 3, 45, 3, 3, 3, 28, 3, 3, 3, 43, 28, 38, 28, 38, 78, 28, 3, 3, 3, 3, 2, 3, 38, 3, 3, 3, 3, 2, 3, 3, 3, 3, 91, 78, 3, 3, 3, 3, 3, 3, 3, 3, 3, 3, 71, 78, 78, 106, 104, 78, 124, 78, 78, 78, 78, 2, 78, 78, 2, 70, 78, 78, 105, 65, 78, 2, 66, 70, 78, 78, 43, 120, 78, 78, 78, 2, 2, 22, 2, 38, 2, 38, 22, 38, 2, 43, 43, 126, 43, 65, 90, 2, 26, 2, 2, 18, 2, 2, 2, 9, 2, 110, 72, 78, 70, 2, 18, 2, 63, 2, 2, 2, 58, 110, 113, 2, 20, 2, 2, 98, 70, 74, 66, 122, 20, 2, 32, 2, 2, 2, 65, 2, 55, 20, 65, 35, 2, 98, 122, 98, 74, 65, 2, 97, 2, 70, 90, 101, 2, 18, 97, 30, 2, 2, 74, 2, 105, 78, 2, 9, 2, 65, 2, 110, 32, 37, 33, 2, 98, 2, 2, 2, 2, 2, 43, 2, 2, 45, 46, 2, 32, 65, 2, 2, 58, 2, 90, 2, 20, 2, 110, 2, 2, 2, 2, 37, 2, 2, 43, 2, 2, 98, 2, 2, 122, 2, 2, 70, 2, 2, 122, 55, 78, 55, 2, 47, 2, 22, 2, 2, 46, 2, 55, 2, 66, 2, 2, 2, 2, 78, 78, 45, 2, 2, 2, 32, 2, 2, 2, 2, 123, 43, 2, 126, 98, 38, 2, 110, 43, 110, 43, 2, 38, 2, 2, 66, 65, 2, 2, 9, 2, 2, 47, 2, 18, 2, 18, 2, 2, 78, 78, 90, 98, 90, 98, 93, 90, 78, 78, 2, 78, 98, 98, 122, 122, 2, 78, 17, 78, 2, 98, 2, 74, 2, 17, 101, 78, 60, 98, 2, 20, 20, 63, 2, 2, 2, 2, 17, 90, 46, 65, 2, 78, 46, 20, 2, 78, 78, 78, 2, 2, 78, 72, 78, 2, 2, 20, 78, 2, 78, 2, 65, 2, 2, 78, 65, 122, 2, 75, 2, 20, 2, 2, 90, 78, 65, 65, 113, 2, 26, 2, 78, 2, 2, 65, 2, 2, 2, 58, 105, 122, 2, 58, 2, 2, 122, 53, 47, 27, 2, 17, 2, 2, 122, 2, 78, 2, 2, 2, 58, 97, 55, 122, 97, 2, 2, 2, 2, 74, 74, 2, 2, 2, 78, 46, 2, 78, 2, 78, 2, 78, 78, 2, 2, 78, 122, 90, 45, 2, 2, 105, 2, 122, 45, 122, 55, 66, 2, 70, 32, 32, 117, 78, 32, 45, 2, 122, 2, 32, 32, 78, 2, 2, 32, 2, 2, 2, 70, 32, 2, 104, 2, 55, 33, 2, 122, 2, 70, 2, 78, 35, 78, 2, 2, 55, 2, 78, 2, 37, 70, 70, 2, 105, 78, 2, 2, 2, 2, 122, 55, 2, 122, 2, 66, 70, 2, 33, 2, 2, 55, 122, 46, 2, 2, 2, 78, 2, 2, 78, 78, 32, 98, 2, 77, 60, 66, 60, 2, 33, 2, 78, 47, 32, 2, 45, 2, 78, 2, 33, 90, 2, 78, 37, 2, 2, 2, 78, 78, 52, 78, 78, 78, 2, 70, 33, 2, 37, 2, 22, 2, 2, 78, 2, 38, 2, 110, 37, 38, 38, 56, 22, 38, 110, 66, 64, 56, 43, 56, 38, 70, 56, 56, 78, 56, 20, 2, 43, 18, 56, 9, 56, 65, 76, 110, 66, 74, 98, 56, 46, 66, 56, 70, 2, 56, 78, 2, 74, 38, 58, 110, 38, 56, 56, 98, 37, 65, 56, 111, 18, 56, 2, 47, 56, 9, 56, 56, 56, 32, 14, 38, 29, 105, 56, 38, 70, 2, 56, 56, 18, 56, 38, 2, 56, 56, 56, 110, 56, 78, 56, 56, 56, 56, 56, 56, 56, 98, 56, 32, 56, 22, 62, 43, 43, 32, 56, 98, 56, 45, 78, 45, 56, 38, 2, 56, 38, 55, 56, 56, 23, 43, 56, 56, 56, 56, 56, 56, 56, 65, 56, 37, 56, 56, 56, 56, 56, 56, 56, 64, 56, 56, 56, 22, 56, 56, 56, 56, 56, 56, 56, 56, 56, 2, 70, 56, 56, 56, 56, 78, 56, 56, 56, 0, 46, 56, 2, 78, 37, 78, 56, 56, 22, 56, 56, 56, 56, 56, 56, 56, 56, 56, 56, 56, 9, 56, 78, 56, 56, 2, 33, 56, 78, 56, 56, 78, 56, 56, 33, 56, 56, 56, 56, 56, 56, 56, 56, 56, 56, 56, 56, 56, 56, 56, 90, 56, 56, 56, 56, 56, 64, 78, 56, 56, 56, 2, 56, 56, 56, 56, 52, 2, 2, 120, 6, 2, 38, 2, 2, 2, 66, 55, 2, 38, 2, 77, 2, 70, 78, 2, 2, 78, 78, 45, 6, 33, 2, 45, 2, 2, 45, 2, 2, 45, 2, 78, 105, 45, 45, 2, 66, 90, 61, 2, 90, 122, 2, 2, 45, 2, 78, 55, 2, 123, 52, 2, 66, 5, 2, 2, 2, 6, 2, 78, 117, 29, 5, 6, 6, 105, 6, 52, 6, 6, 6, 25, 2, 2, 55, 