{"Run": 11, "K": 657, "WCSSD": 1938.0751227498656, "Purity": 0.4631976536285892, "Time": 38.90068984031677, "Kmeans_Labels": [594, 30, 421, 365, 218, 397, 30, 233, 30, 4, 361, 406, 4, 129, 180, 4, 68, 68, 4, 383, 288, 323, 538, 42, 611, 509, 573, 345, 224, 36, 611, 380, 224, 68, 383, 115, 129, 129, 129, 129, 650, 211, 183, 105, 129, 4, 611, 112, 197, 522, 179, 630, 630, 479, 241, 528, 4, 30, 385, 385, 4, 611, 158, 306, 288, 566, 611, 30, 129, 288, 611, 4, 36, 240, 11, 4, 544, 4, 4, 4, 4, 4, 585, 509, 233, 4, 240, 69, 4, 4, 619, 4, 523, 187, 4, 4, 408, 4, 233, 4, 233, 11, 323, 232, 521, 184, 184, 493, 36, 11, 128, 438, 128, 129, 241, 11, 47, 4, 145, 22, 4, 408, 409, 385, 288, 22, 551, 385, 88, 4, 22, 22, 538, 4, 479, 224, 145, 145, 145, 145, 345, 385, 385, 224, 409, 409, 4, 145, 4, 385, 22, 51, 240, 551, 145, 22, 4, 4, 385, 197, 4, 22, 22, 4, 4, 291, 240, 47, 501, 240, 4, 346, 4, 630, 22, 41, 364, 94, 22, 403, 179, 145, 291, 291, 22, 4, 390, 4, 4, 206, 4, 345, 516, 22, 479, 365, 403, 115, 4, 585, 233, 538, 538, 64, 22, 233, 22, 233, 240, 196, 538, 323, 471, 233, 233, 4, 22, 585, 261, 241, 233, 11, 333, 261, 89, 22, 145, 261, 630, 538, 420, 4, 233, 4, 233, 47, 585, 105, 89, 145, 22, 145, 345, 233, 630, 233, 180, 4, 115, 22, 585, 585, 288, 532, 630, 538, 22, 145, 22, 585, 145, 4, 261, 288, 232, 4, 115, 232, 215, 283, 538, 184, 145, 365, 184, 243, 89, 538, 44, 232, 22, 241, 241, 4, 184, 184, 64, 565, 184, 514, 22, 184, 4, 128, 4, 184, 4, 184, 4, 224, 4, 184, 4, 491, 261, 184, 184, 184, 184, 128, 80, 241, 200, 47, 15, 241, 4, 128, 128, 224, 128, 128, 630, 128, 64, 261, 4, 241, 345, 241, 4, 22, 22, 594, 630, 594, 22, 241, 538, 22, 145, 491, 77, 115, 22, 145, 89, 22, 145, 10, 77, 145, 630, 77, 455, 491, 243, 484, 67, 453, 255, 4, 145, 453, 147, 345, 339, 620, 252, 423, 620, 620, 339, 252, 615, 22, 22, 22, 538, 4, 145, 115, 22, 183, 4, 630, 630, 68, 385, 4, 4, 510, 538, 145, 399, 611, 224, 48, 4, 530, 345, 4, 385, 145, 598, 345, 4, 224, 385, 323, 2, 139, 288, 240, 30, 4, 184, 115, 240, 22, 338, 4, 240, 479, 105, 232, 4, 241, 67, 620, 620, 399, 448, 240, 4, 479, 479, 49, 49, 479, 504, 505, 51, 51, 585, 585, 128, 128, 145, 128, 261, 261, 128, 12, 224, 491, 491, 479, 453, 453, 271, 271, 4, 288, 288, 183, 288, 288, 385, 288, 288, 288, 385, 288, 48, 345, 4, 36, 449, 449, 233, 233, 4, 477, 477, 4, 4, 212, 212, 212, 157, 4, 532, 532, 179, 296, 4, 51, 51, 4, 233, 96, 345, 656, 656, 4, 537, 187, 612, 421, 421, 68, 243, 243, 365, 365, 365, 4, 365, 168, 232, 323, 168, 232, 232, 168, 323, 99, 479, 625, 625, 184, 438, 438, 36, 36, 440, 440, 128, 261, 106, 184, 184, 585, 585, 185, 185, 128, 128, 128, 128, 120, 120, 128, 128, 89, 74, 74, 74, 74, 459, 4, 580, 580, 256, 175, 175, 166, 166, 250, 250, 491, 491, 4, 4, 357, 357, 59, 77, 77, 77, 77, 77, 380, 4, 4, 491, 491, 514, 453, 453, 51, 68, 51, 491, 491, 339, 339, 339, 339, 208, 208, 229, 229, 453, 453, 224, 620, 620, 339, 339, 275, 275, 503, 282, 379, 379, 491, 47, 4, 48, 4, 240, 18, 18, 18, 18, 18, 18, 18, 18, 18, 261, 261, 28, 18, 633, 26, 18, 18, 18, 18, 323, 18, 18, 62, 632, 64, 479, 105, 4, 191, 216, 216, 288, 288, 288, 288, 408, 241, 288, 288, 408, 479, 20, 479, 288, 323, 385, 105, 64, 385, 4, 411, 408, 265, 105, 4, 585, 433, 635, 635, 4, 559, 559, 36, 117, 402, 451, 302, 288, 4, 4, 4, 187, 69, 187, 264, 264, 105, 187, 270, 179, 212, 187, 585, 187, 36, 270, 488, 187, 522, 179, 187, 488, 187, 4, 656, 187, 187, 69, 4, 656, 656, 187, 612, 187, 36, 316, 591, 232, 232, 232, 644, 232, 232, 392, 128, 232, 643, 643, 176, 128, 232, 176, 305, 305, 176, 36, 329, 36, 36, 128, 576, 432, 174, 4, 128, 174, 241, 128, 241, 106, 4, 51, 128, 128, 128, 4, 4, 128, 128, 128, 128, 128, 128, 128, 128, 128, 36, 128, 128, 128, 128, 128, 128, 167, 550, 128, 4, 128, 4, 128, 642, 642, 4, 51, 36, 36, 36, 491, 175, 175, 51, 128, 128, 128, 107, 224, 224, 107, 491, 243, 4, 243, 357, 260, 47, 491, 4, 89, 195, 195, 128, 128, 491, 539, 260, 491, 217, 514, 68, 334, 334, 145, 491, 491, 38, 534, 534, 115, 115, 620, 620, 620, 491, 339, 453, 453, 339, 431, 461, 229, 4, 295, 208, 461, 491, 208, 208, 136, 414, 511, 511, 491, 620, 620, 620, 491, 278, 128, 620, 457, 68, 11, 491, 491, 491, 110, 58, 4, 288, 4, 46, 288, 224, 288, 4, 4, 323, 4, 323, 4, 68, 323, 376, 68, 69, 16, 545, 323, 288, 128, 232, 576, 198, 359, 630, 4, 4, 156, 4, 319, 240, 589, 4, 4, 4, 4, 327, 509, 630, 590, 321, 649, 620, 321, 649, 268, 179, 552, 4, 614, 163, 151, 641, 163, 105, 163, 575, 614, 394, 154, 6, 628, 524, 479, 239, 239, 6, 6, 562, 239, 239, 475, 6, 163, 479, 6, 163, 6, 6, 6, 575, 171, 239, 614, 163, 6, 239, 328, 239, 163, 478, 171, 171, 239, 163, 131, 239, 6, 541, 6, 4, 6, 155, 6, 614, 320, 268, 88, 163, 475, 6, 179, 395, 4, 614, 614, 6, 46, 652, 163, 475, 163, 475, 4, 6, 239, 517, 6, 6, 6, 6, 268, 4, 6, 6, 137, 614, 630, 540, 611, 6, 6, 239, 6, 475, 163, 6, 6, 496, 6, 72, 6, 6, 475, 6, 6, 614, 30, 96, 72, 6, 6, 566, 115, 4, 94, 4, 614, 6, 614, 183, 163, 6, 368, 163, 6, 6, 6, 475, 68, 614, 48, 6, 163, 163, 163, 6, 163, 561, 516, 6, 239, 614, 239, 380, 399, 163, 163, 6, 239, 516, 6, 614, 552, 475, 47, 4, 6, 207, 163, 6, 137, 237, 179, 6, 6, 48, 614, 163, 54, 516, 475, 6, 6, 614, 614, 6, 54, 6, 345, 4, 239, 54, 6, 485, 54, 72, 6, 6, 611, 6, 324, 614, 434, 4, 36, 163, 54, 6, 6, 33, 163, 315, 163, 548, 653, 163, 607, 552, 6, 555, 105, 163, 6, 239, 206, 6, 614, 4, 6, 4, 6, 239, 614, 614, 47, 54, 6, 163, 72, 479, 614, 163, 335, 75, 475, 6, 516, 69, 54, 391, 614, 96, 54, 552, 547, 6, 529, 614, 545, 562, 239, 475, 239, 614, 239, 151, 6, 163, 243, 614, 614, 6, 239, 163, 140, 6, 96, 479, 6, 641, 621, 6, 424, 4, 232, 163, 475, 407, 239, 380, 6, 47, 232, 6, 163, 614, 6, 163, 241, 163, 323, 6, 614, 614, 388, 491, 6, 203, 6, 163, 634, 6, 323, 46, 6, 6, 163, 6, 163, 163, 163, 105, 163, 541, 3, 394, 68, 6, 614, 327, 69, 6, 548, 614, 163, 6, 479, 163, 163, 98, 163, 614, 358, 614, 163, 6, 595, 274, 6, 614, 163, 614, 239, 394, 394, 163, 4, 370, 49, 6, 6, 319, 163, 163, 163, 614, 614, 163, 614, 52, 239, 163, 46, 614, 575, 163, 182, 513, 614, 614, 491, 407, 277, 614, 566, 394, 6, 620, 33, 614, 627, 614, 453, 407, 154, 407, 453, 47, 163, 614, 6, 6, 6, 598, 618, 620, 614, 6, 239, 614, 491, 491, 6, 6, 614, 479, 72, 239, 614, 6, 614, 628, 53, 524, 297, 614, 6, 49, 391, 630, 139, 89, 630, 288, 630, 630, 630, 630, 115, 516, 630, 4, 385, 88, 630, 4, 261, 630, 491, 68, 385, 630, 630, 453, 240, 89, 89, 89, 590, 4, 222, 405, 620, 599, 100, 527, 620, 4, 330, 453, 582, 453, 630, 257, 30, 223, 4, 260, 107, 199, 551, 4, 4, 479, 605, 545, 145, 365, 4, 241, 115, 111, 366, 4, 491, 212, 629, 272, 380, 232, 585, 479, 128, 243, 440, 68, 240, 232, 323, 48, 4, 4, 446, 499, 479, 345, 232, 286, 380, 4, 128, 68, 359, 460, 261, 253, 648, 532, 385, 150, 458, 376, 636, 402, 4, 162, 650, 36, 415, 68, 296, 479, 4, 585, 261, 4, 339, 276, 0, 126, 102, 128, 4, 210, 4, 47, 68, 491, 4, 4, 225, 64, 4, 48, 490, 47, 4, 187, 445, 105, 4, 479, 479, 235, 4, 422, 4, 4, 288, 4, 479, 339, 601, 21, 176, 152, 4, 509, 4, 288, 597, 4, 50, 509, 481, 598, 345, 479, 51, 241, 67, 308, 69, 4, 30, 8, 491, 491, 68, 4, 4, 4, 479, 47, 480, 4, 4, 47, 48, 4, 479, 473, 599, 479, 491, 491, 582, 596, 620, 68, 629, 330, 605, 339, 479, 100, 68, 497, 68, 630, 4, 4, 4, 4, 260, 51, 102, 241, 479, 107, 4, 241, 479, 479, 105, 128, 150, 128, 47, 257, 89, 545, 601, 479, 128, 359, 486, 240, 4, 479, 479, 382, 4, 128, 115, 440, 479, 479, 458, 479, 567, 176, 162, 232, 232, 111, 243, 4, 4, 551, 479, 150, 64, 286, 383, 380, 64, 184, 4, 479, 630, 479, 479, 497, 479, 545, 391, 243, 68, 479, 577, 4, 630, 4, 261, 532, 4, 89, 261, 309, 4, 94, 69, 232, 456, 473, 61, 296, 490, 499, 272, 68, 223, 446, 630, 376, 515, 261, 308, 4, 479, 212, 68, 68, 563, 187, 4, 76, 509, 450, 51, 4, 366, 479, 585, 4, 68, 4, 296, 4, 4, 479, 187, 402, 481, 509, 648, 4, 4, 380, 4, 36, 460, 585, 585, 47, 296, 4, 4, 296, 4, 296, 148, 296, 47, 327, 253, 630, 68, 230, 566, 4, 479, 64, 4, 193, 4, 64, 345, 538, 4, 243, 48, 202, 479, 145, 48, 225, 4, 63, 542, 48, 55, 358, 152, 422, 48, 30, 50, 4, 535, 276, 266,