{"Run": 3, "K": 214, "WCSSD": 2442.2677699836768, "Purity": 0.342870458663456, "Time": 9.068912982940674, "Kmeans_Labels": [0, 13, 100, 0, 0, 0, 189, 127, 0, 69, 0, 172, 92, 92, 0, 0, 0, 175, 0, 36, 0, 0, 0, 92, 92, 175, 0, 175, 36, 0, 92, 0, 36, 175, 79, 0, 92, 206, 194, 92, 0, 189, 181, 16, 92, 0, 92, 0, 0, 0, 194, 172, 172, 0, 99, 81, 0, 175, 99, 0, 0, 175, 175, 64, 81, 176, 92, 13, 178, 81, 175, 194, 0, 99, 211, 0, 0, 0, 0, 0, 0, 172, 69, 175, 127, 0, 99, 9, 0, 69, 0, 0, 81, 59, 0, 189, 0, 0, 127, 0, 127, 211, 0, 189, 0, 189, 189, 0, 0, 211, 193, 203, 193, 92, 69, 211, 149, 0, 0, 34, 154, 0, 34, 0, 0, 34, 0, 0, 149, 0, 34, 170, 0, 0, 0, 36, 0, 0, 0, 0, 139, 110, 99, 36, 34, 34, 141, 0, 0, 0, 34, 103, 99, 36, 0, 34, 0, 23, 0, 0, 0, 34, 34, 0, 189, 34, 204, 30, 0, 99, 34, 0, 0, 172, 34, 163, 64, 153, 34, 0, 194, 0, 0, 0, 34, 134, 34, 0, 0, 134, 0, 139, 149, 34, 0, 66, 0, 42, 0, 69, 127, 0, 0, 64, 34, 127, 34, 69, 99, 0, 0, 0, 127, 127, 127, 34, 34, 69, 198, 139, 127, 211, 0, 198, 172, 34, 0, 69, 172, 34, 0, 0, 127, 0, 127, 0, 69, 36, 0, 149, 34, 149, 139, 127, 172, 69, 0, 0, 42, 34, 69, 69, 0, 34, 172, 0, 34, 66, 34, 69, 0, 0, 115, 155, 34, 0, 42, 189, 0, 69, 0, 189, 172, 66, 189, 0, 0, 0, 34, 34, 34, 189, 111, 109, 189, 189, 64, 189, 189, 149, 34, 189, 207, 147, 0, 189, 0, 189, 147, 149, 0, 189, 165, 172, 0, 189, 189, 189, 189, 193, 139, 111, 0, 0, 69, 111, 0, 193, 147, 149, 147, 193, 172, 147, 64, 0, 0, 0, 139, 147, 36, 34, 34, 0, 172, 0, 34, 0, 175, 34, 0, 172, 83, 42, 34, 149, 149, 34, 0, 149, 83, 149, 172, 0, 0, 0, 155, 149, 17, 31, 31, 0, 0, 31, 147, 139, 25, 31, 34, 11, 31, 31, 25, 34, 25, 34, 34, 34, 0, 0, 149, 172, 34, 0, 0, 172, 172, 175, 0, 0, 0, 0, 0, 172, 181, 0, 64, 136, 0, 16, 139, 0, 0, 0, 172, 139, 0, 43, 0, 0, 149, 0, 81, 200, 0, 0, 189, 42, 99, 34, 99, 0, 99, 0, 16, 0, 0, 193, 17, 156, 31, 181, 0, 99, 0, 172, 172, 36, 36, 0, 110, 0, 103, 103, 69, 69, 147, 147, 0, 147, 0, 0, 147, 16, 149, 0, 0, 0, 31, 31, 179, 179, 0, 81, 81, 36, 81, 81, 81, 81, 81, 81, 0, 81, 144, 139, 0, 69, 59, 59, 127, 127, 190, 69, 69, 0, 0, 59, 59, 59, 103, 0, 69, 69, 194, 37, 0, 103, 103, 0, 127, 0, 139, 69, 69, 0, 59, 59, 0, 70, 70, 0, 0, 0, 0, 0, 0, 0, 0, 0, 189, 0, 0, 189, 189, 0, 0, 147, 0, 193, 193, 189, 147, 147, 0, 0, 147, 147, 193, 0, 147, 201, 201, 193, 193, 0, 0, 193, 193, 104, 104, 0, 0, 193, 193, 0, 103, 103, 103, 103, 144, 0, 139, 139, 115, 26, 26, 0, 0, 0, 0, 0, 0, 0, 0, 0, 0, 139, 0, 78, 78, 0, 0, 149, 0, 0, 0, 0, 149, 31, 31, 103, 0, 103, 0, 0, 25, 25, 25, 25, 138, 138, 31, 31, 25, 25, 0, 130, 130, 25, 25, 25, 25, 31, 31, 5, 5, 31, 0, 0, 144, 175, 99, 96, 96, 96, 96, 96, 96, 96, 96, 96, 96, 69, 96, 96, 96, 92, 96, 126, 96, 96, 172, 162, 96, 29, 129, 64, 16, 16, 0, 31, 181, 181, 81, 81, 81, 81, 0, 0, 81, 81, 0, 0, 0, 0, 81, 0, 110, 16, 64, 0, 0, 0, 0, 181, 16, 0, 69, 0, 59, 59, 0, 59, 59, 0, 0, 81, 0, 0, 81, 0, 190, 190, 59, 9, 59, 97, 97, 16, 59, 181, 194, 59, 59, 69, 59, 0, 181, 59, 59, 194, 194, 59, 59, 59, 69, 69, 59, 59, 9, 125, 69, 69, 59, 0, 16, 0, 0, 0, 0, 139, 0, 155, 0, 0, 41, 147, 0, 189, 147, 193, 147, 0, 182, 193, 193, 182, 147, 0, 147, 0, 147, 147, 147, 147, 0, 147, 147, 147, 147, 147, 147, 0, 103, 193, 193, 193, 172, 0, 147, 147, 147, 193, 193, 104, 193, 104, 147, 193, 193, 193, 147, 147, 147, 193, 147, 137, 147, 147, 147, 158, 147, 147, 147, 139, 103, 147, 147, 147, 0, 26, 26, 103, 147, 147, 147, 147, 175, 175, 147, 0, 0, 149, 0, 0, 0, 139, 0, 0, 0, 0, 0, 193, 193, 0, 0, 0, 139, 0, 149, 0, 0, 0, 0, 0, 0, 172, 0, 0, 0, 0, 31, 31, 31, 0, 25, 31, 31, 25, 64, 31, 31, 0, 31, 138, 31, 0, 138, 138, 0, 31, 0, 0, 172, 130, 31, 31, 193, 0, 193, 31, 25, 0, 211, 140, 140, 140, 31, 36, 0, 81, 0, 0, 55, 36, 87, 163, 0, 0, 0, 0, 0, 172, 0, 9, 0, 44, 155, 155, 0, 0, 147, 143, 147, 172, 147, 0, 0, 65, 0, 65, 151, 99, 75, 36, 0, 0, 0, 149, 175, 172, 123, 147, 193, 31, 147, 193, 0, 108, 33, 69, 57, 48, 0, 191, 142, 16, 48, 48, 57, 57, 31, 151, 57, 32, 172, 151, 57, 151, 151, 63, 151, 151, 191, 151, 142, 172, 151, 48, 151, 151, 151, 191, 172, 151, 57, 142, 151, 151, 151, 151, 48, 151, 48, 172, 151, 48, 48, 151, 151, 142, 191, 0, 151, 105, 151, 57, 57, 0, 149, 142, 191, 151, 194, 0, 54, 57, 191, 151, 149, 64, 48, 151, 48, 151, 0, 166, 151, 0, 191, 151, 151, 151, 0, 0, 151, 151, 191, 57, 172, 36, 191, 151, 151, 151, 191, 151, 48, 191, 191, 191, 151, 191, 191, 151, 151, 151, 151, 57, 0, 88, 57, 151, 151, 39, 58, 0, 102, 0, 57, 191, 57, 181, 48, 191, 172, 48, 191, 151, 151, 151, 175, 57, 144, 151, 48, 142, 48, 151, 48, 151, 0, 191, 151, 57, 151, 0, 181, 169, 48, 191, 151, 191, 151, 57, 57, 9, 172, 0, 151, 191, 48, 151, 151, 102, 108, 151, 151, 144, 57, 48, 191, 191, 151, 151, 76, 57, 164, 151, 48, 151, 139, 38, 151, 191, 151, 161, 48, 191, 191, 151, 92, 151, 0, 57, 57, 194, 191, 48, 142, 151, 151, 33, 142, 48, 48, 151, 0, 48, 60, 33, 151, 57, 16, 142, 61, 151, 134, 151, 57, 69, 151, 0, 151, 151, 57, 57, 0, 48, 191, 142, 191, 172, 57, 48, 191, 151, 151, 151, 172, 9, 161, 0, 57, 88, 142, 151, 191, 151, 57, 57, 155, 63, 151, 151, 151, 57, 151, 0, 191, 48, 0, 57, 57, 151, 151, 142, 142, 151, 0, 0, 151, 48, 33, 151, 57, 0, 0, 48, 151, 48, 151, 0, 151, 149, 191, 191, 48, 57, 151, 48, 193, 150, 149, 151, 57, 57, 151, 150, 151, 142, 151, 48, 0, 191, 149, 149, 151, 151, 142, 191, 142, 142, 48, 16, 48, 48, 48, 57, 0, 150, 57, 191, 9, 151, 151, 57, 48, 151, 172, 142, 48, 151, 53, 57, 172, 191, 142, 151, 191, 191, 151, 57, 48, 57, 151, 24, 171, 48, 0, 36, 36, 151, 191, 151, 48, 48, 47, 57, 57, 48, 57, 48, 151, 48, 149, 57, 48, 48, 0, 191, 57, 57, 150, 48, 151, 57, 39, 57, 191, 191, 33, 57, 151, 57, 31, 48, 31, 48, 6, 149, 142, 57, 151, 151, 151, 0, 57, 184, 57, 191, 151, 57, 0, 150, 191, 191, 57, 172, 172, 151, 57, 151, 57, 57, 57, 32, 151, 57, 151, 36, 172, 172, 172, 172, 172, 0, 172, 172, 172, 172, 149, 172, 172, 80, 0, 149, 172, 36, 172, 172, 0, 22, 0, 172, 172, 31, 99, 172, 172, 172, 123, 0, 0, 0, 31, 27, 31, 202, 173, 0, 31, 31, 25, 31, 172, 16, 13, 69, 0, 0, 147, 0, 196, 193, 0, 0, 0, 155, 0, 0, 0, 0, 19, 189, 73, 0, 0, 59, 25, 69, 0, 0, 69, 0, 71, 155, 147, 0, 99, 2, 0, 144, 0, 212, 0, 172, 0, 139, 189, 189, 0, 0, 104, 175, 147, 59, 0, 0, 81, 0, 0, 16, 0, 9, 147, 81, 0, 0, 172, 0, 0, 36, 37, 0, 0, 69, 115, 0, 25, 136, 81, 181, 62, 147, 0, 0, 0, 0, 0, 140, 0, 119, 39, 64, 0, 49, 0, 22, 0, 59, 0, 16, 0, 189, 0, 25, 0, 0, 0, 0, 87, 0, 0, 25, 0, 111, 193, 0, 50, 175, 0, 0, 0, 0, 0, 175, 139, 172, 139, 0, 103, 118, 17, 0, 131, 64, 0, 139, 0, 0, 0, 0, 0, 0, 172, 149, 39, 0, 0, 0, 144, 0, 0, 0, 27, 172, 140, 0, 25, 147, 173, 0, 25, 31, 0, 25, 0, 31, 0, 0, 0, 172, 0, 0, 0, 0, 0, 103, 62, 0, 0, 147, 0, 118, 172, 0, 16, 193, 16, 193, 0, 16, 172, 155, 0, 124, 104, 147, 175, 99, 194, 149, 124, 172, 193, 71, 19, 147, 149, 124, 0, 0, 172, 193, 0, 189, 2, 189, 0, 0, 0, 196, 124, 16, 64, 189, 79, 172, 64, 189, 172, 172, 0, 0, 0, 0, 194, 155, 172, 155, 0, 189, 149, 0, 172, 0, 115, 0, 149, 0, 115, 58, 0, 102, 131, 0, 0, 0, 16, 37, 0, 172, 69, 0, 69, 0, 149, 9, 149, 0, 0, 0, 0, 59, 36, 175, 0, 59, 0, 0, 175, 0, 103, 0, 73, 124, 69, 0, 175, 0, 37, 0, 0, 0, 59, 81, 139, 175, 81, 0, 119, 0, 0, 0, 59, 69, 69, 0, 132, 64, 50, 37, 50, 37, 163, 37, 149, 149, 0, 172, 175, 35, 39, 0, 0, 36, 212, 175, 39, 175, 139, 0, 0, 155, 144, 144, 172, 144, 144, 39, 0, 175, 172, 144, 144, 172, 0, 0, 49, 0, 0, 0, 0, 136, 0, 30, 194, 139, 181, 172, 175, 0, 0, 0, 172, 0, 0, 0, 0, 139, 0, 172, 0, 87, 0, 155, 0, 36, 149, 0, 0, 0, 0, 175, 139, 0, 175, 0, 0, 0, 0, 181, 111, 0, 139, 51, 64, 0, 69, 0, 137, 0, 0, 132, 194, 144, 147, 63, 149, 172, 64, 172, 0, 181, 172, 0, 103, 144, 0, 39, 149, 37, 149, 181, 35, 194, 172, 81, 163, 155, 0, 172, 172, 0, 0, 155, 0, 0, 110, 181, 0, 81, 0, 202, 149, 0, 137, 0, 31, 0, 25, 81, 31, 31, 174, 17, 6, 25, 45, 127, 45, 31, 174, 31, 0, 174, 45, 211, 211, 189, 100, 31, 0, 174, 127, 45, 0, 45, 31, 45, 69, 193, 45, 64, 45, 174, 0, 0, 174, 172, 0, 147, 31, 59, 15, 31, 45, 45, 147, 81, 0, 174, 0, 147, 174, 67, 103, 45, 0, 45, 174, 45, 144, 193, 31, 102, 36, 174, 31, 166, 0,