{"Run": 6, "K": 214, "WCSSD": 2411.860322942559, "Purity": 0.4566275407958775, "Time": 9.158519983291626, "Kmeans_Labels": [5, 20, 86, 63, 5, 5, 20, 210, 20, 5, 82, 57, 27, 27, 125, 22, 5, 95, 5, 115, 5, 5, 5, 27, 27, 95, 5, 95, 167, 5, 27, 5, 115, 95, 5, 105, 27, 27, 201, 27, 164, 73, 187, 16, 27, 127, 27, 5, 5, 101, 5, 119, 119, 179, 9, 185, 5, 20, 63, 63, 5, 95, 95, 55, 185, 75, 27, 60, 27, 185, 95, 189, 5, 5, 48, 5, 5, 5, 5, 105, 63, 204, 69, 95, 28, 5, 125, 45, 5, 5, 5, 5, 185, 5, 5, 73, 5, 5, 28, 5, 28, 48, 5, 64, 64, 73, 73, 64, 5, 48, 146, 92, 146, 27, 146, 48, 122, 5, 119, 49, 5, 5, 49, 63, 63, 49, 164, 63, 183, 125, 49, 49, 183, 176, 151, 115, 5, 5, 172, 204, 65, 63, 63, 115, 49, 49, 5, 5, 5, 63, 49, 108, 63, 115, 5, 49, 5, 5, 63, 5, 5, 49, 49, 5, 73, 49, 125, 164, 80, 63, 49, 5, 5, 119, 49, 5, 55, 187, 49, 5, 5, 204, 63, 204, 49, 5, 49, 5, 5, 122, 5, 65, 164, 49, 63, 63, 5, 122, 5, 69, 28, 95, 5, 55, 49, 28, 49, 69, 207, 204, 5, 101, 28, 28, 28, 49, 49, 69, 57, 65, 28, 48, 99, 57, 204, 49, 5, 57, 119, 49, 5, 5, 28, 5, 28, 177, 69, 115, 204, 204, 49, 5, 65, 28, 119, 28, 125, 5, 122, 49, 69, 69, 5, 49, 176, 5, 49, 63, 49, 69, 204, 5, 57, 63, 64, 63, 122, 64, 5, 69, 183, 73, 63, 63, 73, 5, 204, 5, 49, 64, 49, 64, 9, 5, 73, 73, 55, 64, 73, 183, 49, 73, 5, 73, 94, 73, 5, 73, 64, 119, 5, 73, 5, 94, 94, 73, 73, 73, 73, 146, 65, 9, 57, 164, 69, 9, 5, 146, 73, 5, 146, 146, 119, 146, 55, 57, 5, 128, 65, 146, 115, 49, 49, 5, 119, 5, 49, 5, 95, 199, 204, 164, 85, 122, 49, 204, 204, 49, 204, 51, 65, 204, 119, 127, 57, 5, 5, 5, 36, 163, 68, 5, 179, 163, 179, 65, 107, 98, 49, 204, 98, 98, 107, 49, 107, 49, 49, 49, 204, 5, 204, 164, 49, 63, 5, 119, 119, 95, 63, 5, 5, 204, 5, 63, 187, 5, 55, 128, 105, 16, 65, 204, 63, 204, 119, 65, 49, 63, 63, 5, 183, 158, 185, 125, 20, 125, 94, 122, 125, 49, 125, 63, 5, 5, 16, 64, 5, 146, 36, 98, 98, 187, 5, 125, 5, 125, 125, 115, 115, 5, 63, 5, 7, 7, 69, 69, 146, 146, 183, 146, 57, 57, 146, 16, 5, 179, 179, 5, 163, 163, 5, 5, 5, 185, 185, 115, 185, 185, 185, 185, 185, 185, 63, 185, 128, 65, 5, 69, 5, 5, 28, 28, 116, 69, 69, 197, 197, 110, 110, 110, 108, 5, 154, 154, 5, 122, 179, 108, 108, 179, 28, 105, 65, 69, 69, 5, 101, 101, 64, 211, 211, 5, 5, 5, 5, 5, 5, 64, 147, 63, 64, 204, 64, 64, 64, 64, 204, 164, 63, 29, 29, 73, 69, 69, 164, 164, 146, 146, 146, 57, 146, 73, 73, 69, 69, 204, 204, 29, 29, 200, 200, 43, 43, 29, 29, 105, 50, 50, 50, 50, 128, 5, 65, 65, 57, 5, 5, 57, 57, 5, 5, 5, 5, 204, 5, 5, 5, 66, 127, 127, 127, 127, 127, 5, 5, 127, 5, 5, 183, 98, 98, 108, 5, 108, 179, 179, 107, 107, 138, 138, 187, 187, 62, 62, 163, 163, 5, 163, 163, 107, 107, 107, 107, 107, 107, 163, 163, 98, 105, 140, 128, 95, 125, 79, 79, 79, 79, 79, 165, 79, 79, 79, 57, 57, 79, 79, 79, 27, 79, 79, 79, 79, 122, 79, 79, 79, 79, 55, 5, 16, 5, 163, 187, 187, 185, 185, 185, 185, 119, 5, 185, 185, 119, 5, 5, 5, 185, 101, 63, 17, 55, 63, 5, 5, 5, 187, 16, 5, 69, 20, 101, 101, 5, 101, 101, 5, 5, 185, 187, 5, 185, 5, 180, 180, 101, 45, 137, 101, 101, 16, 69, 187, 5, 110, 101, 69, 101, 101, 187, 101, 101, 156, 156, 101, 69, 101, 5, 69, 101, 101, 100, 101, 69, 69, 101, 101, 16, 5, 5, 5, 64, 65, 124, 5, 64, 64, 5, 146, 64, 64, 164, 29, 73, 64, 29, 29, 146, 29, 29, 164, 146, 64, 146, 29, 92, 64, 5, 146, 146, 213, 146, 146, 146, 164, 108, 146, 146, 146, 204, 204, 146, 146, 146, 29, 29, 29, 146, 29, 146, 29, 29, 29, 29, 24, 146, 24, 146, 101, 24, 146, 146, 183, 146, 146, 146, 65, 108, 146, 146, 146, 146, 5, 5, 108, 146, 146, 29, 146, 194, 194, 146, 5, 12, 105, 12, 179, 5, 65, 179, 127, 5, 127, 127, 146, 146, 5, 5, 5, 65, 5, 183, 179, 144, 144, 5, 179, 179, 179, 179, 179, 105, 105, 98, 98, 98, 5, 138, 163, 163, 107, 206, 98, 62, 5, 163, 138, 98, 5, 138, 138, 5, 163, 125, 125, 5, 136, 98, 136, 146, 5, 146, 98, 107, 179, 48, 5, 5, 5, 98, 115, 183, 185, 101, 5, 185, 115, 185, 5, 5, 5, 5, 126, 5, 179, 5, 45, 5, 45, 101, 5, 101, 5, 146, 64, 146, 29, 146, 119, 179, 5, 5, 5, 102, 5, 63, 115, 204, 204, 204, 204, 95, 119, 5, 146, 146, 142, 146, 146, 5, 5, 145, 69, 145, 23, 164, 64, 131, 84, 23, 23, 145, 145, 163, 102, 145, 97, 105, 102, 102, 102, 34, 46, 102, 102, 97, 102, 23, 178, 102, 23, 102, 97, 102, 97, 122, 102, 145, 23, 102, 102, 102, 102, 23, 102, 122, 122, 102, 23, 23, 102, 102, 23, 97, 179, 102, 97, 102, 145, 145, 5, 183, 23, 97, 102, 179, 5, 101, 145, 97, 139, 119, 55, 23, 102, 23, 102, 5, 97, 102, 5, 97, 102, 97, 102, 5, 5, 102, 102, 97, 145, 119, 115, 97, 102, 102, 102, 102, 102, 23, 97, 97, 97, 102, 89, 97, 102, 97, 102, 97, 145, 20, 6, 89, 102, 102, 75, 5, 5, 120, 5, 145, 97, 145, 187, 23, 102, 178, 23, 67, 102, 102, 97, 95, 145, 128, 102, 23, 23, 23, 102, 23, 102, 164, 102, 102, 145, 102, 5, 187, 1, 23, 97, 102, 153, 102, 145, 145, 97, 183, 5, 102, 97, 23, 102, 102, 187, 5, 102, 102, 128, 145, 23, 97, 153, 102, 102, 102, 145, 145, 102, 23, 102, 65, 196, 173, 97, 102, 97, 23, 89, 102, 102, 27, 102, 204, 145, 145, 5, 97, 23, 152, 102, 102, 145, 23, 23, 23, 102, 5, 23, 120, 145, 102, 145, 149, 23, 102, 102, 119, 102, 145, 69, 102, 63, 102, 102, 145, 145, 122, 23, 15, 23, 89, 179, 145, 23, 89, 97, 102, 102, 164, 45, 23, 105, 145, 6, 23, 102, 97, 97, 145, 145, 5, 46, 102, 102, 102, 145, 102, 164, 97, 23, 5, 145, 145, 102, 102, 23, 23, 97, 105, 5, 102, 23, 145, 102, 145, 5, 64, 23, 97, 23, 102, 5, 102, 122, 97, 97, 23, 145, 102, 23, 146, 23, 119, 102, 145, 145, 102, 119, 102, 23, 102, 23, 5, 97, 117, 119, 102, 102, 23, 102, 23, 131, 72, 84, 23, 23, 23, 145, 179, 97, 145, 153, 45, 102, 102, 145, 23, 97, 119, 23, 23, 102, 23, 145, 35, 97, 23, 102, 102, 97, 102, 145, 23, 97, 102, 115, 145, 23, 105, 115, 115, 97, 97, 102, 23, 23, 23, 145, 145, 23, 145, 23, 102, 23, 119, 145, 23, 23, 5, 97, 145, 97, 97, 23, 102, 145, 75, 145, 97, 97, 23, 145, 102, 145, 163, 23, 163, 23, 97, 122, 23, 97, 102, 102, 102, 179, 145, 136, 39, 97, 102, 145, 5, 97, 97, 102, 145, 179, 89, 102, 145, 102, 97, 145, 145, 97, 97, 145, 102, 115, 109, 119, 204, 164, 119, 183, 119, 119, 119, 119, 119, 164, 119, 5, 106, 183, 119, 115, 57, 119, 183, 179, 106, 119, 119, 163, 27, 204, 204, 204, 5, 0, 148, 179, 98, 90, 98, 148, 163, 179, 163, 163, 107, 163, 57, 16, 20, 69, 111, 5, 146, 179, 164, 5, 127, 179, 186, 5, 119, 63, 5, 146, 5, 63, 5, 202, 5, 110, 107, 56, 5, 64, 69, 5, 146, 63, 146, 179, 95, 64, 119, 128, 5, 5, 5, 57, 5, 65, 64, 57, 5, 5, 29, 95, 146, 101, 57, 132, 185, 5, 63, 16, 63, 45, 146, 185, 5, 64, 119, 192, 20, 115, 122, 105, 52, 69, 57, 5, 107, 78, 90, 187, 30, 146, 5, 5, 5, 183, 183, 163, 204, 101, 75, 55, 5, 128, 57, 179, 5, 101, 203, 77, 5, 73, 5, 107, 5, 5, 5, 164, 185, 5, 5, 138, 5, 9, 29, 5, 69, 95, 5, 5, 63, 5, 5, 182, 65, 119, 65, 5, 76, 5, 36, 5, 45, 63, 20, 3, 5, 5, 5, 5, 5, 5, 176, 122, 75, 5, 101, 5, 128, 105, 5, 5, 90, 104, 163, 5, 107, 146, 163, 5, 107, 163, 186, 138, 179, 98, 183, 5, 179, 57, 122, 5, 127, 111, 5, 108, 30, 146, 5, 146, 202, 5, 176, 105, 16, 146, 16, 29, 125, 16, 105, 105, 5, 105, 29, 146, 95, 95, 202, 157, 105, 109, 5, 146, 5, 146, 105, 105, 63, 105, 164, 29, 64, 64, 64, 63, 5, 164, 5, 164, 105, 16, 55, 57, 5, 204, 55, 73, 105, 105, 119, 105, 105, 5, 105, 5, 109, 105, 5, 73, 122, 5, 119, 5, 57, 5, 5, 63, 57, 95, 101, 187, 45, 64, 179, 5, 16, 122, 57, 57, 56, 179, 69, 5, 179, 45, 5, 57, 5, 5, 5, 110, 115, 95, 5, 101, 5, 5, 95, 101, 76, 5, 5, 105, 69, 205, 95, 5, 122, 5, 5, 5, 101, 185, 65, 95, 185, 5, 101, 5, 5, 192, 101, 69, 69, 183, 122, 63, 5, 122, 69, 122, 5, 122, 122, 183, 132, 119, 190, 129, 75, 5, 5, 115, 5, 95, 75, 95, 65, 105, 5, 63, 128, 128, 105, 20, 128, 75, 5, 95, 125, 128, 128, 204, 5, 5, 128, 20, 5, 5, 63, 78, 5, 164, 5, 65, 187, 119, 95, 5, 63, 20, 119, 5, 119, 5, 5, 65, 5, 119, 105, 185, 63, 63, 5, 115, 204, 5, 5, 5, 5, 182, 183, 204, 95, 5, 101, 63, 5, 187, 9, 5, 65, 95, 55, 193, 69, 5, 105, 179, 5, 122, 105, 128, 146, 46, 59, 164, 55, 164, 5, 187, 105, 105, 108, 128, 5, 75, 105, 122, 164, 187, 129, 202, 119, 185, 5, 105, 5, 183, 122, 183, 105, 5, 105, 5, 63, 187, 183, 185, 5, 148, 164, 179, 105, 5, 98, 179, 107, 90, 98, 142, 61, 148,