{"Run": 11, "K": 557, "WCSSD": 2064.6253836132055, "Purity": 0.44979073130818675, "Time": 32.15367794036865, "Kmeans_Labels": [202, 138, 6, 75, 6, 96, 203, 524, 203, 6, 6, 255, 6, 448, 318, 6, 6, 556, 207, 80, 6, 6, 157, 6, 96, 556, 6, 556, 80, 6, 6, 207, 80, 556, 6, 6, 151, 448, 255, 448, 552, 70, 97, 191, 97, 6, 6, 6, 240, 6, 153, 507, 507, 437, 81, 45, 6, 556, 75, 75, 6, 556, 6, 39, 83, 230, 203, 203, 448, 83, 556, 96, 6, 323, 268, 6, 6, 6, 6, 6, 6, 6, 155, 556, 94, 25, 323, 49, 6, 6, 6, 113, 427, 125, 6, 6, 6, 6, 239, 6, 94, 268, 6, 6, 551, 413, 70, 6, 6, 268, 21, 497, 97, 6, 296, 268, 108, 6, 507, 465, 6, 6, 465, 92, 6, 465, 306, 75, 8, 8, 465, 465, 6, 6, 445, 80, 6, 6, 6, 6, 302, 75, 75, 80, 465, 465, 6, 6, 10, 75, 465, 148, 290, 80, 6, 465, 6, 6, 75, 6, 6, 276, 465, 68, 6, 465, 323, 32, 42, 163, 465, 6, 6, 507, 465, 6, 39, 82, 408, 6, 153, 96, 6, 6, 374, 6, 313, 352, 6, 507, 6, 302, 507, 465, 6, 545, 6, 240, 474, 418, 94, 157, 157, 39, 465, 94, 465, 94, 323, 6, 157, 240, 94, 94, 94, 465, 465, 125, 255, 302, 94, 268, 480, 255, 507, 465, 6, 255, 507, 465, 190, 6, 94, 224, 94, 207, 444, 80, 6, 6, 465, 6, 302, 94, 507, 94, 507, 6, 240, 465, 3, 70, 6, 541, 507, 157, 465, 545, 307, 6, 1, 6, 255, 348, 465, 500, 240, 551, 6, 39, 211, 70, 379, 545, 70, 6, 507, 157, 465, 465, 465, 70, 6, 6, 70, 70, 39, 551, 70, 73, 465, 70, 6, 97, 6, 70, 6, 70, 97, 205, 6, 70, 6, 343, 226, 70, 70, 70, 6, 97, 302, 6, 6, 108, 418, 97, 6, 97, 97, 285, 97, 97, 507, 403, 39, 255, 6, 207, 302, 97, 80, 471, 300, 202, 507, 6, 465, 6, 157, 465, 137, 437, 297, 240, 385, 507, 384, 340, 435, 547, 297, 6, 507, 226, 255, 6, 6, 42, 40, 198, 126, 6, 437, 145, 437, 302, 287, 145, 465, 6, 48, 48, 287, 465, 287, 465, 465, 465, 1, 344, 1, 507, 465, 74, 6, 507, 507, 556, 75, 326, 6, 6, 6, 379, 6, 6, 39, 56, 6, 191, 302, 8, 75, 241, 8, 368, 465, 39, 75, 6, 6, 6, 83, 323, 203, 6, 70, 240, 323, 465, 323, 6, 323, 6, 191, 447, 6, 97, 40, 145, 48, 82, 6, 323, 6, 523, 523, 80, 80, 6, 75, 6, 148, 148, 207, 207, 97, 97, 6, 97, 255, 255, 97, 191, 59, 437, 437, 6, 355, 355, 437, 437, 6, 251, 251, 80, 83, 83, 75, 83, 83, 83, 75, 83, 56, 302, 6, 397, 181, 181, 94, 94, 6, 174, 174, 539, 539, 125, 125, 101, 148, 6, 6, 6, 486, 11, 234, 148, 148, 234, 94, 129, 188, 125, 125, 6, 125, 125, 134, 6, 6, 6, 6, 6, 6, 6, 6, 292, 6, 247, 70, 8, 247, 551, 551, 247, 8, 125, 6, 150, 150, 70, 14, 14, 6, 6, 97, 97, 97, 255, 277, 70, 70, 418, 418, 205, 205, 491, 491, 97, 97, 79, 79, 97, 97, 6, 69, 69, 69, 69, 56, 6, 302, 302, 255, 219, 219, 255, 255, 6, 6, 6, 6, 6, 6, 6, 6, 302, 226, 108, 108, 108, 108, 6, 226, 226, 495, 495, 453, 145, 145, 148, 335, 148, 437, 437, 515, 515, 103, 103, 48, 48, 287, 287, 287, 287, 6, 253, 253, 287, 287, 424, 424, 287, 505, 48, 48, 48, 6, 6, 56, 556, 323, 24, 24, 24, 24, 24, 24, 24, 24, 24, 309, 255, 24, 24, 24, 448, 24, 24, 24, 24, 240, 24, 24, 24, 24, 39, 358, 191, 6, 145, 115, 115, 83, 83, 135, 135, 441, 6, 83, 83, 96, 6, 6, 6, 83, 6, 75, 191, 99, 75, 312, 108, 6, 82, 191, 6, 75, 142, 314, 314, 6, 314, 314, 6, 6, 181, 347, 6, 83, 6, 6, 6, 125, 462, 125, 125, 125, 191, 125, 231, 153, 101, 125, 125, 125, 207, 231, 125, 125, 153, 153, 125, 125, 125, 6, 125, 125, 125, 49, 6, 125, 125, 183, 412, 125, 95, 6, 6, 551, 302, 6, 6, 6, 551, 6, 97, 6, 6, 6, 150, 431, 6, 401, 150, 150, 150, 442, 207, 14, 6, 97, 97, 497, 97, 262, 97, 97, 97, 97, 97, 277, 6, 148, 97, 97, 97, 6, 6, 97, 97, 97, 97, 97, 97, 21, 150, 97, 150, 150, 97, 97, 97, 97, 97, 97, 139, 97, 6, 97, 328, 97, 97, 97, 86, 148, 469, 469, 469, 86, 219, 219, 148, 91, 91, 97, 97, 556, 556, 97, 216, 549, 6, 549, 495, 437, 302, 437, 108, 108, 6, 6, 97, 97, 495, 53, 6, 302, 6, 162, 437, 6, 6, 108, 437, 437, 437, 437, 437, 8, 8, 48, 492, 492, 226, 103, 145, 48, 515, 305, 416, 287, 6, 145, 48, 416, 8, 48, 48, 363, 145, 8, 8, 226, 439, 48, 48, 226, 6, 97, 48, 287, 437, 120, 240, 240, 240, 48, 80, 6, 278, 6, 372, 83, 80, 83, 6, 6, 6, 6, 6, 164, 226, 6, 49, 6, 49, 301, 6, 6, 6, 97, 150, 97, 367, 7, 514, 333, 513, 347, 513, 422, 323, 75, 80, 6, 6, 6, 42, 556, 507, 6, 202, 97, 48, 202, 97, 6, 548, 52, 102, 52, 2, 6, 446, 2, 191, 2, 410, 52, 52, 48, 422, 57, 304, 77, 521, 521, 422, 422, 114, 521, 521, 470, 422, 2, 96, 422, 2, 422, 246, 422, 410, 410, 521, 52, 2, 422, 521, 422, 521, 2, 422, 410, 410, 119, 2, 2, 521, 46, 2, 422, 6, 508, 422, 422, 52, 52, 6, 8, 44, 422, 422, 153, 28, 6, 52, 422, 66, 240, 39, 2, 422, 2, 422, 6, 422, 376, 6, 527, 422, 422, 521, 6, 6, 422, 422, 522, 52, 507, 80, 422, 422, 422, 521, 422, 516, 2, 422, 422, 422, 422, 538, 422, 422, 422, 422, 265, 512, 203, 129, 538, 521, 422, 12, 208, 6, 82, 6, 52, 422, 52, 6, 2, 422, 6, 410, 261, 422, 422, 422, 556, 52, 56, 422, 2, 193, 2, 422, 2, 422, 507, 422, 521, 52, 521, 6, 6, 2, 538, 422, 422, 422, 422, 52, 52, 52, 8, 96, 422, 422, 2, 422, 522, 82, 548, 422, 422, 56, 52, 2, 422, 422, 422, 422, 422, 299, 52, 422, 320, 422, 34, 6, 521, 161, 422, 148, 320, 538, 422, 271, 422, 422, 6, 478, 458, 6, 95, 2, 2, 422, 422, 52, 2, 535, 2, 422, 6, 2, 184, 52, 422, 52, 191, 2, 422, 521, 507, 422, 52, 102, 422, 6, 422, 521, 52, 52, 205, 320, 422, 2, 538, 96, 52, 2, 538, 422, 422, 422, 507, 49, 320, 6, 463, 129, 2, 422, 538, 422, 52, 52, 6, 114, 521, 422, 521, 52, 521, 6, 422, 538, 6, 52, 52, 521, 521, 2, 2, 422, 129, 6, 422, 2, 52, 422, 52, 362, 6, 2, 422, 2, 521, 318, 422, 205, 422, 422, 2, 52, 422, 2, 97, 2, 205, 422, 293, 52, 422, 158, 422, 2, 422, 185, 6, 422, 507, 372, 521, 422, 2, 422, 324, 2, 170, 191, 2, 2, 2, 141, 207, 422, 52, 42, 49, 422, 422, 52, 2, 422, 205, 2, 2, 422, 2, 52, 108, 52, 2, 422, 422, 52, 422, 52, 2, 52, 521, 456, 141, 2, 6, 80, 536, 422, 488, 422, 2, 2, 2, 52, 52, 2, 52, 303, 521, 2, 372, 52, 410, 2, 6, 52, 52, 52, 158, 2, 422, 52, 12, 52, 52, 52, 2, 52, 422, 52, 145, 2, 48, 2, 145, 205, 2, 52, 422, 422, 422, 507, 52, 253, 60, 422, 521, 52, 226, 52, 422, 422, 52, 96, 538, 521, 52, 52, 52, 57, 52, 304, 105, 52, 422, 365, 477, 507, 96, 373, 507, 6, 507, 507, 507, 507, 96, 507, 507, 542, 75, 8, 507, 80, 255, 507, 6, 437, 283, 507, 507, 145, 323, 507, 507, 507, 6, 6, 8, 36, 48, 168, 145, 40, 48, 437, 287, 145, 424, 145, 50, 191, 203, 26, 235, 264, 86, 457, 207, 6, 6, 406, 287, 205, 98, 75, 6, 97, 108, 6, 6, 226, 437, 101, 287, 255, 6, 6, 155, 6, 97, 75, 97, 437, 323, 551, 96, 56, 292, 6, 165, 87, 96, 302, 551, 54, 6, 6, 97, 556, 7, 314, 255, 6, 22, 541, 75, 274, 520, 49, 53, 181, 6, 544, 552, 6, 411, 80, 204, 6, 112, 155, 330, 6, 287, 525, 117, 115, 6, 97, 6, 207, 6, 391, 437, 145, 6, 6, 0, 39, 6, 537, 255, 374, 6, 125, 429, 4, 6, 70, 205, 159, 526, 182, 6, 6, 83, 6, 272, 103, 90, 6, 150, 240, 377, 556, 6, 6, 311, 6, 152, 256, 17, 96, 302, 6, 148, 6, 40, 6, 49, 39, 203, 302, 226, 6, 207, 6, 6, 6, 507, 205, 12, 6, 6, 6, 56, 240, 6, 240, 168, 270, 145, 226, 424, 97, 48, 207, 287, 287, 287, 103, 406, 145, 437, 209, 437, 50, 6, 6, 6, 235, 264, 370, 6, 97, 6, 86, 226, 6, 507, 108, 191, 97, 274, 485, 240, 191, 207, 240, 90, 531, 97, 7, 85, 323, 226, 205, 77, 477, 6, 97, 108, 97, 360, 189, 520, 228, 437, 150, 544, 551, 551, 6, 6, 6, 292, 207, 77, 274, 39, 54, 6, 455, 39, 70, 240, 77, 240, 108, 6, 209, 205, 205, 477, 77, 96, 70, 205, 6, 507, 6, 330, 541, 6, 6, 255, 208, 6, 82, 49, 6, 484, 240, 191, 204, 255, 87, 255, 437, 26, 165, 437, 49, 6, 255, 6, 6, 96, 101, 80, 556, 177, 125, 6, 6, 556, 6, 148, 207, 6, 77, 6, 6, 556, 6, 11, 6, 6, 6, 125, 181, 17, 556, 22, 96, 6, 6, 6, 6, 314, 155, 155, 391, 467, 39, 377, 11, 377, 11, 6, 11, 205, 42, 6, 507, 556, 191, 12, 6, 205, 39, 6, 556, 339, 39, 302, 129, 118, 75, 56, 411, 383, 18, 56, 0, 6, 556, 411, 56, 56, 108, 240, 182, 537, 203, 152, 96, 75, 525, 205, 32, 6, 302, 115, 552, 556, 6, 311, 411, 507, 6, 98, 207, 6, 302, 176, 282, 240, 83, 75, 75, 542, 80, 213, 6, 269, 526, 96, 256, 18, 6, 466, 6, 6, 75, 6, 115, 6, 6, 302, 556, 39, 6, 6, 6, 139, 484, 96, 467, 205, 56, 97, 114, 121, 77, 200, 437, 269, 115, 428, 108, 370, 411, 400, 12, 360, 11, 6, 39, 191, 226, 507, 83, 6, 6, 209, 378, 78, 468, 108, 226, 108, 209, 75, 115, 6, 83, 6, 40, 6, 36, 