{"Run": 7, "K": 489, "WCSSD": 2118.6998815991583, "Purity": 0.42001071836002835, "Time": 27.275882959365845, "Kmeans_Labels": [246, 317, 30, 226, 487, 30, 373, 114, 317, 30, 487, 222, 487, 150, 321, 30, 30, 36, 304, 424, 30, 487, 222, 30, 105, 36, 30, 36, 18, 30, 30, 30, 18, 36, 424, 362, 30, 150, 222, 150, 13, 35, 230, 351, 150, 30, 30, 30, 30, 30, 438, 438, 438, 30, 246, 126, 30, 36, 226, 226, 30, 36, 30, 451, 30, 100, 150, 317, 271, 126, 36, 30, 30, 273, 26, 30, 30, 487, 30, 30, 30, 30, 186, 288, 114, 451, 273, 487, 30, 30, 30, 30, 126, 131, 30, 487, 51, 30, 114, 30, 114, 26, 30, 396, 396, 35, 35, 396, 30, 177, 59, 56, 59, 30, 246, 26, 336, 30, 106, 225, 30, 222, 473, 226, 30, 464, 38, 226, 19, 30, 464, 464, 30, 30, 30, 252, 472, 222, 222, 222, 383, 226, 226, 18, 464, 473, 30, 222, 479, 226, 464, 24, 273, 38, 222, 464, 30, 222, 226, 30, 352, 464, 464, 440, 30, 109, 69, 156, 129, 273, 30, 30, 30, 438, 464, 386, 451, 94, 464, 199, 222, 239, 109, 109, 464, 30, 262, 360, 30, 360, 360, 383, 360, 464, 226, 226, 390, 438, 82, 8, 165, 423, 468, 451, 464, 114, 464, 114, 273, 222, 423, 218, 114, 114, 114, 30, 464, 154, 326, 383, 114, 26, 30, 326, 15, 464, 222, 8, 438, 464, 454, 487, 114, 30, 114, 30, 8, 18, 222, 53, 208, 242, 85, 114, 438, 114, 162, 8, 438, 464, 8, 8, 30, 32, 336, 423, 464, 222, 464, 8, 222, 8, 222, 468, 396, 30, 438, 396, 10, 272, 222, 35, 222, 222, 35, 468, 222, 222, 464, 396, 464, 246, 246, 222, 35, 35, 451, 458, 35, 19, 466, 468, 30, 59, 361, 35, 30, 35, 59, 18, 30, 35, 30, 30, 408, 35, 35, 35, 30, 416, 383, 246, 8, 240, 8, 246, 30, 59, 59, 30, 59, 8, 438, 59, 451, 222, 124, 62, 383, 59, 18, 464, 464, 246, 438, 30, 464, 246, 423, 464, 222, 336, 72, 438, 464, 222, 222, 209, 377, 222, 72, 222, 438, 30, 222, 474, 468, 147, 84, 166, 309, 400, 222, 166, 319, 149, 125, 309, 464, 222, 309, 309, 125, 464, 97, 464, 464, 442, 78, 30, 222, 336, 464, 30, 30, 438, 438, 36, 226, 360, 30, 222, 468, 360, 230, 30, 487, 142, 30, 148, 383, 222, 188, 222, 465, 383, 30, 487, 226, 30, 468, 333, 381, 273, 317, 30, 361, 438, 273, 464, 274, 30, 301, 30, 487, 425, 30, 59, 84, 309, 309, 230, 30, 273, 18, 429, 429, 18, 18, 30, 226, 30, 24, 24, 49, 49, 59, 59, 30, 59, 444, 444, 59, 148, 18, 309, 309, 30, 166, 166, 30, 30, 459, 320, 320, 30, 419, 419, 226, 126, 126, 2, 226, 126, 142, 383, 30, 8, 105, 105, 114, 114, 39, 191, 191, 487, 487, 131, 131, 131, 24, 30, 32, 32, 222, 58, 30, 24, 24, 30, 114, 32, 383, 8, 8, 30, 115, 131, 396, 468, 468, 30, 468, 468, 30, 30, 30, 30, 30, 226, 396, 98, 396, 396, 396, 396, 98, 131, 226, 77, 77, 35, 56, 56, 34, 34, 59, 59, 8, 408, 20, 35, 35, 8, 8, 336, 336, 286, 286, 59, 59, 396, 396, 77, 59, 30, 488, 488, 488, 488, 142, 30, 383, 383, 88, 30, 30, 222, 222, 30, 30, 356, 356, 30, 30, 30, 30, 383, 30, 259, 259, 222, 222, 30, 30, 30, 30, 30, 19, 412, 412, 311, 30, 311, 30, 30, 289, 289, 456, 456, 287, 287, 322, 322, 125, 125, 30, 309, 309, 125, 125, 125, 125, 282, 309, 166, 166, 456, 30, 30, 142, 30, 273, 93, 60, 45, 45, 45, 45, 45, 45, 45, 222, 482, 45, 45, 45, 150, 89, 45, 45, 179, 438, 45, 236, 45, 249, 451, 270, 148, 487, 4, 116, 116, 16, 16, 320, 320, 336, 246, 182, 182, 336, 30, 30, 30, 126, 218, 226, 148, 451, 226, 30, 30, 30, 230, 148, 30, 8, 317, 131, 131, 30, 486, 486, 30, 30, 126, 230, 30, 126, 30, 39, 39, 131, 74, 131, 131, 131, 148, 131, 197, 465, 131, 131, 131, 131, 131, 197, 131, 31, 131, 30, 192, 131, 192, 30, 8, 131, 131, 74, 294, 8, 8, 131, 30, 131, 279, 280, 280, 396, 383, 396, 59, 396, 396, 30, 59, 396, 396, 59, 233, 59, 396, 404, 71, 71, 77, 77, 261, 56, 375, 59, 56, 56, 261, 30, 59, 261, 59, 59, 59, 413, 30, 24, 59, 59, 59, 30, 30, 59, 59, 59, 59, 59, 59, 59, 77, 59, 77, 77, 59, 59, 59, 59, 59, 59, 52, 59, 59, 59, 30, 59, 59, 59, 383, 24, 59, 59, 59, 59, 30, 30, 24, 59, 59, 59, 324, 36, 36, 324, 30, 468, 10, 468, 30, 30, 143, 30, 105, 222, 30, 30, 59, 59, 30, 30, 30, 383, 30, 30, 410, 48, 48, 213, 325, 325, 336, 422, 422, 30, 30, 309, 325, 325, 336, 243, 166, 166, 125, 92, 309, 322, 30, 166, 238, 309, 238, 238, 238, 222, 166, 30, 30, 336, 309, 309, 309, 336, 30, 30, 181, 125, 410, 26, 105, 105, 105, 309, 30, 30, 126, 30, 30, 126, 18, 126, 30, 299, 30, 30, 360, 298, 336, 105, 74, 30, 74, 468, 480, 30, 185, 59, 396, 59, 77, 158, 118, 30, 360, 207, 360, 305, 273, 248, 487, 30, 119, 360, 147, 36, 438, 30, 246, 59, 42, 246, 59, 46, 30, 293, 30, 293, 66, 360, 476, 66, 148, 108, 323, 293, 293, 309, 232, 293, 266, 465, 232, 232, 138, 232, 461, 232, 232, 232, 232, 43, 10, 3, 43, 448, 275, 232, 323, 355, 232, 293, 43, 232, 232, 232, 232, 43, 232, 323, 323, 232, 43, 66, 232, 232, 220, 232, 487, 232, 3, 232, 224, 293, 46, 19, 66, 3, 232, 30, 30, 30, 293, 293, 232, 336, 451, 43, 3, 43, 3, 30, 3, 232, 30, 232, 411, 232, 232, 46, 487, 232, 232, 3, 293, 442, 18, 232, 232, 232, 232, 342, 463, 296, 232, 232, 3, 232, 139, 232, 232, 3, 232, 232, 293, 317, 465, 139, 232, 232, 100, 30, 487, 94, 30, 293, 232, 293, 230, 43, 232, 30, 43, 232, 232, 232, 3, 36, 293, 142, 232, 43, 66, 43, 3, 43, 232, 360, 232, 232, 293, 316, 487, 230, 43, 43, 3, 3, 232, 232, 343, 293, 3, 465, 307, 232, 3, 385, 232, 232, 94, 30, 232, 232, 142, 293, 43, 349, 275, 3, 232, 232, 293, 293, 232, 66, 232, 70, 30, 232, 30, 232, 24, 66, 139, 232, 232, 232, 232, 30, 478, 401, 30, 279, 66, 66, 3, 232, 293, 66, 66, 66, 382, 341, 43, 183, 293, 79, 293, 30, 353, 232, 232, 360, 330, 245, 30, 232, 30, 232, 232, 293, 293, 336, 66, 3, 66, 139, 10, 293, 66, 323, 232, 3, 232, 360, 74, 66, 52, 293, 465, 66, 134, 3, 232, 293, 293, 428, 461, 232, 3, 232, 293, 232, 360, 232, 43, 405, 293, 293, 232, 232, 66, 66, 3, 465, 30, 232, 43, 293, 433, 347, 22, 396, 141, 3, 43, 232, 30, 232, 336, 396, 3, 43, 21, 232, 348, 246, 260, 360, 232, 293, 293, 232, 260, 232, 66, 232, 66, 30, 467, 318, 336, 232, 232, 66, 232, 66, 66, 397, 148, 43, 220, 379, 406, 184, 260, 293, 147, 74, 232, 382, 293, 108, 232, 336, 66, 66, 220, 66, 293, 30, 293, 66, 232, 232, 293, 232, 293, 43, 369, 232, 406, 406, 43, 30, 18, 283, 232, 146, 305, 43, 66, 43, 293, 293, 43, 293, 43, 232, 43, 336, 293, 323, 135, 30, 293, 293, 293, 176, 43, 232, 293, 430, 293, 293, 293, 43, 293, 232, 293, 166, 43, 309, 43, 309, 336, 66, 293, 232, 232, 232, 465, 293, 309, 293, 418, 232, 293, 30, 176, 3, 232, 293, 10, 139, 232, 344, 3, 293, 293, 293, 266, 337, 293, 232, 308, 10, 438, 465, 360, 438, 30, 438, 438, 438, 438, 336, 360, 438, 487, 226, 19, 438, 30, 222, 438, 30, 336, 226, 438, 438, 166, 273, 15, 15, 15, 30, 30, 30, 91, 309, 339, 309, 0, 309, 30, 468, 169, 125, 166, 222, 403, 317, 487, 30, 277, 59, 30, 30, 30, 6, 30, 30, 395, 30, 226, 487, 237, 30, 30, 30, 30, 221, 131, 336, 278, 30, 443, 186, 222, 376, 468, 59, 336, 160, 396, 105, 153, 30, 30, 30, 222, 30, 383, 396, 327, 202, 30, 59, 36, 158, 486, 8, 204, 30, 32, 392, 148, 30, 74, 59, 126, 30, 340, 13, 30, 317, 81, 136, 465, 477, 186, 88, 30, 125, 142, 284, 116, 487, 59, 459, 453, 30, 30, 30, 166, 30, 263, 100, 451, 459, 383, 222, 336, 30, 328, 30, 148, 30, 35, 30, 125, 30, 295, 30, 481, 126, 30, 281, 243, 468, 246, 233, 222, 137, 36, 30, 30, 226, 172, 30, 36, 383, 438, 383, 30, 24, 246, 84, 30, 74, 451, 228, 383, 193, 30, 30, 151, 30, 30, 336, 336, 100, 30, 30, 55, 142, 465, 30, 465, 339, 285, 166, 193, 125, 59, 309, 30, 336, 468, 30, 243, 30, 309, 30, 30, 336, 222, 222, 30, 6, 30, 277, 223, 487, 237, 222, 59, 30, 246, 336, 231, 148, 59, 148, 59, 222, 403, 363, 428, 468, 110, 59, 158, 30, 160, 30, 30, 110, 10, 30, 376, 30, 59, 465, 365, 30, 110, 336, 233, 340, 396, 396, 30, 468, 481, 30, 30, 366, 148, 451, 327, 469, 10, 451, 35, 465, 336, 438, 222, 465, 30, 465, 395, 10, 468, 465, 35, 336, 30, 438, 30, 88, 32, 30, 222, 222, 36, 30, 140, 74, 443, 310, 465, 148, 136, 222, 222, 278, 30, 487, 30, 41, 74, 30, 8, 30, 151, 30, 131, 81, 36, 336, 131, 30, 30, 36, 30, 24, 30, 30, 110, 8, 258, 36, 30, 58, 12, 30, 30, 328, 126, 383, 36, 30, 33, 263, 30, 30, 30, 486, 186, 186, 30, 58, 451, 76, 58, 137, 441, 386, 58, 336, 147, 204, 438, 36, 338, 100, 30, 30, 451, 30, 36, 100, 451, 383, 360, 