{"Run": 6, "K": 369, "WCSSD": 2248.571120139486, "Purity": 0.37545488957168016, "Time": 19.52530312538147, "Kmeans_Labels": [33, 114, 120, 218, 18, 18, 174, 309, 114, 18, 18, 353, 18, 18, 18, 313, 18, 250, 313, 285, 18, 18, 104, 18, 302, 250, 18, 250, 285, 18, 18, 216, 42, 250, 216, 18, 353, 37, 353, 335, 216, 196, 170, 258, 227, 18, 302, 216, 199, 199, 124, 199, 199, 313, 33, 51, 313, 250, 59, 292, 19, 250, 18, 63, 51, 98, 114, 114, 18, 51, 250, 223, 18, 150, 190, 18, 18, 123, 147, 18, 18, 155, 330, 356, 1, 18, 150, 91, 230, 18, 18, 18, 51, 102, 199, 18, 356, 18, 318, 18, 117, 190, 18, 221, 221, 167, 299, 221, 18, 190, 227, 227, 227, 18, 330, 190, 244, 18, 18, 229, 18, 18, 229, 218, 218, 229, 18, 326, 335, 335, 229, 229, 104, 331, 18, 285, 18, 18, 18, 18, 34, 218, 218, 285, 338, 229, 18, 18, 313, 218, 229, 13, 150, 18, 18, 229, 18, 216, 218, 18, 18, 229, 229, 18, 18, 229, 150, 269, 237, 150, 147, 104, 22, 199, 328, 313, 57, 71, 229, 58, 124, 18, 18, 18, 229, 18, 310, 216, 332, 135, 280, 34, 233, 229, 218, 218, 60, 199, 236, 330, 309, 367, 104, 57, 205, 309, 288, 330, 150, 205, 367, 138, 309, 309, 309, 225, 82, 330, 353, 34, 309, 31, 18, 23, 56, 229, 18, 353, 199, 104, 18, 18, 309, 18, 309, 18, 330, 258, 18, 18, 229, 18, 34, 309, 199, 309, 18, 18, 199, 343, 330, 330, 18, 253, 331, 104, 313, 18, 229, 330, 18, 18, 353, 62, 221, 18, 199, 221, 313, 330, 104, 196, 335, 18, 196, 219, 18, 219, 151, 221, 229, 33, 33, 18, 196, 131, 57, 221, 196, 335, 229, 196, 178, 149, 167, 196, 164, 167, 227, 285, 18, 167, 18, 154, 167, 167, 196, 88, 18, 227, 34, 33, 167, 167, 323, 33, 18, 227, 227, 285, 361, 227, 199, 227, 57, 353, 18, 86, 34, 227, 285, 333, 229, 33, 199, 18, 229, 33, 104, 242, 322, 18, 34, 199, 229, 18, 18, 229, 206, 18, 34, 18, 199, 138, 353, 138, 62, 237, 35, 32, 32, 289, 217, 32, 227, 34, 32, 32, 229, 18, 32, 101, 76, 229, 90, 229, 229, 229, 104, 147, 18, 199, 229, 63, 18, 199, 199, 66, 218, 18, 18, 18, 147, 335, 18, 18, 57, 52, 18, 258, 34, 168, 218, 104, 18, 34, 313, 18, 218, 18, 18, 244, 51, 150, 114, 18, 167, 199, 150, 229, 150, 18, 61, 18, 258, 221, 287, 227, 35, 32, 32, 63, 18, 150, 285, 199, 199, 285, 285, 18, 218, 18, 13, 13, 290, 290, 227, 227, 227, 227, 353, 353, 227, 258, 285, 277, 277, 313, 32, 32, 138, 138, 335, 51, 51, 18, 63, 63, 218, 51, 51, 51, 218, 51, 52, 34, 18, 330, 18, 18, 309, 309, 18, 330, 330, 18, 18, 261, 261, 261, 13, 18, 330, 330, 138, 153, 18, 13, 13, 18, 309, 137, 34, 330, 330, 287, 102, 102, 221, 120, 120, 138, 18, 18, 18, 18, 18, 18, 18, 218, 221, 199, 221, 221, 221, 221, 199, 102, 218, 259, 259, 30, 330, 330, 167, 167, 227, 227, 133, 353, 5, 167, 167, 330, 330, 18, 18, 30, 30, 227, 227, 221, 221, 227, 227, 138, 312, 312, 312, 312, 65, 18, 34, 34, 353, 138, 138, 26, 26, 26, 26, 138, 138, 43, 138, 243, 243, 34, 138, 138, 138, 138, 138, 285, 138, 18, 138, 138, 335, 214, 214, 13, 216, 13, 138, 138, 90, 90, 32, 32, 18, 18, 238, 238, 32, 32, 285, 74, 74, 142, 142, 142, 142, 138, 32, 32, 32, 32, 18, 216, 52, 250, 150, 274, 274, 274, 274, 274, 249, 274, 274, 274, 353, 353, 274, 274, 274, 335, 274, 274, 274, 274, 199, 274, 274, 211, 274, 57, 258, 258, 18, 32, 336, 336, 147, 147, 51, 51, 18, 33, 51, 51, 18, 96, 18, 96, 51, 138, 218, 258, 57, 218, 18, 216, 18, 63, 258, 216, 330, 147, 352, 352, 18, 352, 352, 18, 317, 51, 147, 18, 51, 18, 18, 18, 102, 91, 102, 102, 102, 258, 127, 134, 18, 261, 102, 330, 102, 138, 134, 102, 102, 138, 138, 102, 102, 102, 18, 330, 293, 143, 91, 199, 330, 330, 138, 18, 102, 18, 173, 173, 221, 34, 221, 62, 167, 221, 18, 227, 221, 221, 227, 30, 227, 221, 30, 30, 30, 30, 85, 18, 227, 221, 227, 227, 227, 221, 18, 227, 227, 227, 227, 227, 5, 216, 13, 227, 227, 227, 314, 18, 314, 227, 227, 227, 227, 227, 227, 30, 111, 30, 30, 227, 166, 227, 3, 138, 141, 278, 227, 67, 227, 18, 227, 141, 141, 122, 13, 122, 122, 122, 11, 138, 138, 13, 227, 227, 227, 227, 250, 250, 227, 138, 348, 18, 348, 243, 138, 34, 243, 189, 138, 64, 64, 227, 227, 138, 130, 138, 138, 138, 138, 138, 18, 18, 18, 138, 138, 138, 138, 138, 18, 18, 32, 32, 32, 138, 32, 32, 32, 90, 57, 32, 238, 147, 238, 32, 32, 18, 32, 32, 18, 238, 18, 18, 216, 74, 32, 32, 216, 18, 138, 32, 142, 138, 190, 216, 216, 216, 32, 18, 313, 51, 199, 18, 51, 285, 51, 313, 18, 18, 216, 199, 341, 18, 313, 91, 18, 91, 62, 191, 147, 313, 227, 167, 227, 30, 227, 18, 138, 147, 147, 147, 81, 150, 218, 18, 18, 147, 18, 237, 250, 199, 18, 33, 227, 32, 33, 227, 18, 18, 209, 330, 49, 165, 18, 221, 165, 258, 165, 172, 49, 49, 198, 81, 49, 81, 199, 81, 49, 81, 303, 244, 81, 81, 10, 81, 165, 199, 81, 165, 81, 81, 81, 172, 172, 81, 49, 165, 81, 40, 160, 83, 165, 81, 172, 172, 81, 165, 165, 81, 81, 165, 10, 18, 81, 10, 81, 49, 49, 18, 335, 165, 10, 84, 128, 18, 18, 49, 49, 81, 18, 349, 165, 10, 165, 276, 18, 81, 81, 18, 81, 81, 10, 210, 18, 18, 329, 81, 81, 49, 199, 285, 81, 81, 81, 296, 45, 10, 165, 266, 81, 10, 81, 335, 81, 81, 10, 81, 81, 49, 114, 137, 49, 81, 81, 98, 335, 18, 71, 18, 49, 81, 49, 63, 165, 81, 18, 165, 202, 81, 81, 10, 250, 49, 52, 81, 165, 165, 201, 81, 165, 81, 233, 81, 81, 49, 81, 18, 18, 165, 165, 49, 10, 233, 81, 49, 49, 10, 18, 18, 81, 10, 165, 49, 81, 71, 18, 81, 81, 52, 49, 165, 81, 366, 10, 81, 81, 49, 49, 81, 165, 81, 222, 199, 81, 18, 81, 81, 165, 81, 81, 81, 81, 81, 18, 49, 49, 18, 3, 165, 165, 81, 81, 49, 165, 165, 165, 81, 18, 165, 115, 209, 81, 49, 258, 165, 81, 81, 135, 81, 49, 330, 81, 18, 81, 81, 49, 247, 18, 165, 81, 165, 335, 244, 49, 165, 172, 81, 10, 81, 233, 91, 353, 199, 49, 137, 165, 81, 49, 81, 108, 49, 62, 244, 81, 10, 81, 49, 81, 18, 81, 165, 18, 247, 49, 181, 81, 165, 165, 81, 137, 313, 81, 165, 49, 81, 49, 18, 221, 165, 10, 73, 40, 358, 81, 313, 221, 81, 248, 49, 81, 165, 87, 165, 116, 81, 49, 49, 81, 241, 81, 165, 81, 165, 176, 300, 97, 18, 81, 81, 165, 81, 165, 165, 165, 258, 165, 165, 165, 49, 216, 81, 49, 237, 91, 81, 81, 49, 165, 49, 244, 165, 165, 81, 165, 49, 335, 49, 165, 81, 81, 49, 81, 49, 165, 49, 81, 10, 49, 165, 346, 285, 339, 81, 308, 81, 165, 165, 165, 49, 49, 165, 49, 165, 81, 165, 199, 247, 172, 165, 18, 49, 49, 49, 241, 165, 81, 49, 304, 49, 49, 2, 165, 49, 81, 49, 32, 73, 198, 73, 32, 313, 165, 49, 81, 364, 81, 18, 49, 32, 49, 241, 81, 49, 20, 241, 49, 81, 49, 244, 335, 81, 49, 49, 49, 49, 49, 81, 81, 49, 81, 285, 199, 199, 291, 162, 199, 18, 199, 199, 199, 199, 355, 233, 199, 18, 29, 335, 199, 18, 295, 199, 216, 147, 29, 199, 199, 32, 150, 56, 56, 56, 18, 226, 18, 216, 32, 53, 32, 35, 32, 18, 32, 32, 142, 32, 353, 258, 114, 330, 313, 138, 11, 138, 167, 18, 138, 273, 18, 62, 335, 218, 18, 33, 136, 18, 18, 220, 301, 261, 90, 363, 18, 221, 330, 199, 227, 218, 227, 138, 150, 221, 138, 52, 18, 216, 18, 353, 313, 34, 221, 353, 18, 360, 227, 250, 227, 352, 353, 216, 51, 253, 218, 258, 18, 91, 130, 51, 18, 106, 216, 18, 186, 250, 153, 18, 138, 330, 353, 18, 90, 52, 213, 281, 347, 227, 335, 148, 18, 313, 138, 216, 199, 18, 98, 57, 335, 52, 353, 199, 18, 102, 18, 258, 138, 196, 313, 90, 216, 52, 18, 18, 51, 18, 335, 32, 18, 33, 30, 216, 330, 250, 18, 18, 218, 18, 18, 250, 34, 199, 34, 199, 13, 33, 35, 18, 91, 18, 114, 34, 321, 147, 161, 256, 18, 18, 331, 313, 98, 107, 199, 18, 52, 199, 240, 18, 53, 216, 216, 321, 142, 227, 32, 161, 90, 32, 18, 32, 273, 32, 138, 216, 138, 353, 18, 18, 138, 313, 138, 13, 347, 33, 199, 11, 220, 33, 331, 138, 258, 227, 258, 227, 285, 258, 199, 62, 18, 36, 227, 227, 250, 150, 92, 244, 36, 199, 18, 227, 136, 227, 18, 199, 18, 313, 36, 30, 106, 221, 221, 18, 138, 18, 18, 167, 36, 258, 57, 353, 18, 199, 57, 196, 18, 199, 18, 199, 18, 216, 18, 62, 199, 62, 18, 196, 313, 138, 199, 18, 353, 253, 313, 18, 353, 250, 199, 71, 91, 221, 18, 18, 258, 153, 353, 353, 363, 18, 330, 18, 18, 91, 18, 353, 18, 256, 313, 261, 250, 250, 199, 102, 360, 18, 250, 199, 13, 216, 18, 36, 330, 199, 109, 107, 75, 18, 18, 199, 102, 51, 34, 250, 51, 18, 18, 18, 313, 18, 352, 330, 330, 313, 153, 18, 18, 153, 330, 153, 313, 153, 313, 237, 216, 199, 250, 258, 98, 18, 313, 57, 216, 250, 98, 250, 34, 104, 18, 218, 52, 52, 313, 114, 52, 