{"Run": 6, "K": 483, "WCSSD": 2091.4036611415972, "Purity": 0.42278730384593566, "Time": 27.842866897583008, "Kmeans_Labels": [164, 7, 200, 396, 7, 341, 7, 110, 7, 7, 7, 312, 158, 158, 415, 7, 7, 276, 179, 349, 7, 7, 410, 158, 158, 276, 7, 276, 349, 7, 158, 7, 349, 276, 7, 7, 158, 158, 46, 158, 179, 158, 129, 400, 158, 383, 158, 255, 415, 56, 262, 440, 440, 20, 164, 252, 255, 276, 330, 396, 7, 331, 7, 146, 252, 16, 158, 7, 158, 252, 276, 415, 7, 250, 14, 333, 7, 7, 468, 7, 179, 234, 66, 276, 110, 7, 235, 334, 7, 7, 7, 383, 252, 66, 415, 7, 415, 185, 110, 7, 110, 14, 7, 83, 83, 449, 449, 83, 7, 14, 217, 154, 217, 212, 217, 14, 440, 7, 63, 67, 7, 7, 67, 396, 396, 67, 341, 396, 69, 7, 67, 67, 410, 7, 383, 349, 461, 415, 7, 7, 258, 396, 396, 349, 67, 67, 7, 385, 7, 396, 67, 19, 358, 349, 340, 86, 7, 255, 396, 415, 7, 67, 67, 7, 7, 56, 119, 255, 188, 358, 468, 410, 7, 440, 67, 7, 463, 29, 67, 7, 262, 415, 56, 56, 67, 307, 67, 7, 7, 307, 155, 258, 20, 67, 396, 396, 7, 241, 7, 89, 110, 410, 59, 463, 67, 110, 67, 110, 401, 89, 410, 450, 110, 110, 110, 7, 67, 66, 46, 258, 110, 14, 142, 46, 20, 67, 179, 480, 440, 214, 48, 7, 110, 7, 110, 44, 7, 349, 7, 420, 67, 7, 258, 203, 440, 110, 203, 89, 241, 67, 449, 449, 7, 68, 415, 410, 67, 7, 67, 89, 7, 7, 46, 248, 83, 7, 241, 83, 255, 463, 410, 310, 155, 410, 449, 410, 17, 410, 354, 83, 67, 164, 164, 410, 410, 138, 463, 83, 7, 69, 67, 449, 7, 213, 449, 449, 7, 449, 352, 328, 7, 449, 449, 449, 376, 449, 449, 449, 449, 217, 258, 164, 449, 341, 217, 164, 7, 217, 154, 341, 154, 217, 440, 154, 463, 266, 89, 164, 258, 203, 349, 67, 67, 164, 440, 7, 67, 307, 410, 67, 89, 20, 383, 241, 67, 440, 383, 67, 415, 383, 258, 118, 440, 383, 46, 89, 367, 188, 51, 9, 445, 7, 471, 141, 471, 258, 176, 377, 67, 7, 141, 141, 176, 67, 176, 67, 67, 67, 410, 468, 383, 20, 67, 146, 7, 440, 440, 276, 396, 20, 7, 415, 468, 155, 7, 7, 463, 481, 7, 400, 258, 7, 396, 410, 341, 198, 7, 180, 396, 7, 248, 260, 252, 250, 7, 7, 449, 241, 250, 67, 250, 7, 250, 66, 400, 125, 7, 217, 51, 141, 141, 29, 118, 250, 307, 241, 241, 349, 349, 255, 396, 155, 343, 343, 7, 7, 154, 154, 7, 154, 46, 46, 154, 400, 155, 471, 471, 7, 9, 9, 7, 7, 7, 252, 252, 349, 129, 129, 252, 252, 252, 252, 396, 252, 239, 258, 7, 215, 415, 415, 110, 110, 7, 66, 66, 7, 7, 66, 66, 66, 19, 7, 68, 68, 7, 151, 7, 19, 19, 415, 110, 68, 258, 120, 120, 7, 66, 240, 83, 123, 123, 7, 248, 248, 390, 390, 415, 449, 7, 18, 83, 53, 18, 83, 83, 18, 53, 66, 419, 306, 306, 306, 154, 154, 449, 449, 369, 369, 217, 376, 316, 449, 449, 217, 217, 21, 21, 460, 460, 4, 4, 0, 0, 217, 217, 241, 19, 19, 19, 19, 239, 57, 258, 258, 46, 109, 109, 46, 46, 179, 179, 7, 7, 7, 7, 7, 7, 258, 383, 383, 383, 383, 383, 165, 383, 383, 7, 7, 415, 141, 141, 19, 179, 19, 89, 89, 279, 279, 176, 176, 394, 394, 117, 117, 395, 395, 7, 193, 193, 1, 1, 176, 176, 351, 176, 9, 9, 141, 241, 429, 239, 276, 250, 103, 103, 103, 103, 103, 103, 103, 103, 190, 46, 46, 357, 103, 103, 158, 103, 226, 103, 103, 307, 226, 103, 103, 103, 463, 400, 400, 7, 197, 129, 129, 468, 468, 252, 252, 418, 164, 252, 252, 341, 7, 7, 7, 252, 450, 396, 400, 463, 464, 7, 7, 7, 29, 400, 7, 464, 468, 66, 66, 7, 66, 66, 7, 7, 252, 468, 7, 338, 89, 7, 7, 66, 334, 35, 66, 66, 400, 66, 7, 7, 66, 66, 66, 66, 7, 7, 66, 232, 15, 15, 66, 66, 66, 453, 120, 66, 66, 263, 7, 120, 120, 66, 203, 47, 54, 7, 7, 83, 83, 83, 7, 437, 83, 451, 154, 437, 83, 379, 306, 283, 83, 154, 306, 166, 154, 154, 83, 154, 83, 154, 154, 154, 83, 7, 154, 154, 217, 154, 217, 316, 7, 251, 217, 217, 217, 20, 22, 154, 154, 154, 4, 4, 4, 217, 4, 154, 4, 470, 23, 289, 154, 154, 470, 268, 265, 154, 74, 154, 7, 154, 177, 177, 216, 19, 203, 203, 203, 216, 109, 109, 19, 154, 154, 154, 154, 276, 276, 154, 7, 248, 7, 248, 89, 7, 258, 89, 415, 383, 383, 383, 217, 217, 7, 203, 282, 428, 7, 415, 351, 7, 7, 7, 7, 7, 255, 341, 341, 7, 7, 141, 457, 457, 155, 176, 141, 9, 176, 463, 456, 117, 468, 9, 394, 456, 7, 394, 394, 341, 9, 468, 468, 241, 286, 141, 141, 217, 7, 217, 141, 176, 295, 14, 365, 365, 365, 141, 349, 184, 252, 302, 155, 252, 349, 252, 7, 7, 7, 7, 7, 155, 89, 7, 334, 7, 334, 248, 248, 468, 7, 154, 83, 154, 155, 154, 440, 471, 403, 468, 403, 3, 250, 396, 349, 97, 468, 7, 188, 276, 440, 7, 164, 217, 141, 164, 217, 7, 7, 187, 108, 206, 230, 7, 259, 230, 346, 230, 230, 443, 187, 141, 3, 187, 3, 241, 3, 187, 3, 3, 383, 373, 373, 373, 3, 230, 455, 3, 230, 3, 3, 3, 3, 241, 3, 187, 230, 3, 3, 393, 373, 230, 3, 241, 241, 373, 230, 230, 373, 2, 300, 3, 7, 3, 308, 3, 187, 187, 7, 69, 230, 3, 3, 7, 146, 7, 187, 187, 3, 155, 146, 230, 3, 219, 3, 146, 75, 373, 7, 3, 3, 3, 3, 7, 7, 3, 3, 3, 187, 307, 349, 3, 3, 3, 3, 3, 3, 230, 3, 3, 3, 3, 140, 3, 3, 3, 3, 3, 326, 7, 38, 140, 94, 3, 16, 229, 7, 115, 89, 284, 3, 187, 129, 281, 301, 455, 230, 3, 102, 3, 3, 276, 222, 321, 3, 230, 230, 230, 3, 230, 3, 7, 3, 399, 187, 373, 7, 29, 230, 230, 187, 3, 3, 61, 187, 187, 187, 341, 7, 3, 3, 230, 3, 3, 29, 7, 3, 3, 317, 187, 230, 3, 3, 3, 3, 3, 187, 187, 3, 439, 3, 258, 7, 373, 7, 3, 19, 230, 140, 3, 3, 158, 3, 78, 187, 187, 7, 54, 230, 230, 3, 3, 187, 230, 230, 230, 441, 477, 230, 12, 187, 3, 187, 400, 230, 192, 373, 307, 3, 187, 108, 3, 7, 3, 3, 206, 187, 414, 439, 3, 230, 140, 307, 187, 230, 140, 3, 3, 3, 20, 334, 439, 265, 187, 38, 230, 3, 187, 3, 178, 187, 475, 161, 373, 3, 373, 187, 3, 7, 3, 230, 248, 187, 187, 3, 3, 230, 230, 3, 38, 7, 3, 259, 34, 3, 187, 415, 83, 230, 3, 433, 373, 415, 3, 313, 83, 3, 230, 143, 3, 230, 164, 314, 468, 3, 187, 187, 187, 314, 3, 40, 3, 230, 7, 187, 341, 155, 3, 3, 230, 3, 137, 230, 230, 346, 230, 300, 230, 187, 89, 314, 187, 188, 334, 373, 3, 187, 230, 3, 383, 230, 230, 3, 230, 309, 383, 482, 246, 3, 3, 187, 95, 187, 230, 187, 3, 349, 187, 296, 7, 238, 100, 3, 3, 3, 230, 230, 230, 405, 187, 388, 187, 230, 3, 230, 155, 187, 230, 230, 20, 131, 278, 187, 314, 433, 409, 187, 146, 187, 187, 187, 230, 187, 3, 187, 9, 433, 141, 433, 141, 313, 230, 187, 3, 3, 3, 7, 187, 141, 187, 3, 3, 187, 7, 314, 187, 3, 443, 307, 140, 373, 285, 187, 187, 187, 187, 3, 3, 187, 3, 349, 175, 440, 118, 255, 440, 7, 440, 440, 440, 440, 155, 20, 440, 7, 396, 69, 440, 349, 46, 440, 366, 468, 396, 440, 440, 9, 250, 20, 20, 20, 7, 7, 183, 7, 141, 315, 167, 211, 141, 471, 24, 9, 72, 9, 46, 400, 7, 7, 7, 282, 216, 7, 341, 217, 383, 383, 176, 248, 155, 396, 7, 50, 465, 7, 7, 416, 55, 66, 176, 46, 7, 52, 66, 155, 217, 423, 369, 89, 6, 83, 415, 239, 7, 473, 7, 46, 7, 299, 147, 361, 7, 7, 4, 276, 154, 66, 46, 7, 252, 68, 111, 26, 155, 334, 336, 252, 7, 189, 341, 7, 173, 349, 99, 241, 383, 66, 46, 130, 176, 239, 11, 129, 7, 154, 7, 32, 7, 7, 174, 474, 7, 7, 16, 463, 7, 239, 46, 440, 7, 66, 7, 400, 155, 449, 134, 176, 7, 248, 7, 168, 252, 7, 65, 176, 248, 163, 306, 7, 7, 276, 118, 307, 396, 7, 360, 276, 280, 347, 258, 118, 19, 408, 51, 7, 334, 463, 7, 258, 458, 155, 7, 7, 7, 383, 415, 383, 16, 7, 160, 241, 239, 241, 7, 7, 315, 318, 474, 458, 72, 154, 141, 7, 176, 24, 176, 176, 383, 167, 174, 7, 89, 46, 383, 7, 383, 7, 282, 19, 7, 50, 155, 216, 416, 408, 415, 265, 400, 217, 26, 363, 328, 400, 241, 475, 248, 318, 4, 154, 7, 6, 237, 133, 318, 20, 217, 217, 465, 369, 118, 318, 155, 318, 20, 306, 189, 147, 83, 7, 248, 168, 7, 341, 318, 26, 463, 361, 7, 155, 463, 156, 241, 318, 171, 118, 241, 7, 383, 248, 20, 297, 118, 449, 20, 155, 440, 118, 46, 68, 170, 203, 46, 229, 160, 29, 334, 52, 157, 7, 400, 99, 46, 46, 46, 471, 7, 7, 89, 334, 7, 46, 7, 7, 7, 66, 349, 276, 80, 66, 7, 7, 276, 7, 19, 7, 7, 318, 49, 265, 276, 7, 99, 269, 7, 118, 66, 252, 280, 276, 252, 341, 7, 7, 7, 7, 66, 66, 66, 7, 99, 463, 7, 99, 7, 181, 255, 99, 383, 188, 7, 440, 276, 400, 359, 383, 134, 463, 473, 276, 442, 463, 299, 410, 7, 248, 7, 64, 145, 20, 239, 16, 7, 387, 436, 239, 239, 322, 7, 248, 239, 7, 360, 415, 396, 239, 7, 255, 255, 258, 29, 341, 276, 7, 396, 173, 440, 7, 155, 32, 130, 258, 7, 20, 241, 252, 396, 423, 7, 349, 383, 241, 7, 7, 415, 276, 258, 7, 227, 248, 302, 111, 307, 129, 163, 7, 258, 276, 162, 7, 49, 248, 265, 157, 415, 99, 383, 239, 154, 20, 116, 