{"Run": 2, "K": 534, "WCSSD": 2061.1121600560055, "Purity": 0.4405518446786727, "Time": 30.928301095962524, "Kmeans_Labels": [337, 3, 364, 283, 3, 3, 389, 466, 406, 3, 3, 3, 162, 162, 229, 3, 3, 173, 3, 30, 3, 3, 472, 162, 76, 173, 3, 173, 30, 3, 76, 3, 30, 173, 221, 3, 162, 162, 162, 162, 3, 76, 425, 115, 162, 3, 76, 522, 3, 3, 3, 434, 434, 3, 40, 26, 3, 173, 283, 517, 3, 173, 3, 310, 26, 87, 162, 3, 162, 26, 76, 3, 3, 3, 237, 3, 322, 3, 74, 450, 3, 21, 363, 173, 89, 3, 407, 3, 3, 3, 3, 221, 430, 396, 3, 389, 3, 3, 89, 494, 89, 237, 398, 351, 241, 389, 67, 351, 155, 65, 82, 82, 82, 162, 322, 237, 434, 3, 254, 378, 168, 168, 378, 283, 283, 378, 168, 283, 165, 373, 378, 369, 495, 168, 168, 30, 168, 168, 168, 168, 36, 283, 283, 30, 11, 378, 3, 168, 3, 283, 378, 489, 407, 30, 360, 378, 3, 252, 283, 168, 168, 378, 372, 168, 389, 270, 407, 148, 149, 407, 74, 1, 3, 434, 378, 475, 328, 193, 378, 3, 168, 168, 270, 270, 378, 248, 378, 3, 3, 248, 3, 36, 21, 216, 168, 283, 168, 326, 168, 510, 89, 3, 74, 328, 378, 89, 378, 89, 3, 363, 3, 168, 89, 519, 89, 378, 378, 363, 390, 34, 89, 237, 3, 53, 148, 378, 168, 363, 434, 378, 168, 297, 89, 3, 105, 3, 363, 30, 109, 168, 378, 3, 36, 363, 434, 89, 168, 363, 326, 378, 363, 370, 3, 209, 165, 356, 378, 168, 378, 363, 211, 363, 53, 504, 351, 3, 326, 351, 3, 363, 3, 389, 533, 168, 175, 504, 168, 168, 378, 351, 378, 322, 27, 168, 389, 389, 317, 38, 389, 165, 378, 389, 3, 82, 189, 389, 189, 389, 207, 30, 3, 389, 3, 189, 189, 389, 389, 389, 389, 82, 36, 322, 189, 189, 363, 322, 21, 82, 82, 30, 82, 82, 434, 82, 328, 168, 371, 322, 36, 322, 30, 378, 378, 337, 434, 337, 378, 322, 173, 378, 168, 168, 511, 326, 378, 168, 168, 378, 168, 168, 93, 168, 434, 3, 127, 363, 504, 321, 238, 56, 352, 3, 168, 352, 82, 36, 181, 352, 418, 168, 352, 352, 90, 473, 478, 473, 378, 378, 168, 74, 168, 165, 378, 308, 3, 434, 434, 173, 283, 21, 266, 168, 272, 533, 425, 76, 328, 49, 472, 115, 36, 168, 283, 168, 447, 36, 3, 283, 283, 3, 504, 3, 26, 407, 221, 152, 189, 468, 407, 20, 3, 283, 3, 3, 325, 351, 3, 3, 442, 352, 352, 425, 3, 407, 3, 472, 472, 190, 190, 148, 283, 3, 256, 256, 363, 363, 82, 82, 3, 82, 3, 3, 82, 115, 30, 291, 291, 221, 56, 56, 3, 3, 3, 24, 24, 3, 26, 26, 283, 26, 26, 26, 283, 4, 49, 36, 3, 363, 379, 379, 89, 89, 202, 130, 130, 507, 507, 158, 158, 158, 489, 159, 528, 528, 3, 19, 3, 489, 489, 3, 89, 209, 36, 363, 363, 3, 158, 158, 351, 37, 37, 3, 504, 504, 221, 221, 3, 3, 3, 184, 138, 147, 184, 435, 435, 184, 147, 3, 3, 82, 82, 389, 155, 155, 189, 189, 402, 402, 363, 189, 82, 189, 189, 363, 363, 5, 5, 357, 357, 385, 385, 351, 351, 82, 82, 203, 417, 417, 459, 459, 49, 3, 36, 36, 53, 3, 3, 3, 3, 3, 3, 3, 3, 3, 3, 3, 3, 36, 3, 3, 3, 93, 93, 3, 221, 3, 3, 3, 467, 352, 352, 14, 221, 14, 302, 302, 181, 181, 181, 181, 414, 414, 112, 112, 56, 56, 218, 352, 352, 181, 181, 112, 112, 97, 97, 352, 352, 352, 405, 3, 222, 201, 407, 64, 64, 64, 64, 64, 64, 64, 64, 416, 64, 363, 64, 64, 64, 162, 64, 64, 64, 285, 221, 64, 527, 64, 64, 328, 3, 115, 119, 56, 399, 399, 74, 74, 453, 453, 165, 322, 182, 182, 165, 3, 3, 3, 4, 168, 342, 134, 328, 283, 179, 3, 3, 425, 134, 3, 333, 74, 268, 268, 3, 268, 268, 3, 3, 462, 122, 3, 26, 148, 202, 202, 158, 98, 22, 158, 158, 115, 158, 186, 21, 158, 158, 363, 340, 3, 186, 158, 409, 3, 3, 158, 245, 158, 3, 363, 158, 340, 156, 3, 363, 363, 158, 351, 158, 350, 447, 3, 351, 36, 351, 3, 393, 351, 221, 82, 393, 351, 3, 357, 82, 292, 82, 82, 82, 82, 82, 3, 155, 322, 82, 82, 155, 351, 3, 82, 351, 322, 82, 322, 82, 3, 489, 82, 82, 82, 3, 3, 82, 82, 82, 357, 385, 385, 82, 357, 82, 357, 357, 357, 82, 82, 82, 357, 373, 3, 82, 3, 82, 3, 82, 188, 188, 525, 489, 525, 525, 525, 525, 3, 3, 489, 161, 161, 82, 506, 30, 30, 506, 161, 117, 21, 117, 231, 447, 200, 205, 3, 3, 3, 3, 82, 82, 3, 3, 447, 36, 3, 359, 148, 3, 3, 434, 3, 3, 447, 210, 210, 3, 3, 352, 352, 352, 3, 181, 352, 352, 181, 277, 352, 112, 74, 274, 414, 352, 3, 414, 414, 139, 274, 157, 157, 3, 352, 352, 352, 3, 3, 3, 352, 112, 148, 237, 357, 357, 357, 177, 30, 3, 26, 3, 290, 26, 30, 26, 3, 318, 3, 3, 3, 3, 148, 148, 520, 3, 98, 504, 504, 74, 3, 82, 189, 82, 447, 82, 3, 447, 74, 74, 74, 458, 33, 283, 3, 3, 74, 3, 149, 173, 434, 3, 192, 82, 352, 192, 82, 3, 3, 116, 3, 116, 375, 303, 351, 375, 115, 455, 83, 116, 116, 352, 458, 349, 458, 109, 458, 75, 458, 458, 85, 75, 75, 280, 458, 455, 303, 458, 455, 458, 458, 397, 108, 83, 458, 116, 455, 458, 153, 75, 75, 509, 377, 83, 83, 75, 455, 455, 129, 458, 136, 280, 3, 458, 12, 458, 116, 116, 3, 165, 455, 99, 458, 21, 46, 3, 116, 458, 458, 290, 328, 455, 458, 455, 12, 46, 458, 75, 3, 458, 458, 458, 458, 3, 3, 458, 458, 458, 116, 434, 141, 76, 458, 458, 75, 113, 12, 455, 458, 458, 367, 458, 386, 458, 458, 12, 458, 343, 116, 3, 21, 386, 458, 458, 87, 365, 3, 193, 392, 116, 458, 116, 465, 455, 458, 303, 455, 458, 458, 75, 441, 173, 294, 532, 531, 455, 480, 198, 458, 455, 458, 447, 458, 75, 116, 458, 3, 425, 455, 455, 458, 483, 260, 458, 116, 116, 12, 434, 447, 458, 458, 455, 458, 458, 193, 3, 458, 458, 49, 116, 58, 458, 260, 458, 75, 131, 116, 116, 458, 375, 458, 36, 76, 75, 3, 75, 458, 375, 386, 458, 458, 76, 458, 148, 116, 116, 148, 350, 455, 375, 458, 458, 116, 253, 375, 455, 458, 3, 455, 72, 116, 458, 116, 447, 375, 224, 129, 248, 17, 116, 3, 458, 3, 75, 75, 116, 116, 21, 375, 458, 383, 386, 434, 116, 375, 83, 458, 12, 458, 21, 98, 375, 472, 116, 21, 375, 458, 349, 458, 116, 116, 324, 85, 75, 61, 75, 116, 75, 303, 381, 455, 504, 116, 116, 458, 458, 455, 375, 458, 3, 490, 458, 455, 116, 458, 116, 3, 351, 455, 12, 455, 75, 3, 458, 21, 351, 458, 455, 116, 458, 455, 322, 236, 329, 458, 116, 116, 75, 338, 458, 455, 458, 375, 3, 458, 221, 290, 458, 458, 455, 458, 455, 375, 455, 115, 455, 136, 455, 116, 3, 338, 116, 149, 98, 280, 458, 116, 455, 458, 434, 444, 375, 458, 375, 116, 21, 458, 455, 458, 458, 458, 458, 116, 455, 458, 75, 12, 116, 455, 68, 30, 30, 458, 12, 458, 366, 455, 455, 116, 116, 136, 140, 455, 75, 455, 290, 10, 83, 455, 3, 458, 106, 458, 338, 455, 458, 116, 95, 116, 458, 140, 455, 116, 458, 116, 56, 455, 352, 455, 352, 21, 455, 12, 75, 458, 458, 3, 116, 352, 116, 458, 75, 116, 3, 338, 458, 458, 116, 21, 386, 75, 78, 458, 415, 349, 116, 458, 458, 116, 458, 30, 472, 434, 21, 148, 434, 3, 434, 434, 434, 434, 434, 21, 434, 3, 284, 165, 434, 30, 390, 434, 3, 74, 284, 434, 434, 56, 76, 148, 148, 148, 3, 3, 447, 3, 352, 41, 352, 447, 352, 21, 352, 56, 112, 166, 221, 115, 32, 363, 3, 447, 525, 484, 189, 281, 3, 316, 181, 3, 281, 283, 428, 322, 3, 413, 341, 42, 3, 158, 181, 363, 3, 351, 363, 516, 82, 504, 402, 148, 460, 189, 21, 49, 3, 334, 3, 53, 265, 36, 351, 54, 221, 3, 385, 173, 82, 268, 363, 3, 379, 209, 283, 115, 103, 520, 142, 462, 3, 351, 169, 3, 43, 30, 346, 3, 514, 363, 363, 3, 181, 49, 515, 425, 3, 82, 3, 3, 3, 25, 148, 56, 345, 3, 87, 328, 3, 244, 3, 21, 3, 158, 3, 115, 3, 530, 419, 181, 3, 504, 3, 472, 26, 3, 410, 181, 504, 322, 82, 30, 354, 173, 35, 3, 283, 221, 3, 493, 36, 447, 36, 447, 489, 322, 8, 3, 319, 104, 32, 36, 3, 215, 254, 3, 168, 3, 165, 21, 87, 412, 80, 221, 49, 445, 3, 3, 41, 472, 56, 3, 112, 81, 352, 254, 181, 352, 181, 181, 316, 352, 148, 111, 148, 221, 3, 168, 3, 3, 447, 287, 3, 322, 516, 525, 42, 322, 165, 472, 115, 82, 115, 39, 472, 115, 472, 324, 504, 472, 385, 82, 3, 460, 42, 281, 472, 165, 281, 82, 3, 402, 21, 472, 103, 472, 206, 82, 351, 351, 189, 413, 114, 472, 3, 189, 472, 115, 328, 54, 221, 434, 328, 389, 51, 472, 361, 472, 3, 111, 472, 3, 165, 504, 3, 530, 21, 3, 434, 35, 363, 209, 3, 3, 3, 173, 80, 193, 319, 351, 21, 3, 115, 346, 3, 53, 363, 148, 363, 3, 150, 520, 3, 363, 3, 3, 265, 158, 30, 173, 145, 158, 3, 3, 173, 3, 489, 3, 341, 472, 363, 472, 173, 412, 19, 3, 3, 447, 158, 462, 36, 368, 379, 165, 3, 3, 3, 3, 268, 363, 363, 25, 19, 104, 354, 19, 354, 19, 123, 19, 21, 149, 3, 434, 173, 3, 87, 3, 419, 328, 334, 173, 87, 304, 36, 74, 3, 504, 49, 49, 50, 3, 49, 87, 3, 173, 43, 49, 49, 327, 30, 504, 244, 32, 3, 305, 283, 49, 278, 148, 148, 36, 457, 169, 173, 221, 283, 43, 434, 221, 281, 3,