{"Run": 5, "K": 511, "WCSSD": 2082.1425162676865, "Purity": 0.5239049527626682, "Time": 29.35640597343445, "Kmeans_Labels": [484, 168, 8, 304, 8, 8, 168, 461, 168, 84, 8, 62, 39, 39, 478, 8, 8, 170, 243, 243, 8, 8, 252, 39, 293, 170, 369, 303, 247, 122, 39, 243, 247, 170, 243, 129, 39, 39, 39, 39, 243, 150, 46, 427, 39, 8, 498, 215, 478, 6, 129, 429, 429, 384, 266, 53, 8, 168, 304, 304, 8, 170, 8, 180, 53, 130, 39, 168, 281, 276, 170, 478, 122, 236, 226, 129, 8, 8, 8, 8, 376, 90, 174, 170, 461, 8, 68, 12, 8, 508, 243, 243, 53, 8, 478, 377, 478, 8, 461, 8, 461, 327, 8, 382, 391, 150, 150, 176, 122, 226, 342, 122, 299, 39, 266, 226, 429, 231, 8, 257, 8, 129, 257, 304, 8, 257, 102, 304, 376, 440, 257, 257, 75, 129, 8, 8, 455, 8, 8, 8, 366, 304, 304, 8, 257, 257, 243, 8, 8, 304, 257, 242, 68, 102, 8, 257, 8, 8, 304, 478, 8, 257, 257, 319, 8, 184, 383, 286, 60, 68, 8, 75, 8, 429, 257, 8, 180, 224, 257, 8, 129, 76, 213, 300, 257, 8, 257, 129, 8, 462, 8, 303, 129, 257, 8, 8, 8, 40, 8, 233, 461, 75, 75, 180, 257, 461, 257, 461, 68, 8, 75, 318, 409, 461, 14, 257, 257, 233, 282, 266, 461, 226, 440, 109, 343, 257, 8, 233, 429, 75, 8, 8, 461, 8, 461, 243, 233, 100, 8, 8, 203, 8, 303, 461, 429, 461, 215, 447, 40, 257, 156, 233, 8, 87, 129, 75, 257, 8, 257, 233, 8, 8, 406, 8, 391, 478, 40, 477, 62, 233, 75, 150, 245, 199, 150, 75, 179, 75, 449, 391, 257, 266, 423, 8, 150, 150, 482, 350, 150, 376, 257, 150, 8, 150, 176, 150, 176, 314, 8, 440, 8, 150, 8, 176, 176, 150, 150, 150, 215, 299, 303, 266, 176, 216, 233, 266, 179, 265, 150, 129, 299, 299, 429, 299, 180, 8, 215, 266, 303, 215, 8, 257, 257, 484, 429, 215, 257, 266, 75, 432, 8, 8, 65, 40, 257, 72, 177, 277, 478, 8, 65, 179, 429, 65, 8, 139, 8, 472, 30, 126, 37, 8, 376, 126, 299, 303, 48, 495, 257, 8, 37, 37, 48, 257, 48, 257, 257, 157, 75, 8, 8, 429, 257, 129, 8, 429, 429, 170, 304, 215, 243, 478, 75, 18, 46, 8, 180, 182, 290, 100, 303, 440, 304, 75, 129, 303, 8, 8, 304, 8, 497, 123, 53, 68, 168, 243, 176, 40, 68, 257, 68, 8, 68, 8, 100, 391, 8, 215, 30, 37, 37, 46, 179, 68, 8, 376, 376, 179, 179, 8, 304, 8, 242, 242, 233, 233, 299, 299, 8, 299, 8, 8, 299, 100, 8, 37, 37, 204, 126, 126, 8, 8, 8, 145, 145, 8, 509, 509, 304, 53, 53, 53, 304, 53, 182, 303, 381, 122, 397, 397, 461, 461, 8, 8, 8, 8, 8, 6, 6, 35, 242, 8, 87, 87, 26, 27, 8, 248, 248, 8, 461, 87, 206, 233, 233, 8, 84, 240, 391, 8, 8, 8, 8, 8, 8, 8, 8, 8, 199, 396, 391, 440, 396, 391, 391, 396, 440, 222, 8, 81, 81, 150, 485, 485, 176, 176, 122, 122, 233, 8, 299, 176, 176, 233, 233, 24, 24, 501, 501, 86, 86, 8, 8, 299, 299, 215, 264, 264, 264, 264, 182, 8, 303, 303, 406, 136, 136, 134, 134, 134, 134, 398, 398, 440, 215, 41, 41, 303, 65, 65, 65, 65, 65, 243, 8, 65, 41, 41, 376, 367, 367, 242, 243, 242, 436, 436, 48, 48, 160, 160, 337, 337, 126, 126, 126, 126, 8, 37, 37, 48, 48, 48, 48, 54, 48, 292, 292, 37, 497, 346, 182, 8, 68, 25, 25, 25, 25, 25, 25, 333, 25, 25, 406, 233, 25, 25, 25, 39, 25, 25, 25, 25, 429, 270, 25, 25, 25, 180, 100, 285, 8, 126, 339, 339, 51, 51, 494, 494, 129, 266, 53, 53, 429, 8, 8, 8, 53, 318, 304, 100, 373, 304, 8, 434, 8, 393, 100, 6, 111, 168, 124, 124, 8, 365, 365, 8, 8, 397, 249, 243, 53, 8, 8, 8, 6, 187, 6, 6, 6, 142, 233, 215, 50, 35, 6, 84, 6, 6, 215, 84, 6, 6, 8, 353, 8, 353, 8, 233, 6, 6, 154, 6, 233, 233, 178, 215, 100, 459, 8, 8, 92, 303, 391, 8, 176, 310, 8, 299, 391, 433, 433, 196, 299, 391, 82, 11, 11, 82, 81, 122, 122, 266, 299, 448, 448, 122, 62, 299, 122, 364, 299, 122, 299, 8, 242, 299, 299, 299, 429, 8, 299, 299, 299, 299, 315, 86, 315, 86, 299, 501, 81, 299, 299, 298, 299, 215, 280, 6, 299, 143, 299, 8, 147, 280, 280, 215, 242, 215, 215, 215, 215, 136, 136, 242, 398, 398, 299, 299, 170, 170, 299, 398, 8, 497, 8, 41, 215, 497, 41, 8, 215, 215, 215, 215, 215, 41, 298, 215, 189, 215, 376, 250, 8, 8, 129, 215, 215, 215, 129, 129, 129, 129, 37, 37, 37, 8, 160, 126, 126, 48, 211, 37, 126, 8, 474, 337, 37, 129, 131, 131, 8, 474, 8, 8, 215, 475, 37, 475, 431, 8, 164, 325, 48, 486, 226, 62, 62, 62, 37, 95, 8, 53, 6, 505, 410, 53, 488, 440, 243, 8, 8, 6, 243, 8, 243, 195, 66, 97, 254, 386, 6, 8, 8, 176, 299, 151, 299, 129, 506, 8, 478, 8, 210, 68, 304, 8, 129, 129, 129, 60, 170, 429, 8, 484, 21, 335, 484, 21, 308, 8, 93, 1, 473, 230, 79, 391, 238, 137, 73, 404, 473, 473, 37, 210, 144, 113, 62, 210, 210, 210, 70, 3, 210, 210, 70, 210, 334, 429, 210, 238, 210, 210, 210, 487, 404, 210, 473, 238, 210, 210, 309, 210, 238, 13, 404, 404, 210, 238, 17, 210, 70, 238, 70, 8, 70, 70, 210, 473, 312, 308, 376, 238, 59, 210, 179, 129, 125, 473, 70, 210, 129, 180, 238, 210, 238, 210, 129, 70, 210, 8, 70, 210, 210, 210, 45, 8, 210, 210, 70, 473, 394, 419, 293, 210, 210, 210, 70, 59, 238, 70, 70, 70, 210, 16, 258, 210, 456, 210, 70, 473, 168, 43, 16, 210, 210, 130, 223, 8, 106, 8, 473, 70, 330, 46, 238, 70, 79, 354, 70, 210, 210, 210, 170, 473, 182, 210, 320, 238, 238, 210, 238, 80, 129, 210, 210, 473, 210, 288, 46, 238, 238, 70, 55, 70, 210, 473, 473, 473, 129, 8, 193, 70, 238, 34, 210, 106, 8, 210, 210, 182, 473, 238, 70, 70, 210, 210, 210, 473, 473, 210, 238, 210, 303, 8, 210, 70, 210, 70, 238, 70, 70, 465, 293, 210, 8, 463, 159, 8, 459, 238, 238, 114, 210, 93, 238, 238, 238, 210, 8, 238, 49, 93, 210, 269, 223, 238, 210, 210, 462, 70, 473, 1, 210, 8, 210, 210, 473, 473, 243, 238, 70, 481, 16, 376, 473, 230, 487, 210, 210, 113, 129, 187, 238, 104, 473, 43, 238, 210, 61, 489, 473, 473, 386, 19, 210, 210, 210, 34, 210, 79, 70, 238, 8, 473, 473, 210, 210, 238, 238, 209, 43, 348, 210, 238, 93, 210, 473, 8, 450, 238, 55, 238, 210, 478, 210, 179, 70, 191, 496, 473, 210, 238, 266, 238, 340, 210, 473, 473, 225, 62, 388, 238, 210, 238, 8, 70, 497, 505, 210, 210, 238, 210, 238, 238, 238, 137, 238, 238, 238, 473, 243, 70, 473, 60, 187, 210, 210, 473, 73, 70, 429, 238, 238, 210, 238, 473, 8, 70, 9, 210, 210, 70, 210, 473, 238, 473, 210, 456, 473, 238, 8, 247, 60, 210, 70, 210, 238, 238, 238, 473, 473, 238, 70, 238, 210, 238, 505, 473, 404, 238, 441, 70, 473, 473, 70, 238, 210, 34, 130, 473, 70, 335, 93, 473, 210, 473, 126, 238, 37, 238, 70, 179, 238, 473, 210, 70, 210, 179, 473, 475, 473, 70, 210, 473, 241, 70, 232, 70, 473, 429, 497, 210, 473, 210, 473, 144, 34, 113, 70, 473, 210, 247, 127, 429, 123, 286, 429, 376, 429, 429, 429, 429, 179, 129, 429, 8, 304, 376, 429, 8, 282, 429, 376, 179, 304, 429, 429, 126, 68, 343, 343, 343, 8, 215, 129, 31, 37, 63, 37, 443, 37, 179, 379, 96, 48, 126, 243, 100, 168, 8, 8, 215, 215, 62, 176, 172, 65, 243, 171, 166, 506, 304, 440, 165, 215, 150, 8, 8, 128, 35, 48, 233, 8, 391, 174, 215, 299, 304, 122, 243, 68, 176, 429, 182, 8, 243, 243, 429, 164, 303, 391, 233, 243, 194, 263, 170, 299, 491, 228, 8, 36, 221, 304, 100, 506, 195, 267, 392, 8, 391, 243, 412, 168, 170, 27, 179, 215, 174, 406, 8, 48, 182, 58, 509, 8, 214, 8, 87, 8, 179, 8, 126, 6, 6, 130, 180, 8, 466, 62, 179, 201, 8, 8, 100, 8, 220, 28, 48, 8, 8, 8, 8, 371, 91, 376, 160, 8, 266, 81, 506, 8, 170, 440, 8, 304, 243, 47, 246, 303, 207, 303, 8, 242, 266, 30, 179, 187, 180, 168, 303, 420, 8, 243, 243, 8, 243, 429, 179, 130, 8, 323, 328, 182, 506, 129, 129, 63, 135, 126, 420, 48, 299, 37, 243, 48, 379, 171, 160, 243, 37, 8, 243, 243, 243, 8, 8, 65, 8, 215, 242, 8, 165, 215, 215, 8, 266, 429, 104, 100, 299, 100, 299, 506, 100, 506, 386, 8, 135, 263, 299, 8, 68, 8, 8, 135, 497, 172, 299, 215, 122, 179, 135, 506, 135, 179, 81, 391, 391, 176, 150, 8, 8, 8, 176, 135, 100, 15, 233, 497, 440, 180, 150, 129, 135, 129, 62, 179, 243, 179, 166, 497, 8, 8, 220, 62, 8, 429, 440, 406, 221, 8, 133, 62, 223, 323, 106, 187, 391, 179, 129, 100, 27, 62, 429, 233, 8, 8, 243, 243, 195, 179, 228, 179, 243, 164, 35, 170, 170, 62, 6, 194, 198, 170, 6, 242, 355, 8, 135, 297, 104, 170, 8, 138, 8, 8, 8, 8, 392, 303, 170, 36, 8, 6, 8, 8, 412, 491, 174, 174, 179, 27, 180, 8, 27, 8, 27, 8, 27, 179, 60, 8, 429, 170, 506, 42, 243, 28, 180, 243, 234, 129, 180, 303, 75, 8, 304, 182, 182, 197, 497, 182, 130, 201, 170, 429, 182, 182, 2, 506, 8, 466, 168, 47, 243, 279, 182, 506, 286, 497,