{"Run": 8, "K": 511, "WCSSD": 2090.9777988235223, "Purity": 0.4307790335819473, "Time": 28.999823093414307, "Kmeans_Labels": [332, 390, 315, 101, 1, 1, 390, 97, 390, 1, 1, 170, 366, 62, 42, 1, 1, 427, 334, 183, 1, 1, 1, 62, 437, 427, 1, 427, 136, 228, 34, 16, 136, 427, 191, 1, 62, 62, 170, 62, 418, 341, 368, 41, 62, 1, 341, 340, 454, 345, 1, 479, 479, 9, 332, 256, 9, 390, 101, 101, 1, 427, 1, 63, 256, 390, 62, 390, 120, 256, 341, 1, 1, 52, 465, 1, 332, 1, 372, 1, 345, 1, 469, 249, 97, 1, 52, 45, 1, 185, 1, 42, 202, 202, 345, 194, 249, 432, 97, 1, 97, 465, 1, 105, 314, 40, 457, 314, 1, 465, 220, 220, 220, 62, 332, 465, 467, 1, 1, 263, 1, 1, 263, 101, 101, 461, 1, 101, 447, 1, 263, 263, 203, 1, 42, 136, 1, 388, 1, 1, 282, 101, 101, 136, 263, 263, 1, 1, 318, 101, 263, 445, 71, 136, 1, 263, 1, 340, 101, 454, 1, 263, 263, 1, 1, 263, 52, 42, 26, 71, 372, 1, 1, 479, 263, 1, 63, 127, 263, 1, 1, 16, 345, 345, 263, 242, 263, 9, 1, 242, 1, 394, 222, 441, 101, 101, 1, 16, 28, 265, 97, 1, 372, 53, 263, 97, 263, 97, 52, 242, 1, 345, 97, 97, 97, 263, 263, 1, 170, 375, 97, 465, 1, 170, 14, 263, 1, 170, 479, 263, 1, 1, 97, 1, 97, 1, 1, 136, 1, 1, 263, 143, 282, 309, 479, 97, 309, 1, 16, 263, 1, 170, 1, 482, 479, 17, 263, 1, 263, 1, 1, 1, 170, 101, 314, 1, 16, 314, 1, 265, 1, 282, 18, 222, 301, 165, 479, 165, 263, 314, 263, 332, 332, 1, 1, 457, 63, 314, 262, 38, 263, 151, 149, 220, 304, 457, 1, 457, 1, 340, 1, 457, 1, 222, 170, 220, 457, 457, 1, 220, 282, 332, 399, 1, 1, 332, 151, 220, 473, 288, 220, 220, 479, 220, 63, 170, 1, 332, 282, 309, 136, 263, 263, 332, 479, 1, 263, 332, 427, 263, 1, 222, 282, 16, 263, 1, 9, 263, 9, 72, 282, 246, 479, 1, 242, 1, 151, 26, 276, 218, 361, 1, 1, 218, 231, 282, 115, 361, 263, 1, 361, 361, 361, 263, 1, 263, 263, 311, 1, 372, 1, 242, 263, 372, 1, 479, 479, 427, 101, 242, 1, 454, 372, 18, 240, 341, 63, 294, 1, 41, 282, 1, 101, 418, 9, 282, 1, 9, 101, 1, 151, 1, 256, 52, 35, 1, 65, 16, 52, 263, 52, 124, 52, 403, 41, 314, 397, 1, 276, 218, 361, 240, 151, 52, 1, 479, 479, 136, 136, 1, 101, 129, 456, 456, 1, 1, 220, 220, 1, 220, 170, 170, 220, 41, 1, 197, 197, 222, 218, 218, 419, 419, 488, 256, 256, 136, 468, 468, 101, 184, 184, 256, 101, 256, 1, 282, 1, 1, 108, 108, 466, 466, 213, 202, 202, 1, 1, 373, 373, 214, 307, 1, 1, 1, 9, 7, 1, 321, 321, 1, 97, 482, 370, 495, 495, 89, 109, 202, 314, 33, 33, 1, 22, 22, 1, 1, 222, 144, 222, 101, 314, 340, 314, 314, 314, 314, 340, 1, 101, 5, 5, 5, 220, 220, 1, 1, 220, 220, 220, 170, 261, 287, 287, 220, 220, 1, 1, 220, 220, 187, 187, 309, 309, 220, 220, 151, 24, 24, 24, 24, 294, 151, 508, 508, 170, 1, 1, 170, 170, 1, 1, 1, 1, 1, 1, 1, 1, 282, 9, 9, 9, 9, 9, 242, 9, 9, 355, 355, 206, 218, 218, 496, 487, 496, 451, 451, 36, 36, 36, 36, 9, 9, 36, 36, 393, 393, 1, 361, 361, 244, 244, 36, 36, 361, 443, 224, 224, 36, 151, 1, 345, 1, 52, 416, 225, 225, 310, 396, 225, 225, 396, 225, 170, 170, 396, 396, 225, 62, 225, 225, 225, 225, 16, 365, 225, 225, 254, 63, 1, 41, 1, 218, 468, 468, 372, 372, 256, 256, 479, 221, 474, 474, 150, 1, 1, 1, 256, 345, 101, 41, 63, 101, 339, 340, 1, 240, 41, 345, 101, 162, 70, 70, 42, 431, 431, 1, 102, 108, 372, 1, 202, 1, 213, 213, 202, 45, 202, 202, 202, 41, 202, 240, 1, 214, 202, 202, 202, 345, 240, 202, 202, 345, 1, 202, 202, 202, 1, 495, 202, 202, 470, 345, 495, 495, 503, 309, 139, 208, 1, 1, 314, 282, 314, 151, 314, 314, 151, 220, 314, 314, 1, 5, 220, 314, 220, 5, 5, 220, 5, 1, 220, 332, 220, 220, 220, 314, 1, 220, 314, 332, 220, 332, 220, 1, 153, 220, 73, 220, 242, 242, 220, 220, 220, 220, 187, 187, 220, 187, 220, 222, 85, 220, 220, 220, 434, 85, 448, 345, 220, 182, 220, 1, 353, 220, 220, 309, 153, 309, 309, 309, 309, 1, 1, 153, 220, 220, 220, 220, 427, 427, 220, 261, 151, 77, 151, 355, 340, 282, 1, 302, 9, 1, 1, 332, 332, 355, 309, 93, 137, 132, 206, 67, 1, 1, 9, 1, 1, 340, 116, 116, 9, 9, 361, 361, 361, 1, 505, 361, 361, 36, 63, 107, 36, 372, 234, 361, 107, 9, 361, 361, 151, 234, 1, 1, 340, 361, 361, 361, 340, 1, 220, 361, 36, 449, 465, 215, 215, 215, 361, 136, 222, 256, 345, 1, 256, 136, 256, 330, 1, 222, 1, 345, 1, 16, 42, 110, 1, 45, 345, 46, 345, 1, 1, 314, 220, 222, 360, 340, 1, 372, 372, 372, 404, 322, 101, 136, 1, 372, 1, 26, 427, 479, 151, 332, 261, 361, 332, 261, 1, 257, 104, 1, 104, 0, 57, 314, 0, 41, 0, 117, 104, 444, 361, 272, 104, 278, 331, 233, 272, 272, 272, 59, 134, 134, 134, 31, 0, 57, 272, 0, 37, 58, 272, 3, 117, 272, 104, 0, 272, 233, 272, 181, 0, 272, 117, 117, 233, 0, 0, 411, 272, 0, 31, 1, 272, 31, 272, 104, 444, 1, 447, 0, 31, 452, 190, 271, 345, 104, 104, 272, 1, 63, 0, 272, 0, 433, 1, 31, 233, 1, 272, 272, 58, 272, 1, 1, 272, 272, 31, 104, 131, 136, 341, 272, 201, 272, 272, 31, 0, 272, 58, 31, 272, 371, 58, 272, 31, 272, 272, 104, 390, 337, 371, 498, 272, 379, 81, 412, 23, 1, 104, 272, 104, 240, 0, 272, 57, 0, 58, 272, 272, 31, 427, 104, 294, 272, 0, 290, 0, 272, 0, 272, 1, 272, 233, 100, 272, 16, 240, 0, 0, 58, 272, 328, 272, 104, 58, 31, 9, 1, 272, 31, 0, 272, 272, 23, 257, 272, 272, 294, 104, 0, 58, 328, 272, 411, 343, 458, 338, 272, 0, 272, 282, 341, 233, 509, 272, 398, 0, 371, 58, 272, 341, 272, 252, 130, 444, 1, 208, 0, 0, 31, 58, 104, 0, 0, 0, 272, 325, 0, 133, 104, 401, 104, 21, 0, 272, 134, 242, 272, 104, 1, 272, 1, 272, 233, 104, 104, 1, 0, 31, 0, 347, 340, 104, 0, 117, 272, 272, 272, 222, 45, 398, 178, 104, 337, 0, 272, 31, 272, 104, 104, 151, 59, 272, 31, 233, 104, 233, 57, 272, 0, 270, 104, 104, 272, 272, 0, 0, 272, 1, 242, 272, 0, 446, 297, 104, 1, 314, 0, 31, 0, 233, 16, 272, 295, 314, 31, 0, 104, 272, 211, 269, 96, 372, 272, 440, 216, 272, 13, 173, 128, 272, 0, 1, 272, 340, 1, 272, 272, 0, 272, 0, 0, 359, 41, 0, 0, 0, 444, 502, 96, 104, 26, 420, 134, 272, 492, 0, 407, 277, 0, 0, 31, 0, 104, 42, 104, 0, 272, 6, 104, 333, 207, 0, 462, 233, 31, 444, 0, 1, 136, 136, 31, 31, 404, 0, 0, 0, 104, 104, 0, 104, 0, 272, 0, 20, 104, 117, 0, 1, 104, 104, 104, 13, 0, 272, 58, 1, 444, 104, 382, 0, 104, 272, 104, 218, 0, 361, 0, 361, 295, 0, 104, 272, 272, 272, 327, 104, 361, 104, 58, 319, 104, 1, 13, 31, 272, 104, 479, 347, 233, 104, 272, 104, 104, 253, 278, 273, 104, 272, 136, 151, 479, 429, 48, 479, 435, 479, 479, 479, 479, 20, 479, 479, 1, 19, 447, 479, 136, 170, 479, 1, 235, 408, 479, 479, 218, 52, 14, 14, 14, 151, 340, 222, 1, 361, 32, 361, 164, 361, 1, 361, 218, 36, 409, 242, 41, 390, 1, 1, 93, 309, 1, 1, 1, 1, 42, 1, 46, 16, 101, 340, 332, 43, 367, 472, 1, 1, 373, 232, 170, 217, 490, 406, 1, 220, 101, 220, 1, 52, 314, 340, 193, 144, 358, 1, 170, 222, 282, 314, 170, 1, 1, 187, 427, 360, 280, 170, 1, 126, 248, 101, 41, 1, 329, 309, 108, 1, 314, 418, 10, 390, 136, 7, 151, 9, 469, 170, 1, 244, 294, 32, 468, 1, 220, 488, 1, 154, 9, 1, 215, 345, 345, 427, 63, 488, 205, 170, 235, 381, 122, 1, 41, 119, 1, 1, 244, 1, 151, 1, 1, 256, 1, 476, 505, 151, 332, 5, 1, 485, 427, 12, 1, 101, 125, 1, 427, 282, 418, 282, 340, 153, 332, 276, 1, 45, 63, 390, 282, 1, 372, 42, 140, 1, 42, 151, 42, 16, 1, 305, 74, 294, 308, 199, 1, 32, 242, 215, 1, 36, 220, 361, 42, 232, 361, 1, 505, 42, 361, 1, 17, 1, 242, 9, 1, 1, 1, 93, 153, 1, 332, 1, 309, 1, 332, 151, 261, 41, 220, 41, 85, 350, 41, 151, 151, 151, 331, 187, 360, 427, 52, 1, 42, 42, 151, 1, 220, 43, 220, 354, 42, 1, 42, 222, 5, 314, 314, 314, 367, 151, 1, 144, 1, 42, 41, 268, 170, 191, 340, 63, 170, 27, 42, 1, 1, 151, 17, 42, 46, 151, 151, 1, 1, 222, 119, 479, 12, 170, 248, 1, 309, 170, 81, 305, 23, 45, 490, 151, 1, 41, 7, 170, 170, 170, 1, 1, 1, 50, 329, 1, 170, 1, 140, 222, 373, 136, 427, 400, 202, 1, 1, 427, 345, 153, 340, 472, 331, 1, 266, 427, 1, 7, 1, 1, 340, 122, 108, 282, 427, 126, 242, 345, 217, 1, 10, 280, 469, 406, 9, 91, 63, 485, 7, 485, 7, 9, 7, 42, 26, 1, 479, 427, 1, 16, 42, 1, 136, 358, 427, 340, 63, 282, 114, 1, 101, 1, 1, 42, 459, 193, 427, 381, 427, 479, 294, 427, 146, 1, 151, 205, 390, 1, 386, 101, 294, 1, 42, 42, 282, 240, 418, 427, 125, 101, 390, 418, 1, 16, 1, 1, 282, 1, 222, 308, 256, 101, 101, 1, 136, 42, 74, 16, 1, 340, 427, 422, 345, 2, 151, 345, 101, 1, 468, 332, 1, 282, 427, 484, 239,